"Path","Title","Description","H1"
"busan\index.html","부산 장기렌트·자동차리스 가격비교 | 행복한렌트몰","부산 지역 장기렌트와 자동차리스 조건을 행복한렌트몰에서 비교하고 지역별 바로상담 정보를 확인해보세요.","같은 차라도 조건은 다릅니다.비교하고 더 좋은 조건을 찾으세요."
"busan\buk-gu\index.html","부산 북구 장기렌트·자동차리스 가격비교 | 행복한렌트몰","부산 북구 장기렌트와 자동차리스 조건을 행복한렌트몰에서 비교하고 지역별 상담 정보를 확인해보세요.","같은 차라도 조건은 다릅니다.비교하고 더 좋은 조건을 찾으세요."
"busan\buk-gu\구포동\index.html","부산 북구 구포동 장기렌트·자동차리스 가격비교 | 행복한렌트몰","부산 북구 구포동 장기렌트와 자동차리스 이용조건을 행복한렌트몰에서 비교하고 차량별 견적과 지역별 상담 정보를 확인해보세요.","같은 차라도 조건은 다릅니다.비교하고 더 좋은 조건을 찾으세요."
"busan\buk-gu\금곡동\index.html","부산 북구 금곡동 장기렌트·자동차리스 가격비교 | 행복한렌트몰","부산 북구 금곡동 장기렌트와 자동차리스 이용조건을 행복한렌트몰에서 비교하고 차량별 견적과 지역별 상담 정보를 확인해보세요.","같은 차라도 조건은 다릅니다.비교하고 더 좋은 조건을 찾으세요."
"busan\buk-gu\덕천동\index.html","부산 북구 덕천동 장기렌트·자동차리스 가격비교 | 행복한렌트몰","부산 북구 덕천동 장기렌트와 자동차리스 이용조건을 행복한렌트몰에서 비교하고 차량별 견적과 지역별 상담 정보를 확인해보세요.","같은 차라도 조건은 다릅니다.비교하고 더 좋은 조건을 찾으세요."
"busan\buk-gu\만덕동\index.html","부산 북구 만덕동 장기렌트·자동차리스 가격비교 | 행복한렌트몰","부산 북구 만덕동 장기렌트와 자동차리스 이용조건을 행복한렌트몰에서 비교하고 차량별 견적과 지역별 상담 정보를 확인해보세요.","같은 차라도 조건은 다릅니다.비교하고 더 좋은 조건을 찾으세요."
"busan\buk-gu\화명동\index.html","부산 북구 화명동 장기렌트·자동차리스 가격비교 | 행복한렌트몰","부산 북구 화명동 장기렌트와 자동차리스 이용조건을 행복한렌트몰에서 비교하고 차량별 견적과 지역별 상담 정보를 확인해보세요.","같은 차라도 조건은 다릅니다.비교하고 더 좋은 조건을 찾으세요."
"busan\busanjin-gu\index.html","부산 부산진구 장기렌트·자동차리스 가격비교 | 행복한렌트몰","부산 부산진구 장기렌트와 자동차리스 조건을 행복한렌트몰에서 비교하고 지역별 상담 정보를 확인해보세요.","같은 차라도 조건은 다릅니다.비교하고 더 좋은 조건을 찾으세요."
"busan\busanjin-gu\가야동\index.html","부산 부산진구 가야동 장기렌트·자동차리스 가격비교 | 행복한렌트몰","부산 부산진구 가야동 장기렌트와 자동차리스 이용조건을 행복한렌트몰에서 비교하고 차량별 견적과 지역별 상담 정보를 확인해보세요.","같은 차라도 조건은 다릅니다.비교하고 더 좋은 조건을 찾으세요."
"busan\busanjin-gu\개금동\index.html","부산 부산진구 개금동 장기렌트·자동차리스 가격비교 | 행복한렌트몰","부산 부산진구 개금동 장기렌트와 자동차리스 이용조건을 행복한렌트몰에서 비교하고 차량별 견적과 지역별 상담 정보를 확인해보세요.","같은 차라도 조건은 다릅니다.비교하고 더 좋은 조건을 찾으세요."
"busan\busanjin-gu\당감동\index.html","부산 부산진구 당감동 장기렌트·자동차리스 가격비교 | 행복한렌트몰","부산 부산진구 당감동 장기렌트와 자동차리스 이용조건을 행복한렌트몰에서 비교하고 차량별 견적과 지역별 상담 정보를 확인해보세요.","같은 차라도 조건은 다릅니다.비교하고 더 좋은 조건을 찾으세요."
"busan\busanjin-gu\범전동\index.html","부산 부산진구 범전동 장기렌트·자동차리스 가격비교 | 행복한렌트몰","부산 부산진구 범전동 장기렌트와 자동차리스 이용조건을 행복한렌트몰에서 비교하고 차량별 견적과 지역별 상담 정보를 확인해보세요.","같은 차라도 조건은 다릅니다.비교하고 더 좋은 조건을 찾으세요."
"busan\busanjin-gu\범천동\index.html","부산 부산진구 범천동 장기렌트·자동차리스 가격비교 | 행복한렌트몰","부산 부산진구 범천동 장기렌트와 자동차리스 이용조건을 행복한렌트몰에서 비교하고 차량별 견적과 지역별 상담 정보를 확인해보세요.","같은 차라도 조건은 다릅니다.비교하고 더 좋은 조건을 찾으세요."
"busan\busanjin-gu\부암동\index.html","부산 부산진구 부암동 장기렌트·자동차리스 가격비교 | 행복한렌트몰","부산 부산진구 부암동 장기렌트와 자동차리스 이용조건을 행복한렌트몰에서 비교하고 차량별 견적과 지역별 상담 정보를 확인해보세요.","같은 차라도 조건은 다릅니다.비교하고 더 좋은 조건을 찾으세요."
"busan\busanjin-gu\부전동\index.html","부산 부산진구 부전동 장기렌트·자동차리스 가격비교 | 행복한렌트몰","부산 부산진구 부전동 장기렌트와 자동차리스 이용조건을 행복한렌트몰에서 비교하고 차량별 견적과 지역별 상담 정보를 확인해보세요.","같은 차라도 조건은 다릅니다.비교하고 더 좋은 조건을 찾으세요."
"busan\busanjin-gu\양정동\index.html","부산 부산진구 양정동 장기렌트·자동차리스 가격비교 | 행복한렌트몰","부산 부산진구 양정동 장기렌트와 자동차리스 이용조건을 행복한렌트몰에서 비교하고 차량별 견적과 지역별 상담 정보를 확인해보세요.","같은 차라도 조건은 다릅니다.비교하고 더 좋은 조건을 찾으세요."
"busan\busanjin-gu\연지동\index.html","부산 부산진구 연지동 장기렌트·자동차리스 가격비교 | 행복한렌트몰","부산 부산진구 연지동 장기렌트와 자동차리스 이용조건을 행복한렌트몰에서 비교하고 차량별 견적과 지역별 상담 정보를 확인해보세요.","같은 차라도 조건은 다릅니다.비교하고 더 좋은 조건을 찾으세요."
"busan\busanjin-gu\전포동\index.html","부산 부산진구 전포동 장기렌트·자동차리스 가격비교 | 행복한렌트몰","부산 부산진구 전포동 장기렌트와 자동차리스 이용조건을 행복한렌트몰에서 비교하고 차량별 견적과 지역별 상담 정보를 확인해보세요.","같은 차라도 조건은 다릅니다.비교하고 더 좋은 조건을 찾으세요."
"busan\busanjin-gu\초읍동\index.html","부산 부산진구 초읍동 장기렌트·자동차리스 가격비교 | 행복한렌트몰","부산 부산진구 초읍동 장기렌트와 자동차리스 이용조건을 행복한렌트몰에서 비교하고 차량별 견적과 지역별 상담 정보를 확인해보세요.","같은 차라도 조건은 다릅니다.비교하고 더 좋은 조건을 찾으세요."
"busan\dong-gu\index.html","부산 동구 장기렌트·자동차리스 가격비교 | 행복한렌트몰","부산 동구 장기렌트와 자동차리스 조건을 행복한렌트몰에서 비교하고 지역별 상담 정보를 확인해보세요.","같은 차라도 조건은 다릅니다.비교하고 더 좋은 조건을 찾으세요."
"busan\dong-gu\범일동\index.html","부산 동구 범일동 장기렌트·자동차리스 가격비교 | 행복한렌트몰","부산 동구 범일동 장기렌트와 자동차리스 이용조건을 행복한렌트몰에서 비교하고 차량별 견적과 지역별 상담 정보를 확인해보세요.","같은 차라도 조건은 다릅니다.비교하고 더 좋은 조건을 찾으세요."
"busan\dong-gu\수정동\index.html","부산 동구 수정동 장기렌트·자동차리스 가격비교 | 행복한렌트몰","부산 동구 수정동 장기렌트와 자동차리스 이용조건을 행복한렌트몰에서 비교하고 차량별 견적과 지역별 상담 정보를 확인해보세요.","같은 차라도 조건은 다릅니다.비교하고 더 좋은 조건을 찾으세요."
"busan\dong-gu\좌천동\index.html","부산 동구 좌천동 장기렌트·자동차리스 가격비교 | 행복한렌트몰","부산 동구 좌천동 장기렌트와 자동차리스 이용조건을 행복한렌트몰에서 비교하고 차량별 견적과 지역별 상담 정보를 확인해보세요.","같은 차라도 조건은 다릅니다.비교하고 더 좋은 조건을 찾으세요."
"busan\dong-gu\초량동\index.html","부산 동구 초량동 장기렌트·자동차리스 가격비교 | 행복한렌트몰","부산 동구 초량동 장기렌트와 자동차리스 이용조건을 행복한렌트몰에서 비교하고 차량별 견적과 지역별 상담 정보를 확인해보세요.","같은 차라도 조건은 다릅니다.비교하고 더 좋은 조건을 찾으세요."
"busan\dongnae-gu\index.html","부산 동래구 장기렌트·자동차리스 가격비교 | 행복한렌트몰","부산 동래구 장기렌트와 자동차리스 조건을 행복한렌트몰에서 비교하고 지역별 상담 정보를 확인해보세요.","같은 차라도 조건은 다릅니다.비교하고 더 좋은 조건을 찾으세요."
"busan\dongnae-gu\낙민동\index.html","부산 동래구 낙민동 장기렌트·자동차리스 가격비교 | 행복한렌트몰","부산 동래구 낙민동 장기렌트와 자동차리스 이용조건을 행복한렌트몰에서 비교하고 차량별 견적과 지역별 상담 정보를 확인해보세요.","같은 차라도 조건은 다릅니다.비교하고 더 좋은 조건을 찾으세요."
"busan\dongnae-gu\명륜동\index.html","부산 동래구 명륜동 장기렌트·자동차리스 가격비교 | 행복한렌트몰","부산 동래구 명륜동 장기렌트와 자동차리스 이용조건을 행복한렌트몰에서 비교하고 차량별 견적과 지역별 상담 정보를 확인해보세요.","같은 차라도 조건은 다릅니다.비교하고 더 좋은 조건을 찾으세요."
"busan\dongnae-gu\명장동\index.html","부산 동래구 명장동 장기렌트·자동차리스 가격비교 | 행복한렌트몰","부산 동래구 명장동 장기렌트와 자동차리스 이용조건을 행복한렌트몰에서 비교하고 차량별 견적과 지역별 상담 정보를 확인해보세요.","같은 차라도 조건은 다릅니다.비교하고 더 좋은 조건을 찾으세요."
"busan\dongnae-gu\복천동\index.html","부산 동래구 복천동 장기렌트·자동차리스 가격비교 | 행복한렌트몰","부산 동래구 복천동 장기렌트와 자동차리스 이용조건을 행복한렌트몰에서 비교하고 차량별 견적과 지역별 상담 정보를 확인해보세요.","같은 차라도 조건은 다릅니다.비교하고 더 좋은 조건을 찾으세요."
"busan\dongnae-gu\사직동\index.html","부산 동래구 사직동 장기렌트·자동차리스 가격비교 | 행복한렌트몰","부산 동래구 사직동 장기렌트와 자동차리스 이용조건을 행복한렌트몰에서 비교하고 차량별 견적과 지역별 상담 정보를 확인해보세요.","같은 차라도 조건은 다릅니다.비교하고 더 좋은 조건을 찾으세요."
"busan\dongnae-gu\수안동\index.html","부산 동래구 수안동 장기렌트·자동차리스 가격비교 | 행복한렌트몰","부산 동래구 수안동 장기렌트와 자동차리스 이용조건을 행복한렌트몰에서 비교하고 차량별 견적과 지역별 상담 정보를 확인해보세요.","같은 차라도 조건은 다릅니다.비교하고 더 좋은 조건을 찾으세요."
"busan\dongnae-gu\안락동\index.html","부산 동래구 안락동 장기렌트·자동차리스 가격비교 | 행복한렌트몰","부산 동래구 안락동 장기렌트와 자동차리스 이용조건을 행복한렌트몰에서 비교하고 차량별 견적과 지역별 상담 정보를 확인해보세요.","같은 차라도 조건은 다릅니다.비교하고 더 좋은 조건을 찾으세요."
"busan\dongnae-gu\온천동\index.html","부산 동래구 온천동 장기렌트·자동차리스 가격비교 | 행복한렌트몰","부산 동래구 온천동 장기렌트와 자동차리스 이용조건을 행복한렌트몰에서 비교하고 차량별 견적과 지역별 상담 정보를 확인해보세요.","같은 차라도 조건은 다릅니다.비교하고 더 좋은 조건을 찾으세요."
"busan\dongnae-gu\칠산동\index.html","부산 동래구 칠산동 장기렌트·자동차리스 가격비교 | 행복한렌트몰","부산 동래구 칠산동 장기렌트와 자동차리스 이용조건을 행복한렌트몰에서 비교하고 차량별 견적과 지역별 상담 정보를 확인해보세요.","같은 차라도 조건은 다릅니다.비교하고 더 좋은 조건을 찾으세요."
"busan\gangseo-gu\index.html","부산 강서구 장기렌트·자동차리스 가격비교 | 행복한렌트몰","부산 강서구 장기렌트와 자동차리스 조건을 행복한렌트몰에서 비교하고 지역별 상담 정보를 확인해보세요.","같은 차라도 조건은 다릅니다.비교하고 더 좋은 조건을 찾으세요."
"busan\gangseo-gu\강동동\index.html","부산 강서구 강동동 장기렌트·자동차리스 가격비교 | 행복한렌트몰","부산 강서구 강동동 장기렌트와 자동차리스 이용조건을 행복한렌트몰에서 비교하고 차량별 견적과 지역별 상담 정보를 확인해보세요.","같은 차라도 조건은 다릅니다.비교하고 더 좋은 조건을 찾으세요."
"busan\gangseo-gu\구랑동\index.html","부산 강서구 구랑동 장기렌트·자동차리스 가격비교 | 행복한렌트몰","부산 강서구 구랑동 장기렌트와 자동차리스 이용조건을 행복한렌트몰에서 비교하고 차량별 견적과 지역별 상담 정보를 확인해보세요.","같은 차라도 조건은 다릅니다.비교하고 더 좋은 조건을 찾으세요."
"busan\gangseo-gu\녹산동\index.html","부산 강서구 녹산동 장기렌트·자동차리스 가격비교 | 행복한렌트몰","부산 강서구 녹산동 장기렌트와 자동차리스 이용조건을 행복한렌트몰에서 비교하고 차량별 견적과 지역별 상담 정보를 확인해보세요.","같은 차라도 조건은 다릅니다.비교하고 더 좋은 조건을 찾으세요."
"busan\gangseo-gu\눌차동\index.html","부산 강서구 눌차동 장기렌트·자동차리스 가격비교 | 행복한렌트몰","부산 강서구 눌차동 장기렌트와 자동차리스 이용조건을 행복한렌트몰에서 비교하고 차량별 견적과 지역별 상담 정보를 확인해보세요.","같은 차라도 조건은 다릅니다.비교하고 더 좋은 조건을 찾으세요."
"busan\gangseo-gu\대저1동\index.html","부산 강서구 대저1동 장기렌트·자동차리스 가격비교 | 행복한렌트몰","부산 강서구 대저1동 장기렌트와 자동차리스 이용조건을 행복한렌트몰에서 비교하고 차량별 견적과 지역별 상담 정보를 확인해보세요.","같은 차라도 조건은 다릅니다.비교하고 더 좋은 조건을 찾으세요."
"busan\gangseo-gu\대저2동\index.html","부산 강서구 대저2동 장기렌트·자동차리스 가격비교 | 행복한렌트몰","부산 강서구 대저2동 장기렌트와 자동차리스 이용조건을 행복한렌트몰에서 비교하고 차량별 견적과 지역별 상담 정보를 확인해보세요.","같은 차라도 조건은 다릅니다.비교하고 더 좋은 조건을 찾으세요."
"busan\gangseo-gu\대항동\index.html","부산 강서구 대항동 장기렌트·자동차리스 가격비교 | 행복한렌트몰","부산 강서구 대항동 장기렌트와 자동차리스 이용조건을 행복한렌트몰에서 비교하고 차량별 견적과 지역별 상담 정보를 확인해보세요.","같은 차라도 조건은 다릅니다.비교하고 더 좋은 조건을 찾으세요."
"busan\gangseo-gu\동선동\index.html","부산 강서구 동선동 장기렌트·자동차리스 가격비교 | 행복한렌트몰","부산 강서구 동선동 장기렌트와 자동차리스 이용조건을 행복한렌트몰에서 비교하고 차량별 견적과 지역별 상담 정보를 확인해보세요.","같은 차라도 조건은 다릅니다.비교하고 더 좋은 조건을 찾으세요."
"busan\gangseo-gu\명지동\index.html","부산 강서구 명지동 장기렌트·자동차리스 가격비교 | 행복한렌트몰","부산 강서구 명지동 장기렌트와 자동차리스 이용조건을 행복한렌트몰에서 비교하고 차량별 견적과 지역별 상담 정보를 확인해보세요.","같은 차라도 조건은 다릅니다.비교하고 더 좋은 조건을 찾으세요."
"busan\gangseo-gu\미음동\index.html","부산 강서구 미음동 장기렌트·자동차리스 가격비교 | 행복한렌트몰","부산 강서구 미음동 장기렌트와 자동차리스 이용조건을 행복한렌트몰에서 비교하고 차량별 견적과 지역별 상담 정보를 확인해보세요.","같은 차라도 조건은 다릅니다.비교하고 더 좋은 조건을 찾으세요."
"busan\gangseo-gu\범방동\index.html","부산 강서구 범방동 장기렌트·자동차리스 가격비교 | 행복한렌트몰","부산 강서구 범방동 장기렌트와 자동차리스 이용조건을 행복한렌트몰에서 비교하고 차량별 견적과 지역별 상담 정보를 확인해보세요.","같은 차라도 조건은 다릅니다.비교하고 더 좋은 조건을 찾으세요."
"busan\gangseo-gu\봉림동\index.html","부산 강서구 봉림동 장기렌트·자동차리스 가격비교 | 행복한렌트몰","부산 강서구 봉림동 장기렌트와 자동차리스 이용조건을 행복한렌트몰에서 비교하고 차량별 견적과 지역별 상담 정보를 확인해보세요.","같은 차라도 조건은 다릅니다.비교하고 더 좋은 조건을 찾으세요."
"busan\gangseo-gu\생곡동\index.html","부산 강서구 생곡동 장기렌트·자동차리스 가격비교 | 행복한렌트몰","부산 강서구 생곡동 장기렌트와 자동차리스 이용조건을 행복한렌트몰에서 비교하고 차량별 견적과 지역별 상담 정보를 확인해보세요.","같은 차라도 조건은 다릅니다.비교하고 더 좋은 조건을 찾으세요."
"busan\gangseo-gu\성북동\index.html","부산 강서구 성북동 장기렌트·자동차리스 가격비교 | 행복한렌트몰","부산 강서구 성북동 장기렌트와 자동차리스 이용조건을 행복한렌트몰에서 비교하고 차량별 견적과 지역별 상담 정보를 확인해보세요.","같은 차라도 조건은 다릅니다.비교하고 더 좋은 조건을 찾으세요."
"busan\gangseo-gu\송정동\index.html","부산 강서구 송정동 장기렌트·자동차리스 가격비교 | 행복한렌트몰","부산 강서구 송정동 장기렌트와 자동차리스 이용조건을 행복한렌트몰에서 비교하고 차량별 견적과 지역별 상담 정보를 확인해보세요.","같은 차라도 조건은 다릅니다.비교하고 더 좋은 조건을 찾으세요."
"busan\gangseo-gu\식만동\index.html","부산 강서구 식만동 장기렌트·자동차리스 가격비교 | 행복한렌트몰","부산 강서구 식만동 장기렌트와 자동차리스 이용조건을 행복한렌트몰에서 비교하고 차량별 견적과 지역별 상담 정보를 확인해보세요.","같은 차라도 조건은 다릅니다.비교하고 더 좋은 조건을 찾으세요."
"busan\gangseo-gu\신호동\index.html","부산 강서구 신호동 장기렌트·자동차리스 가격비교 | 행복한렌트몰","부산 강서구 신호동 장기렌트와 자동차리스 이용조건을 행복한렌트몰에서 비교하고 차량별 견적과 지역별 상담 정보를 확인해보세요.","같은 차라도 조건은 다릅니다.비교하고 더 좋은 조건을 찾으세요."
"busan\gangseo-gu\죽동동\index.html","부산 강서구 죽동동 장기렌트·자동차리스 가격비교 | 행복한렌트몰","부산 강서구 죽동동 장기렌트와 자동차리스 이용조건을 행복한렌트몰에서 비교하고 차량별 견적과 지역별 상담 정보를 확인해보세요.","같은 차라도 조건은 다릅니다.비교하고 더 좋은 조건을 찾으세요."
"busan\gangseo-gu\죽림동\index.html","부산 강서구 죽림동 장기렌트·자동차리스 가격비교 | 행복한렌트몰","부산 강서구 죽림동 장기렌트와 자동차리스 이용조건을 행복한렌트몰에서 비교하고 차량별 견적과 지역별 상담 정보를 확인해보세요.","같은 차라도 조건은 다릅니다.비교하고 더 좋은 조건을 찾으세요."
"busan\gangseo-gu\지사동\index.html","부산 강서구 지사동 장기렌트·자동차리스 가격비교 | 행복한렌트몰","부산 강서구 지사동 장기렌트와 자동차리스 이용조건을 행복한렌트몰에서 비교하고 차량별 견적과 지역별 상담 정보를 확인해보세요.","같은 차라도 조건은 다릅니다.비교하고 더 좋은 조건을 찾으세요."
"busan\gangseo-gu\천성동\index.html","부산 강서구 천성동 장기렌트·자동차리스 가격비교 | 행복한렌트몰","부산 강서구 천성동 장기렌트와 자동차리스 이용조건을 행복한렌트몰에서 비교하고 차량별 견적과 지역별 상담 정보를 확인해보세요.","같은 차라도 조건은 다릅니다.비교하고 더 좋은 조건을 찾으세요."
"busan\gangseo-gu\화전동\index.html","부산 강서구 화전동 장기렌트·자동차리스 가격비교 | 행복한렌트몰","부산 강서구 화전동 장기렌트와 자동차리스 이용조건을 행복한렌트몰에서 비교하고 차량별 견적과 지역별 상담 정보를 확인해보세요.","같은 차라도 조건은 다릅니다.비교하고 더 좋은 조건을 찾으세요."
"busan\geumjeong-gu\index.html","부산 금정구 장기렌트·자동차리스 가격비교 | 행복한렌트몰","부산 금정구 장기렌트와 자동차리스 조건을 행복한렌트몰에서 비교하고 지역별 상담 정보를 확인해보세요.","같은 차라도 조건은 다릅니다.비교하고 더 좋은 조건을 찾으세요."
"busan\geumjeong-gu\구서동\index.html","부산 금정구 구서동 장기렌트·자동차리스 가격비교 | 행복한렌트몰","부산 금정구 구서동 장기렌트와 자동차리스 이용조건을 행복한렌트몰에서 비교하고 차량별 견적과 지역별 상담 정보를 확인해보세요.","같은 차라도 조건은 다릅니다.비교하고 더 좋은 조건을 찾으세요."
"busan\geumjeong-gu\금사동\index.html","부산 금정구 금사동 장기렌트·자동차리스 가격비교 | 행복한렌트몰","부산 금정구 금사동 장기렌트와 자동차리스 이용조건을 행복한렌트몰에서 비교하고 차량별 견적과 지역별 상담 정보를 확인해보세요.","같은 차라도 조건은 다릅니다.비교하고 더 좋은 조건을 찾으세요."
"busan\geumjeong-gu\금성동\index.html","부산 금정구 금성동 장기렌트·자동차리스 가격비교 | 행복한렌트몰","부산 금정구 금성동 장기렌트와 자동차리스 이용조건을 행복한렌트몰에서 비교하고 차량별 견적과 지역별 상담 정보를 확인해보세요.","같은 차라도 조건은 다릅니다.비교하고 더 좋은 조건을 찾으세요."
"busan\geumjeong-gu\남산동\index.html","부산 금정구 남산동 장기렌트·자동차리스 가격비교 | 행복한렌트몰","부산 금정구 남산동 장기렌트와 자동차리스 이용조건을 행복한렌트몰에서 비교하고 차량별 견적과 지역별 상담 정보를 확인해보세요.","같은 차라도 조건은 다릅니다.비교하고 더 좋은 조건을 찾으세요."
"busan\geumjeong-gu\노포동\index.html","부산 금정구 노포동 장기렌트·자동차리스 가격비교 | 행복한렌트몰","부산 금정구 노포동 장기렌트와 자동차리스 이용조건을 행복한렌트몰에서 비교하고 차량별 견적과 지역별 상담 정보를 확인해보세요.","같은 차라도 조건은 다릅니다.비교하고 더 좋은 조건을 찾으세요."
"busan\geumjeong-gu\두구동\index.html","부산 금정구 두구동 장기렌트·자동차리스 가격비교 | 행복한렌트몰","부산 금정구 두구동 장기렌트와 자동차리스 이용조건을 행복한렌트몰에서 비교하고 차량별 견적과 지역별 상담 정보를 확인해보세요.","같은 차라도 조건은 다릅니다.비교하고 더 좋은 조건을 찾으세요."
"busan\geumjeong-gu\부곡동\index.html","부산 금정구 부곡동 장기렌트·자동차리스 가격비교 | 행복한렌트몰","부산 금정구 부곡동 장기렌트와 자동차리스 이용조건을 행복한렌트몰에서 비교하고 차량별 견적과 지역별 상담 정보를 확인해보세요.","같은 차라도 조건은 다릅니다.비교하고 더 좋은 조건을 찾으세요."
"busan\geumjeong-gu\서동\index.html","부산 금정구 서동 장기렌트·자동차리스 가격비교 | 행복한렌트몰","부산 금정구 서동 장기렌트와 자동차리스 이용조건을 행복한렌트몰에서 비교하고 차량별 견적과 지역별 상담 정보를 확인해보세요.","같은 차라도 조건은 다릅니다.비교하고 더 좋은 조건을 찾으세요."
"busan\geumjeong-gu\선동\index.html","부산 금정구 선동 장기렌트·자동차리스 가격비교 | 행복한렌트몰","부산 금정구 선동 장기렌트와 자동차리스 이용조건을 행복한렌트몰에서 비교하고 차량별 견적과 지역별 상담 정보를 확인해보세요.","같은 차라도 조건은 다릅니다.비교하고 더 좋은 조건을 찾으세요."
"busan\geumjeong-gu\오륜동\index.html","부산 금정구 오륜동 장기렌트·자동차리스 가격비교 | 행복한렌트몰","부산 금정구 오륜동 장기렌트와 자동차리스 이용조건을 행복한렌트몰에서 비교하고 차량별 견적과 지역별 상담 정보를 확인해보세요.","같은 차라도 조건은 다릅니다.비교하고 더 좋은 조건을 찾으세요."
"busan\geumjeong-gu\장전동\index.html","부산 금정구 장전동 장기렌트·자동차리스 가격비교 | 행복한렌트몰","부산 금정구 장전동 장기렌트와 자동차리스 이용조건을 행복한렌트몰에서 비교하고 차량별 견적과 지역별 상담 정보를 확인해보세요.","같은 차라도 조건은 다릅니다.비교하고 더 좋은 조건을 찾으세요."
"busan\geumjeong-gu\청룡동\index.html","부산 금정구 청룡동 장기렌트·자동차리스 가격비교 | 행복한렌트몰","부산 금정구 청룡동 장기렌트와 자동차리스 이용조건을 행복한렌트몰에서 비교하고 차량별 견적과 지역별 상담 정보를 확인해보세요.","같은 차라도 조건은 다릅니다.비교하고 더 좋은 조건을 찾으세요."
"busan\geumjeong-gu\회동동\index.html","부산 금정구 회동동 장기렌트·자동차리스 가격비교 | 행복한렌트몰","부산 금정구 회동동 장기렌트와 자동차리스 이용조건을 행복한렌트몰에서 비교하고 차량별 견적과 지역별 상담 정보를 확인해보세요.","같은 차라도 조건은 다릅니다.비교하고 더 좋은 조건을 찾으세요."
"busan\gijang-gun\index.html","부산 기장군 장기렌트·자동차리스 가격비교 | 행복한렌트몰","부산 기장군 장기렌트와 자동차리스 조건을 행복한렌트몰에서 비교하고 지역별 상담 정보를 확인해보세요.","같은 차라도 조건은 다릅니다.비교하고 더 좋은 조건을 찾으세요."
"busan\gijang-gun\기장읍\index.html","부산 기장군 기장읍 장기렌트·자동차리스 가격비교 | 행복한렌트몰","부산 기장군 기장읍 장기렌트와 자동차리스 이용조건을 행복한렌트몰에서 비교하고 차량별 견적과 지역별 상담 정보를 확인해보세요.","같은 차라도 조건은 다릅니다.비교하고 더 좋은 조건을 찾으세요."
"busan\gijang-gun\일광읍\index.html","부산 기장군 일광읍 장기렌트·자동차리스 가격비교 | 행복한렌트몰","부산 기장군 일광읍 장기렌트와 자동차리스 이용조건을 행복한렌트몰에서 비교하고 차량별 견적과 지역별 상담 정보를 확인해보세요.","같은 차라도 조건은 다릅니다.비교하고 더 좋은 조건을 찾으세요."
"busan\gijang-gun\장안읍\index.html","부산 기장군 장안읍 장기렌트·자동차리스 가격비교 | 행복한렌트몰","부산 기장군 장안읍 장기렌트와 자동차리스 이용조건을 행복한렌트몰에서 비교하고 차량별 견적과 지역별 상담 정보를 확인해보세요.","같은 차라도 조건은 다릅니다.비교하고 더 좋은 조건을 찾으세요."
"busan\gijang-gun\정관읍\index.html","부산 기장군 정관읍 장기렌트·자동차리스 가격비교 | 행복한렌트몰","부산 기장군 정관읍 장기렌트와 자동차리스 이용조건을 행복한렌트몰에서 비교하고 차량별 견적과 지역별 상담 정보를 확인해보세요.","같은 차라도 조건은 다릅니다.비교하고 더 좋은 조건을 찾으세요."
"busan\gijang-gun\철마면\index.html","부산 기장군 철마면 장기렌트·자동차리스 가격비교 | 행복한렌트몰","부산 기장군 철마면 장기렌트와 자동차리스 이용조건을 행복한렌트몰에서 비교하고 차량별 견적과 지역별 상담 정보를 확인해보세요.","같은 차라도 조건은 다릅니다.비교하고 더 좋은 조건을 찾으세요."
"busan\haeundae-gu\index.html","부산 해운대구 장기렌트·자동차리스 가격비교 | 행복한렌트몰","부산 해운대구 장기렌트와 자동차리스 조건을 행복한렌트몰에서 비교하고 지역별 상담 정보를 확인해보세요.","같은 차라도 조건은 다릅니다.비교하고 더 좋은 조건을 찾으세요."
"busan\haeundae-gu\반송동\index.html","부산 해운대구 반송동 장기렌트·자동차리스 가격비교 | 행복한렌트몰","부산 해운대구 반송동 장기렌트와 자동차리스 이용조건을 행복한렌트몰에서 비교하고 차량별 견적과 지역별 상담 정보를 확인해보세요.","같은 차라도 조건은 다릅니다.비교하고 더 좋은 조건을 찾으세요."
"busan\haeundae-gu\반여동\index.html","부산 해운대구 반여동 장기렌트·자동차리스 가격비교 | 행복한렌트몰","부산 해운대구 반여동 장기렌트와 자동차리스 이용조건을 행복한렌트몰에서 비교하고 차량별 견적과 지역별 상담 정보를 확인해보세요.","같은 차라도 조건은 다릅니다.비교하고 더 좋은 조건을 찾으세요."
"busan\haeundae-gu\석대동\index.html","부산 해운대구 석대동 장기렌트·자동차리스 가격비교 | 행복한렌트몰","부산 해운대구 석대동 장기렌트와 자동차리스 이용조건을 행복한렌트몰에서 비교하고 차량별 견적과 지역별 상담 정보를 확인해보세요.","같은 차라도 조건은 다릅니다.비교하고 더 좋은 조건을 찾으세요."
"busan\haeundae-gu\송정동\index.html","부산 해운대구 송정동 장기렌트·자동차리스 가격비교 | 행복한렌트몰","부산 해운대구 송정동 장기렌트와 자동차리스 이용조건을 행복한렌트몰에서 비교하고 차량별 견적과 지역별 상담 정보를 확인해보세요.","같은 차라도 조건은 다릅니다.비교하고 더 좋은 조건을 찾으세요."
"busan\haeundae-gu\우동\index.html","부산 해운대구 우동 장기렌트·자동차리스 가격비교 | 행복한렌트몰","부산 해운대구 우동 장기렌트와 자동차리스 이용조건을 행복한렌트몰에서 비교하고 차량별 견적과 지역별 상담 정보를 확인해보세요.","같은 차라도 조건은 다릅니다.비교하고 더 좋은 조건을 찾으세요."
"busan\haeundae-gu\재송동\index.html","부산 해운대구 재송동 장기렌트·자동차리스 가격비교 | 행복한렌트몰","부산 해운대구 재송동 장기렌트와 자동차리스 이용조건을 행복한렌트몰에서 비교하고 차량별 견적과 지역별 상담 정보를 확인해보세요.","같은 차라도 조건은 다릅니다.비교하고 더 좋은 조건을 찾으세요."
"busan\haeundae-gu\좌동\index.html","부산 해운대구 좌동 장기렌트·자동차리스 가격비교 | 행복한렌트몰","부산 해운대구 좌동 장기렌트와 자동차리스 이용조건을 행복한렌트몰에서 비교하고 차량별 견적과 지역별 상담 정보를 확인해보세요.","같은 차라도 조건은 다릅니다.비교하고 더 좋은 조건을 찾으세요."
"busan\haeundae-gu\중동\index.html","부산 해운대구 중동 장기렌트·자동차리스 가격비교 | 행복한렌트몰","부산 해운대구 중동 장기렌트와 자동차리스 이용조건을 행복한렌트몰에서 비교하고 차량별 견적과 지역별 상담 정보를 확인해보세요.","같은 차라도 조건은 다릅니다.비교하고 더 좋은 조건을 찾으세요."
"busan\jung-gu\index.html","부산 중구 장기렌트·자동차리스 가격비교 | 행복한렌트몰","부산 중구 장기렌트와 자동차리스 조건을 행복한렌트몰에서 비교하고 지역별 상담 정보를 확인해보세요.","같은 차라도 조건은 다릅니다.비교하고 더 좋은 조건을 찾으세요."
"busan\jung-gu\영주동\index.html","부산 중구 영주동 장기렌트·자동차리스 가격비교 | 행복한렌트몰","부산 중구 영주동 장기렌트와 자동차리스 이용조건을 행복한렌트몰에서 비교하고 차량별 견적과 지역별 상담 정보를 확인해보세요.","같은 차라도 조건은 다릅니다.비교하고 더 좋은 조건을 찾으세요."
"busan\nam-gu\index.html","부산 남구 장기렌트·자동차리스 가격비교 | 행복한렌트몰","부산 남구 장기렌트와 자동차리스 조건을 행복한렌트몰에서 비교하고 지역별 상담 정보를 확인해보세요.","같은 차라도 조건은 다릅니다.비교하고 더 좋은 조건을 찾으세요."
"busan\nam-gu\감만동\index.html","부산 남구 감만동 장기렌트·자동차리스 가격비교 | 행복한렌트몰","부산 남구 감만동 장기렌트와 자동차리스 이용조건을 행복한렌트몰에서 비교하고 차량별 견적과 지역별 상담 정보를 확인해보세요.","같은 차라도 조건은 다릅니다.비교하고 더 좋은 조건을 찾으세요."
"busan\nam-gu\대연동\index.html","부산 남구 대연동 장기렌트·자동차리스 가격비교 | 행복한렌트몰","부산 남구 대연동 장기렌트와 자동차리스 이용조건을 행복한렌트몰에서 비교하고 차량별 견적과 지역별 상담 정보를 확인해보세요.","같은 차라도 조건은 다릅니다.비교하고 더 좋은 조건을 찾으세요."
"busan\nam-gu\문현동\index.html","부산 남구 문현동 장기렌트·자동차리스 가격비교 | 행복한렌트몰","부산 남구 문현동 장기렌트와 자동차리스 이용조건을 행복한렌트몰에서 비교하고 차량별 견적과 지역별 상담 정보를 확인해보세요.","같은 차라도 조건은 다릅니다.비교하고 더 좋은 조건을 찾으세요."
"busan\nam-gu\용당동\index.html","부산 남구 용당동 장기렌트·자동차리스 가격비교 | 행복한렌트몰","부산 남구 용당동 장기렌트와 자동차리스 이용조건을 행복한렌트몰에서 비교하고 차량별 견적과 지역별 상담 정보를 확인해보세요.","같은 차라도 조건은 다릅니다.비교하고 더 좋은 조건을 찾으세요."
"busan\nam-gu\용호동\index.html","부산 남구 용호동 장기렌트·자동차리스 가격비교 | 행복한렌트몰","부산 남구 용호동 장기렌트와 자동차리스 이용조건을 행복한렌트몰에서 비교하고 차량별 견적과 지역별 상담 정보를 확인해보세요.","같은 차라도 조건은 다릅니다.비교하고 더 좋은 조건을 찾으세요."
"busan\nam-gu\우암동\index.html","부산 남구 우암동 장기렌트·자동차리스 가격비교 | 행복한렌트몰","부산 남구 우암동 장기렌트와 자동차리스 이용조건을 행복한렌트몰에서 비교하고 차량별 견적과 지역별 상담 정보를 확인해보세요.","같은 차라도 조건은 다릅니다.비교하고 더 좋은 조건을 찾으세요."
"busan\saha-gu\index.html","부산 사하구 장기렌트·자동차리스 가격비교 | 행복한렌트몰","부산 사하구 장기렌트와 자동차리스 조건을 행복한렌트몰에서 비교하고 지역별 상담 정보를 확인해보세요.","같은 차라도 조건은 다릅니다.비교하고 더 좋은 조건을 찾으세요."
"busan\saha-gu\감천동\index.html","부산 사하구 감천동 장기렌트·자동차리스 가격비교 | 행복한렌트몰","부산 사하구 감천동 장기렌트와 자동차리스 이용조건을 행복한렌트몰에서 비교하고 차량별 견적과 지역별 상담 정보를 확인해보세요.","같은 차라도 조건은 다릅니다.비교하고 더 좋은 조건을 찾으세요."
"busan\saha-gu\괴정동\index.html","부산 사하구 괴정동 장기렌트·자동차리스 가격비교 | 행복한렌트몰","부산 사하구 괴정동 장기렌트와 자동차리스 이용조건을 행복한렌트몰에서 비교하고 차량별 견적과 지역별 상담 정보를 확인해보세요.","같은 차라도 조건은 다릅니다.비교하고 더 좋은 조건을 찾으세요."
"busan\saha-gu\구평동\index.html","부산 사하구 구평동 장기렌트·자동차리스 가격비교 | 행복한렌트몰","부산 사하구 구평동 장기렌트와 자동차리스 이용조건을 행복한렌트몰에서 비교하고 차량별 견적과 지역별 상담 정보를 확인해보세요.","같은 차라도 조건은 다릅니다.비교하고 더 좋은 조건을 찾으세요."
"busan\saha-gu\다대동\index.html","부산 사하구 다대동 장기렌트·자동차리스 가격비교 | 행복한렌트몰","부산 사하구 다대동 장기렌트와 자동차리스 이용조건을 행복한렌트몰에서 비교하고 차량별 견적과 지역별 상담 정보를 확인해보세요.","같은 차라도 조건은 다릅니다.비교하고 더 좋은 조건을 찾으세요."
"busan\saha-gu\당리동\index.html","부산 사하구 당리동 장기렌트·자동차리스 가격비교 | 행복한렌트몰","부산 사하구 당리동 장기렌트와 자동차리스 이용조건을 행복한렌트몰에서 비교하고 차량별 견적과 지역별 상담 정보를 확인해보세요.","같은 차라도 조건은 다릅니다.비교하고 더 좋은 조건을 찾으세요."
"busan\saha-gu\신평동\index.html","부산 사하구 신평동 장기렌트·자동차리스 가격비교 | 행복한렌트몰","부산 사하구 신평동 장기렌트와 자동차리스 이용조건을 행복한렌트몰에서 비교하고 차량별 견적과 지역별 상담 정보를 확인해보세요.","같은 차라도 조건은 다릅니다.비교하고 더 좋은 조건을 찾으세요."
"busan\saha-gu\장림동\index.html","부산 사하구 장림동 장기렌트·자동차리스 가격비교 | 행복한렌트몰","부산 사하구 장림동 장기렌트와 자동차리스 이용조건을 행복한렌트몰에서 비교하고 차량별 견적과 지역별 상담 정보를 확인해보세요.","같은 차라도 조건은 다릅니다.비교하고 더 좋은 조건을 찾으세요."
"busan\saha-gu\하단동\index.html","부산 사하구 하단동 장기렌트·자동차리스 가격비교 | 행복한렌트몰","부산 사하구 하단동 장기렌트와 자동차리스 이용조건을 행복한렌트몰에서 비교하고 차량별 견적과 지역별 상담 정보를 확인해보세요.","같은 차라도 조건은 다릅니다.비교하고 더 좋은 조건을 찾으세요."
"busan\sasang-gu\index.html","부산 사상구 장기렌트·자동차리스 가격비교 | 행복한렌트몰","부산 사상구 장기렌트와 자동차리스 조건을 행복한렌트몰에서 비교하고 지역별 상담 정보를 확인해보세요.","같은 차라도 조건은 다릅니다.비교하고 더 좋은 조건을 찾으세요."
"busan\sasang-gu\감전동\index.html","부산 사상구 감전동 장기렌트·자동차리스 가격비교 | 행복한렌트몰","부산 사상구 감전동 장기렌트와 자동차리스 이용조건을 행복한렌트몰에서 비교하고 차량별 견적과 지역별 상담 정보를 확인해보세요.","같은 차라도 조건은 다릅니다.비교하고 더 좋은 조건을 찾으세요."
"busan\sasang-gu\괘법동\index.html","부산 사상구 괘법동 장기렌트·자동차리스 가격비교 | 행복한렌트몰","부산 사상구 괘법동 장기렌트와 자동차리스 이용조건을 행복한렌트몰에서 비교하고 차량별 견적과 지역별 상담 정보를 확인해보세요.","같은 차라도 조건은 다릅니다.비교하고 더 좋은 조건을 찾으세요."
"busan\sasang-gu\덕포동\index.html","부산 사상구 덕포동 장기렌트·자동차리스 가격비교 | 행복한렌트몰","부산 사상구 덕포동 장기렌트와 자동차리스 이용조건을 행복한렌트몰에서 비교하고 차량별 견적과 지역별 상담 정보를 확인해보세요.","같은 차라도 조건은 다릅니다.비교하고 더 좋은 조건을 찾으세요."
"busan\sasang-gu\모라동\index.html","부산 사상구 모라동 장기렌트·자동차리스 가격비교 | 행복한렌트몰","부산 사상구 모라동 장기렌트와 자동차리스 이용조건을 행복한렌트몰에서 비교하고 차량별 견적과 지역별 상담 정보를 확인해보세요.","같은 차라도 조건은 다릅니다.비교하고 더 좋은 조건을 찾으세요."
"busan\sasang-gu\삼락동\index.html","부산 사상구 삼락동 장기렌트·자동차리스 가격비교 | 행복한렌트몰","부산 사상구 삼락동 장기렌트와 자동차리스 이용조건을 행복한렌트몰에서 비교하고 차량별 견적과 지역별 상담 정보를 확인해보세요.","같은 차라도 조건은 다릅니다.비교하고 더 좋은 조건을 찾으세요."
"busan\sasang-gu\엄궁동\index.html","부산 사상구 엄궁동 장기렌트·자동차리스 가격비교 | 행복한렌트몰","부산 사상구 엄궁동 장기렌트와 자동차리스 이용조건을 행복한렌트몰에서 비교하고 차량별 견적과 지역별 상담 정보를 확인해보세요.","같은 차라도 조건은 다릅니다.비교하고 더 좋은 조건을 찾으세요."
"busan\sasang-gu\주례동\index.html","부산 사상구 주례동 장기렌트·자동차리스 가격비교 | 행복한렌트몰","부산 사상구 주례동 장기렌트와 자동차리스 이용조건을 행복한렌트몰에서 비교하고 차량별 견적과 지역별 상담 정보를 확인해보세요.","같은 차라도 조건은 다릅니다.비교하고 더 좋은 조건을 찾으세요."
"busan\sasang-gu\학장동\index.html","부산 사상구 학장동 장기렌트·자동차리스 가격비교 | 행복한렌트몰","부산 사상구 학장동 장기렌트와 자동차리스 이용조건을 행복한렌트몰에서 비교하고 차량별 견적과 지역별 상담 정보를 확인해보세요.","같은 차라도 조건은 다릅니다.비교하고 더 좋은 조건을 찾으세요."
"busan\seo-gu\index.html","부산 서구 장기렌트·자동차리스 가격비교 | 행복한렌트몰","부산 서구 장기렌트와 자동차리스 조건을 행복한렌트몰에서 비교하고 지역별 상담 정보를 확인해보세요.","같은 차라도 조건은 다릅니다.비교하고 더 좋은 조건을 찾으세요."
"busan\seo-gu\남부민동\index.html","부산 서구 남부민동 장기렌트·자동차리스 가격비교 | 행복한렌트몰","부산 서구 남부민동 장기렌트와 자동차리스 이용조건을 행복한렌트몰에서 비교하고 차량별 견적과 지역별 상담 정보를 확인해보세요.","같은 차라도 조건은 다릅니다.비교하고 더 좋은 조건을 찾으세요."
"busan\seo-gu\암남동\index.html","부산 서구 암남동 장기렌트·자동차리스 가격비교 | 행복한렌트몰","부산 서구 암남동 장기렌트와 자동차리스 이용조건을 행복한렌트몰에서 비교하고 차량별 견적과 지역별 상담 정보를 확인해보세요.","같은 차라도 조건은 다릅니다.비교하고 더 좋은 조건을 찾으세요."
"busan\seo-gu\초장동\index.html","부산 서구 초장동 장기렌트·자동차리스 가격비교 | 행복한렌트몰","부산 서구 초장동 장기렌트와 자동차리스 이용조건을 행복한렌트몰에서 비교하고 차량별 견적과 지역별 상담 정보를 확인해보세요.","같은 차라도 조건은 다릅니다.비교하고 더 좋은 조건을 찾으세요."
"busan\suyeong-gu\index.html","부산 수영구 장기렌트·자동차리스 가격비교 | 행복한렌트몰","부산 수영구 장기렌트와 자동차리스 조건을 행복한렌트몰에서 비교하고 지역별 상담 정보를 확인해보세요.","같은 차라도 조건은 다릅니다.비교하고 더 좋은 조건을 찾으세요."
"busan\suyeong-gu\광안동\index.html","부산 수영구 광안동 장기렌트·자동차리스 가격비교 | 행복한렌트몰","부산 수영구 광안동 장기렌트와 자동차리스 이용조건을 행복한렌트몰에서 비교하고 차량별 견적과 지역별 상담 정보를 확인해보세요.","같은 차라도 조건은 다릅니다.비교하고 더 좋은 조건을 찾으세요."
"busan\suyeong-gu\남천동\index.html","부산 수영구 남천동 장기렌트·자동차리스 가격비교 | 행복한렌트몰","부산 수영구 남천동 장기렌트와 자동차리스 이용조건을 행복한렌트몰에서 비교하고 차량별 견적과 지역별 상담 정보를 확인해보세요.","같은 차라도 조건은 다릅니다.비교하고 더 좋은 조건을 찾으세요."
"busan\suyeong-gu\망미동\index.html","부산 수영구 망미동 장기렌트·자동차리스 가격비교 | 행복한렌트몰","부산 수영구 망미동 장기렌트와 자동차리스 이용조건을 행복한렌트몰에서 비교하고 차량별 견적과 지역별 상담 정보를 확인해보세요.","같은 차라도 조건은 다릅니다.비교하고 더 좋은 조건을 찾으세요."
"busan\suyeong-gu\민락동\index.html","부산 수영구 민락동 장기렌트·자동차리스 가격비교 | 행복한렌트몰","부산 수영구 민락동 장기렌트와 자동차리스 이용조건을 행복한렌트몰에서 비교하고 차량별 견적과 지역별 상담 정보를 확인해보세요.","같은 차라도 조건은 다릅니다.비교하고 더 좋은 조건을 찾으세요."
"busan\suyeong-gu\수영동\index.html","부산 수영구 수영동 장기렌트·자동차리스 가격비교 | 행복한렌트몰","부산 수영구 수영동 장기렌트와 자동차리스 이용조건을 행복한렌트몰에서 비교하고 차량별 견적과 지역별 상담 정보를 확인해보세요.","같은 차라도 조건은 다릅니다.비교하고 더 좋은 조건을 찾으세요."
"busan\yeongdo-gu\index.html","부산 영도구 장기렌트·자동차리스 가격비교 | 행복한렌트몰","부산 영도구 장기렌트와 자동차리스 조건을 행복한렌트몰에서 비교하고 지역별 상담 정보를 확인해보세요.","같은 차라도 조건은 다릅니다.비교하고 더 좋은 조건을 찾으세요."
"busan\yeongdo-gu\동삼동\index.html","부산 영도구 동삼동 장기렌트·자동차리스 가격비교 | 행복한렌트몰","부산 영도구 동삼동 장기렌트와 자동차리스 이용조건을 행복한렌트몰에서 비교하고 차량별 견적과 지역별 상담 정보를 확인해보세요.","같은 차라도 조건은 다릅니다.비교하고 더 좋은 조건을 찾으세요."
"busan\yeongdo-gu\청학동\index.html","부산 영도구 청학동 장기렌트·자동차리스 가격비교 | 행복한렌트몰","부산 영도구 청학동 장기렌트와 자동차리스 이용조건을 행복한렌트몰에서 비교하고 차량별 견적과 지역별 상담 정보를 확인해보세요.","같은 차라도 조건은 다릅니다.비교하고 더 좋은 조건을 찾으세요."
"busan\yeonje-gu\index.html","부산 연제구 장기렌트·자동차리스 가격비교 | 행복한렌트몰","부산 연제구 장기렌트와 자동차리스 조건을 행복한렌트몰에서 비교하고 지역별 상담 정보를 확인해보세요.","같은 차라도 조건은 다릅니다.비교하고 더 좋은 조건을 찾으세요."
"busan\yeonje-gu\거제동\index.html","부산 연제구 거제동 장기렌트·자동차리스 가격비교 | 행복한렌트몰","부산 연제구 거제동 장기렌트와 자동차리스 이용조건을 행복한렌트몰에서 비교하고 차량별 견적과 지역별 상담 정보를 확인해보세요.","같은 차라도 조건은 다릅니다.비교하고 더 좋은 조건을 찾으세요."
"busan\yeonje-gu\연산동\index.html","부산 연제구 연산동 장기렌트·자동차리스 가격비교 | 행복한렌트몰","부산 연제구 연산동 장기렌트와 자동차리스 이용조건을 행복한렌트몰에서 비교하고 차량별 견적과 지역별 상담 정보를 확인해보세요.","같은 차라도 조건은 다릅니다.비교하고 더 좋은 조건을 찾으세요."
"chungbuk\index.html","충북 장기렌트·자동차리스 가격비교 | 행복한렌트몰","충북 지역 장기렌트와 자동차리스 조건을 행복한렌트몰에서 비교하고 지역별 바로상담 정보를 확인해보세요.","같은 차라도 조건은 다릅니다.비교하고 더 좋은 조건을 찾으세요."
"chungbuk\boeun-gun\index.html","충북 보은군 장기렌트·자동차리스 가격비교 | 행복한렌트몰","충북 보은군 장기렌트와 자동차리스 조건을 행복한렌트몰에서 비교하고 지역별 상담 정보를 확인해보세요.","같은 차라도 조건은 다릅니다.비교하고 더 좋은 조건을 찾으세요."
"chungbuk\boeun-gun\내북면\index.html","충북 보은군 내북면 장기렌트·자동차리스 가격비교 | 행복한렌트몰","충북 보은군 내북면 장기렌트와 자동차리스 이용조건을 행복한렌트몰에서 비교하고 차량별 견적과 지역별 상담 정보를 확인해보세요.","같은 차라도 조건은 다릅니다.비교하고 더 좋은 조건을 찾으세요."
"chungbuk\boeun-gun\마로면\index.html","충북 보은군 마로면 장기렌트·자동차리스 가격비교 | 행복한렌트몰","충북 보은군 마로면 장기렌트와 자동차리스 이용조건을 행복한렌트몰에서 비교하고 차량별 견적과 지역별 상담 정보를 확인해보세요.","같은 차라도 조건은 다릅니다.비교하고 더 좋은 조건을 찾으세요."
"chungbuk\boeun-gun\보은읍\index.html","충북 보은군 보은읍 장기렌트·자동차리스 가격비교 | 행복한렌트몰","충북 보은군 보은읍 장기렌트와 자동차리스 이용조건을 행복한렌트몰에서 비교하고 차량별 견적과 지역별 상담 정보를 확인해보세요.","같은 차라도 조건은 다릅니다.비교하고 더 좋은 조건을 찾으세요."
"chungbuk\boeun-gun\산외면\index.html","충북 보은군 산외면 장기렌트·자동차리스 가격비교 | 행복한렌트몰","충북 보은군 산외면 장기렌트와 자동차리스 이용조건을 행복한렌트몰에서 비교하고 차량별 견적과 지역별 상담 정보를 확인해보세요.","같은 차라도 조건은 다릅니다.비교하고 더 좋은 조건을 찾으세요."
"chungbuk\boeun-gun\삼승면\index.html","충북 보은군 삼승면 장기렌트·자동차리스 가격비교 | 행복한렌트몰","충북 보은군 삼승면 장기렌트와 자동차리스 이용조건을 행복한렌트몰에서 비교하고 차량별 견적과 지역별 상담 정보를 확인해보세요.","같은 차라도 조건은 다릅니다.비교하고 더 좋은 조건을 찾으세요."
"chungbuk\boeun-gun\속리산면\index.html","충북 보은군 속리산면 장기렌트·자동차리스 가격비교 | 행복한렌트몰","충북 보은군 속리산면 장기렌트와 자동차리스 이용조건을 행복한렌트몰에서 비교하고 차량별 견적과 지역별 상담 정보를 확인해보세요.","같은 차라도 조건은 다릅니다.비교하고 더 좋은 조건을 찾으세요."
"chungbuk\boeun-gun\수한면\index.html","충북 보은군 수한면 장기렌트·자동차리스 가격비교 | 행복한렌트몰","충북 보은군 수한면 장기렌트와 자동차리스 이용조건을 행복한렌트몰에서 비교하고 차량별 견적과 지역별 상담 정보를 확인해보세요.","같은 차라도 조건은 다릅니다.비교하고 더 좋은 조건을 찾으세요."
"chungbuk\boeun-gun\장안면\index.html","충북 보은군 장안면 장기렌트·자동차리스 가격비교 | 행복한렌트몰","충북 보은군 장안면 장기렌트와 자동차리스 이용조건을 행복한렌트몰에서 비교하고 차량별 견적과 지역별 상담 정보를 확인해보세요.","같은 차라도 조건은 다릅니다.비교하고 더 좋은 조건을 찾으세요."
"chungbuk\boeun-gun\탄부면\index.html","충북 보은군 탄부면 장기렌트·자동차리스 가격비교 | 행복한렌트몰","충북 보은군 탄부면 장기렌트와 자동차리스 이용조건을 행복한렌트몰에서 비교하고 차량별 견적과 지역별 상담 정보를 확인해보세요.","같은 차라도 조건은 다릅니다.비교하고 더 좋은 조건을 찾으세요."
"chungbuk\boeun-gun\회남면\index.html","충북 보은군 회남면 장기렌트·자동차리스 가격비교 | 행복한렌트몰","충북 보은군 회남면 장기렌트와 자동차리스 이용조건을 행복한렌트몰에서 비교하고 차량별 견적과 지역별 상담 정보를 확인해보세요.","같은 차라도 조건은 다릅니다.비교하고 더 좋은 조건을 찾으세요."
"chungbuk\boeun-gun\회인면\index.html","충북 보은군 회인면 장기렌트·자동차리스 가격비교 | 행복한렌트몰","충북 보은군 회인면 장기렌트와 자동차리스 이용조건을 행복한렌트몰에서 비교하고 차량별 견적과 지역별 상담 정보를 확인해보세요.","같은 차라도 조건은 다릅니다.비교하고 더 좋은 조건을 찾으세요."
"chungbuk\cheongju-si\index.html","충북 청주시 장기렌트·자동차리스 가격비교 | 행복한렌트몰","충북 청주시 장기렌트와 자동차리스 조건을 행복한렌트몰에서 비교하고 지역별 상담 정보를 확인해보세요.","같은 차라도 조건은 다릅니다.비교하고 더 좋은 조건을 찾으세요."
"chungbuk\cheongju-si\상당구\index.html","충북 청주시 상당구 장기렌트·자동차리스 가격비교 | 행복한렌트몰","충북 청주시 상당구 장기렌트와 자동차리스 이용조건을 행복한렌트몰에서 비교하고 차량별 견적과 지역별 상담 정보를 확인해보세요.","같은 차라도 조건은 다릅니다.비교하고 더 좋은 조건을 찾으세요."
"chungbuk\cheongju-si\상당구\가덕면\index.html","충북 청주시 상당구 가덕면 장기렌트·자동차리스 가격비교 | 행복한렌트몰","충북 청주시 상당구 가덕면 장기렌트와 자동차리스 이용조건을 행복한렌트몰에서 비교하고 차량별 견적과 지역별 상담 정보를 확인해보세요.","같은 차라도 조건은 다릅니다.비교하고 더 좋은 조건을 찾으세요."
"chungbuk\cheongju-si\상당구\금천동\index.html","충북 청주시 상당구 금천동 장기렌트·자동차리스 가격비교 | 행복한렌트몰","충북 청주시 상당구 금천동 장기렌트와 자동차리스 이용조건을 행복한렌트몰에서 비교하고 차량별 견적과 지역별 상담 정보를 확인해보세요.","같은 차라도 조건은 다릅니다.비교하고 더 좋은 조건을 찾으세요."
"chungbuk\cheongju-si\상당구\남일면\index.html","충북 청주시 상당구 남일면 장기렌트·자동차리스 가격비교 | 행복한렌트몰","충북 청주시 상당구 남일면 장기렌트와 자동차리스 이용조건을 행복한렌트몰에서 비교하고 차량별 견적과 지역별 상담 정보를 확인해보세요.","같은 차라도 조건은 다릅니다.비교하고 더 좋은 조건을 찾으세요."
"chungbuk\cheongju-si\상당구\남주동\index.html","충북 청주시 상당구 남주동 장기렌트·자동차리스 가격비교 | 행복한렌트몰","충북 청주시 상당구 남주동 장기렌트와 자동차리스 이용조건을 행복한렌트몰에서 비교하고 차량별 견적과 지역별 상담 정보를 확인해보세요.","같은 차라도 조건은 다릅니다.비교하고 더 좋은 조건을 찾으세요."
"chungbuk\cheongju-si\상당구\낭성면\index.html","충북 청주시 상당구 낭성면 장기렌트·자동차리스 가격비교 | 행복한렌트몰","충북 청주시 상당구 낭성면 장기렌트와 자동차리스 이용조건을 행복한렌트몰에서 비교하고 차량별 견적과 지역별 상담 정보를 확인해보세요.","같은 차라도 조건은 다릅니다.비교하고 더 좋은 조건을 찾으세요."
"chungbuk\cheongju-si\상당구\대성동\index.html","충북 청주시 상당구 대성동 장기렌트·자동차리스 가격비교 | 행복한렌트몰","충북 청주시 상당구 대성동 장기렌트와 자동차리스 이용조건을 행복한렌트몰에서 비교하고 차량별 견적과 지역별 상담 정보를 확인해보세요.","같은 차라도 조건은 다릅니다.비교하고 더 좋은 조건을 찾으세요."
"chungbuk\cheongju-si\상당구\명암동\index.html","충북 청주시 상당구 명암동 장기렌트·자동차리스 가격비교 | 행복한렌트몰","충북 청주시 상당구 명암동 장기렌트와 자동차리스 이용조건을 행복한렌트몰에서 비교하고 차량별 견적과 지역별 상담 정보를 확인해보세요.","같은 차라도 조건은 다릅니다.비교하고 더 좋은 조건을 찾으세요."
"chungbuk\cheongju-si\상당구\문의면\index.html","충북 청주시 상당구 문의면 장기렌트·자동차리스 가격비교 | 행복한렌트몰","충북 청주시 상당구 문의면 장기렌트와 자동차리스 이용조건을 행복한렌트몰에서 비교하고 차량별 견적과 지역별 상담 정보를 확인해보세요.","같은 차라도 조건은 다릅니다.비교하고 더 좋은 조건을 찾으세요."
"chungbuk\cheongju-si\상당구\문화동\index.html","충북 청주시 상당구 문화동 장기렌트·자동차리스 가격비교 | 행복한렌트몰","충북 청주시 상당구 문화동 장기렌트와 자동차리스 이용조건을 행복한렌트몰에서 비교하고 차량별 견적과 지역별 상담 정보를 확인해보세요.","같은 차라도 조건은 다릅니다.비교하고 더 좋은 조건을 찾으세요."
"chungbuk\cheongju-si\상당구\미원면\index.html","충북 청주시 상당구 미원면 장기렌트·자동차리스 가격비교 | 행복한렌트몰","충북 청주시 상당구 미원면 장기렌트와 자동차리스 이용조건을 행복한렌트몰에서 비교하고 차량별 견적과 지역별 상담 정보를 확인해보세요.","같은 차라도 조건은 다릅니다.비교하고 더 좋은 조건을 찾으세요."
"chungbuk\cheongju-si\상당구\방서동\index.html","충북 청주시 상당구 방서동 장기렌트·자동차리스 가격비교 | 행복한렌트몰","충북 청주시 상당구 방서동 장기렌트와 자동차리스 이용조건을 행복한렌트몰에서 비교하고 차량별 견적과 지역별 상담 정보를 확인해보세요.","같은 차라도 조건은 다릅니다.비교하고 더 좋은 조건을 찾으세요."
"chungbuk\cheongju-si\상당구\산성동\index.html","충북 청주시 상당구 산성동 장기렌트·자동차리스 가격비교 | 행복한렌트몰","충북 청주시 상당구 산성동 장기렌트와 자동차리스 이용조건을 행복한렌트몰에서 비교하고 차량별 견적과 지역별 상담 정보를 확인해보세요.","같은 차라도 조건은 다릅니다.비교하고 더 좋은 조건을 찾으세요."
"chungbuk\cheongju-si\상당구\서문동\index.html","충북 청주시 상당구 서문동 장기렌트·자동차리스 가격비교 | 행복한렌트몰","충북 청주시 상당구 서문동 장기렌트와 자동차리스 이용조건을 행복한렌트몰에서 비교하고 차량별 견적과 지역별 상담 정보를 확인해보세요.","같은 차라도 조건은 다릅니다.비교하고 더 좋은 조건을 찾으세요."
"chungbuk\cheongju-si\상당구\서운동\index.html","충북 청주시 상당구 서운동 장기렌트·자동차리스 가격비교 | 행복한렌트몰","충북 청주시 상당구 서운동 장기렌트와 자동차리스 이용조건을 행복한렌트몰에서 비교하고 차량별 견적과 지역별 상담 정보를 확인해보세요.","같은 차라도 조건은 다릅니다.비교하고 더 좋은 조건을 찾으세요."
"chungbuk\cheongju-si\상당구\석교동\index.html","충북 청주시 상당구 석교동 장기렌트·자동차리스 가격비교 | 행복한렌트몰","충북 청주시 상당구 석교동 장기렌트와 자동차리스 이용조건을 행복한렌트몰에서 비교하고 차량별 견적과 지역별 상담 정보를 확인해보세요.","같은 차라도 조건은 다릅니다.비교하고 더 좋은 조건을 찾으세요."
"chungbuk\cheongju-si\상당구\수동\index.html","충북 청주시 상당구 수동 장기렌트·자동차리스 가격비교 | 행복한렌트몰","충북 청주시 상당구 수동 장기렌트와 자동차리스 이용조건을 행복한렌트몰에서 비교하고 차량별 견적과 지역별 상담 정보를 확인해보세요.","같은 차라도 조건은 다릅니다.비교하고 더 좋은 조건을 찾으세요."
"chungbuk\cheongju-si\상당구\영동\index.html","충북 청주시 상당구 영동 장기렌트·자동차리스 가격비교 | 행복한렌트몰","충북 청주시 상당구 영동 장기렌트와 자동차리스 이용조건을 행복한렌트몰에서 비교하고 차량별 견적과 지역별 상담 정보를 확인해보세요.","같은 차라도 조건은 다릅니다.비교하고 더 좋은 조건을 찾으세요."
"chungbuk\cheongju-si\상당구\영운동\index.html","충북 청주시 상당구 영운동 장기렌트·자동차리스 가격비교 | 행복한렌트몰","충북 청주시 상당구 영운동 장기렌트와 자동차리스 이용조건을 행복한렌트몰에서 비교하고 차량별 견적과 지역별 상담 정보를 확인해보세요.","같은 차라도 조건은 다릅니다.비교하고 더 좋은 조건을 찾으세요."
"chungbuk\cheongju-si\상당구\용담동\index.html","충북 청주시 상당구 용담동 장기렌트·자동차리스 가격비교 | 행복한렌트몰","충북 청주시 상당구 용담동 장기렌트와 자동차리스 이용조건을 행복한렌트몰에서 비교하고 차량별 견적과 지역별 상담 정보를 확인해보세요.","같은 차라도 조건은 다릅니다.비교하고 더 좋은 조건을 찾으세요."
"chungbuk\cheongju-si\상당구\용암동\index.html","충북 청주시 상당구 용암동 장기렌트·자동차리스 가격비교 | 행복한렌트몰","충북 청주시 상당구 용암동 장기렌트와 자동차리스 이용조건을 행복한렌트몰에서 비교하고 차량별 견적과 지역별 상담 정보를 확인해보세요.","같은 차라도 조건은 다릅니다.비교하고 더 좋은 조건을 찾으세요."
"chungbuk\cheongju-si\상당구\용정동\index.html","충북 청주시 상당구 용정동 장기렌트·자동차리스 가격비교 | 행복한렌트몰","충북 청주시 상당구 용정동 장기렌트와 자동차리스 이용조건을 행복한렌트몰에서 비교하고 차량별 견적과 지역별 상담 정보를 확인해보세요.","같은 차라도 조건은 다릅니다.비교하고 더 좋은 조건을 찾으세요."
"chungbuk\cheongju-si\상당구\운동동\index.html","충북 청주시 상당구 운동동 장기렌트·자동차리스 가격비교 | 행복한렌트몰","충북 청주시 상당구 운동동 장기렌트와 자동차리스 이용조건을 행복한렌트몰에서 비교하고 차량별 견적과 지역별 상담 정보를 확인해보세요.","같은 차라도 조건은 다릅니다.비교하고 더 좋은 조건을 찾으세요."
"chungbuk\cheongju-si\상당구\월오동\index.html","충북 청주시 상당구 월오동 장기렌트·자동차리스 가격비교 | 행복한렌트몰","충북 청주시 상당구 월오동 장기렌트와 자동차리스 이용조건을 행복한렌트몰에서 비교하고 차량별 견적과 지역별 상담 정보를 확인해보세요.","같은 차라도 조건은 다릅니다.비교하고 더 좋은 조건을 찾으세요."
"chungbuk\cheongju-si\상당구\지북동\index.html","충북 청주시 상당구 지북동 장기렌트·자동차리스 가격비교 | 행복한렌트몰","충북 청주시 상당구 지북동 장기렌트와 자동차리스 이용조건을 행복한렌트몰에서 비교하고 차량별 견적과 지역별 상담 정보를 확인해보세요.","같은 차라도 조건은 다릅니다.비교하고 더 좋은 조건을 찾으세요."
"chungbuk\cheongju-si\상당구\탑동\index.html","충북 청주시 상당구 탑동 장기렌트·자동차리스 가격비교 | 행복한렌트몰","충북 청주시 상당구 탑동 장기렌트와 자동차리스 이용조건을 행복한렌트몰에서 비교하고 차량별 견적과 지역별 상담 정보를 확인해보세요.","같은 차라도 조건은 다릅니다.비교하고 더 좋은 조건을 찾으세요."
"chungbuk\cheongju-si\상당구\평촌동\index.html","충북 청주시 상당구 평촌동 장기렌트·자동차리스 가격비교 | 행복한렌트몰","충북 청주시 상당구 평촌동 장기렌트와 자동차리스 이용조건을 행복한렌트몰에서 비교하고 차량별 견적과 지역별 상담 정보를 확인해보세요.","같은 차라도 조건은 다릅니다.비교하고 더 좋은 조건을 찾으세요."
"chungbuk\cheongju-si\서원구\index.html","충북 청주시 서원구 장기렌트·자동차리스 가격비교 | 행복한렌트몰","충북 청주시 서원구 장기렌트와 자동차리스 이용조건을 행복한렌트몰에서 비교하고 차량별 견적과 지역별 상담 정보를 확인해보세요.","같은 차라도 조건은 다릅니다.비교하고 더 좋은 조건을 찾으세요."
"chungbuk\cheongju-si\서원구\개신동\index.html","충북 청주시 서원구 개신동 장기렌트·자동차리스 가격비교 | 행복한렌트몰","충북 청주시 서원구 개신동 장기렌트와 자동차리스 이용조건을 행복한렌트몰에서 비교하고 차량별 견적과 지역별 상담 정보를 확인해보세요.","같은 차라도 조건은 다릅니다.비교하고 더 좋은 조건을 찾으세요."
"chungbuk\cheongju-si\서원구\남이면\index.html","충북 청주시 서원구 남이면 장기렌트·자동차리스 가격비교 | 행복한렌트몰","충북 청주시 서원구 남이면 장기렌트와 자동차리스 이용조건을 행복한렌트몰에서 비교하고 차량별 견적과 지역별 상담 정보를 확인해보세요.","같은 차라도 조건은 다릅니다.비교하고 더 좋은 조건을 찾으세요."
"chungbuk\cheongju-si\서원구\모충동\index.html","충북 청주시 서원구 모충동 장기렌트·자동차리스 가격비교 | 행복한렌트몰","충북 청주시 서원구 모충동 장기렌트와 자동차리스 이용조건을 행복한렌트몰에서 비교하고 차량별 견적과 지역별 상담 정보를 확인해보세요.","같은 차라도 조건은 다릅니다.비교하고 더 좋은 조건을 찾으세요."
"chungbuk\cheongju-si\서원구\미평동\index.html","충북 청주시 서원구 미평동 장기렌트·자동차리스 가격비교 | 행복한렌트몰","충북 청주시 서원구 미평동 장기렌트와 자동차리스 이용조건을 행복한렌트몰에서 비교하고 차량별 견적과 지역별 상담 정보를 확인해보세요.","같은 차라도 조건은 다릅니다.비교하고 더 좋은 조건을 찾으세요."
"chungbuk\cheongju-si\서원구\분평동\index.html","충북 청주시 서원구 분평동 장기렌트·자동차리스 가격비교 | 행복한렌트몰","충북 청주시 서원구 분평동 장기렌트와 자동차리스 이용조건을 행복한렌트몰에서 비교하고 차량별 견적과 지역별 상담 정보를 확인해보세요.","같은 차라도 조건은 다릅니다.비교하고 더 좋은 조건을 찾으세요."
"chungbuk\cheongju-si\서원구\사직동\index.html","충북 청주시 서원구 사직동 장기렌트·자동차리스 가격비교 | 행복한렌트몰","충북 청주시 서원구 사직동 장기렌트와 자동차리스 이용조건을 행복한렌트몰에서 비교하고 차량별 견적과 지역별 상담 정보를 확인해보세요.","같은 차라도 조건은 다릅니다.비교하고 더 좋은 조건을 찾으세요."
"chungbuk\cheongju-si\서원구\사창동\index.html","충북 청주시 서원구 사창동 장기렌트·자동차리스 가격비교 | 행복한렌트몰","충북 청주시 서원구 사창동 장기렌트와 자동차리스 이용조건을 행복한렌트몰에서 비교하고 차량별 견적과 지역별 상담 정보를 확인해보세요.","같은 차라도 조건은 다릅니다.비교하고 더 좋은 조건을 찾으세요."
"chungbuk\cheongju-si\서원구\산남동\index.html","충북 청주시 서원구 산남동 장기렌트·자동차리스 가격비교 | 행복한렌트몰","충북 청주시 서원구 산남동 장기렌트와 자동차리스 이용조건을 행복한렌트몰에서 비교하고 차량별 견적과 지역별 상담 정보를 확인해보세요.","같은 차라도 조건은 다릅니다.비교하고 더 좋은 조건을 찾으세요."
"chungbuk\cheongju-si\서원구\성화동\index.html","충북 청주시 서원구 성화동 장기렌트·자동차리스 가격비교 | 행복한렌트몰","충북 청주시 서원구 성화동 장기렌트와 자동차리스 이용조건을 행복한렌트몰에서 비교하고 차량별 견적과 지역별 상담 정보를 확인해보세요.","같은 차라도 조건은 다릅니다.비교하고 더 좋은 조건을 찾으세요."
"chungbuk\cheongju-si\서원구\수곡동\index.html","충북 청주시 서원구 수곡동 장기렌트·자동차리스 가격비교 | 행복한렌트몰","충북 청주시 서원구 수곡동 장기렌트와 자동차리스 이용조건을 행복한렌트몰에서 비교하고 차량별 견적과 지역별 상담 정보를 확인해보세요.","같은 차라도 조건은 다릅니다.비교하고 더 좋은 조건을 찾으세요."
"chungbuk\cheongju-si\서원구\장성동\index.html","충북 청주시 서원구 장성동 장기렌트·자동차리스 가격비교 | 행복한렌트몰","충북 청주시 서원구 장성동 장기렌트와 자동차리스 이용조건을 행복한렌트몰에서 비교하고 차량별 견적과 지역별 상담 정보를 확인해보세요.","같은 차라도 조건은 다릅니다.비교하고 더 좋은 조건을 찾으세요."
"chungbuk\cheongju-si\서원구\장암동\index.html","충북 청주시 서원구 장암동 장기렌트·자동차리스 가격비교 | 행복한렌트몰","충북 청주시 서원구 장암동 장기렌트와 자동차리스 이용조건을 행복한렌트몰에서 비교하고 차량별 견적과 지역별 상담 정보를 확인해보세요.","같은 차라도 조건은 다릅니다.비교하고 더 좋은 조건을 찾으세요."
"chungbuk\cheongju-si\서원구\죽림동\index.html","충북 청주시 서원구 죽림동 장기렌트·자동차리스 가격비교 | 행복한렌트몰","충북 청주시 서원구 죽림동 장기렌트와 자동차리스 이용조건을 행복한렌트몰에서 비교하고 차량별 견적과 지역별 상담 정보를 확인해보세요.","같은 차라도 조건은 다릅니다.비교하고 더 좋은 조건을 찾으세요."
"chungbuk\cheongju-si\서원구\현도면\index.html","충북 청주시 서원구 현도면 장기렌트·자동차리스 가격비교 | 행복한렌트몰","충북 청주시 서원구 현도면 장기렌트와 자동차리스 이용조건을 행복한렌트몰에서 비교하고 차량별 견적과 지역별 상담 정보를 확인해보세요.","같은 차라도 조건은 다릅니다.비교하고 더 좋은 조건을 찾으세요."
"chungbuk\cheongju-si\청원구\index.html","충북 청주시 청원구 장기렌트·자동차리스 가격비교 | 행복한렌트몰","충북 청주시 청원구 장기렌트와 자동차리스 이용조건을 행복한렌트몰에서 비교하고 차량별 견적과 지역별 상담 정보를 확인해보세요.","같은 차라도 조건은 다릅니다.비교하고 더 좋은 조건을 찾으세요."
"chungbuk\cheongju-si\청원구\내덕동\index.html","충북 청주시 청원구 내덕동 장기렌트·자동차리스 가격비교 | 행복한렌트몰","충북 청주시 청원구 내덕동 장기렌트와 자동차리스 이용조건을 행복한렌트몰에서 비교하고 차량별 견적과 지역별 상담 정보를 확인해보세요.","같은 차라도 조건은 다릅니다.비교하고 더 좋은 조건을 찾으세요."
"chungbuk\cheongju-si\청원구\내수읍\index.html","충북 청주시 청원구 내수읍 장기렌트·자동차리스 가격비교 | 행복한렌트몰","충북 청주시 청원구 내수읍 장기렌트와 자동차리스 이용조건을 행복한렌트몰에서 비교하고 차량별 견적과 지역별 상담 정보를 확인해보세요.","같은 차라도 조건은 다릅니다.비교하고 더 좋은 조건을 찾으세요."
"chungbuk\cheongju-si\청원구\북이면\index.html","충북 청주시 청원구 북이면 장기렌트·자동차리스 가격비교 | 행복한렌트몰","충북 청주시 청원구 북이면 장기렌트와 자동차리스 이용조건을 행복한렌트몰에서 비교하고 차량별 견적과 지역별 상담 정보를 확인해보세요.","같은 차라도 조건은 다릅니다.비교하고 더 좋은 조건을 찾으세요."
"chungbuk\cheongju-si\청원구\사천동\index.html","충북 청주시 청원구 사천동 장기렌트·자동차리스 가격비교 | 행복한렌트몰","충북 청주시 청원구 사천동 장기렌트와 자동차리스 이용조건을 행복한렌트몰에서 비교하고 차량별 견적과 지역별 상담 정보를 확인해보세요.","같은 차라도 조건은 다릅니다.비교하고 더 좋은 조건을 찾으세요."
"chungbuk\cheongju-si\청원구\오동동\index.html","충북 청주시 청원구 오동동 장기렌트·자동차리스 가격비교 | 행복한렌트몰","충북 청주시 청원구 오동동 장기렌트와 자동차리스 이용조건을 행복한렌트몰에서 비교하고 차량별 견적과 지역별 상담 정보를 확인해보세요.","같은 차라도 조건은 다릅니다.비교하고 더 좋은 조건을 찾으세요."
"chungbuk\cheongju-si\청원구\오창읍\index.html","충북 청주시 청원구 오창읍 장기렌트·자동차리스 가격비교 | 행복한렌트몰","충북 청주시 청원구 오창읍 장기렌트와 자동차리스 이용조건을 행복한렌트몰에서 비교하고 차량별 견적과 지역별 상담 정보를 확인해보세요.","같은 차라도 조건은 다릅니다.비교하고 더 좋은 조건을 찾으세요."
"chungbuk\cheongju-si\청원구\외남동\index.html","충북 청주시 청원구 외남동 장기렌트·자동차리스 가격비교 | 행복한렌트몰","충북 청주시 청원구 외남동 장기렌트와 자동차리스 이용조건을 행복한렌트몰에서 비교하고 차량별 견적과 지역별 상담 정보를 확인해보세요.","같은 차라도 조건은 다릅니다.비교하고 더 좋은 조건을 찾으세요."
"chungbuk\cheongju-si\청원구\외평동\index.html","충북 청주시 청원구 외평동 장기렌트·자동차리스 가격비교 | 행복한렌트몰","충북 청주시 청원구 외평동 장기렌트와 자동차리스 이용조건을 행복한렌트몰에서 비교하고 차량별 견적과 지역별 상담 정보를 확인해보세요.","같은 차라도 조건은 다릅니다.비교하고 더 좋은 조건을 찾으세요."
"chungbuk\cheongju-si\청원구\외하동\index.html","충북 청주시 청원구 외하동 장기렌트·자동차리스 가격비교 | 행복한렌트몰","충북 청주시 청원구 외하동 장기렌트와 자동차리스 이용조건을 행복한렌트몰에서 비교하고 차량별 견적과 지역별 상담 정보를 확인해보세요.","같은 차라도 조건은 다릅니다.비교하고 더 좋은 조건을 찾으세요."
"chungbuk\cheongju-si\청원구\우암동\index.html","충북 청주시 청원구 우암동 장기렌트·자동차리스 가격비교 | 행복한렌트몰","충북 청주시 청원구 우암동 장기렌트와 자동차리스 이용조건을 행복한렌트몰에서 비교하고 차량별 견적과 지역별 상담 정보를 확인해보세요.","같은 차라도 조건은 다릅니다.비교하고 더 좋은 조건을 찾으세요."
"chungbuk\cheongju-si\청원구\율량동\index.html","충북 청주시 청원구 율량동 장기렌트·자동차리스 가격비교 | 행복한렌트몰","충북 청주시 청원구 율량동 장기렌트와 자동차리스 이용조건을 행복한렌트몰에서 비교하고 차량별 견적과 지역별 상담 정보를 확인해보세요.","같은 차라도 조건은 다릅니다.비교하고 더 좋은 조건을 찾으세요."
"chungbuk\cheongju-si\청원구\정북동\index.html","충북 청주시 청원구 정북동 장기렌트·자동차리스 가격비교 | 행복한렌트몰","충북 청주시 청원구 정북동 장기렌트와 자동차리스 이용조건을 행복한렌트몰에서 비교하고 차량별 견적과 지역별 상담 정보를 확인해보세요.","같은 차라도 조건은 다릅니다.비교하고 더 좋은 조건을 찾으세요."
"chungbuk\cheongju-si\청원구\정상동\index.html","충북 청주시 청원구 정상동 장기렌트·자동차리스 가격비교 | 행복한렌트몰","충북 청주시 청원구 정상동 장기렌트와 자동차리스 이용조건을 행복한렌트몰에서 비교하고 차량별 견적과 지역별 상담 정보를 확인해보세요.","같은 차라도 조건은 다릅니다.비교하고 더 좋은 조건을 찾으세요."
"chungbuk\cheongju-si\청원구\정하동\index.html","충북 청주시 청원구 정하동 장기렌트·자동차리스 가격비교 | 행복한렌트몰","충북 청주시 청원구 정하동 장기렌트와 자동차리스 이용조건을 행복한렌트몰에서 비교하고 차량별 견적과 지역별 상담 정보를 확인해보세요.","같은 차라도 조건은 다릅니다.비교하고 더 좋은 조건을 찾으세요."
"chungbuk\cheongju-si\청원구\주성동\index.html","충북 청주시 청원구 주성동 장기렌트·자동차리스 가격비교 | 행복한렌트몰","충북 청주시 청원구 주성동 장기렌트와 자동차리스 이용조건을 행복한렌트몰에서 비교하고 차량별 견적과 지역별 상담 정보를 확인해보세요.","같은 차라도 조건은 다릅니다.비교하고 더 좋은 조건을 찾으세요."
"chungbuk\cheongju-si\청원구\주중동\index.html","충북 청주시 청원구 주중동 장기렌트·자동차리스 가격비교 | 행복한렌트몰","충북 청주시 청원구 주중동 장기렌트와 자동차리스 이용조건을 행복한렌트몰에서 비교하고 차량별 견적과 지역별 상담 정보를 확인해보세요.","같은 차라도 조건은 다릅니다.비교하고 더 좋은 조건을 찾으세요."
"chungbuk\cheongju-si\흥덕구\index.html","충북 청주시 흥덕구 장기렌트·자동차리스 가격비교 | 행복한렌트몰","충북 청주시 흥덕구 장기렌트와 자동차리스 이용조건을 행복한렌트몰에서 비교하고 차량별 견적과 지역별 상담 정보를 확인해보세요.","같은 차라도 조건은 다릅니다.비교하고 더 좋은 조건을 찾으세요."
"chungbuk\cheongju-si\흥덕구\가경동\index.html","충북 청주시 흥덕구 가경동 장기렌트·자동차리스 가격비교 | 행복한렌트몰","충북 청주시 흥덕구 가경동 장기렌트와 자동차리스 이용조건을 행복한렌트몰에서 비교하고 차량별 견적과 지역별 상담 정보를 확인해보세요.","같은 차라도 조건은 다릅니다.비교하고 더 좋은 조건을 찾으세요."
"chungbuk\cheongju-si\흥덕구\강내면\index.html","충북 청주시 흥덕구 강내면 장기렌트·자동차리스 가격비교 | 행복한렌트몰","충북 청주시 흥덕구 강내면 장기렌트와 자동차리스 이용조건을 행복한렌트몰에서 비교하고 차량별 견적과 지역별 상담 정보를 확인해보세요.","같은 차라도 조건은 다릅니다.비교하고 더 좋은 조건을 찾으세요."
"chungbuk\cheongju-si\흥덕구\강서동\index.html","충북 청주시 흥덕구 강서동 장기렌트·자동차리스 가격비교 | 행복한렌트몰","충북 청주시 흥덕구 강서동 장기렌트와 자동차리스 이용조건을 행복한렌트몰에서 비교하고 차량별 견적과 지역별 상담 정보를 확인해보세요.","같은 차라도 조건은 다릅니다.비교하고 더 좋은 조건을 찾으세요."
"chungbuk\cheongju-si\흥덕구\남촌동\index.html","충북 청주시 흥덕구 남촌동 장기렌트·자동차리스 가격비교 | 행복한렌트몰","충북 청주시 흥덕구 남촌동 장기렌트와 자동차리스 이용조건을 행복한렌트몰에서 비교하고 차량별 견적과 지역별 상담 정보를 확인해보세요.","같은 차라도 조건은 다릅니다.비교하고 더 좋은 조건을 찾으세요."
"chungbuk\cheongju-si\흥덕구\내곡동\index.html","충북 청주시 흥덕구 내곡동 장기렌트·자동차리스 가격비교 | 행복한렌트몰","충북 청주시 흥덕구 내곡동 장기렌트와 자동차리스 이용조건을 행복한렌트몰에서 비교하고 차량별 견적과 지역별 상담 정보를 확인해보세요.","같은 차라도 조건은 다릅니다.비교하고 더 좋은 조건을 찾으세요."
"chungbuk\cheongju-si\흥덕구\동막동\index.html","충북 청주시 흥덕구 동막동 장기렌트·자동차리스 가격비교 | 행복한렌트몰","충북 청주시 흥덕구 동막동 장기렌트와 자동차리스 이용조건을 행복한렌트몰에서 비교하고 차량별 견적과 지역별 상담 정보를 확인해보세요.","같은 차라도 조건은 다릅니다.비교하고 더 좋은 조건을 찾으세요."
"chungbuk\cheongju-si\흥덕구\문암동\index.html","충북 청주시 흥덕구 문암동 장기렌트·자동차리스 가격비교 | 행복한렌트몰","충북 청주시 흥덕구 문암동 장기렌트와 자동차리스 이용조건을 행복한렌트몰에서 비교하고 차량별 견적과 지역별 상담 정보를 확인해보세요.","같은 차라도 조건은 다릅니다.비교하고 더 좋은 조건을 찾으세요."
"chungbuk\cheongju-si\흥덕구\복대동\index.html","충북 청주시 흥덕구 복대동 장기렌트·자동차리스 가격비교 | 행복한렌트몰","충북 청주시 흥덕구 복대동 장기렌트와 자동차리스 이용조건을 행복한렌트몰에서 비교하고 차량별 견적과 지역별 상담 정보를 확인해보세요.","같은 차라도 조건은 다릅니다.비교하고 더 좋은 조건을 찾으세요."
"chungbuk\cheongju-si\흥덕구\봉명동\index.html","충북 청주시 흥덕구 봉명동 장기렌트·자동차리스 가격비교 | 행복한렌트몰","충북 청주시 흥덕구 봉명동 장기렌트와 자동차리스 이용조건을 행복한렌트몰에서 비교하고 차량별 견적과 지역별 상담 정보를 확인해보세요.","같은 차라도 조건은 다릅니다.비교하고 더 좋은 조건을 찾으세요."
"chungbuk\cheongju-si\흥덕구\비하동\index.html","충북 청주시 흥덕구 비하동 장기렌트·자동차리스 가격비교 | 행복한렌트몰","충북 청주시 흥덕구 비하동 장기렌트와 자동차리스 이용조건을 행복한렌트몰에서 비교하고 차량별 견적과 지역별 상담 정보를 확인해보세요.","같은 차라도 조건은 다릅니다.비교하고 더 좋은 조건을 찾으세요."
"chungbuk\cheongju-si\흥덕구\상신동\index.html","충북 청주시 흥덕구 상신동 장기렌트·자동차리스 가격비교 | 행복한렌트몰","충북 청주시 흥덕구 상신동 장기렌트와 자동차리스 이용조건을 행복한렌트몰에서 비교하고 차량별 견적과 지역별 상담 정보를 확인해보세요.","같은 차라도 조건은 다릅니다.비교하고 더 좋은 조건을 찾으세요."
"chungbuk\cheongju-si\흥덕구\서촌동\index.html","충북 청주시 흥덕구 서촌동 장기렌트·자동차리스 가격비교 | 행복한렌트몰","충북 청주시 흥덕구 서촌동 장기렌트와 자동차리스 이용조건을 행복한렌트몰에서 비교하고 차량별 견적과 지역별 상담 정보를 확인해보세요.","같은 차라도 조건은 다릅니다.비교하고 더 좋은 조건을 찾으세요."
"chungbuk\cheongju-si\흥덕구\석곡동\index.html","충북 청주시 흥덕구 석곡동 장기렌트·자동차리스 가격비교 | 행복한렌트몰","충북 청주시 흥덕구 석곡동 장기렌트와 자동차리스 이용조건을 행복한렌트몰에서 비교하고 차량별 견적과 지역별 상담 정보를 확인해보세요.","같은 차라도 조건은 다릅니다.비교하고 더 좋은 조건을 찾으세요."
"chungbuk\cheongju-si\흥덕구\석소동\index.html","충북 청주시 흥덕구 석소동 장기렌트·자동차리스 가격비교 | 행복한렌트몰","충북 청주시 흥덕구 석소동 장기렌트와 자동차리스 이용조건을 행복한렌트몰에서 비교하고 차량별 견적과 지역별 상담 정보를 확인해보세요.","같은 차라도 조건은 다릅니다.비교하고 더 좋은 조건을 찾으세요."
"chungbuk\cheongju-si\흥덕구\송절동\index.html","충북 청주시 흥덕구 송절동 장기렌트·자동차리스 가격비교 | 행복한렌트몰","충북 청주시 흥덕구 송절동 장기렌트와 자동차리스 이용조건을 행복한렌트몰에서 비교하고 차량별 견적과 지역별 상담 정보를 확인해보세요.","같은 차라도 조건은 다릅니다.비교하고 더 좋은 조건을 찾으세요."
"chungbuk\cheongju-si\흥덕구\송정동\index.html","충북 청주시 흥덕구 송정동 장기렌트·자동차리스 가격비교 | 행복한렌트몰","충북 청주시 흥덕구 송정동 장기렌트와 자동차리스 이용조건을 행복한렌트몰에서 비교하고 차량별 견적과 지역별 상담 정보를 확인해보세요.","같은 차라도 조건은 다릅니다.비교하고 더 좋은 조건을 찾으세요."
"chungbuk\cheongju-si\흥덕구\수의동\index.html","충북 청주시 흥덕구 수의동 장기렌트·자동차리스 가격비교 | 행복한렌트몰","충북 청주시 흥덕구 수의동 장기렌트와 자동차리스 이용조건을 행복한렌트몰에서 비교하고 차량별 견적과 지역별 상담 정보를 확인해보세요.","같은 차라도 조건은 다릅니다.비교하고 더 좋은 조건을 찾으세요."
"chungbuk\cheongju-si\흥덕구\신대동\index.html","충북 청주시 흥덕구 신대동 장기렌트·자동차리스 가격비교 | 행복한렌트몰","충북 청주시 흥덕구 신대동 장기렌트와 자동차리스 이용조건을 행복한렌트몰에서 비교하고 차량별 견적과 지역별 상담 정보를 확인해보세요.","같은 차라도 조건은 다릅니다.비교하고 더 좋은 조건을 찾으세요."
"chungbuk\cheongju-si\흥덕구\신봉동\index.html","충북 청주시 흥덕구 신봉동 장기렌트·자동차리스 가격비교 | 행복한렌트몰","충북 청주시 흥덕구 신봉동 장기렌트와 자동차리스 이용조건을 행복한렌트몰에서 비교하고 차량별 견적과 지역별 상담 정보를 확인해보세요.","같은 차라도 조건은 다릅니다.비교하고 더 좋은 조건을 찾으세요."
"chungbuk\cheongju-si\흥덕구\신성동\index.html","충북 청주시 흥덕구 신성동 장기렌트·자동차리스 가격비교 | 행복한렌트몰","충북 청주시 흥덕구 신성동 장기렌트와 자동차리스 이용조건을 행복한렌트몰에서 비교하고 차량별 견적과 지역별 상담 정보를 확인해보세요.","같은 차라도 조건은 다릅니다.비교하고 더 좋은 조건을 찾으세요."
"chungbuk\cheongju-si\흥덕구\신전동\index.html","충북 청주시 흥덕구 신전동 장기렌트·자동차리스 가격비교 | 행복한렌트몰","충북 청주시 흥덕구 신전동 장기렌트와 자동차리스 이용조건을 행복한렌트몰에서 비교하고 차량별 견적과 지역별 상담 정보를 확인해보세요.","같은 차라도 조건은 다릅니다.비교하고 더 좋은 조건을 찾으세요."
"chungbuk\cheongju-si\흥덕구\신촌동\index.html","충북 청주시 흥덕구 신촌동 장기렌트·자동차리스 가격비교 | 행복한렌트몰","충북 청주시 흥덕구 신촌동 장기렌트와 자동차리스 이용조건을 행복한렌트몰에서 비교하고 차량별 견적과 지역별 상담 정보를 확인해보세요.","같은 차라도 조건은 다릅니다.비교하고 더 좋은 조건을 찾으세요."
"chungbuk\cheongju-si\흥덕구\오송읍\index.html","충북 청주시 흥덕구 오송읍 장기렌트·자동차리스 가격비교 | 행복한렌트몰","충북 청주시 흥덕구 오송읍 장기렌트와 자동차리스 이용조건을 행복한렌트몰에서 비교하고 차량별 견적과 지역별 상담 정보를 확인해보세요.","같은 차라도 조건은 다릅니다.비교하고 더 좋은 조건을 찾으세요."
"chungbuk\cheongju-si\흥덕구\옥산면\index.html","충북 청주시 흥덕구 옥산면 장기렌트·자동차리스 가격비교 | 행복한렌트몰","충북 청주시 흥덕구 옥산면 장기렌트와 자동차리스 이용조건을 행복한렌트몰에서 비교하고 차량별 견적과 지역별 상담 정보를 확인해보세요.","같은 차라도 조건은 다릅니다.비교하고 더 좋은 조건을 찾으세요."
"chungbuk\cheongju-si\흥덕구\외북동\index.html","충북 청주시 흥덕구 외북동 장기렌트·자동차리스 가격비교 | 행복한렌트몰","충북 청주시 흥덕구 외북동 장기렌트와 자동차리스 이용조건을 행복한렌트몰에서 비교하고 차량별 견적과 지역별 상담 정보를 확인해보세요.","같은 차라도 조건은 다릅니다.비교하고 더 좋은 조건을 찾으세요."
"chungbuk\cheongju-si\흥덕구\운천동\index.html","충북 청주시 흥덕구 운천동 장기렌트·자동차리스 가격비교 | 행복한렌트몰","충북 청주시 흥덕구 운천동 장기렌트와 자동차리스 이용조건을 행복한렌트몰에서 비교하고 차량별 견적과 지역별 상담 정보를 확인해보세요.","같은 차라도 조건은 다릅니다.비교하고 더 좋은 조건을 찾으세요."
"chungbuk\cheongju-si\흥덕구\원평동\index.html","충북 청주시 흥덕구 원평동 장기렌트·자동차리스 가격비교 | 행복한렌트몰","충북 청주시 흥덕구 원평동 장기렌트와 자동차리스 이용조건을 행복한렌트몰에서 비교하고 차량별 견적과 지역별 상담 정보를 확인해보세요.","같은 차라도 조건은 다릅니다.비교하고 더 좋은 조건을 찾으세요."
"chungbuk\cheongju-si\흥덕구\정봉동\index.html","충북 청주시 흥덕구 정봉동 장기렌트·자동차리스 가격비교 | 행복한렌트몰","충북 청주시 흥덕구 정봉동 장기렌트와 자동차리스 이용조건을 행복한렌트몰에서 비교하고 차량별 견적과 지역별 상담 정보를 확인해보세요.","같은 차라도 조건은 다릅니다.비교하고 더 좋은 조건을 찾으세요."
"chungbuk\cheongju-si\흥덕구\지동동\index.html","충북 청주시 흥덕구 지동동 장기렌트·자동차리스 가격비교 | 행복한렌트몰","충북 청주시 흥덕구 지동동 장기렌트와 자동차리스 이용조건을 행복한렌트몰에서 비교하고 차량별 견적과 지역별 상담 정보를 확인해보세요.","같은 차라도 조건은 다릅니다.비교하고 더 좋은 조건을 찾으세요."
"chungbuk\cheongju-si\흥덕구\평동\index.html","충북 청주시 흥덕구 평동 장기렌트·자동차리스 가격비교 | 행복한렌트몰","충북 청주시 흥덕구 평동 장기렌트와 자동차리스 이용조건을 행복한렌트몰에서 비교하고 차량별 견적과 지역별 상담 정보를 확인해보세요.","같은 차라도 조건은 다릅니다.비교하고 더 좋은 조건을 찾으세요."
"chungbuk\cheongju-si\흥덕구\향정동\index.html","충북 청주시 흥덕구 향정동 장기렌트·자동차리스 가격비교 | 행복한렌트몰","충북 청주시 흥덕구 향정동 장기렌트와 자동차리스 이용조건을 행복한렌트몰에서 비교하고 차량별 견적과 지역별 상담 정보를 확인해보세요.","같은 차라도 조건은 다릅니다.비교하고 더 좋은 조건을 찾으세요."
"chungbuk\cheongju-si\흥덕구\현암동\index.html","충북 청주시 흥덕구 현암동 장기렌트·자동차리스 가격비교 | 행복한렌트몰","충북 청주시 흥덕구 현암동 장기렌트와 자동차리스 이용조건을 행복한렌트몰에서 비교하고 차량별 견적과 지역별 상담 정보를 확인해보세요.","같은 차라도 조건은 다릅니다.비교하고 더 좋은 조건을 찾으세요."
"chungbuk\cheongju-si\흥덕구\화계동\index.html","충북 청주시 흥덕구 화계동 장기렌트·자동차리스 가격비교 | 행복한렌트몰","충북 청주시 흥덕구 화계동 장기렌트와 자동차리스 이용조건을 행복한렌트몰에서 비교하고 차량별 견적과 지역별 상담 정보를 확인해보세요.","같은 차라도 조건은 다릅니다.비교하고 더 좋은 조건을 찾으세요."
"chungbuk\cheongju-si\흥덕구\휴암동\index.html","충북 청주시 흥덕구 휴암동 장기렌트·자동차리스 가격비교 | 행복한렌트몰","충북 청주시 흥덕구 휴암동 장기렌트와 자동차리스 이용조건을 행복한렌트몰에서 비교하고 차량별 견적과 지역별 상담 정보를 확인해보세요.","같은 차라도 조건은 다릅니다.비교하고 더 좋은 조건을 찾으세요."
"chungbuk\chungju-si\index.html","충북 충주시 장기렌트·자동차리스 가격비교 | 행복한렌트몰","충북 충주시 장기렌트와 자동차리스 조건을 행복한렌트몰에서 비교하고 지역별 상담 정보를 확인해보세요.","같은 차라도 조건은 다릅니다.비교하고 더 좋은 조건을 찾으세요."
"chungbuk\chungju-si\가주동\index.html","충북 충주시 가주동 장기렌트·자동차리스 가격비교 | 행복한렌트몰","충북 충주시 가주동 장기렌트와 자동차리스 이용조건을 행복한렌트몰에서 비교하고 차량별 견적과 지역별 상담 정보를 확인해보세요.","같은 차라도 조건은 다릅니다.비교하고 더 좋은 조건을 찾으세요."
"chungbuk\chungju-si\교현동\index.html","충북 충주시 교현동 장기렌트·자동차리스 가격비교 | 행복한렌트몰","충북 충주시 교현동 장기렌트와 자동차리스 이용조건을 행복한렌트몰에서 비교하고 차량별 견적과 지역별 상담 정보를 확인해보세요.","같은 차라도 조건은 다릅니다.비교하고 더 좋은 조건을 찾으세요."
"chungbuk\chungju-si\금가면\index.html","충북 충주시 금가면 장기렌트·자동차리스 가격비교 | 행복한렌트몰","충북 충주시 금가면 장기렌트와 자동차리스 이용조건을 행복한렌트몰에서 비교하고 차량별 견적과 지역별 상담 정보를 확인해보세요.","같은 차라도 조건은 다릅니다.비교하고 더 좋은 조건을 찾으세요."
"chungbuk\chungju-si\금릉동\index.html","충북 충주시 금릉동 장기렌트·자동차리스 가격비교 | 행복한렌트몰","충북 충주시 금릉동 장기렌트와 자동차리스 이용조건을 행복한렌트몰에서 비교하고 차량별 견적과 지역별 상담 정보를 확인해보세요.","같은 차라도 조건은 다릅니다.비교하고 더 좋은 조건을 찾으세요."
"chungbuk\chungju-si\노은면\index.html","충북 충주시 노은면 장기렌트·자동차리스 가격비교 | 행복한렌트몰","충북 충주시 노은면 장기렌트와 자동차리스 이용조건을 행복한렌트몰에서 비교하고 차량별 견적과 지역별 상담 정보를 확인해보세요.","같은 차라도 조건은 다릅니다.비교하고 더 좋은 조건을 찾으세요."
"chungbuk\chungju-si\단월동\index.html","충북 충주시 단월동 장기렌트·자동차리스 가격비교 | 행복한렌트몰","충북 충주시 단월동 장기렌트와 자동차리스 이용조건을 행복한렌트몰에서 비교하고 차량별 견적과 지역별 상담 정보를 확인해보세요.","같은 차라도 조건은 다릅니다.비교하고 더 좋은 조건을 찾으세요."
"chungbuk\chungju-si\달천동\index.html","충북 충주시 달천동 장기렌트·자동차리스 가격비교 | 행복한렌트몰","충북 충주시 달천동 장기렌트와 자동차리스 이용조건을 행복한렌트몰에서 비교하고 차량별 견적과 지역별 상담 정보를 확인해보세요.","같은 차라도 조건은 다릅니다.비교하고 더 좋은 조건을 찾으세요."
"chungbuk\chungju-si\대소원면\index.html","충북 충주시 대소원면 장기렌트·자동차리스 가격비교 | 행복한렌트몰","충북 충주시 대소원면 장기렌트와 자동차리스 이용조건을 행복한렌트몰에서 비교하고 차량별 견적과 지역별 상담 정보를 확인해보세요.","같은 차라도 조건은 다릅니다.비교하고 더 좋은 조건을 찾으세요."
"chungbuk\chungju-si\동량면\index.html","충북 충주시 동량면 장기렌트·자동차리스 가격비교 | 행복한렌트몰","충북 충주시 동량면 장기렌트와 자동차리스 이용조건을 행복한렌트몰에서 비교하고 차량별 견적과 지역별 상담 정보를 확인해보세요.","같은 차라도 조건은 다릅니다.비교하고 더 좋은 조건을 찾으세요."
"chungbuk\chungju-si\목벌동\index.html","충북 충주시 목벌동 장기렌트·자동차리스 가격비교 | 행복한렌트몰","충북 충주시 목벌동 장기렌트와 자동차리스 이용조건을 행복한렌트몰에서 비교하고 차량별 견적과 지역별 상담 정보를 확인해보세요.","같은 차라도 조건은 다릅니다.비교하고 더 좋은 조건을 찾으세요."
"chungbuk\chungju-si\목행동\index.html","충북 충주시 목행동 장기렌트·자동차리스 가격비교 | 행복한렌트몰","충북 충주시 목행동 장기렌트와 자동차리스 이용조건을 행복한렌트몰에서 비교하고 차량별 견적과 지역별 상담 정보를 확인해보세요.","같은 차라도 조건은 다릅니다.비교하고 더 좋은 조건을 찾으세요."
"chungbuk\chungju-si\문화동\index.html","충북 충주시 문화동 장기렌트·자동차리스 가격비교 | 행복한렌트몰","충북 충주시 문화동 장기렌트와 자동차리스 이용조건을 행복한렌트몰에서 비교하고 차량별 견적과 지역별 상담 정보를 확인해보세요.","같은 차라도 조건은 다릅니다.비교하고 더 좋은 조건을 찾으세요."
"chungbuk\chungju-si\봉방동\index.html","충북 충주시 봉방동 장기렌트·자동차리스 가격비교 | 행복한렌트몰","충북 충주시 봉방동 장기렌트와 자동차리스 이용조건을 행복한렌트몰에서 비교하고 차량별 견적과 지역별 상담 정보를 확인해보세요.","같은 차라도 조건은 다릅니다.비교하고 더 좋은 조건을 찾으세요."
"chungbuk\chungju-si\산척면\index.html","충북 충주시 산척면 장기렌트·자동차리스 가격비교 | 행복한렌트몰","충북 충주시 산척면 장기렌트와 자동차리스 이용조건을 행복한렌트몰에서 비교하고 차량별 견적과 지역별 상담 정보를 확인해보세요.","같은 차라도 조건은 다릅니다.비교하고 더 좋은 조건을 찾으세요."
"chungbuk\chungju-si\살미면\index.html","충북 충주시 살미면 장기렌트·자동차리스 가격비교 | 행복한렌트몰","충북 충주시 살미면 장기렌트와 자동차리스 이용조건을 행복한렌트몰에서 비교하고 차량별 견적과 지역별 상담 정보를 확인해보세요.","같은 차라도 조건은 다릅니다.비교하고 더 좋은 조건을 찾으세요."
"chungbuk\chungju-si\성남동\index.html","충북 충주시 성남동 장기렌트·자동차리스 가격비교 | 행복한렌트몰","충북 충주시 성남동 장기렌트와 자동차리스 이용조건을 행복한렌트몰에서 비교하고 차량별 견적과 지역별 상담 정보를 확인해보세요.","같은 차라도 조건은 다릅니다.비교하고 더 좋은 조건을 찾으세요."
"chungbuk\chungju-si\성내동\index.html","충북 충주시 성내동 장기렌트·자동차리스 가격비교 | 행복한렌트몰","충북 충주시 성내동 장기렌트와 자동차리스 이용조건을 행복한렌트몰에서 비교하고 차량별 견적과 지역별 상담 정보를 확인해보세요.","같은 차라도 조건은 다릅니다.비교하고 더 좋은 조건을 찾으세요."
"chungbuk\chungju-si\성서동\index.html","충북 충주시 성서동 장기렌트·자동차리스 가격비교 | 행복한렌트몰","충북 충주시 성서동 장기렌트와 자동차리스 이용조건을 행복한렌트몰에서 비교하고 차량별 견적과 지역별 상담 정보를 확인해보세요.","같은 차라도 조건은 다릅니다.비교하고 더 좋은 조건을 찾으세요."
"chungbuk\chungju-si\소태면\index.html","충북 충주시 소태면 장기렌트·자동차리스 가격비교 | 행복한렌트몰","충북 충주시 소태면 장기렌트와 자동차리스 이용조건을 행복한렌트몰에서 비교하고 차량별 견적과 지역별 상담 정보를 확인해보세요.","같은 차라도 조건은 다릅니다.비교하고 더 좋은 조건을 찾으세요."
"chungbuk\chungju-si\수안보면\index.html","충북 충주시 수안보면 장기렌트·자동차리스 가격비교 | 행복한렌트몰","충북 충주시 수안보면 장기렌트와 자동차리스 이용조건을 행복한렌트몰에서 비교하고 차량별 견적과 지역별 상담 정보를 확인해보세요.","같은 차라도 조건은 다릅니다.비교하고 더 좋은 조건을 찾으세요."
"chungbuk\chungju-si\신니면\index.html","충북 충주시 신니면 장기렌트·자동차리스 가격비교 | 행복한렌트몰","충북 충주시 신니면 장기렌트와 자동차리스 이용조건을 행복한렌트몰에서 비교하고 차량별 견적과 지역별 상담 정보를 확인해보세요.","같은 차라도 조건은 다릅니다.비교하고 더 좋은 조건을 찾으세요."
"chungbuk\chungju-si\안림동\index.html","충북 충주시 안림동 장기렌트·자동차리스 가격비교 | 행복한렌트몰","충북 충주시 안림동 장기렌트와 자동차리스 이용조건을 행복한렌트몰에서 비교하고 차량별 견적과 지역별 상담 정보를 확인해보세요.","같은 차라도 조건은 다릅니다.비교하고 더 좋은 조건을 찾으세요."
"chungbuk\chungju-si\앙성면\index.html","충북 충주시 앙성면 장기렌트·자동차리스 가격비교 | 행복한렌트몰","충북 충주시 앙성면 장기렌트와 자동차리스 이용조건을 행복한렌트몰에서 비교하고 차량별 견적과 지역별 상담 정보를 확인해보세요.","같은 차라도 조건은 다릅니다.비교하고 더 좋은 조건을 찾으세요."
"chungbuk\chungju-si\엄정면\index.html","충북 충주시 엄정면 장기렌트·자동차리스 가격비교 | 행복한렌트몰","충북 충주시 엄정면 장기렌트와 자동차리스 이용조건을 행복한렌트몰에서 비교하고 차량별 견적과 지역별 상담 정보를 확인해보세요.","같은 차라도 조건은 다릅니다.비교하고 더 좋은 조건을 찾으세요."
"chungbuk\chungju-si\연수동\index.html","충북 충주시 연수동 장기렌트·자동차리스 가격비교 | 행복한렌트몰","충북 충주시 연수동 장기렌트와 자동차리스 이용조건을 행복한렌트몰에서 비교하고 차량별 견적과 지역별 상담 정보를 확인해보세요.","같은 차라도 조건은 다릅니다.비교하고 더 좋은 조건을 찾으세요."
"chungbuk\chungju-si\용관동\index.html","충북 충주시 용관동 장기렌트·자동차리스 가격비교 | 행복한렌트몰","충북 충주시 용관동 장기렌트와 자동차리스 이용조건을 행복한렌트몰에서 비교하고 차량별 견적과 지역별 상담 정보를 확인해보세요.","같은 차라도 조건은 다릅니다.비교하고 더 좋은 조건을 찾으세요."
"chungbuk\chungju-si\용두동\index.html","충북 충주시 용두동 장기렌트·자동차리스 가격비교 | 행복한렌트몰","충북 충주시 용두동 장기렌트와 자동차리스 이용조건을 행복한렌트몰에서 비교하고 차량별 견적과 지역별 상담 정보를 확인해보세요.","같은 차라도 조건은 다릅니다.비교하고 더 좋은 조건을 찾으세요."
"chungbuk\chungju-si\용산동\index.html","충북 충주시 용산동 장기렌트·자동차리스 가격비교 | 행복한렌트몰","충북 충주시 용산동 장기렌트와 자동차리스 이용조건을 행복한렌트몰에서 비교하고 차량별 견적과 지역별 상담 정보를 확인해보세요.","같은 차라도 조건은 다릅니다.비교하고 더 좋은 조건을 찾으세요."
"chungbuk\chungju-si\용탄동\index.html","충북 충주시 용탄동 장기렌트·자동차리스 가격비교 | 행복한렌트몰","충북 충주시 용탄동 장기렌트와 자동차리스 이용조건을 행복한렌트몰에서 비교하고 차량별 견적과 지역별 상담 정보를 확인해보세요.","같은 차라도 조건은 다릅니다.비교하고 더 좋은 조건을 찾으세요."
"chungbuk\chungju-si\종민동\index.html","충북 충주시 종민동 장기렌트·자동차리스 가격비교 | 행복한렌트몰","충북 충주시 종민동 장기렌트와 자동차리스 이용조건을 행복한렌트몰에서 비교하고 차량별 견적과 지역별 상담 정보를 확인해보세요.","같은 차라도 조건은 다릅니다.비교하고 더 좋은 조건을 찾으세요."
"chungbuk\chungju-si\주덕읍\index.html","충북 충주시 주덕읍 장기렌트·자동차리스 가격비교 | 행복한렌트몰","충북 충주시 주덕읍 장기렌트와 자동차리스 이용조건을 행복한렌트몰에서 비교하고 차량별 견적과 지역별 상담 정보를 확인해보세요.","같은 차라도 조건은 다릅니다.비교하고 더 좋은 조건을 찾으세요."
"chungbuk\chungju-si\중앙탑면\index.html","충북 충주시 중앙탑면 장기렌트·자동차리스 가격비교 | 행복한렌트몰","충북 충주시 중앙탑면 장기렌트와 자동차리스 이용조건을 행복한렌트몰에서 비교하고 차량별 견적과 지역별 상담 정보를 확인해보세요.","같은 차라도 조건은 다릅니다.비교하고 더 좋은 조건을 찾으세요."
"chungbuk\chungju-si\지현동\index.html","충북 충주시 지현동 장기렌트·자동차리스 가격비교 | 행복한렌트몰","충북 충주시 지현동 장기렌트와 자동차리스 이용조건을 행복한렌트몰에서 비교하고 차량별 견적과 지역별 상담 정보를 확인해보세요.","같은 차라도 조건은 다릅니다.비교하고 더 좋은 조건을 찾으세요."
"chungbuk\chungju-si\직동\index.html","충북 충주시 직동 장기렌트·자동차리스 가격비교 | 행복한렌트몰","충북 충주시 직동 장기렌트와 자동차리스 이용조건을 행복한렌트몰에서 비교하고 차량별 견적과 지역별 상담 정보를 확인해보세요.","같은 차라도 조건은 다릅니다.비교하고 더 좋은 조건을 찾으세요."
"chungbuk\chungju-si\충의동\index.html","충북 충주시 충의동 장기렌트·자동차리스 가격비교 | 행복한렌트몰","충북 충주시 충의동 장기렌트와 자동차리스 이용조건을 행복한렌트몰에서 비교하고 차량별 견적과 지역별 상담 정보를 확인해보세요.","같은 차라도 조건은 다릅니다.비교하고 더 좋은 조건을 찾으세요."
"chungbuk\chungju-si\충인동\index.html","충북 충주시 충인동 장기렌트·자동차리스 가격비교 | 행복한렌트몰","충북 충주시 충인동 장기렌트와 자동차리스 이용조건을 행복한렌트몰에서 비교하고 차량별 견적과 지역별 상담 정보를 확인해보세요.","같은 차라도 조건은 다릅니다.비교하고 더 좋은 조건을 찾으세요."
"chungbuk\chungju-si\칠금동\index.html","충북 충주시 칠금동 장기렌트·자동차리스 가격비교 | 행복한렌트몰","충북 충주시 칠금동 장기렌트와 자동차리스 이용조건을 행복한렌트몰에서 비교하고 차량별 견적과 지역별 상담 정보를 확인해보세요.","같은 차라도 조건은 다릅니다.비교하고 더 좋은 조건을 찾으세요."
"chungbuk\chungju-si\풍동\index.html","충북 충주시 풍동 장기렌트·자동차리스 가격비교 | 행복한렌트몰","충북 충주시 풍동 장기렌트와 자동차리스 이용조건을 행복한렌트몰에서 비교하고 차량별 견적과 지역별 상담 정보를 확인해보세요.","같은 차라도 조건은 다릅니다.비교하고 더 좋은 조건을 찾으세요."
"chungbuk\chungju-si\호암동\index.html","충북 충주시 호암동 장기렌트·자동차리스 가격비교 | 행복한렌트몰","충북 충주시 호암동 장기렌트와 자동차리스 이용조건을 행복한렌트몰에서 비교하고 차량별 견적과 지역별 상담 정보를 확인해보세요.","같은 차라도 조건은 다릅니다.비교하고 더 좋은 조건을 찾으세요."
"chungbuk\danyang-gun\index.html","충북 단양군 장기렌트·자동차리스 가격비교 | 행복한렌트몰","충북 단양군 장기렌트와 자동차리스 조건을 행복한렌트몰에서 비교하고 지역별 상담 정보를 확인해보세요.","같은 차라도 조건은 다릅니다.비교하고 더 좋은 조건을 찾으세요."
"chungbuk\danyang-gun\가곡면\index.html","충북 단양군 가곡면 장기렌트·자동차리스 가격비교 | 행복한렌트몰","충북 단양군 가곡면 장기렌트와 자동차리스 이용조건을 행복한렌트몰에서 비교하고 차량별 견적과 지역별 상담 정보를 확인해보세요.","같은 차라도 조건은 다릅니다.비교하고 더 좋은 조건을 찾으세요."
"chungbuk\danyang-gun\단성면\index.html","충북 단양군 단성면 장기렌트·자동차리스 가격비교 | 행복한렌트몰","충북 단양군 단성면 장기렌트와 자동차리스 이용조건을 행복한렌트몰에서 비교하고 차량별 견적과 지역별 상담 정보를 확인해보세요.","같은 차라도 조건은 다릅니다.비교하고 더 좋은 조건을 찾으세요."
"chungbuk\danyang-gun\단양읍\index.html","충북 단양군 단양읍 장기렌트·자동차리스 가격비교 | 행복한렌트몰","충북 단양군 단양읍 장기렌트와 자동차리스 이용조건을 행복한렌트몰에서 비교하고 차량별 견적과 지역별 상담 정보를 확인해보세요.","같은 차라도 조건은 다릅니다.비교하고 더 좋은 조건을 찾으세요."
"chungbuk\danyang-gun\대강면\index.html","충북 단양군 대강면 장기렌트·자동차리스 가격비교 | 행복한렌트몰","충북 단양군 대강면 장기렌트와 자동차리스 이용조건을 행복한렌트몰에서 비교하고 차량별 견적과 지역별 상담 정보를 확인해보세요.","같은 차라도 조건은 다릅니다.비교하고 더 좋은 조건을 찾으세요."
"chungbuk\danyang-gun\매포읍\index.html","충북 단양군 매포읍 장기렌트·자동차리스 가격비교 | 행복한렌트몰","충북 단양군 매포읍 장기렌트와 자동차리스 이용조건을 행복한렌트몰에서 비교하고 차량별 견적과 지역별 상담 정보를 확인해보세요.","같은 차라도 조건은 다릅니다.비교하고 더 좋은 조건을 찾으세요."
"chungbuk\danyang-gun\어상천면\index.html","충북 단양군 어상천면 장기렌트·자동차리스 가격비교 | 행복한렌트몰","충북 단양군 어상천면 장기렌트와 자동차리스 이용조건을 행복한렌트몰에서 비교하고 차량별 견적과 지역별 상담 정보를 확인해보세요.","같은 차라도 조건은 다릅니다.비교하고 더 좋은 조건을 찾으세요."
"chungbuk\danyang-gun\영춘면\index.html","충북 단양군 영춘면 장기렌트·자동차리스 가격비교 | 행복한렌트몰","충북 단양군 영춘면 장기렌트와 자동차리스 이용조건을 행복한렌트몰에서 비교하고 차량별 견적과 지역별 상담 정보를 확인해보세요.","같은 차라도 조건은 다릅니다.비교하고 더 좋은 조건을 찾으세요."
"chungbuk\danyang-gun\적성면\index.html","충북 단양군 적성면 장기렌트·자동차리스 가격비교 | 행복한렌트몰","충북 단양군 적성면 장기렌트와 자동차리스 이용조건을 행복한렌트몰에서 비교하고 차량별 견적과 지역별 상담 정보를 확인해보세요.","같은 차라도 조건은 다릅니다.비교하고 더 좋은 조건을 찾으세요."
"chungbuk\eumseong-gun\index.html","충북 음성군 장기렌트·자동차리스 가격비교 | 행복한렌트몰","충북 음성군 장기렌트와 자동차리스 조건을 행복한렌트몰에서 비교하고 지역별 상담 정보를 확인해보세요.","같은 차라도 조건은 다릅니다.비교하고 더 좋은 조건을 찾으세요."
"chungbuk\eumseong-gun\감곡면\index.html","충북 음성군 감곡면 장기렌트·자동차리스 가격비교 | 행복한렌트몰","충북 음성군 감곡면 장기렌트와 자동차리스 이용조건을 행복한렌트몰에서 비교하고 차량별 견적과 지역별 상담 정보를 확인해보세요.","같은 차라도 조건은 다릅니다.비교하고 더 좋은 조건을 찾으세요."
"chungbuk\eumseong-gun\금왕읍\index.html","충북 음성군 금왕읍 장기렌트·자동차리스 가격비교 | 행복한렌트몰","충북 음성군 금왕읍 장기렌트와 자동차리스 이용조건을 행복한렌트몰에서 비교하고 차량별 견적과 지역별 상담 정보를 확인해보세요.","같은 차라도 조건은 다릅니다.비교하고 더 좋은 조건을 찾으세요."
"chungbuk\eumseong-gun\대소읍\index.html","충북 음성군 대소읍 장기렌트·자동차리스 가격비교 | 행복한렌트몰","충북 음성군 대소읍 장기렌트와 자동차리스 이용조건을 행복한렌트몰에서 비교하고 차량별 견적과 지역별 상담 정보를 확인해보세요.","같은 차라도 조건은 다릅니다.비교하고 더 좋은 조건을 찾으세요."
"chungbuk\eumseong-gun\맹동면\index.html","충북 음성군 맹동면 장기렌트·자동차리스 가격비교 | 행복한렌트몰","충북 음성군 맹동면 장기렌트와 자동차리스 이용조건을 행복한렌트몰에서 비교하고 차량별 견적과 지역별 상담 정보를 확인해보세요.","같은 차라도 조건은 다릅니다.비교하고 더 좋은 조건을 찾으세요."
"chungbuk\eumseong-gun\삼성면\index.html","충북 음성군 삼성면 장기렌트·자동차리스 가격비교 | 행복한렌트몰","충북 음성군 삼성면 장기렌트와 자동차리스 이용조건을 행복한렌트몰에서 비교하고 차량별 견적과 지역별 상담 정보를 확인해보세요.","같은 차라도 조건은 다릅니다.비교하고 더 좋은 조건을 찾으세요."
"chungbuk\eumseong-gun\생극면\index.html","충북 음성군 생극면 장기렌트·자동차리스 가격비교 | 행복한렌트몰","충북 음성군 생극면 장기렌트와 자동차리스 이용조건을 행복한렌트몰에서 비교하고 차량별 견적과 지역별 상담 정보를 확인해보세요.","같은 차라도 조건은 다릅니다.비교하고 더 좋은 조건을 찾으세요."
"chungbuk\eumseong-gun\소이면\index.html","충북 음성군 소이면 장기렌트·자동차리스 가격비교 | 행복한렌트몰","충북 음성군 소이면 장기렌트와 자동차리스 이용조건을 행복한렌트몰에서 비교하고 차량별 견적과 지역별 상담 정보를 확인해보세요.","같은 차라도 조건은 다릅니다.비교하고 더 좋은 조건을 찾으세요."
"chungbuk\eumseong-gun\원남면\index.html","충북 음성군 원남면 장기렌트·자동차리스 가격비교 | 행복한렌트몰","충북 음성군 원남면 장기렌트와 자동차리스 이용조건을 행복한렌트몰에서 비교하고 차량별 견적과 지역별 상담 정보를 확인해보세요.","같은 차라도 조건은 다릅니다.비교하고 더 좋은 조건을 찾으세요."
"chungbuk\eumseong-gun\음성읍\index.html","충북 음성군 음성읍 장기렌트·자동차리스 가격비교 | 행복한렌트몰","충북 음성군 음성읍 장기렌트와 자동차리스 이용조건을 행복한렌트몰에서 비교하고 차량별 견적과 지역별 상담 정보를 확인해보세요.","같은 차라도 조건은 다릅니다.비교하고 더 좋은 조건을 찾으세요."
"chungbuk\goesan-gun\index.html","충북 괴산군 장기렌트·자동차리스 가격비교 | 행복한렌트몰","충북 괴산군 장기렌트와 자동차리스 조건을 행복한렌트몰에서 비교하고 지역별 상담 정보를 확인해보세요.","같은 차라도 조건은 다릅니다.비교하고 더 좋은 조건을 찾으세요."
"chungbuk\goesan-gun\감물면\index.html","충북 괴산군 감물면 장기렌트·자동차리스 가격비교 | 행복한렌트몰","충북 괴산군 감물면 장기렌트와 자동차리스 이용조건을 행복한렌트몰에서 비교하고 차량별 견적과 지역별 상담 정보를 확인해보세요.","같은 차라도 조건은 다릅니다.비교하고 더 좋은 조건을 찾으세요."
"chungbuk\goesan-gun\괴산읍\index.html","충북 괴산군 괴산읍 장기렌트·자동차리스 가격비교 | 행복한렌트몰","충북 괴산군 괴산읍 장기렌트와 자동차리스 이용조건을 행복한렌트몰에서 비교하고 차량별 견적과 지역별 상담 정보를 확인해보세요.","같은 차라도 조건은 다릅니다.비교하고 더 좋은 조건을 찾으세요."
"chungbuk\goesan-gun\문광면\index.html","충북 괴산군 문광면 장기렌트·자동차리스 가격비교 | 행복한렌트몰","충북 괴산군 문광면 장기렌트와 자동차리스 이용조건을 행복한렌트몰에서 비교하고 차량별 견적과 지역별 상담 정보를 확인해보세요.","같은 차라도 조건은 다릅니다.비교하고 더 좋은 조건을 찾으세요."
"chungbuk\goesan-gun\불정면\index.html","충북 괴산군 불정면 장기렌트·자동차리스 가격비교 | 행복한렌트몰","충북 괴산군 불정면 장기렌트와 자동차리스 이용조건을 행복한렌트몰에서 비교하고 차량별 견적과 지역별 상담 정보를 확인해보세요.","같은 차라도 조건은 다릅니다.비교하고 더 좋은 조건을 찾으세요."
"chungbuk\goesan-gun\사리면\index.html","충북 괴산군 사리면 장기렌트·자동차리스 가격비교 | 행복한렌트몰","충북 괴산군 사리면 장기렌트와 자동차리스 이용조건을 행복한렌트몰에서 비교하고 차량별 견적과 지역별 상담 정보를 확인해보세요.","같은 차라도 조건은 다릅니다.비교하고 더 좋은 조건을 찾으세요."
"chungbuk\goesan-gun\소수면\index.html","충북 괴산군 소수면 장기렌트·자동차리스 가격비교 | 행복한렌트몰","충북 괴산군 소수면 장기렌트와 자동차리스 이용조건을 행복한렌트몰에서 비교하고 차량별 견적과 지역별 상담 정보를 확인해보세요.","같은 차라도 조건은 다릅니다.비교하고 더 좋은 조건을 찾으세요."
"chungbuk\goesan-gun\연풍면\index.html","충북 괴산군 연풍면 장기렌트·자동차리스 가격비교 | 행복한렌트몰","충북 괴산군 연풍면 장기렌트와 자동차리스 이용조건을 행복한렌트몰에서 비교하고 차량별 견적과 지역별 상담 정보를 확인해보세요.","같은 차라도 조건은 다릅니다.비교하고 더 좋은 조건을 찾으세요."
"chungbuk\goesan-gun\장연면\index.html","충북 괴산군 장연면 장기렌트·자동차리스 가격비교 | 행복한렌트몰","충북 괴산군 장연면 장기렌트와 자동차리스 이용조건을 행복한렌트몰에서 비교하고 차량별 견적과 지역별 상담 정보를 확인해보세요.","같은 차라도 조건은 다릅니다.비교하고 더 좋은 조건을 찾으세요."
"chungbuk\goesan-gun\청안면\index.html","충북 괴산군 청안면 장기렌트·자동차리스 가격비교 | 행복한렌트몰","충북 괴산군 청안면 장기렌트와 자동차리스 이용조건을 행복한렌트몰에서 비교하고 차량별 견적과 지역별 상담 정보를 확인해보세요.","같은 차라도 조건은 다릅니다.비교하고 더 좋은 조건을 찾으세요."
"chungbuk\goesan-gun\청천면\index.html","충북 괴산군 청천면 장기렌트·자동차리스 가격비교 | 행복한렌트몰","충북 괴산군 청천면 장기렌트와 자동차리스 이용조건을 행복한렌트몰에서 비교하고 차량별 견적과 지역별 상담 정보를 확인해보세요.","같은 차라도 조건은 다릅니다.비교하고 더 좋은 조건을 찾으세요."
"chungbuk\goesan-gun\칠성면\index.html","충북 괴산군 칠성면 장기렌트·자동차리스 가격비교 | 행복한렌트몰","충북 괴산군 칠성면 장기렌트와 자동차리스 이용조건을 행복한렌트몰에서 비교하고 차량별 견적과 지역별 상담 정보를 확인해보세요.","같은 차라도 조건은 다릅니다.비교하고 더 좋은 조건을 찾으세요."
"chungbuk\jecheon-si\index.html","충북 제천시 장기렌트·자동차리스 가격비교 | 행복한렌트몰","충북 제천시 장기렌트와 자동차리스 조건을 행복한렌트몰에서 비교하고 지역별 상담 정보를 확인해보세요.","같은 차라도 조건은 다릅니다.비교하고 더 좋은 조건을 찾으세요."
"chungbuk\jecheon-si\강제동\index.html","충북 제천시 강제동 장기렌트·자동차리스 가격비교 | 행복한렌트몰","충북 제천시 강제동 장기렌트와 자동차리스 이용조건을 행복한렌트몰에서 비교하고 차량별 견적과 지역별 상담 정보를 확인해보세요.","같은 차라도 조건은 다릅니다.비교하고 더 좋은 조건을 찾으세요."
"chungbuk\jecheon-si\고명동\index.html","충북 제천시 고명동 장기렌트·자동차리스 가격비교 | 행복한렌트몰","충북 제천시 고명동 장기렌트와 자동차리스 이용조건을 행복한렌트몰에서 비교하고 차량별 견적과 지역별 상담 정보를 확인해보세요.","같은 차라도 조건은 다릅니다.비교하고 더 좋은 조건을 찾으세요."
"chungbuk\jecheon-si\고암동\index.html","충북 제천시 고암동 장기렌트·자동차리스 가격비교 | 행복한렌트몰","충북 제천시 고암동 장기렌트와 자동차리스 이용조건을 행복한렌트몰에서 비교하고 차량별 견적과 지역별 상담 정보를 확인해보세요.","같은 차라도 조건은 다릅니다.비교하고 더 좋은 조건을 찾으세요."
"chungbuk\jecheon-si\교동\index.html","충북 제천시 교동 장기렌트·자동차리스 가격비교 | 행복한렌트몰","충북 제천시 교동 장기렌트와 자동차리스 이용조건을 행복한렌트몰에서 비교하고 차량별 견적과 지역별 상담 정보를 확인해보세요.","같은 차라도 조건은 다릅니다.비교하고 더 좋은 조건을 찾으세요."
"chungbuk\jecheon-si\금성면\index.html","충북 제천시 금성면 장기렌트·자동차리스 가격비교 | 행복한렌트몰","충북 제천시 금성면 장기렌트와 자동차리스 이용조건을 행복한렌트몰에서 비교하고 차량별 견적과 지역별 상담 정보를 확인해보세요.","같은 차라도 조건은 다릅니다.비교하고 더 좋은 조건을 찾으세요."
"chungbuk\jecheon-si\남천동\index.html","충북 제천시 남천동 장기렌트·자동차리스 가격비교 | 행복한렌트몰","충북 제천시 남천동 장기렌트와 자동차리스 이용조건을 행복한렌트몰에서 비교하고 차량별 견적과 지역별 상담 정보를 확인해보세요.","같은 차라도 조건은 다릅니다.비교하고 더 좋은 조건을 찾으세요."
"chungbuk\jecheon-si\대랑동\index.html","충북 제천시 대랑동 장기렌트·자동차리스 가격비교 | 행복한렌트몰","충북 제천시 대랑동 장기렌트와 자동차리스 이용조건을 행복한렌트몰에서 비교하고 차량별 견적과 지역별 상담 정보를 확인해보세요.","같은 차라도 조건은 다릅니다.비교하고 더 좋은 조건을 찾으세요."
"chungbuk\jecheon-si\덕산면\index.html","충북 제천시 덕산면 장기렌트·자동차리스 가격비교 | 행복한렌트몰","충북 제천시 덕산면 장기렌트와 자동차리스 이용조건을 행복한렌트몰에서 비교하고 차량별 견적과 지역별 상담 정보를 확인해보세요.","같은 차라도 조건은 다릅니다.비교하고 더 좋은 조건을 찾으세요."
"chungbuk\jecheon-si\동현동\index.html","충북 제천시 동현동 장기렌트·자동차리스 가격비교 | 행복한렌트몰","충북 제천시 동현동 장기렌트와 자동차리스 이용조건을 행복한렌트몰에서 비교하고 차량별 견적과 지역별 상담 정보를 확인해보세요.","같은 차라도 조건은 다릅니다.비교하고 더 좋은 조건을 찾으세요."
"chungbuk\jecheon-si\두학동\index.html","충북 제천시 두학동 장기렌트·자동차리스 가격비교 | 행복한렌트몰","충북 제천시 두학동 장기렌트와 자동차리스 이용조건을 행복한렌트몰에서 비교하고 차량별 견적과 지역별 상담 정보를 확인해보세요.","같은 차라도 조건은 다릅니다.비교하고 더 좋은 조건을 찾으세요."
"chungbuk\jecheon-si\명동\index.html","충북 제천시 명동 장기렌트·자동차리스 가격비교 | 행복한렌트몰","충북 제천시 명동 장기렌트와 자동차리스 이용조건을 행복한렌트몰에서 비교하고 차량별 견적과 지역별 상담 정보를 확인해보세요.","같은 차라도 조건은 다릅니다.비교하고 더 좋은 조건을 찾으세요."
"chungbuk\jecheon-si\명지동\index.html","충북 제천시 명지동 장기렌트·자동차리스 가격비교 | 행복한렌트몰","충북 제천시 명지동 장기렌트와 자동차리스 이용조건을 행복한렌트몰에서 비교하고 차량별 견적과 지역별 상담 정보를 확인해보세요.","같은 차라도 조건은 다릅니다.비교하고 더 좋은 조건을 찾으세요."
"chungbuk\jecheon-si\모산동\index.html","충북 제천시 모산동 장기렌트·자동차리스 가격비교 | 행복한렌트몰","충북 제천시 모산동 장기렌트와 자동차리스 이용조건을 행복한렌트몰에서 비교하고 차량별 견적과 지역별 상담 정보를 확인해보세요.","같은 차라도 조건은 다릅니다.비교하고 더 좋은 조건을 찾으세요."
"chungbuk\jecheon-si\백운면\index.html","충북 제천시 백운면 장기렌트·자동차리스 가격비교 | 행복한렌트몰","충북 제천시 백운면 장기렌트와 자동차리스 이용조건을 행복한렌트몰에서 비교하고 차량별 견적과 지역별 상담 정보를 확인해보세요.","같은 차라도 조건은 다릅니다.비교하고 더 좋은 조건을 찾으세요."
"chungbuk\jecheon-si\봉양읍\index.html","충북 제천시 봉양읍 장기렌트·자동차리스 가격비교 | 행복한렌트몰","충북 제천시 봉양읍 장기렌트와 자동차리스 이용조건을 행복한렌트몰에서 비교하고 차량별 견적과 지역별 상담 정보를 확인해보세요.","같은 차라도 조건은 다릅니다.비교하고 더 좋은 조건을 찾으세요."
"chungbuk\jecheon-si\산곡동\index.html","충북 제천시 산곡동 장기렌트·자동차리스 가격비교 | 행복한렌트몰","충북 제천시 산곡동 장기렌트와 자동차리스 이용조건을 행복한렌트몰에서 비교하고 차량별 견적과 지역별 상담 정보를 확인해보세요.","같은 차라도 조건은 다릅니다.비교하고 더 좋은 조건을 찾으세요."
"chungbuk\jecheon-si\서부동\index.html","충북 제천시 서부동 장기렌트·자동차리스 가격비교 | 행복한렌트몰","충북 제천시 서부동 장기렌트와 자동차리스 이용조건을 행복한렌트몰에서 비교하고 차량별 견적과 지역별 상담 정보를 확인해보세요.","같은 차라도 조건은 다릅니다.비교하고 더 좋은 조건을 찾으세요."
"chungbuk\jecheon-si\송학면\index.html","충북 제천시 송학면 장기렌트·자동차리스 가격비교 | 행복한렌트몰","충북 제천시 송학면 장기렌트와 자동차리스 이용조건을 행복한렌트몰에서 비교하고 차량별 견적과 지역별 상담 정보를 확인해보세요.","같은 차라도 조건은 다릅니다.비교하고 더 좋은 조건을 찾으세요."
"chungbuk\jecheon-si\수산면\index.html","충북 제천시 수산면 장기렌트·자동차리스 가격비교 | 행복한렌트몰","충북 제천시 수산면 장기렌트와 자동차리스 이용조건을 행복한렌트몰에서 비교하고 차량별 견적과 지역별 상담 정보를 확인해보세요.","같은 차라도 조건은 다릅니다.비교하고 더 좋은 조건을 찾으세요."
"chungbuk\jecheon-si\신동\index.html","충북 제천시 신동 장기렌트·자동차리스 가격비교 | 행복한렌트몰","충북 제천시 신동 장기렌트와 자동차리스 이용조건을 행복한렌트몰에서 비교하고 차량별 견적과 지역별 상담 정보를 확인해보세요.","같은 차라도 조건은 다릅니다.비교하고 더 좋은 조건을 찾으세요."
"chungbuk\jecheon-si\신백동\index.html","충북 제천시 신백동 장기렌트·자동차리스 가격비교 | 행복한렌트몰","충북 제천시 신백동 장기렌트와 자동차리스 이용조건을 행복한렌트몰에서 비교하고 차량별 견적과 지역별 상담 정보를 확인해보세요.","같은 차라도 조건은 다릅니다.비교하고 더 좋은 조건을 찾으세요."
"chungbuk\jecheon-si\신월동\index.html","충북 제천시 신월동 장기렌트·자동차리스 가격비교 | 행복한렌트몰","충북 제천시 신월동 장기렌트와 자동차리스 이용조건을 행복한렌트몰에서 비교하고 차량별 견적과 지역별 상담 정보를 확인해보세요.","같은 차라도 조건은 다릅니다.비교하고 더 좋은 조건을 찾으세요."
"chungbuk\jecheon-si\영천동\index.html","충북 제천시 영천동 장기렌트·자동차리스 가격비교 | 행복한렌트몰","충북 제천시 영천동 장기렌트와 자동차리스 이용조건을 행복한렌트몰에서 비교하고 차량별 견적과 지역별 상담 정보를 확인해보세요.","같은 차라도 조건은 다릅니다.비교하고 더 좋은 조건을 찾으세요."
"chungbuk\jecheon-si\왕암동\index.html","충북 제천시 왕암동 장기렌트·자동차리스 가격비교 | 행복한렌트몰","충북 제천시 왕암동 장기렌트와 자동차리스 이용조건을 행복한렌트몰에서 비교하고 차량별 견적과 지역별 상담 정보를 확인해보세요.","같은 차라도 조건은 다릅니다.비교하고 더 좋은 조건을 찾으세요."
"chungbuk\jecheon-si\의림동\index.html","충북 제천시 의림동 장기렌트·자동차리스 가격비교 | 행복한렌트몰","충북 제천시 의림동 장기렌트와 자동차리스 이용조건을 행복한렌트몰에서 비교하고 차량별 견적과 지역별 상담 정보를 확인해보세요.","같은 차라도 조건은 다릅니다.비교하고 더 좋은 조건을 찾으세요."
"chungbuk\jecheon-si\자작동\index.html","충북 제천시 자작동 장기렌트·자동차리스 가격비교 | 행복한렌트몰","충북 제천시 자작동 장기렌트와 자동차리스 이용조건을 행복한렌트몰에서 비교하고 차량별 견적과 지역별 상담 정보를 확인해보세요.","같은 차라도 조건은 다릅니다.비교하고 더 좋은 조건을 찾으세요."
"chungbuk\jecheon-si\장락동\index.html","충북 제천시 장락동 장기렌트·자동차리스 가격비교 | 행복한렌트몰","충북 제천시 장락동 장기렌트와 자동차리스 이용조건을 행복한렌트몰에서 비교하고 차량별 견적과 지역별 상담 정보를 확인해보세요.","같은 차라도 조건은 다릅니다.비교하고 더 좋은 조건을 찾으세요."
"chungbuk\jecheon-si\천남동\index.html","충북 제천시 천남동 장기렌트·자동차리스 가격비교 | 행복한렌트몰","충북 제천시 천남동 장기렌트와 자동차리스 이용조건을 행복한렌트몰에서 비교하고 차량별 견적과 지역별 상담 정보를 확인해보세요.","같은 차라도 조건은 다릅니다.비교하고 더 좋은 조건을 찾으세요."
"chungbuk\jecheon-si\청전동\index.html","충북 제천시 청전동 장기렌트·자동차리스 가격비교 | 행복한렌트몰","충북 제천시 청전동 장기렌트와 자동차리스 이용조건을 행복한렌트몰에서 비교하고 차량별 견적과 지역별 상담 정보를 확인해보세요.","같은 차라도 조건은 다릅니다.비교하고 더 좋은 조건을 찾으세요."
"chungbuk\jecheon-si\청풍면\index.html","충북 제천시 청풍면 장기렌트·자동차리스 가격비교 | 행복한렌트몰","충북 제천시 청풍면 장기렌트와 자동차리스 이용조건을 행복한렌트몰에서 비교하고 차량별 견적과 지역별 상담 정보를 확인해보세요.","같은 차라도 조건은 다릅니다.비교하고 더 좋은 조건을 찾으세요."
"chungbuk\jecheon-si\하소동\index.html","충북 제천시 하소동 장기렌트·자동차리스 가격비교 | 행복한렌트몰","충북 제천시 하소동 장기렌트와 자동차리스 이용조건을 행복한렌트몰에서 비교하고 차량별 견적과 지역별 상담 정보를 확인해보세요.","같은 차라도 조건은 다릅니다.비교하고 더 좋은 조건을 찾으세요."
"chungbuk\jecheon-si\한수면\index.html","충북 제천시 한수면 장기렌트·자동차리스 가격비교 | 행복한렌트몰","충북 제천시 한수면 장기렌트와 자동차리스 이용조건을 행복한렌트몰에서 비교하고 차량별 견적과 지역별 상담 정보를 확인해보세요.","같은 차라도 조건은 다릅니다.비교하고 더 좋은 조건을 찾으세요."
"chungbuk\jecheon-si\화산동\index.html","충북 제천시 화산동 장기렌트·자동차리스 가격비교 | 행복한렌트몰","충북 제천시 화산동 장기렌트와 자동차리스 이용조건을 행복한렌트몰에서 비교하고 차량별 견적과 지역별 상담 정보를 확인해보세요.","같은 차라도 조건은 다릅니다.비교하고 더 좋은 조건을 찾으세요."
"chungbuk\jecheon-si\흑석동\index.html","충북 제천시 흑석동 장기렌트·자동차리스 가격비교 | 행복한렌트몰","충북 제천시 흑석동 장기렌트와 자동차리스 이용조건을 행복한렌트몰에서 비교하고 차량별 견적과 지역별 상담 정보를 확인해보세요.","같은 차라도 조건은 다릅니다.비교하고 더 좋은 조건을 찾으세요."
"chungbuk\jeungpyeong-gun\index.html","충북 증평군 장기렌트·자동차리스 가격비교 | 행복한렌트몰","충북 증평군 장기렌트와 자동차리스 조건을 행복한렌트몰에서 비교하고 지역별 상담 정보를 확인해보세요.","같은 차라도 조건은 다릅니다.비교하고 더 좋은 조건을 찾으세요."
"chungbuk\jeungpyeong-gun\도안면\index.html","충북 증평군 도안면 장기렌트·자동차리스 가격비교 | 행복한렌트몰","충북 증평군 도안면 장기렌트와 자동차리스 이용조건을 행복한렌트몰에서 비교하고 차량별 견적과 지역별 상담 정보를 확인해보세요.","같은 차라도 조건은 다릅니다.비교하고 더 좋은 조건을 찾으세요."
"chungbuk\jeungpyeong-gun\증평읍\index.html","충북 증평군 증평읍 장기렌트·자동차리스 가격비교 | 행복한렌트몰","충북 증평군 증평읍 장기렌트와 자동차리스 이용조건을 행복한렌트몰에서 비교하고 차량별 견적과 지역별 상담 정보를 확인해보세요.","같은 차라도 조건은 다릅니다.비교하고 더 좋은 조건을 찾으세요."
"chungbuk\jincheon-gun\index.html","충북 진천군 장기렌트·자동차리스 가격비교 | 행복한렌트몰","충북 진천군 장기렌트와 자동차리스 조건을 행복한렌트몰에서 비교하고 지역별 상담 정보를 확인해보세요.","같은 차라도 조건은 다릅니다.비교하고 더 좋은 조건을 찾으세요."
"chungbuk\jincheon-gun\광혜원면\index.html","충북 진천군 광혜원면 장기렌트·자동차리스 가격비교 | 행복한렌트몰","충북 진천군 광혜원면 장기렌트와 자동차리스 이용조건을 행복한렌트몰에서 비교하고 차량별 견적과 지역별 상담 정보를 확인해보세요.","같은 차라도 조건은 다릅니다.비교하고 더 좋은 조건을 찾으세요."
"chungbuk\jincheon-gun\덕산읍\index.html","충북 진천군 덕산읍 장기렌트·자동차리스 가격비교 | 행복한렌트몰","충북 진천군 덕산읍 장기렌트와 자동차리스 이용조건을 행복한렌트몰에서 비교하고 차량별 견적과 지역별 상담 정보를 확인해보세요.","같은 차라도 조건은 다릅니다.비교하고 더 좋은 조건을 찾으세요."
"chungbuk\jincheon-gun\문백면\index.html","충북 진천군 문백면 장기렌트·자동차리스 가격비교 | 행복한렌트몰","충북 진천군 문백면 장기렌트와 자동차리스 이용조건을 행복한렌트몰에서 비교하고 차량별 견적과 지역별 상담 정보를 확인해보세요.","같은 차라도 조건은 다릅니다.비교하고 더 좋은 조건을 찾으세요."
"chungbuk\jincheon-gun\백곡면\index.html","충북 진천군 백곡면 장기렌트·자동차리스 가격비교 | 행복한렌트몰","충북 진천군 백곡면 장기렌트와 자동차리스 이용조건을 행복한렌트몰에서 비교하고 차량별 견적과 지역별 상담 정보를 확인해보세요.","같은 차라도 조건은 다릅니다.비교하고 더 좋은 조건을 찾으세요."
"chungbuk\jincheon-gun\이월면\index.html","충북 진천군 이월면 장기렌트·자동차리스 가격비교 | 행복한렌트몰","충북 진천군 이월면 장기렌트와 자동차리스 이용조건을 행복한렌트몰에서 비교하고 차량별 견적과 지역별 상담 정보를 확인해보세요.","같은 차라도 조건은 다릅니다.비교하고 더 좋은 조건을 찾으세요."
"chungbuk\jincheon-gun\진천읍\index.html","충북 진천군 진천읍 장기렌트·자동차리스 가격비교 | 행복한렌트몰","충북 진천군 진천읍 장기렌트와 자동차리스 이용조건을 행복한렌트몰에서 비교하고 차량별 견적과 지역별 상담 정보를 확인해보세요.","같은 차라도 조건은 다릅니다.비교하고 더 좋은 조건을 찾으세요."
"chungbuk\jincheon-gun\초평면\index.html","충북 진천군 초평면 장기렌트·자동차리스 가격비교 | 행복한렌트몰","충북 진천군 초평면 장기렌트와 자동차리스 이용조건을 행복한렌트몰에서 비교하고 차량별 견적과 지역별 상담 정보를 확인해보세요.","같은 차라도 조건은 다릅니다.비교하고 더 좋은 조건을 찾으세요."
"chungbuk\okcheon-gun\index.html","충북 옥천군 장기렌트·자동차리스 가격비교 | 행복한렌트몰","충북 옥천군 장기렌트와 자동차리스 조건을 행복한렌트몰에서 비교하고 지역별 상담 정보를 확인해보세요.","같은 차라도 조건은 다릅니다.비교하고 더 좋은 조건을 찾으세요."
"chungbuk\okcheon-gun\군북면\index.html","충북 옥천군 군북면 장기렌트·자동차리스 가격비교 | 행복한렌트몰","충북 옥천군 군북면 장기렌트와 자동차리스 이용조건을 행복한렌트몰에서 비교하고 차량별 견적과 지역별 상담 정보를 확인해보세요.","같은 차라도 조건은 다릅니다.비교하고 더 좋은 조건을 찾으세요."
"chungbuk\okcheon-gun\군서면\index.html","충북 옥천군 군서면 장기렌트·자동차리스 가격비교 | 행복한렌트몰","충북 옥천군 군서면 장기렌트와 자동차리스 이용조건을 행복한렌트몰에서 비교하고 차량별 견적과 지역별 상담 정보를 확인해보세요.","같은 차라도 조건은 다릅니다.비교하고 더 좋은 조건을 찾으세요."
"chungbuk\okcheon-gun\동이면\index.html","충북 옥천군 동이면 장기렌트·자동차리스 가격비교 | 행복한렌트몰","충북 옥천군 동이면 장기렌트와 자동차리스 이용조건을 행복한렌트몰에서 비교하고 차량별 견적과 지역별 상담 정보를 확인해보세요.","같은 차라도 조건은 다릅니다.비교하고 더 좋은 조건을 찾으세요."
"chungbuk\okcheon-gun\안남면\index.html","충북 옥천군 안남면 장기렌트·자동차리스 가격비교 | 행복한렌트몰","충북 옥천군 안남면 장기렌트와 자동차리스 이용조건을 행복한렌트몰에서 비교하고 차량별 견적과 지역별 상담 정보를 확인해보세요.","같은 차라도 조건은 다릅니다.비교하고 더 좋은 조건을 찾으세요."
"chungbuk\okcheon-gun\안내면\index.html","충북 옥천군 안내면 장기렌트·자동차리스 가격비교 | 행복한렌트몰","충북 옥천군 안내면 장기렌트와 자동차리스 이용조건을 행복한렌트몰에서 비교하고 차량별 견적과 지역별 상담 정보를 확인해보세요.","같은 차라도 조건은 다릅니다.비교하고 더 좋은 조건을 찾으세요."
"chungbuk\okcheon-gun\옥천읍\index.html","충북 옥천군 옥천읍 장기렌트·자동차리스 가격비교 | 행복한렌트몰","충북 옥천군 옥천읍 장기렌트와 자동차리스 이용조건을 행복한렌트몰에서 비교하고 차량별 견적과 지역별 상담 정보를 확인해보세요.","같은 차라도 조건은 다릅니다.비교하고 더 좋은 조건을 찾으세요."
"chungbuk\okcheon-gun\이원면\index.html","충북 옥천군 이원면 장기렌트·자동차리스 가격비교 | 행복한렌트몰","충북 옥천군 이원면 장기렌트와 자동차리스 이용조건을 행복한렌트몰에서 비교하고 차량별 견적과 지역별 상담 정보를 확인해보세요.","같은 차라도 조건은 다릅니다.비교하고 더 좋은 조건을 찾으세요."
"chungbuk\okcheon-gun\청산면\index.html","충북 옥천군 청산면 장기렌트·자동차리스 가격비교 | 행복한렌트몰","충북 옥천군 청산면 장기렌트와 자동차리스 이용조건을 행복한렌트몰에서 비교하고 차량별 견적과 지역별 상담 정보를 확인해보세요.","같은 차라도 조건은 다릅니다.비교하고 더 좋은 조건을 찾으세요."
"chungbuk\okcheon-gun\청성면\index.html","충북 옥천군 청성면 장기렌트·자동차리스 가격비교 | 행복한렌트몰","충북 옥천군 청성면 장기렌트와 자동차리스 이용조건을 행복한렌트몰에서 비교하고 차량별 견적과 지역별 상담 정보를 확인해보세요.","같은 차라도 조건은 다릅니다.비교하고 더 좋은 조건을 찾으세요."
"chungbuk\yeongdong-gun\index.html","충북 영동군 장기렌트·자동차리스 가격비교 | 행복한렌트몰","충북 영동군 장기렌트와 자동차리스 조건을 행복한렌트몰에서 비교하고 지역별 상담 정보를 확인해보세요.","같은 차라도 조건은 다릅니다.비교하고 더 좋은 조건을 찾으세요."
"chungbuk\yeongdong-gun\매곡면\index.html","충북 영동군 매곡면 장기렌트·자동차리스 가격비교 | 행복한렌트몰","충북 영동군 매곡면 장기렌트와 자동차리스 이용조건을 행복한렌트몰에서 비교하고 차량별 견적과 지역별 상담 정보를 확인해보세요.","같은 차라도 조건은 다릅니다.비교하고 더 좋은 조건을 찾으세요."
"chungbuk\yeongdong-gun\상촌면\index.html","충북 영동군 상촌면 장기렌트·자동차리스 가격비교 | 행복한렌트몰","충북 영동군 상촌면 장기렌트와 자동차리스 이용조건을 행복한렌트몰에서 비교하고 차량별 견적과 지역별 상담 정보를 확인해보세요.","같은 차라도 조건은 다릅니다.비교하고 더 좋은 조건을 찾으세요."
"chungbuk\yeongdong-gun\심천면\index.html","충북 영동군 심천면 장기렌트·자동차리스 가격비교 | 행복한렌트몰","충북 영동군 심천면 장기렌트와 자동차리스 이용조건을 행복한렌트몰에서 비교하고 차량별 견적과 지역별 상담 정보를 확인해보세요.","같은 차라도 조건은 다릅니다.비교하고 더 좋은 조건을 찾으세요."
"chungbuk\yeongdong-gun\양강면\index.html","충북 영동군 양강면 장기렌트·자동차리스 가격비교 | 행복한렌트몰","충북 영동군 양강면 장기렌트와 자동차리스 이용조건을 행복한렌트몰에서 비교하고 차량별 견적과 지역별 상담 정보를 확인해보세요.","같은 차라도 조건은 다릅니다.비교하고 더 좋은 조건을 찾으세요."
"chungbuk\yeongdong-gun\양산면\index.html","충북 영동군 양산면 장기렌트·자동차리스 가격비교 | 행복한렌트몰","충북 영동군 양산면 장기렌트와 자동차리스 이용조건을 행복한렌트몰에서 비교하고 차량별 견적과 지역별 상담 정보를 확인해보세요.","같은 차라도 조건은 다릅니다.비교하고 더 좋은 조건을 찾으세요."
"chungbuk\yeongdong-gun\영동읍\index.html","충북 영동군 영동읍 장기렌트·자동차리스 가격비교 | 행복한렌트몰","충북 영동군 영동읍 장기렌트와 자동차리스 이용조건을 행복한렌트몰에서 비교하고 차량별 견적과 지역별 상담 정보를 확인해보세요.","같은 차라도 조건은 다릅니다.비교하고 더 좋은 조건을 찾으세요."
"chungbuk\yeongdong-gun\용산면\index.html","충북 영동군 용산면 장기렌트·자동차리스 가격비교 | 행복한렌트몰","충북 영동군 용산면 장기렌트와 자동차리스 이용조건을 행복한렌트몰에서 비교하고 차량별 견적과 지역별 상담 정보를 확인해보세요.","같은 차라도 조건은 다릅니다.비교하고 더 좋은 조건을 찾으세요."
"chungbuk\yeongdong-gun\용화면\index.html","충북 영동군 용화면 장기렌트·자동차리스 가격비교 | 행복한렌트몰","충북 영동군 용화면 장기렌트와 자동차리스 이용조건을 행복한렌트몰에서 비교하고 차량별 견적과 지역별 상담 정보를 확인해보세요.","같은 차라도 조건은 다릅니다.비교하고 더 좋은 조건을 찾으세요."
"chungbuk\yeongdong-gun\추풍령면\index.html","충북 영동군 추풍령면 장기렌트·자동차리스 가격비교 | 행복한렌트몰","충북 영동군 추풍령면 장기렌트와 자동차리스 이용조건을 행복한렌트몰에서 비교하고 차량별 견적과 지역별 상담 정보를 확인해보세요.","같은 차라도 조건은 다릅니다.비교하고 더 좋은 조건을 찾으세요."
"chungbuk\yeongdong-gun\학산면\index.html","충북 영동군 학산면 장기렌트·자동차리스 가격비교 | 행복한렌트몰","충북 영동군 학산면 장기렌트와 자동차리스 이용조건을 행복한렌트몰에서 비교하고 차량별 견적과 지역별 상담 정보를 확인해보세요.","같은 차라도 조건은 다릅니다.비교하고 더 좋은 조건을 찾으세요."
"chungbuk\yeongdong-gun\황간면\index.html","충북 영동군 황간면 장기렌트·자동차리스 가격비교 | 행복한렌트몰","충북 영동군 황간면 장기렌트와 자동차리스 이용조건을 행복한렌트몰에서 비교하고 차량별 견적과 지역별 상담 정보를 확인해보세요.","같은 차라도 조건은 다릅니다.비교하고 더 좋은 조건을 찾으세요."
"chungnam\index.html","충남 장기렌트·자동차리스 가격비교 | 행복한렌트몰","충남 지역 장기렌트와 자동차리스 조건을 행복한렌트몰에서 비교하고 지역별 바로상담 정보를 확인해보세요.","같은 차라도 조건은 다릅니다.비교하고 더 좋은 조건을 찾으세요."
"chungnam\asan-si\index.html","충남 아산시 장기렌트·자동차리스 가격비교 | 행복한렌트몰","충남 아산시 장기렌트와 자동차리스 조건을 행복한렌트몰에서 비교하고 지역별 상담 정보를 확인해보세요.","같은 차라도 조건은 다릅니다.비교하고 더 좋은 조건을 찾으세요."
"chungnam\asan-si\권곡동\index.html","충남 아산시 권곡동 장기렌트·자동차리스 가격비교 | 행복한렌트몰","충남 아산시 권곡동 장기렌트와 자동차리스 이용조건을 행복한렌트몰에서 비교하고 차량별 견적과 지역별 상담 정보를 확인해보세요.","같은 차라도 조건은 다릅니다.비교하고 더 좋은 조건을 찾으세요."
"chungnam\asan-si\기산동\index.html","충남 아산시 기산동 장기렌트·자동차리스 가격비교 | 행복한렌트몰","충남 아산시 기산동 장기렌트와 자동차리스 이용조건을 행복한렌트몰에서 비교하고 차량별 견적과 지역별 상담 정보를 확인해보세요.","같은 차라도 조건은 다릅니다.비교하고 더 좋은 조건을 찾으세요."
"chungnam\asan-si\남동\index.html","충남 아산시 남동 장기렌트·자동차리스 가격비교 | 행복한렌트몰","충남 아산시 남동 장기렌트와 자동차리스 이용조건을 행복한렌트몰에서 비교하고 차량별 견적과 지역별 상담 정보를 확인해보세요.","같은 차라도 조건은 다릅니다.비교하고 더 좋은 조건을 찾으세요."
"chungnam\asan-si\도고면\index.html","충남 아산시 도고면 장기렌트·자동차리스 가격비교 | 행복한렌트몰","충남 아산시 도고면 장기렌트와 자동차리스 이용조건을 행복한렌트몰에서 비교하고 차량별 견적과 지역별 상담 정보를 확인해보세요.","같은 차라도 조건은 다릅니다.비교하고 더 좋은 조건을 찾으세요."
"chungnam\asan-si\둔포면\index.html","충남 아산시 둔포면 장기렌트·자동차리스 가격비교 | 행복한렌트몰","충남 아산시 둔포면 장기렌트와 자동차리스 이용조건을 행복한렌트몰에서 비교하고 차량별 견적과 지역별 상담 정보를 확인해보세요.","같은 차라도 조건은 다릅니다.비교하고 더 좋은 조건을 찾으세요."
"chungnam\asan-si\득산동\index.html","충남 아산시 득산동 장기렌트·자동차리스 가격비교 | 행복한렌트몰","충남 아산시 득산동 장기렌트와 자동차리스 이용조건을 행복한렌트몰에서 비교하고 차량별 견적과 지역별 상담 정보를 확인해보세요.","같은 차라도 조건은 다릅니다.비교하고 더 좋은 조건을 찾으세요."
"chungnam\asan-si\모종동\index.html","충남 아산시 모종동 장기렌트·자동차리스 가격비교 | 행복한렌트몰","충남 아산시 모종동 장기렌트와 자동차리스 이용조건을 행복한렌트몰에서 비교하고 차량별 견적과 지역별 상담 정보를 확인해보세요.","같은 차라도 조건은 다릅니다.비교하고 더 좋은 조건을 찾으세요."
"chungnam\asan-si\방축동\index.html","충남 아산시 방축동 장기렌트·자동차리스 가격비교 | 행복한렌트몰","충남 아산시 방축동 장기렌트와 자동차리스 이용조건을 행복한렌트몰에서 비교하고 차량별 견적과 지역별 상담 정보를 확인해보세요.","같은 차라도 조건은 다릅니다.비교하고 더 좋은 조건을 찾으세요."
"chungnam\asan-si\배미동\index.html","충남 아산시 배미동 장기렌트·자동차리스 가격비교 | 행복한렌트몰","충남 아산시 배미동 장기렌트와 자동차리스 이용조건을 행복한렌트몰에서 비교하고 차량별 견적과 지역별 상담 정보를 확인해보세요.","같은 차라도 조건은 다릅니다.비교하고 더 좋은 조건을 찾으세요."
"chungnam\asan-si\배방읍\index.html","충남 아산시 배방읍 장기렌트·자동차리스 가격비교 | 행복한렌트몰","충남 아산시 배방읍 장기렌트와 자동차리스 이용조건을 행복한렌트몰에서 비교하고 차량별 견적과 지역별 상담 정보를 확인해보세요.","같은 차라도 조건은 다릅니다.비교하고 더 좋은 조건을 찾으세요."
"chungnam\asan-si\법곡동\index.html","충남 아산시 법곡동 장기렌트·자동차리스 가격비교 | 행복한렌트몰","충남 아산시 법곡동 장기렌트와 자동차리스 이용조건을 행복한렌트몰에서 비교하고 차량별 견적과 지역별 상담 정보를 확인해보세요.","같은 차라도 조건은 다릅니다.비교하고 더 좋은 조건을 찾으세요."
"chungnam\asan-si\선장면\index.html","충남 아산시 선장면 장기렌트·자동차리스 가격비교 | 행복한렌트몰","충남 아산시 선장면 장기렌트와 자동차리스 이용조건을 행복한렌트몰에서 비교하고 차량별 견적과 지역별 상담 정보를 확인해보세요.","같은 차라도 조건은 다릅니다.비교하고 더 좋은 조건을 찾으세요."
"chungnam\asan-si\송악면\index.html","충남 아산시 송악면 장기렌트·자동차리스 가격비교 | 행복한렌트몰","충남 아산시 송악면 장기렌트와 자동차리스 이용조건을 행복한렌트몰에서 비교하고 차량별 견적과 지역별 상담 정보를 확인해보세요.","같은 차라도 조건은 다릅니다.비교하고 더 좋은 조건을 찾으세요."
"chungnam\asan-si\신동\index.html","충남 아산시 신동 장기렌트·자동차리스 가격비교 | 행복한렌트몰","충남 아산시 신동 장기렌트와 자동차리스 이용조건을 행복한렌트몰에서 비교하고 차량별 견적과 지역별 상담 정보를 확인해보세요.","같은 차라도 조건은 다릅니다.비교하고 더 좋은 조건을 찾으세요."
"chungnam\asan-si\신인동\index.html","충남 아산시 신인동 장기렌트·자동차리스 가격비교 | 행복한렌트몰","충남 아산시 신인동 장기렌트와 자동차리스 이용조건을 행복한렌트몰에서 비교하고 차량별 견적과 지역별 상담 정보를 확인해보세요.","같은 차라도 조건은 다릅니다.비교하고 더 좋은 조건을 찾으세요."
"chungnam\asan-si\신창면\index.html","충남 아산시 신창면 장기렌트·자동차리스 가격비교 | 행복한렌트몰","충남 아산시 신창면 장기렌트와 자동차리스 이용조건을 행복한렌트몰에서 비교하고 차량별 견적과 지역별 상담 정보를 확인해보세요.","같은 차라도 조건은 다릅니다.비교하고 더 좋은 조건을 찾으세요."
"chungnam\asan-si\실옥동\index.html","충남 아산시 실옥동 장기렌트·자동차리스 가격비교 | 행복한렌트몰","충남 아산시 실옥동 장기렌트와 자동차리스 이용조건을 행복한렌트몰에서 비교하고 차량별 견적과 지역별 상담 정보를 확인해보세요.","같은 차라도 조건은 다릅니다.비교하고 더 좋은 조건을 찾으세요."
"chungnam\asan-si\염치읍\index.html","충남 아산시 염치읍 장기렌트·자동차리스 가격비교 | 행복한렌트몰","충남 아산시 염치읍 장기렌트와 자동차리스 이용조건을 행복한렌트몰에서 비교하고 차량별 견적과 지역별 상담 정보를 확인해보세요.","같은 차라도 조건은 다릅니다.비교하고 더 좋은 조건을 찾으세요."
"chungnam\asan-si\영인면\index.html","충남 아산시 영인면 장기렌트·자동차리스 가격비교 | 행복한렌트몰","충남 아산시 영인면 장기렌트와 자동차리스 이용조건을 행복한렌트몰에서 비교하고 차량별 견적과 지역별 상담 정보를 확인해보세요.","같은 차라도 조건은 다릅니다.비교하고 더 좋은 조건을 찾으세요."
"chungnam\asan-si\온천동\index.html","충남 아산시 온천동 장기렌트·자동차리스 가격비교 | 행복한렌트몰","충남 아산시 온천동 장기렌트와 자동차리스 이용조건을 행복한렌트몰에서 비교하고 차량별 견적과 지역별 상담 정보를 확인해보세요.","같은 차라도 조건은 다릅니다.비교하고 더 좋은 조건을 찾으세요."
"chungnam\asan-si\용화동\index.html","충남 아산시 용화동 장기렌트·자동차리스 가격비교 | 행복한렌트몰","충남 아산시 용화동 장기렌트와 자동차리스 이용조건을 행복한렌트몰에서 비교하고 차량별 견적과 지역별 상담 정보를 확인해보세요.","같은 차라도 조건은 다릅니다.비교하고 더 좋은 조건을 찾으세요."
"chungnam\asan-si\음봉면\index.html","충남 아산시 음봉면 장기렌트·자동차리스 가격비교 | 행복한렌트몰","충남 아산시 음봉면 장기렌트와 자동차리스 이용조건을 행복한렌트몰에서 비교하고 차량별 견적과 지역별 상담 정보를 확인해보세요.","같은 차라도 조건은 다릅니다.비교하고 더 좋은 조건을 찾으세요."
"chungnam\asan-si\읍내동\index.html","충남 아산시 읍내동 장기렌트·자동차리스 가격비교 | 행복한렌트몰","충남 아산시 읍내동 장기렌트와 자동차리스 이용조건을 행복한렌트몰에서 비교하고 차량별 견적과 지역별 상담 정보를 확인해보세요.","같은 차라도 조건은 다릅니다.비교하고 더 좋은 조건을 찾으세요."
"chungnam\asan-si\인주면\index.html","충남 아산시 인주면 장기렌트·자동차리스 가격비교 | 행복한렌트몰","충남 아산시 인주면 장기렌트와 자동차리스 이용조건을 행복한렌트몰에서 비교하고 차량별 견적과 지역별 상담 정보를 확인해보세요.","같은 차라도 조건은 다릅니다.비교하고 더 좋은 조건을 찾으세요."
"chungnam\asan-si\장존동\index.html","충남 아산시 장존동 장기렌트·자동차리스 가격비교 | 행복한렌트몰","충남 아산시 장존동 장기렌트와 자동차리스 이용조건을 행복한렌트몰에서 비교하고 차량별 견적과 지역별 상담 정보를 확인해보세요.","같은 차라도 조건은 다릅니다.비교하고 더 좋은 조건을 찾으세요."
"chungnam\asan-si\점양동\index.html","충남 아산시 점양동 장기렌트·자동차리스 가격비교 | 행복한렌트몰","충남 아산시 점양동 장기렌트와 자동차리스 이용조건을 행복한렌트몰에서 비교하고 차량별 견적과 지역별 상담 정보를 확인해보세요.","같은 차라도 조건은 다릅니다.비교하고 더 좋은 조건을 찾으세요."
"chungnam\asan-si\좌부동\index.html","충남 아산시 좌부동 장기렌트·자동차리스 가격비교 | 행복한렌트몰","충남 아산시 좌부동 장기렌트와 자동차리스 이용조건을 행복한렌트몰에서 비교하고 차량별 견적과 지역별 상담 정보를 확인해보세요.","같은 차라도 조건은 다릅니다.비교하고 더 좋은 조건을 찾으세요."
"chungnam\asan-si\초사동\index.html","충남 아산시 초사동 장기렌트·자동차리스 가격비교 | 행복한렌트몰","충남 아산시 초사동 장기렌트와 자동차리스 이용조건을 행복한렌트몰에서 비교하고 차량별 견적과 지역별 상담 정보를 확인해보세요.","같은 차라도 조건은 다릅니다.비교하고 더 좋은 조건을 찾으세요."
"chungnam\asan-si\탕정면\index.html","충남 아산시 탕정면 장기렌트·자동차리스 가격비교 | 행복한렌트몰","충남 아산시 탕정면 장기렌트와 자동차리스 이용조건을 행복한렌트몰에서 비교하고 차량별 견적과 지역별 상담 정보를 확인해보세요.","같은 차라도 조건은 다릅니다.비교하고 더 좋은 조건을 찾으세요."
"chungnam\asan-si\풍기동\index.html","충남 아산시 풍기동 장기렌트·자동차리스 가격비교 | 행복한렌트몰","충남 아산시 풍기동 장기렌트와 자동차리스 이용조건을 행복한렌트몰에서 비교하고 차량별 견적과 지역별 상담 정보를 확인해보세요.","같은 차라도 조건은 다릅니다.비교하고 더 좋은 조건을 찾으세요."
"chungnam\boryeong-si\index.html","충남 보령시 장기렌트·자동차리스 가격비교 | 행복한렌트몰","충남 보령시 장기렌트와 자동차리스 조건을 행복한렌트몰에서 비교하고 지역별 상담 정보를 확인해보세요.","같은 차라도 조건은 다릅니다.비교하고 더 좋은 조건을 찾으세요."
"chungnam\boryeong-si\궁촌동\index.html","충남 보령시 궁촌동 장기렌트·자동차리스 가격비교 | 행복한렌트몰","충남 보령시 궁촌동 장기렌트와 자동차리스 이용조건을 행복한렌트몰에서 비교하고 차량별 견적과 지역별 상담 정보를 확인해보세요.","같은 차라도 조건은 다릅니다.비교하고 더 좋은 조건을 찾으세요."
"chungnam\boryeong-si\남곡동\index.html","충남 보령시 남곡동 장기렌트·자동차리스 가격비교 | 행복한렌트몰","충남 보령시 남곡동 장기렌트와 자동차리스 이용조건을 행복한렌트몰에서 비교하고 차량별 견적과 지역별 상담 정보를 확인해보세요.","같은 차라도 조건은 다릅니다.비교하고 더 좋은 조건을 찾으세요."
"chungnam\boryeong-si\남포면\index.html","충남 보령시 남포면 장기렌트·자동차리스 가격비교 | 행복한렌트몰","충남 보령시 남포면 장기렌트와 자동차리스 이용조건을 행복한렌트몰에서 비교하고 차량별 견적과 지역별 상담 정보를 확인해보세요.","같은 차라도 조건은 다릅니다.비교하고 더 좋은 조건을 찾으세요."
"chungnam\boryeong-si\내항동\index.html","충남 보령시 내항동 장기렌트·자동차리스 가격비교 | 행복한렌트몰","충남 보령시 내항동 장기렌트와 자동차리스 이용조건을 행복한렌트몰에서 비교하고 차량별 견적과 지역별 상담 정보를 확인해보세요.","같은 차라도 조건은 다릅니다.비교하고 더 좋은 조건을 찾으세요."
"chungnam\boryeong-si\대천동\index.html","충남 보령시 대천동 장기렌트·자동차리스 가격비교 | 행복한렌트몰","충남 보령시 대천동 장기렌트와 자동차리스 이용조건을 행복한렌트몰에서 비교하고 차량별 견적과 지역별 상담 정보를 확인해보세요.","같은 차라도 조건은 다릅니다.비교하고 더 좋은 조건을 찾으세요."
"chungnam\boryeong-si\동대동\index.html","충남 보령시 동대동 장기렌트·자동차리스 가격비교 | 행복한렌트몰","충남 보령시 동대동 장기렌트와 자동차리스 이용조건을 행복한렌트몰에서 비교하고 차량별 견적과 지역별 상담 정보를 확인해보세요.","같은 차라도 조건은 다릅니다.비교하고 더 좋은 조건을 찾으세요."
"chungnam\boryeong-si\명천동\index.html","충남 보령시 명천동 장기렌트·자동차리스 가격비교 | 행복한렌트몰","충남 보령시 명천동 장기렌트와 자동차리스 이용조건을 행복한렌트몰에서 비교하고 차량별 견적과 지역별 상담 정보를 확인해보세요.","같은 차라도 조건은 다릅니다.비교하고 더 좋은 조건을 찾으세요."
"chungnam\boryeong-si\미산면\index.html","충남 보령시 미산면 장기렌트·자동차리스 가격비교 | 행복한렌트몰","충남 보령시 미산면 장기렌트와 자동차리스 이용조건을 행복한렌트몰에서 비교하고 차량별 견적과 지역별 상담 정보를 확인해보세요.","같은 차라도 조건은 다릅니다.비교하고 더 좋은 조건을 찾으세요."
"chungnam\boryeong-si\성주면\index.html","충남 보령시 성주면 장기렌트·자동차리스 가격비교 | 행복한렌트몰","충남 보령시 성주면 장기렌트와 자동차리스 이용조건을 행복한렌트몰에서 비교하고 차량별 견적과 지역별 상담 정보를 확인해보세요.","같은 차라도 조건은 다릅니다.비교하고 더 좋은 조건을 찾으세요."
"chungnam\boryeong-si\신흑동\index.html","충남 보령시 신흑동 장기렌트·자동차리스 가격비교 | 행복한렌트몰","충남 보령시 신흑동 장기렌트와 자동차리스 이용조건을 행복한렌트몰에서 비교하고 차량별 견적과 지역별 상담 정보를 확인해보세요.","같은 차라도 조건은 다릅니다.비교하고 더 좋은 조건을 찾으세요."
"chungnam\boryeong-si\오천면\index.html","충남 보령시 오천면 장기렌트·자동차리스 가격비교 | 행복한렌트몰","충남 보령시 오천면 장기렌트와 자동차리스 이용조건을 행복한렌트몰에서 비교하고 차량별 견적과 지역별 상담 정보를 확인해보세요.","같은 차라도 조건은 다릅니다.비교하고 더 좋은 조건을 찾으세요."
"chungnam\boryeong-si\요암동\index.html","충남 보령시 요암동 장기렌트·자동차리스 가격비교 | 행복한렌트몰","충남 보령시 요암동 장기렌트와 자동차리스 이용조건을 행복한렌트몰에서 비교하고 차량별 견적과 지역별 상담 정보를 확인해보세요.","같은 차라도 조건은 다릅니다.비교하고 더 좋은 조건을 찾으세요."
"chungnam\boryeong-si\웅천읍\index.html","충남 보령시 웅천읍 장기렌트·자동차리스 가격비교 | 행복한렌트몰","충남 보령시 웅천읍 장기렌트와 자동차리스 이용조건을 행복한렌트몰에서 비교하고 차량별 견적과 지역별 상담 정보를 확인해보세요.","같은 차라도 조건은 다릅니다.비교하고 더 좋은 조건을 찾으세요."
"chungnam\boryeong-si\주교면\index.html","충남 보령시 주교면 장기렌트·자동차리스 가격비교 | 행복한렌트몰","충남 보령시 주교면 장기렌트와 자동차리스 이용조건을 행복한렌트몰에서 비교하고 차량별 견적과 지역별 상담 정보를 확인해보세요.","같은 차라도 조건은 다릅니다.비교하고 더 좋은 조건을 찾으세요."
"chungnam\boryeong-si\주산면\index.html","충남 보령시 주산면 장기렌트·자동차리스 가격비교 | 행복한렌트몰","충남 보령시 주산면 장기렌트와 자동차리스 이용조건을 행복한렌트몰에서 비교하고 차량별 견적과 지역별 상담 정보를 확인해보세요.","같은 차라도 조건은 다릅니다.비교하고 더 좋은 조건을 찾으세요."
"chungnam\boryeong-si\주포면\index.html","충남 보령시 주포면 장기렌트·자동차리스 가격비교 | 행복한렌트몰","충남 보령시 주포면 장기렌트와 자동차리스 이용조건을 행복한렌트몰에서 비교하고 차량별 견적과 지역별 상담 정보를 확인해보세요.","같은 차라도 조건은 다릅니다.비교하고 더 좋은 조건을 찾으세요."
"chungnam\boryeong-si\죽정동\index.html","충남 보령시 죽정동 장기렌트·자동차리스 가격비교 | 행복한렌트몰","충남 보령시 죽정동 장기렌트와 자동차리스 이용조건을 행복한렌트몰에서 비교하고 차량별 견적과 지역별 상담 정보를 확인해보세요.","같은 차라도 조건은 다릅니다.비교하고 더 좋은 조건을 찾으세요."
"chungnam\boryeong-si\천북면\index.html","충남 보령시 천북면 장기렌트·자동차리스 가격비교 | 행복한렌트몰","충남 보령시 천북면 장기렌트와 자동차리스 이용조건을 행복한렌트몰에서 비교하고 차량별 견적과 지역별 상담 정보를 확인해보세요.","같은 차라도 조건은 다릅니다.비교하고 더 좋은 조건을 찾으세요."
"chungnam\boryeong-si\청라면\index.html","충남 보령시 청라면 장기렌트·자동차리스 가격비교 | 행복한렌트몰","충남 보령시 청라면 장기렌트와 자동차리스 이용조건을 행복한렌트몰에서 비교하고 차량별 견적과 지역별 상담 정보를 확인해보세요.","같은 차라도 조건은 다릅니다.비교하고 더 좋은 조건을 찾으세요."
"chungnam\boryeong-si\청소면\index.html","충남 보령시 청소면 장기렌트·자동차리스 가격비교 | 행복한렌트몰","충남 보령시 청소면 장기렌트와 자동차리스 이용조건을 행복한렌트몰에서 비교하고 차량별 견적과 지역별 상담 정보를 확인해보세요.","같은 차라도 조건은 다릅니다.비교하고 더 좋은 조건을 찾으세요."
"chungnam\boryeong-si\화산동\index.html","충남 보령시 화산동 장기렌트·자동차리스 가격비교 | 행복한렌트몰","충남 보령시 화산동 장기렌트와 자동차리스 이용조건을 행복한렌트몰에서 비교하고 차량별 견적과 지역별 상담 정보를 확인해보세요.","같은 차라도 조건은 다릅니다.비교하고 더 좋은 조건을 찾으세요."
"chungnam\buyeo-gun\index.html","충남 부여군 장기렌트·자동차리스 가격비교 | 행복한렌트몰","충남 부여군 장기렌트와 자동차리스 조건을 행복한렌트몰에서 비교하고 지역별 상담 정보를 확인해보세요.","같은 차라도 조건은 다릅니다.비교하고 더 좋은 조건을 찾으세요."
"chungnam\buyeo-gun\구룡면\index.html","충남 부여군 구룡면 장기렌트·자동차리스 가격비교 | 행복한렌트몰","충남 부여군 구룡면 장기렌트와 자동차리스 이용조건을 행복한렌트몰에서 비교하고 차량별 견적과 지역별 상담 정보를 확인해보세요.","같은 차라도 조건은 다릅니다.비교하고 더 좋은 조건을 찾으세요."
"chungnam\buyeo-gun\규암면\index.html","충남 부여군 규암면 장기렌트·자동차리스 가격비교 | 행복한렌트몰","충남 부여군 규암면 장기렌트와 자동차리스 이용조건을 행복한렌트몰에서 비교하고 차량별 견적과 지역별 상담 정보를 확인해보세요.","같은 차라도 조건은 다릅니다.비교하고 더 좋은 조건을 찾으세요."
"chungnam\buyeo-gun\남면\index.html","충남 부여군 남면 장기렌트·자동차리스 가격비교 | 행복한렌트몰","충남 부여군 남면 장기렌트와 자동차리스 이용조건을 행복한렌트몰에서 비교하고 차량별 견적과 지역별 상담 정보를 확인해보세요.","같은 차라도 조건은 다릅니다.비교하고 더 좋은 조건을 찾으세요."
"chungnam\buyeo-gun\내산면\index.html","충남 부여군 내산면 장기렌트·자동차리스 가격비교 | 행복한렌트몰","충남 부여군 내산면 장기렌트와 자동차리스 이용조건을 행복한렌트몰에서 비교하고 차량별 견적과 지역별 상담 정보를 확인해보세요.","같은 차라도 조건은 다릅니다.비교하고 더 좋은 조건을 찾으세요."
"chungnam\buyeo-gun\부여읍\index.html","충남 부여군 부여읍 장기렌트·자동차리스 가격비교 | 행복한렌트몰","충남 부여군 부여읍 장기렌트와 자동차리스 이용조건을 행복한렌트몰에서 비교하고 차량별 견적과 지역별 상담 정보를 확인해보세요.","같은 차라도 조건은 다릅니다.비교하고 더 좋은 조건을 찾으세요."
"chungnam\buyeo-gun\석성면\index.html","충남 부여군 석성면 장기렌트·자동차리스 가격비교 | 행복한렌트몰","충남 부여군 석성면 장기렌트와 자동차리스 이용조건을 행복한렌트몰에서 비교하고 차량별 견적과 지역별 상담 정보를 확인해보세요.","같은 차라도 조건은 다릅니다.비교하고 더 좋은 조건을 찾으세요."
"chungnam\buyeo-gun\세도면\index.html","충남 부여군 세도면 장기렌트·자동차리스 가격비교 | 행복한렌트몰","충남 부여군 세도면 장기렌트와 자동차리스 이용조건을 행복한렌트몰에서 비교하고 차량별 견적과 지역별 상담 정보를 확인해보세요.","같은 차라도 조건은 다릅니다.비교하고 더 좋은 조건을 찾으세요."
"chungnam\buyeo-gun\양화면\index.html","충남 부여군 양화면 장기렌트·자동차리스 가격비교 | 행복한렌트몰","충남 부여군 양화면 장기렌트와 자동차리스 이용조건을 행복한렌트몰에서 비교하고 차량별 견적과 지역별 상담 정보를 확인해보세요.","같은 차라도 조건은 다릅니다.비교하고 더 좋은 조건을 찾으세요."
"chungnam\buyeo-gun\옥산면\index.html","충남 부여군 옥산면 장기렌트·자동차리스 가격비교 | 행복한렌트몰","충남 부여군 옥산면 장기렌트와 자동차리스 이용조건을 행복한렌트몰에서 비교하고 차량별 견적과 지역별 상담 정보를 확인해보세요.","같은 차라도 조건은 다릅니다.비교하고 더 좋은 조건을 찾으세요."
"chungnam\buyeo-gun\외산면\index.html","충남 부여군 외산면 장기렌트·자동차리스 가격비교 | 행복한렌트몰","충남 부여군 외산면 장기렌트와 자동차리스 이용조건을 행복한렌트몰에서 비교하고 차량별 견적과 지역별 상담 정보를 확인해보세요.","같은 차라도 조건은 다릅니다.비교하고 더 좋은 조건을 찾으세요."
"chungnam\buyeo-gun\은산면\index.html","충남 부여군 은산면 장기렌트·자동차리스 가격비교 | 행복한렌트몰","충남 부여군 은산면 장기렌트와 자동차리스 이용조건을 행복한렌트몰에서 비교하고 차량별 견적과 지역별 상담 정보를 확인해보세요.","같은 차라도 조건은 다릅니다.비교하고 더 좋은 조건을 찾으세요."
"chungnam\buyeo-gun\임천면\index.html","충남 부여군 임천면 장기렌트·자동차리스 가격비교 | 행복한렌트몰","충남 부여군 임천면 장기렌트와 자동차리스 이용조건을 행복한렌트몰에서 비교하고 차량별 견적과 지역별 상담 정보를 확인해보세요.","같은 차라도 조건은 다릅니다.비교하고 더 좋은 조건을 찾으세요."
"chungnam\buyeo-gun\장암면\index.html","충남 부여군 장암면 장기렌트·자동차리스 가격비교 | 행복한렌트몰","충남 부여군 장암면 장기렌트와 자동차리스 이용조건을 행복한렌트몰에서 비교하고 차량별 견적과 지역별 상담 정보를 확인해보세요.","같은 차라도 조건은 다릅니다.비교하고 더 좋은 조건을 찾으세요."
"chungnam\buyeo-gun\초촌면\index.html","충남 부여군 초촌면 장기렌트·자동차리스 가격비교 | 행복한렌트몰","충남 부여군 초촌면 장기렌트와 자동차리스 이용조건을 행복한렌트몰에서 비교하고 차량별 견적과 지역별 상담 정보를 확인해보세요.","같은 차라도 조건은 다릅니다.비교하고 더 좋은 조건을 찾으세요."
"chungnam\buyeo-gun\충화면\index.html","충남 부여군 충화면 장기렌트·자동차리스 가격비교 | 행복한렌트몰","충남 부여군 충화면 장기렌트와 자동차리스 이용조건을 행복한렌트몰에서 비교하고 차량별 견적과 지역별 상담 정보를 확인해보세요.","같은 차라도 조건은 다릅니다.비교하고 더 좋은 조건을 찾으세요."
"chungnam\buyeo-gun\홍산면\index.html","충남 부여군 홍산면 장기렌트·자동차리스 가격비교 | 행복한렌트몰","충남 부여군 홍산면 장기렌트와 자동차리스 이용조건을 행복한렌트몰에서 비교하고 차량별 견적과 지역별 상담 정보를 확인해보세요.","같은 차라도 조건은 다릅니다.비교하고 더 좋은 조건을 찾으세요."
"chungnam\cheonan-si\index.html","충남 천안시 장기렌트·자동차리스 가격비교 | 행복한렌트몰","충남 천안시 장기렌트와 자동차리스 조건을 행복한렌트몰에서 비교하고 지역별 상담 정보를 확인해보세요.","같은 차라도 조건은 다릅니다.비교하고 더 좋은 조건을 찾으세요."
"chungnam\cheonan-si\동남구\index.html","충남 천안시 동남구 장기렌트·자동차리스 가격비교 | 행복한렌트몰","충남 천안시 동남구 장기렌트와 자동차리스 이용조건을 행복한렌트몰에서 비교하고 차량별 견적과 지역별 상담 정보를 확인해보세요.","같은 차라도 조건은 다릅니다.비교하고 더 좋은 조건을 찾으세요."
"chungnam\cheonan-si\동남구\광덕면\index.html","충남 천안시 동남구 광덕면 장기렌트·자동차리스 가격비교 | 행복한렌트몰","충남 천안시 동남구 광덕면 장기렌트와 자동차리스 이용조건을 행복한렌트몰에서 비교하고 차량별 견적과 지역별 상담 정보를 확인해보세요.","같은 차라도 조건은 다릅니다.비교하고 더 좋은 조건을 찾으세요."
"chungnam\cheonan-si\동남구\구룡동\index.html","충남 천안시 동남구 구룡동 장기렌트·자동차리스 가격비교 | 행복한렌트몰","충남 천안시 동남구 구룡동 장기렌트와 자동차리스 이용조건을 행복한렌트몰에서 비교하고 차량별 견적과 지역별 상담 정보를 확인해보세요.","같은 차라도 조건은 다릅니다.비교하고 더 좋은 조건을 찾으세요."
"chungnam\cheonan-si\동남구\구성동\index.html","충남 천안시 동남구 구성동 장기렌트·자동차리스 가격비교 | 행복한렌트몰","충남 천안시 동남구 구성동 장기렌트와 자동차리스 이용조건을 행복한렌트몰에서 비교하고 차량별 견적과 지역별 상담 정보를 확인해보세요.","같은 차라도 조건은 다릅니다.비교하고 더 좋은 조건을 찾으세요."
"chungnam\cheonan-si\동남구\다가동\index.html","충남 천안시 동남구 다가동 장기렌트·자동차리스 가격비교 | 행복한렌트몰","충남 천안시 동남구 다가동 장기렌트와 자동차리스 이용조건을 행복한렌트몰에서 비교하고 차량별 견적과 지역별 상담 정보를 확인해보세요.","같은 차라도 조건은 다릅니다.비교하고 더 좋은 조건을 찾으세요."
"chungnam\cheonan-si\동남구\대흥동\index.html","충남 천안시 동남구 대흥동 장기렌트·자동차리스 가격비교 | 행복한렌트몰","충남 천안시 동남구 대흥동 장기렌트와 자동차리스 이용조건을 행복한렌트몰에서 비교하고 차량별 견적과 지역별 상담 정보를 확인해보세요.","같은 차라도 조건은 다릅니다.비교하고 더 좋은 조건을 찾으세요."
"chungnam\cheonan-si\동남구\동면\index.html","충남 천안시 동남구 동면 장기렌트·자동차리스 가격비교 | 행복한렌트몰","충남 천안시 동남구 동면 장기렌트와 자동차리스 이용조건을 행복한렌트몰에서 비교하고 차량별 견적과 지역별 상담 정보를 확인해보세요.","같은 차라도 조건은 다릅니다.비교하고 더 좋은 조건을 찾으세요."
"chungnam\cheonan-si\동남구\목천읍\index.html","충남 천안시 동남구 목천읍 장기렌트·자동차리스 가격비교 | 행복한렌트몰","충남 천안시 동남구 목천읍 장기렌트와 자동차리스 이용조건을 행복한렌트몰에서 비교하고 차량별 견적과 지역별 상담 정보를 확인해보세요.","같은 차라도 조건은 다릅니다.비교하고 더 좋은 조건을 찾으세요."
"chungnam\cheonan-si\동남구\문화동\index.html","충남 천안시 동남구 문화동 장기렌트·자동차리스 가격비교 | 행복한렌트몰","충남 천안시 동남구 문화동 장기렌트와 자동차리스 이용조건을 행복한렌트몰에서 비교하고 차량별 견적과 지역별 상담 정보를 확인해보세요.","같은 차라도 조건은 다릅니다.비교하고 더 좋은 조건을 찾으세요."
"chungnam\cheonan-si\동남구\병천면\index.html","충남 천안시 동남구 병천면 장기렌트·자동차리스 가격비교 | 행복한렌트몰","충남 천안시 동남구 병천면 장기렌트와 자동차리스 이용조건을 행복한렌트몰에서 비교하고 차량별 견적과 지역별 상담 정보를 확인해보세요.","같은 차라도 조건은 다릅니다.비교하고 더 좋은 조건을 찾으세요."
"chungnam\cheonan-si\동남구\봉명동\index.html","충남 천안시 동남구 봉명동 장기렌트·자동차리스 가격비교 | 행복한렌트몰","충남 천안시 동남구 봉명동 장기렌트와 자동차리스 이용조건을 행복한렌트몰에서 비교하고 차량별 견적과 지역별 상담 정보를 확인해보세요.","같은 차라도 조건은 다릅니다.비교하고 더 좋은 조건을 찾으세요."
"chungnam\cheonan-si\동남구\북면\index.html","충남 천안시 동남구 북면 장기렌트·자동차리스 가격비교 | 행복한렌트몰","충남 천안시 동남구 북면 장기렌트와 자동차리스 이용조건을 행복한렌트몰에서 비교하고 차량별 견적과 지역별 상담 정보를 확인해보세요.","같은 차라도 조건은 다릅니다.비교하고 더 좋은 조건을 찾으세요."
"chungnam\cheonan-si\동남구\사직동\index.html","충남 천안시 동남구 사직동 장기렌트·자동차리스 가격비교 | 행복한렌트몰","충남 천안시 동남구 사직동 장기렌트와 자동차리스 이용조건을 행복한렌트몰에서 비교하고 차량별 견적과 지역별 상담 정보를 확인해보세요.","같은 차라도 조건은 다릅니다.비교하고 더 좋은 조건을 찾으세요."
"chungnam\cheonan-si\동남구\삼룡동\index.html","충남 천안시 동남구 삼룡동 장기렌트·자동차리스 가격비교 | 행복한렌트몰","충남 천안시 동남구 삼룡동 장기렌트와 자동차리스 이용조건을 행복한렌트몰에서 비교하고 차량별 견적과 지역별 상담 정보를 확인해보세요.","같은 차라도 조건은 다릅니다.비교하고 더 좋은 조건을 찾으세요."
"chungnam\cheonan-si\동남구\성남면\index.html","충남 천안시 동남구 성남면 장기렌트·자동차리스 가격비교 | 행복한렌트몰","충남 천안시 동남구 성남면 장기렌트와 자동차리스 이용조건을 행복한렌트몰에서 비교하고 차량별 견적과 지역별 상담 정보를 확인해보세요.","같은 차라도 조건은 다릅니다.비교하고 더 좋은 조건을 찾으세요."
"chungnam\cheonan-si\동남구\성황동\index.html","충남 천안시 동남구 성황동 장기렌트·자동차리스 가격비교 | 행복한렌트몰","충남 천안시 동남구 성황동 장기렌트와 자동차리스 이용조건을 행복한렌트몰에서 비교하고 차량별 견적과 지역별 상담 정보를 확인해보세요.","같은 차라도 조건은 다릅니다.비교하고 더 좋은 조건을 찾으세요."
"chungnam\cheonan-si\동남구\수신면\index.html","충남 천안시 동남구 수신면 장기렌트·자동차리스 가격비교 | 행복한렌트몰","충남 천안시 동남구 수신면 장기렌트와 자동차리스 이용조건을 행복한렌트몰에서 비교하고 차량별 견적과 지역별 상담 정보를 확인해보세요.","같은 차라도 조건은 다릅니다.비교하고 더 좋은 조건을 찾으세요."
"chungnam\cheonan-si\동남구\신방동\index.html","충남 천안시 동남구 신방동 장기렌트·자동차리스 가격비교 | 행복한렌트몰","충남 천안시 동남구 신방동 장기렌트와 자동차리스 이용조건을 행복한렌트몰에서 비교하고 차량별 견적과 지역별 상담 정보를 확인해보세요.","같은 차라도 조건은 다릅니다.비교하고 더 좋은 조건을 찾으세요."
"chungnam\cheonan-si\동남구\신부동\index.html","충남 천안시 동남구 신부동 장기렌트·자동차리스 가격비교 | 행복한렌트몰","충남 천안시 동남구 신부동 장기렌트와 자동차리스 이용조건을 행복한렌트몰에서 비교하고 차량별 견적과 지역별 상담 정보를 확인해보세요.","같은 차라도 조건은 다릅니다.비교하고 더 좋은 조건을 찾으세요."
"chungnam\cheonan-si\동남구\쌍용동\index.html","충남 천안시 동남구 쌍용동 장기렌트·자동차리스 가격비교 | 행복한렌트몰","충남 천안시 동남구 쌍용동 장기렌트와 자동차리스 이용조건을 행복한렌트몰에서 비교하고 차량별 견적과 지역별 상담 정보를 확인해보세요.","같은 차라도 조건은 다릅니다.비교하고 더 좋은 조건을 찾으세요."
"chungnam\cheonan-si\동남구\안서동\index.html","충남 천안시 동남구 안서동 장기렌트·자동차리스 가격비교 | 행복한렌트몰","충남 천안시 동남구 안서동 장기렌트와 자동차리스 이용조건을 행복한렌트몰에서 비교하고 차량별 견적과 지역별 상담 정보를 확인해보세요.","같은 차라도 조건은 다릅니다.비교하고 더 좋은 조건을 찾으세요."
"chungnam\cheonan-si\동남구\영성동\index.html","충남 천안시 동남구 영성동 장기렌트·자동차리스 가격비교 | 행복한렌트몰","충남 천안시 동남구 영성동 장기렌트와 자동차리스 이용조건을 행복한렌트몰에서 비교하고 차량별 견적과 지역별 상담 정보를 확인해보세요.","같은 차라도 조건은 다릅니다.비교하고 더 좋은 조건을 찾으세요."
"chungnam\cheonan-si\동남구\오룡동\index.html","충남 천안시 동남구 오룡동 장기렌트·자동차리스 가격비교 | 행복한렌트몰","충남 천안시 동남구 오룡동 장기렌트와 자동차리스 이용조건을 행복한렌트몰에서 비교하고 차량별 견적과 지역별 상담 정보를 확인해보세요.","같은 차라도 조건은 다릅니다.비교하고 더 좋은 조건을 찾으세요."
"chungnam\cheonan-si\동남구\용곡동\index.html","충남 천안시 동남구 용곡동 장기렌트·자동차리스 가격비교 | 행복한렌트몰","충남 천안시 동남구 용곡동 장기렌트와 자동차리스 이용조건을 행복한렌트몰에서 비교하고 차량별 견적과 지역별 상담 정보를 확인해보세요.","같은 차라도 조건은 다릅니다.비교하고 더 좋은 조건을 찾으세요."
"chungnam\cheonan-si\동남구\원성동\index.html","충남 천안시 동남구 원성동 장기렌트·자동차리스 가격비교 | 행복한렌트몰","충남 천안시 동남구 원성동 장기렌트와 자동차리스 이용조건을 행복한렌트몰에서 비교하고 차량별 견적과 지역별 상담 정보를 확인해보세요.","같은 차라도 조건은 다릅니다.비교하고 더 좋은 조건을 찾으세요."
"chungnam\cheonan-si\동남구\유량동\index.html","충남 천안시 동남구 유량동 장기렌트·자동차리스 가격비교 | 행복한렌트몰","충남 천안시 동남구 유량동 장기렌트와 자동차리스 이용조건을 행복한렌트몰에서 비교하고 차량별 견적과 지역별 상담 정보를 확인해보세요.","같은 차라도 조건은 다릅니다.비교하고 더 좋은 조건을 찾으세요."
"chungnam\cheonan-si\동남구\청당동\index.html","충남 천안시 동남구 청당동 장기렌트·자동차리스 가격비교 | 행복한렌트몰","충남 천안시 동남구 청당동 장기렌트와 자동차리스 이용조건을 행복한렌트몰에서 비교하고 차량별 견적과 지역별 상담 정보를 확인해보세요.","같은 차라도 조건은 다릅니다.비교하고 더 좋은 조건을 찾으세요."
"chungnam\cheonan-si\동남구\청수동\index.html","충남 천안시 동남구 청수동 장기렌트·자동차리스 가격비교 | 행복한렌트몰","충남 천안시 동남구 청수동 장기렌트와 자동차리스 이용조건을 행복한렌트몰에서 비교하고 차량별 견적과 지역별 상담 정보를 확인해보세요.","같은 차라도 조건은 다릅니다.비교하고 더 좋은 조건을 찾으세요."
"chungnam\cheonan-si\동남구\풍세면\index.html","충남 천안시 동남구 풍세면 장기렌트·자동차리스 가격비교 | 행복한렌트몰","충남 천안시 동남구 풍세면 장기렌트와 자동차리스 이용조건을 행복한렌트몰에서 비교하고 차량별 견적과 지역별 상담 정보를 확인해보세요.","같은 차라도 조건은 다릅니다.비교하고 더 좋은 조건을 찾으세요."
"chungnam\cheonan-si\서북구\index.html","충남 천안시 서북구 장기렌트·자동차리스 가격비교 | 행복한렌트몰","충남 천안시 서북구 장기렌트와 자동차리스 이용조건을 행복한렌트몰에서 비교하고 차량별 견적과 지역별 상담 정보를 확인해보세요.","같은 차라도 조건은 다릅니다.비교하고 더 좋은 조건을 찾으세요."
"chungnam\cheonan-si\서북구\두정동\index.html","충남 천안시 서북구 두정동 장기렌트·자동차리스 가격비교 | 행복한렌트몰","충남 천안시 서북구 두정동 장기렌트와 자동차리스 이용조건을 행복한렌트몰에서 비교하고 차량별 견적과 지역별 상담 정보를 확인해보세요.","같은 차라도 조건은 다릅니다.비교하고 더 좋은 조건을 찾으세요."
"chungnam\cheonan-si\서북구\백석동\index.html","충남 천안시 서북구 백석동 장기렌트·자동차리스 가격비교 | 행복한렌트몰","충남 천안시 서북구 백석동 장기렌트와 자동차리스 이용조건을 행복한렌트몰에서 비교하고 차량별 견적과 지역별 상담 정보를 확인해보세요.","같은 차라도 조건은 다릅니다.비교하고 더 좋은 조건을 찾으세요."
"chungnam\cheonan-si\서북구\부대동\index.html","충남 천안시 서북구 부대동 장기렌트·자동차리스 가격비교 | 행복한렌트몰","충남 천안시 서북구 부대동 장기렌트와 자동차리스 이용조건을 행복한렌트몰에서 비교하고 차량별 견적과 지역별 상담 정보를 확인해보세요.","같은 차라도 조건은 다릅니다.비교하고 더 좋은 조건을 찾으세요."
"chungnam\cheonan-si\서북구\불당동\index.html","충남 천안시 서북구 불당동 장기렌트·자동차리스 가격비교 | 행복한렌트몰","충남 천안시 서북구 불당동 장기렌트와 자동차리스 이용조건을 행복한렌트몰에서 비교하고 차량별 견적과 지역별 상담 정보를 확인해보세요.","같은 차라도 조건은 다릅니다.비교하고 더 좋은 조건을 찾으세요."
"chungnam\cheonan-si\서북구\성거읍\index.html","충남 천안시 서북구 성거읍 장기렌트·자동차리스 가격비교 | 행복한렌트몰","충남 천안시 서북구 성거읍 장기렌트와 자동차리스 이용조건을 행복한렌트몰에서 비교하고 차량별 견적과 지역별 상담 정보를 확인해보세요.","같은 차라도 조건은 다릅니다.비교하고 더 좋은 조건을 찾으세요."
"chungnam\cheonan-si\서북구\성성동\index.html","충남 천안시 서북구 성성동 장기렌트·자동차리스 가격비교 | 행복한렌트몰","충남 천안시 서북구 성성동 장기렌트와 자동차리스 이용조건을 행복한렌트몰에서 비교하고 차량별 견적과 지역별 상담 정보를 확인해보세요.","같은 차라도 조건은 다릅니다.비교하고 더 좋은 조건을 찾으세요."
"chungnam\cheonan-si\서북구\성정동\index.html","충남 천안시 서북구 성정동 장기렌트·자동차리스 가격비교 | 행복한렌트몰","충남 천안시 서북구 성정동 장기렌트와 자동차리스 이용조건을 행복한렌트몰에서 비교하고 차량별 견적과 지역별 상담 정보를 확인해보세요.","같은 차라도 조건은 다릅니다.비교하고 더 좋은 조건을 찾으세요."
"chungnam\cheonan-si\서북구\성환읍\index.html","충남 천안시 서북구 성환읍 장기렌트·자동차리스 가격비교 | 행복한렌트몰","충남 천안시 서북구 성환읍 장기렌트와 자동차리스 이용조건을 행복한렌트몰에서 비교하고 차량별 견적과 지역별 상담 정보를 확인해보세요.","같은 차라도 조건은 다릅니다.비교하고 더 좋은 조건을 찾으세요."
"chungnam\cheonan-si\서북구\신당동\index.html","충남 천안시 서북구 신당동 장기렌트·자동차리스 가격비교 | 행복한렌트몰","충남 천안시 서북구 신당동 장기렌트와 자동차리스 이용조건을 행복한렌트몰에서 비교하고 차량별 견적과 지역별 상담 정보를 확인해보세요.","같은 차라도 조건은 다릅니다.비교하고 더 좋은 조건을 찾으세요."
"chungnam\cheonan-si\서북구\쌍용동\index.html","충남 천안시 서북구 쌍용동 장기렌트·자동차리스 가격비교 | 행복한렌트몰","충남 천안시 서북구 쌍용동 장기렌트와 자동차리스 이용조건을 행복한렌트몰에서 비교하고 차량별 견적과 지역별 상담 정보를 확인해보세요.","같은 차라도 조건은 다릅니다.비교하고 더 좋은 조건을 찾으세요."
"chungnam\cheonan-si\서북구\업성동\index.html","충남 천안시 서북구 업성동 장기렌트·자동차리스 가격비교 | 행복한렌트몰","충남 천안시 서북구 업성동 장기렌트와 자동차리스 이용조건을 행복한렌트몰에서 비교하고 차량별 견적과 지역별 상담 정보를 확인해보세요.","같은 차라도 조건은 다릅니다.비교하고 더 좋은 조건을 찾으세요."
"chungnam\cheonan-si\서북구\와촌동\index.html","충남 천안시 서북구 와촌동 장기렌트·자동차리스 가격비교 | 행복한렌트몰","충남 천안시 서북구 와촌동 장기렌트와 자동차리스 이용조건을 행복한렌트몰에서 비교하고 차량별 견적과 지역별 상담 정보를 확인해보세요.","같은 차라도 조건은 다릅니다.비교하고 더 좋은 조건을 찾으세요."
"chungnam\cheonan-si\서북구\입장면\index.html","충남 천안시 서북구 입장면 장기렌트·자동차리스 가격비교 | 행복한렌트몰","충남 천안시 서북구 입장면 장기렌트와 자동차리스 이용조건을 행복한렌트몰에서 비교하고 차량별 견적과 지역별 상담 정보를 확인해보세요.","같은 차라도 조건은 다릅니다.비교하고 더 좋은 조건을 찾으세요."
"chungnam\cheonan-si\서북구\직산읍\index.html","충남 천안시 서북구 직산읍 장기렌트·자동차리스 가격비교 | 행복한렌트몰","충남 천안시 서북구 직산읍 장기렌트와 자동차리스 이용조건을 행복한렌트몰에서 비교하고 차량별 견적과 지역별 상담 정보를 확인해보세요.","같은 차라도 조건은 다릅니다.비교하고 더 좋은 조건을 찾으세요."
"chungnam\cheonan-si\서북구\차암동\index.html","충남 천안시 서북구 차암동 장기렌트·자동차리스 가격비교 | 행복한렌트몰","충남 천안시 서북구 차암동 장기렌트와 자동차리스 이용조건을 행복한렌트몰에서 비교하고 차량별 견적과 지역별 상담 정보를 확인해보세요.","같은 차라도 조건은 다릅니다.비교하고 더 좋은 조건을 찾으세요."
"chungnam\cheongyang-gun\index.html","충남 청양군 장기렌트·자동차리스 가격비교 | 행복한렌트몰","충남 청양군 장기렌트와 자동차리스 조건을 행복한렌트몰에서 비교하고 지역별 상담 정보를 확인해보세요.","같은 차라도 조건은 다릅니다.비교하고 더 좋은 조건을 찾으세요."
"chungnam\cheongyang-gun\남양면\index.html","충남 청양군 남양면 장기렌트·자동차리스 가격비교 | 행복한렌트몰","충남 청양군 남양면 장기렌트와 자동차리스 이용조건을 행복한렌트몰에서 비교하고 차량별 견적과 지역별 상담 정보를 확인해보세요.","같은 차라도 조건은 다릅니다.비교하고 더 좋은 조건을 찾으세요."
"chungnam\cheongyang-gun\대치면\index.html","충남 청양군 대치면 장기렌트·자동차리스 가격비교 | 행복한렌트몰","충남 청양군 대치면 장기렌트와 자동차리스 이용조건을 행복한렌트몰에서 비교하고 차량별 견적과 지역별 상담 정보를 확인해보세요.","같은 차라도 조건은 다릅니다.비교하고 더 좋은 조건을 찾으세요."
"chungnam\cheongyang-gun\목면\index.html","충남 청양군 목면 장기렌트·자동차리스 가격비교 | 행복한렌트몰","충남 청양군 목면 장기렌트와 자동차리스 이용조건을 행복한렌트몰에서 비교하고 차량별 견적과 지역별 상담 정보를 확인해보세요.","같은 차라도 조건은 다릅니다.비교하고 더 좋은 조건을 찾으세요."
"chungnam\cheongyang-gun\비봉면\index.html","충남 청양군 비봉면 장기렌트·자동차리스 가격비교 | 행복한렌트몰","충남 청양군 비봉면 장기렌트와 자동차리스 이용조건을 행복한렌트몰에서 비교하고 차량별 견적과 지역별 상담 정보를 확인해보세요.","같은 차라도 조건은 다릅니다.비교하고 더 좋은 조건을 찾으세요."
"chungnam\cheongyang-gun\운곡면\index.html","충남 청양군 운곡면 장기렌트·자동차리스 가격비교 | 행복한렌트몰","충남 청양군 운곡면 장기렌트와 자동차리스 이용조건을 행복한렌트몰에서 비교하고 차량별 견적과 지역별 상담 정보를 확인해보세요.","같은 차라도 조건은 다릅니다.비교하고 더 좋은 조건을 찾으세요."
"chungnam\cheongyang-gun\장평면\index.html","충남 청양군 장평면 장기렌트·자동차리스 가격비교 | 행복한렌트몰","충남 청양군 장평면 장기렌트와 자동차리스 이용조건을 행복한렌트몰에서 비교하고 차량별 견적과 지역별 상담 정보를 확인해보세요.","같은 차라도 조건은 다릅니다.비교하고 더 좋은 조건을 찾으세요."
"chungnam\cheongyang-gun\정산면\index.html","충남 청양군 정산면 장기렌트·자동차리스 가격비교 | 행복한렌트몰","충남 청양군 정산면 장기렌트와 자동차리스 이용조건을 행복한렌트몰에서 비교하고 차량별 견적과 지역별 상담 정보를 확인해보세요.","같은 차라도 조건은 다릅니다.비교하고 더 좋은 조건을 찾으세요."
"chungnam\cheongyang-gun\청남면\index.html","충남 청양군 청남면 장기렌트·자동차리스 가격비교 | 행복한렌트몰","충남 청양군 청남면 장기렌트와 자동차리스 이용조건을 행복한렌트몰에서 비교하고 차량별 견적과 지역별 상담 정보를 확인해보세요.","같은 차라도 조건은 다릅니다.비교하고 더 좋은 조건을 찾으세요."
"chungnam\cheongyang-gun\청양읍\index.html","충남 청양군 청양읍 장기렌트·자동차리스 가격비교 | 행복한렌트몰","충남 청양군 청양읍 장기렌트와 자동차리스 이용조건을 행복한렌트몰에서 비교하고 차량별 견적과 지역별 상담 정보를 확인해보세요.","같은 차라도 조건은 다릅니다.비교하고 더 좋은 조건을 찾으세요."
"chungnam\cheongyang-gun\화성면\index.html","충남 청양군 화성면 장기렌트·자동차리스 가격비교 | 행복한렌트몰","충남 청양군 화성면 장기렌트와 자동차리스 이용조건을 행복한렌트몰에서 비교하고 차량별 견적과 지역별 상담 정보를 확인해보세요.","같은 차라도 조건은 다릅니다.비교하고 더 좋은 조건을 찾으세요."
"chungnam\dangjin-si\index.html","충남 당진시 장기렌트·자동차리스 가격비교 | 행복한렌트몰","충남 당진시 장기렌트와 자동차리스 조건을 행복한렌트몰에서 비교하고 지역별 상담 정보를 확인해보세요.","같은 차라도 조건은 다릅니다.비교하고 더 좋은 조건을 찾으세요."
"chungnam\dangjin-si\고대면\index.html","충남 당진시 고대면 장기렌트·자동차리스 가격비교 | 행복한렌트몰","충남 당진시 고대면 장기렌트와 자동차리스 이용조건을 행복한렌트몰에서 비교하고 차량별 견적과 지역별 상담 정보를 확인해보세요.","같은 차라도 조건은 다릅니다.비교하고 더 좋은 조건을 찾으세요."
"chungnam\dangjin-si\구룡동\index.html","충남 당진시 구룡동 장기렌트·자동차리스 가격비교 | 행복한렌트몰","충남 당진시 구룡동 장기렌트와 자동차리스 이용조건을 행복한렌트몰에서 비교하고 차량별 견적과 지역별 상담 정보를 확인해보세요.","같은 차라도 조건은 다릅니다.비교하고 더 좋은 조건을 찾으세요."
"chungnam\dangjin-si\대덕동\index.html","충남 당진시 대덕동 장기렌트·자동차리스 가격비교 | 행복한렌트몰","충남 당진시 대덕동 장기렌트와 자동차리스 이용조건을 행복한렌트몰에서 비교하고 차량별 견적과 지역별 상담 정보를 확인해보세요.","같은 차라도 조건은 다릅니다.비교하고 더 좋은 조건을 찾으세요."
"chungnam\dangjin-si\대호지면\index.html","충남 당진시 대호지면 장기렌트·자동차리스 가격비교 | 행복한렌트몰","충남 당진시 대호지면 장기렌트와 자동차리스 이용조건을 행복한렌트몰에서 비교하고 차량별 견적과 지역별 상담 정보를 확인해보세요.","같은 차라도 조건은 다릅니다.비교하고 더 좋은 조건을 찾으세요."
"chungnam\dangjin-si\면천면\index.html","충남 당진시 면천면 장기렌트·자동차리스 가격비교 | 행복한렌트몰","충남 당진시 면천면 장기렌트와 자동차리스 이용조건을 행복한렌트몰에서 비교하고 차량별 견적과 지역별 상담 정보를 확인해보세요.","같은 차라도 조건은 다릅니다.비교하고 더 좋은 조건을 찾으세요."
"chungnam\dangjin-si\사기소동\index.html","충남 당진시 사기소동 장기렌트·자동차리스 가격비교 | 행복한렌트몰","충남 당진시 사기소동 장기렌트와 자동차리스 이용조건을 행복한렌트몰에서 비교하고 차량별 견적과 지역별 상담 정보를 확인해보세요.","같은 차라도 조건은 다릅니다.비교하고 더 좋은 조건을 찾으세요."
"chungnam\dangjin-si\석문면\index.html","충남 당진시 석문면 장기렌트·자동차리스 가격비교 | 행복한렌트몰","충남 당진시 석문면 장기렌트와 자동차리스 이용조건을 행복한렌트몰에서 비교하고 차량별 견적과 지역별 상담 정보를 확인해보세요.","같은 차라도 조건은 다릅니다.비교하고 더 좋은 조건을 찾으세요."
"chungnam\dangjin-si\송산면\index.html","충남 당진시 송산면 장기렌트·자동차리스 가격비교 | 행복한렌트몰","충남 당진시 송산면 장기렌트와 자동차리스 이용조건을 행복한렌트몰에서 비교하고 차량별 견적과 지역별 상담 정보를 확인해보세요.","같은 차라도 조건은 다릅니다.비교하고 더 좋은 조건을 찾으세요."
"chungnam\dangjin-si\송악읍\index.html","충남 당진시 송악읍 장기렌트·자동차리스 가격비교 | 행복한렌트몰","충남 당진시 송악읍 장기렌트와 자동차리스 이용조건을 행복한렌트몰에서 비교하고 차량별 견적과 지역별 상담 정보를 확인해보세요.","같은 차라도 조건은 다릅니다.비교하고 더 좋은 조건을 찾으세요."
"chungnam\dangjin-si\수청동\index.html","충남 당진시 수청동 장기렌트·자동차리스 가격비교 | 행복한렌트몰","충남 당진시 수청동 장기렌트와 자동차리스 이용조건을 행복한렌트몰에서 비교하고 차량별 견적과 지역별 상담 정보를 확인해보세요.","같은 차라도 조건은 다릅니다.비교하고 더 좋은 조건을 찾으세요."
"chungnam\dangjin-si\순성면\index.html","충남 당진시 순성면 장기렌트·자동차리스 가격비교 | 행복한렌트몰","충남 당진시 순성면 장기렌트와 자동차리스 이용조건을 행복한렌트몰에서 비교하고 차량별 견적과 지역별 상담 정보를 확인해보세요.","같은 차라도 조건은 다릅니다.비교하고 더 좋은 조건을 찾으세요."
"chungnam\dangjin-si\시곡동\index.html","충남 당진시 시곡동 장기렌트·자동차리스 가격비교 | 행복한렌트몰","충남 당진시 시곡동 장기렌트와 자동차리스 이용조건을 행복한렌트몰에서 비교하고 차량별 견적과 지역별 상담 정보를 확인해보세요.","같은 차라도 조건은 다릅니다.비교하고 더 좋은 조건을 찾으세요."
"chungnam\dangjin-si\신평면\index.html","충남 당진시 신평면 장기렌트·자동차리스 가격비교 | 행복한렌트몰","충남 당진시 신평면 장기렌트와 자동차리스 이용조건을 행복한렌트몰에서 비교하고 차량별 견적과 지역별 상담 정보를 확인해보세요.","같은 차라도 조건은 다릅니다.비교하고 더 좋은 조건을 찾으세요."
"chungnam\dangjin-si\용연동\index.html","충남 당진시 용연동 장기렌트·자동차리스 가격비교 | 행복한렌트몰","충남 당진시 용연동 장기렌트와 자동차리스 이용조건을 행복한렌트몰에서 비교하고 차량별 견적과 지역별 상담 정보를 확인해보세요.","같은 차라도 조건은 다릅니다.비교하고 더 좋은 조건을 찾으세요."
"chungnam\dangjin-si\우강면\index.html","충남 당진시 우강면 장기렌트·자동차리스 가격비교 | 행복한렌트몰","충남 당진시 우강면 장기렌트와 자동차리스 이용조건을 행복한렌트몰에서 비교하고 차량별 견적과 지역별 상담 정보를 확인해보세요.","같은 차라도 조건은 다릅니다.비교하고 더 좋은 조건을 찾으세요."
"chungnam\dangjin-si\우두동\index.html","충남 당진시 우두동 장기렌트·자동차리스 가격비교 | 행복한렌트몰","충남 당진시 우두동 장기렌트와 자동차리스 이용조건을 행복한렌트몰에서 비교하고 차량별 견적과 지역별 상담 정보를 확인해보세요.","같은 차라도 조건은 다릅니다.비교하고 더 좋은 조건을 찾으세요."
"chungnam\dangjin-si\원당동\index.html","충남 당진시 원당동 장기렌트·자동차리스 가격비교 | 행복한렌트몰","충남 당진시 원당동 장기렌트와 자동차리스 이용조건을 행복한렌트몰에서 비교하고 차량별 견적과 지역별 상담 정보를 확인해보세요.","같은 차라도 조건은 다릅니다.비교하고 더 좋은 조건을 찾으세요."
"chungnam\dangjin-si\읍내동\index.html","충남 당진시 읍내동 장기렌트·자동차리스 가격비교 | 행복한렌트몰","충남 당진시 읍내동 장기렌트와 자동차리스 이용조건을 행복한렌트몰에서 비교하고 차량별 견적과 지역별 상담 정보를 확인해보세요.","같은 차라도 조건은 다릅니다.비교하고 더 좋은 조건을 찾으세요."
"chungnam\dangjin-si\정미면\index.html","충남 당진시 정미면 장기렌트·자동차리스 가격비교 | 행복한렌트몰","충남 당진시 정미면 장기렌트와 자동차리스 이용조건을 행복한렌트몰에서 비교하고 차량별 견적과 지역별 상담 정보를 확인해보세요.","같은 차라도 조건은 다릅니다.비교하고 더 좋은 조건을 찾으세요."
"chungnam\dangjin-si\채운동\index.html","충남 당진시 채운동 장기렌트·자동차리스 가격비교 | 행복한렌트몰","충남 당진시 채운동 장기렌트와 자동차리스 이용조건을 행복한렌트몰에서 비교하고 차량별 견적과 지역별 상담 정보를 확인해보세요.","같은 차라도 조건은 다릅니다.비교하고 더 좋은 조건을 찾으세요."
"chungnam\dangjin-si\합덕읍\index.html","충남 당진시 합덕읍 장기렌트·자동차리스 가격비교 | 행복한렌트몰","충남 당진시 합덕읍 장기렌트와 자동차리스 이용조건을 행복한렌트몰에서 비교하고 차량별 견적과 지역별 상담 정보를 확인해보세요.","같은 차라도 조건은 다릅니다.비교하고 더 좋은 조건을 찾으세요."
"chungnam\dangjin-si\행정동\index.html","충남 당진시 행정동 장기렌트·자동차리스 가격비교 | 행복한렌트몰","충남 당진시 행정동 장기렌트와 자동차리스 이용조건을 행복한렌트몰에서 비교하고 차량별 견적과 지역별 상담 정보를 확인해보세요.","같은 차라도 조건은 다릅니다.비교하고 더 좋은 조건을 찾으세요."
"chungnam\geumsan-gun\index.html","충남 금산군 장기렌트·자동차리스 가격비교 | 행복한렌트몰","충남 금산군 장기렌트와 자동차리스 조건을 행복한렌트몰에서 비교하고 지역별 상담 정보를 확인해보세요.","같은 차라도 조건은 다릅니다.비교하고 더 좋은 조건을 찾으세요."
"chungnam\geumsan-gun\군북면\index.html","충남 금산군 군북면 장기렌트·자동차리스 가격비교 | 행복한렌트몰","충남 금산군 군북면 장기렌트와 자동차리스 이용조건을 행복한렌트몰에서 비교하고 차량별 견적과 지역별 상담 정보를 확인해보세요.","같은 차라도 조건은 다릅니다.비교하고 더 좋은 조건을 찾으세요."
"chungnam\geumsan-gun\금산읍\index.html","충남 금산군 금산읍 장기렌트·자동차리스 가격비교 | 행복한렌트몰","충남 금산군 금산읍 장기렌트와 자동차리스 이용조건을 행복한렌트몰에서 비교하고 차량별 견적과 지역별 상담 정보를 확인해보세요.","같은 차라도 조건은 다릅니다.비교하고 더 좋은 조건을 찾으세요."
"chungnam\geumsan-gun\금성면\index.html","충남 금산군 금성면 장기렌트·자동차리스 가격비교 | 행복한렌트몰","충남 금산군 금성면 장기렌트와 자동차리스 이용조건을 행복한렌트몰에서 비교하고 차량별 견적과 지역별 상담 정보를 확인해보세요.","같은 차라도 조건은 다릅니다.비교하고 더 좋은 조건을 찾으세요."
"chungnam\geumsan-gun\남이면\index.html","충남 금산군 남이면 장기렌트·자동차리스 가격비교 | 행복한렌트몰","충남 금산군 남이면 장기렌트와 자동차리스 이용조건을 행복한렌트몰에서 비교하고 차량별 견적과 지역별 상담 정보를 확인해보세요.","같은 차라도 조건은 다릅니다.비교하고 더 좋은 조건을 찾으세요."
"chungnam\geumsan-gun\남일면\index.html","충남 금산군 남일면 장기렌트·자동차리스 가격비교 | 행복한렌트몰","충남 금산군 남일면 장기렌트와 자동차리스 이용조건을 행복한렌트몰에서 비교하고 차량별 견적과 지역별 상담 정보를 확인해보세요.","같은 차라도 조건은 다릅니다.비교하고 더 좋은 조건을 찾으세요."
"chungnam\geumsan-gun\복수면\index.html","충남 금산군 복수면 장기렌트·자동차리스 가격비교 | 행복한렌트몰","충남 금산군 복수면 장기렌트와 자동차리스 이용조건을 행복한렌트몰에서 비교하고 차량별 견적과 지역별 상담 정보를 확인해보세요.","같은 차라도 조건은 다릅니다.비교하고 더 좋은 조건을 찾으세요."
"chungnam\geumsan-gun\부리면\index.html","충남 금산군 부리면 장기렌트·자동차리스 가격비교 | 행복한렌트몰","충남 금산군 부리면 장기렌트와 자동차리스 이용조건을 행복한렌트몰에서 비교하고 차량별 견적과 지역별 상담 정보를 확인해보세요.","같은 차라도 조건은 다릅니다.비교하고 더 좋은 조건을 찾으세요."
"chungnam\geumsan-gun\제원면\index.html","충남 금산군 제원면 장기렌트·자동차리스 가격비교 | 행복한렌트몰","충남 금산군 제원면 장기렌트와 자동차리스 이용조건을 행복한렌트몰에서 비교하고 차량별 견적과 지역별 상담 정보를 확인해보세요.","같은 차라도 조건은 다릅니다.비교하고 더 좋은 조건을 찾으세요."
"chungnam\geumsan-gun\진산면\index.html","충남 금산군 진산면 장기렌트·자동차리스 가격비교 | 행복한렌트몰","충남 금산군 진산면 장기렌트와 자동차리스 이용조건을 행복한렌트몰에서 비교하고 차량별 견적과 지역별 상담 정보를 확인해보세요.","같은 차라도 조건은 다릅니다.비교하고 더 좋은 조건을 찾으세요."
"chungnam\geumsan-gun\추부면\index.html","충남 금산군 추부면 장기렌트·자동차리스 가격비교 | 행복한렌트몰","충남 금산군 추부면 장기렌트와 자동차리스 이용조건을 행복한렌트몰에서 비교하고 차량별 견적과 지역별 상담 정보를 확인해보세요.","같은 차라도 조건은 다릅니다.비교하고 더 좋은 조건을 찾으세요."
"chungnam\gongju-si\index.html","충남 공주시 장기렌트·자동차리스 가격비교 | 행복한렌트몰","충남 공주시 장기렌트와 자동차리스 조건을 행복한렌트몰에서 비교하고 지역별 상담 정보를 확인해보세요.","같은 차라도 조건은 다릅니다.비교하고 더 좋은 조건을 찾으세요."
"chungnam\gongju-si\검상동\index.html","충남 공주시 검상동 장기렌트·자동차리스 가격비교 | 행복한렌트몰","충남 공주시 검상동 장기렌트와 자동차리스 이용조건을 행복한렌트몰에서 비교하고 차량별 견적과 지역별 상담 정보를 확인해보세요.","같은 차라도 조건은 다릅니다.비교하고 더 좋은 조건을 찾으세요."
"chungnam\gongju-si\계룡면\index.html","충남 공주시 계룡면 장기렌트·자동차리스 가격비교 | 행복한렌트몰","충남 공주시 계룡면 장기렌트와 자동차리스 이용조건을 행복한렌트몰에서 비교하고 차량별 견적과 지역별 상담 정보를 확인해보세요.","같은 차라도 조건은 다릅니다.비교하고 더 좋은 조건을 찾으세요."
"chungnam\gongju-si\교동\index.html","충남 공주시 교동 장기렌트·자동차리스 가격비교 | 행복한렌트몰","충남 공주시 교동 장기렌트와 자동차리스 이용조건을 행복한렌트몰에서 비교하고 차량별 견적과 지역별 상담 정보를 확인해보세요.","같은 차라도 조건은 다릅니다.비교하고 더 좋은 조건을 찾으세요."
"chungnam\gongju-si\금성동\index.html","충남 공주시 금성동 장기렌트·자동차리스 가격비교 | 행복한렌트몰","충남 공주시 금성동 장기렌트와 자동차리스 이용조건을 행복한렌트몰에서 비교하고 차량별 견적과 지역별 상담 정보를 확인해보세요.","같은 차라도 조건은 다릅니다.비교하고 더 좋은 조건을 찾으세요."
"chungnam\gongju-si\금학동\index.html","충남 공주시 금학동 장기렌트·자동차리스 가격비교 | 행복한렌트몰","충남 공주시 금학동 장기렌트와 자동차리스 이용조건을 행복한렌트몰에서 비교하고 차량별 견적과 지역별 상담 정보를 확인해보세요.","같은 차라도 조건은 다릅니다.비교하고 더 좋은 조건을 찾으세요."
"chungnam\gongju-si\금흥동\index.html","충남 공주시 금흥동 장기렌트·자동차리스 가격비교 | 행복한렌트몰","충남 공주시 금흥동 장기렌트와 자동차리스 이용조건을 행복한렌트몰에서 비교하고 차량별 견적과 지역별 상담 정보를 확인해보세요.","같은 차라도 조건은 다릅니다.비교하고 더 좋은 조건을 찾으세요."
"chungnam\gongju-si\동현동\index.html","충남 공주시 동현동 장기렌트·자동차리스 가격비교 | 행복한렌트몰","충남 공주시 동현동 장기렌트와 자동차리스 이용조건을 행복한렌트몰에서 비교하고 차량별 견적과 지역별 상담 정보를 확인해보세요.","같은 차라도 조건은 다릅니다.비교하고 더 좋은 조건을 찾으세요."
"chungnam\gongju-si\무릉동\index.html","충남 공주시 무릉동 장기렌트·자동차리스 가격비교 | 행복한렌트몰","충남 공주시 무릉동 장기렌트와 자동차리스 이용조건을 행복한렌트몰에서 비교하고 차량별 견적과 지역별 상담 정보를 확인해보세요.","같은 차라도 조건은 다릅니다.비교하고 더 좋은 조건을 찾으세요."
"chungnam\gongju-si\반죽동\index.html","충남 공주시 반죽동 장기렌트·자동차리스 가격비교 | 행복한렌트몰","충남 공주시 반죽동 장기렌트와 자동차리스 이용조건을 행복한렌트몰에서 비교하고 차량별 견적과 지역별 상담 정보를 확인해보세요.","같은 차라도 조건은 다릅니다.비교하고 더 좋은 조건을 찾으세요."
"chungnam\gongju-si\반포면\index.html","충남 공주시 반포면 장기렌트·자동차리스 가격비교 | 행복한렌트몰","충남 공주시 반포면 장기렌트와 자동차리스 이용조건을 행복한렌트몰에서 비교하고 차량별 견적과 지역별 상담 정보를 확인해보세요.","같은 차라도 조건은 다릅니다.비교하고 더 좋은 조건을 찾으세요."
"chungnam\gongju-si\봉정동\index.html","충남 공주시 봉정동 장기렌트·자동차리스 가격비교 | 행복한렌트몰","충남 공주시 봉정동 장기렌트와 자동차리스 이용조건을 행복한렌트몰에서 비교하고 차량별 견적과 지역별 상담 정보를 확인해보세요.","같은 차라도 조건은 다릅니다.비교하고 더 좋은 조건을 찾으세요."
"chungnam\gongju-si\봉황동\index.html","충남 공주시 봉황동 장기렌트·자동차리스 가격비교 | 행복한렌트몰","충남 공주시 봉황동 장기렌트와 자동차리스 이용조건을 행복한렌트몰에서 비교하고 차량별 견적과 지역별 상담 정보를 확인해보세요.","같은 차라도 조건은 다릅니다.비교하고 더 좋은 조건을 찾으세요."
"chungnam\gongju-si\사곡면\index.html","충남 공주시 사곡면 장기렌트·자동차리스 가격비교 | 행복한렌트몰","충남 공주시 사곡면 장기렌트와 자동차리스 이용조건을 행복한렌트몰에서 비교하고 차량별 견적과 지역별 상담 정보를 확인해보세요.","같은 차라도 조건은 다릅니다.비교하고 더 좋은 조건을 찾으세요."
"chungnam\gongju-si\산성동\index.html","충남 공주시 산성동 장기렌트·자동차리스 가격비교 | 행복한렌트몰","충남 공주시 산성동 장기렌트와 자동차리스 이용조건을 행복한렌트몰에서 비교하고 차량별 견적과 지역별 상담 정보를 확인해보세요.","같은 차라도 조건은 다릅니다.비교하고 더 좋은 조건을 찾으세요."
"chungnam\gongju-si\상왕동\index.html","충남 공주시 상왕동 장기렌트·자동차리스 가격비교 | 행복한렌트몰","충남 공주시 상왕동 장기렌트와 자동차리스 이용조건을 행복한렌트몰에서 비교하고 차량별 견적과 지역별 상담 정보를 확인해보세요.","같은 차라도 조건은 다릅니다.비교하고 더 좋은 조건을 찾으세요."
"chungnam\gongju-si\석장리동\index.html","충남 공주시 석장리동 장기렌트·자동차리스 가격비교 | 행복한렌트몰","충남 공주시 석장리동 장기렌트와 자동차리스 이용조건을 행복한렌트몰에서 비교하고 차량별 견적과 지역별 상담 정보를 확인해보세요.","같은 차라도 조건은 다릅니다.비교하고 더 좋은 조건을 찾으세요."
"chungnam\gongju-si\소학동\index.html","충남 공주시 소학동 장기렌트·자동차리스 가격비교 | 행복한렌트몰","충남 공주시 소학동 장기렌트와 자동차리스 이용조건을 행복한렌트몰에서 비교하고 차량별 견적과 지역별 상담 정보를 확인해보세요.","같은 차라도 조건은 다릅니다.비교하고 더 좋은 조건을 찾으세요."
"chungnam\gongju-si\송선동\index.html","충남 공주시 송선동 장기렌트·자동차리스 가격비교 | 행복한렌트몰","충남 공주시 송선동 장기렌트와 자동차리스 이용조건을 행복한렌트몰에서 비교하고 차량별 견적과 지역별 상담 정보를 확인해보세요.","같은 차라도 조건은 다릅니다.비교하고 더 좋은 조건을 찾으세요."
"chungnam\gongju-si\신관동\index.html","충남 공주시 신관동 장기렌트·자동차리스 가격비교 | 행복한렌트몰","충남 공주시 신관동 장기렌트와 자동차리스 이용조건을 행복한렌트몰에서 비교하고 차량별 견적과 지역별 상담 정보를 확인해보세요.","같은 차라도 조건은 다릅니다.비교하고 더 좋은 조건을 찾으세요."
"chungnam\gongju-si\신기동\index.html","충남 공주시 신기동 장기렌트·자동차리스 가격비교 | 행복한렌트몰","충남 공주시 신기동 장기렌트와 자동차리스 이용조건을 행복한렌트몰에서 비교하고 차량별 견적과 지역별 상담 정보를 확인해보세요.","같은 차라도 조건은 다릅니다.비교하고 더 좋은 조건을 찾으세요."
"chungnam\gongju-si\신풍면\index.html","충남 공주시 신풍면 장기렌트·자동차리스 가격비교 | 행복한렌트몰","충남 공주시 신풍면 장기렌트와 자동차리스 이용조건을 행복한렌트몰에서 비교하고 차량별 견적과 지역별 상담 정보를 확인해보세요.","같은 차라도 조건은 다릅니다.비교하고 더 좋은 조건을 찾으세요."
"chungnam\gongju-si\쌍신동\index.html","충남 공주시 쌍신동 장기렌트·자동차리스 가격비교 | 행복한렌트몰","충남 공주시 쌍신동 장기렌트와 자동차리스 이용조건을 행복한렌트몰에서 비교하고 차량별 견적과 지역별 상담 정보를 확인해보세요.","같은 차라도 조건은 다릅니다.비교하고 더 좋은 조건을 찾으세요."
"chungnam\gongju-si\오곡동\index.html","충남 공주시 오곡동 장기렌트·자동차리스 가격비교 | 행복한렌트몰","충남 공주시 오곡동 장기렌트와 자동차리스 이용조건을 행복한렌트몰에서 비교하고 차량별 견적과 지역별 상담 정보를 확인해보세요.","같은 차라도 조건은 다릅니다.비교하고 더 좋은 조건을 찾으세요."
"chungnam\gongju-si\옥룡동\index.html","충남 공주시 옥룡동 장기렌트·자동차리스 가격비교 | 행복한렌트몰","충남 공주시 옥룡동 장기렌트와 자동차리스 이용조건을 행복한렌트몰에서 비교하고 차량별 견적과 지역별 상담 정보를 확인해보세요.","같은 차라도 조건은 다릅니다.비교하고 더 좋은 조건을 찾으세요."
"chungnam\gongju-si\우성면\index.html","충남 공주시 우성면 장기렌트·자동차리스 가격비교 | 행복한렌트몰","충남 공주시 우성면 장기렌트와 자동차리스 이용조건을 행복한렌트몰에서 비교하고 차량별 견적과 지역별 상담 정보를 확인해보세요.","같은 차라도 조건은 다릅니다.비교하고 더 좋은 조건을 찾으세요."
"chungnam\gongju-si\웅진동\index.html","충남 공주시 웅진동 장기렌트·자동차리스 가격비교 | 행복한렌트몰","충남 공주시 웅진동 장기렌트와 자동차리스 이용조건을 행복한렌트몰에서 비교하고 차량별 견적과 지역별 상담 정보를 확인해보세요.","같은 차라도 조건은 다릅니다.비교하고 더 좋은 조건을 찾으세요."
"chungnam\gongju-si\월미동\index.html","충남 공주시 월미동 장기렌트·자동차리스 가격비교 | 행복한렌트몰","충남 공주시 월미동 장기렌트와 자동차리스 이용조건을 행복한렌트몰에서 비교하고 차량별 견적과 지역별 상담 정보를 확인해보세요.","같은 차라도 조건은 다릅니다.비교하고 더 좋은 조건을 찾으세요."
"chungnam\gongju-si\월송동\index.html","충남 공주시 월송동 장기렌트·자동차리스 가격비교 | 행복한렌트몰","충남 공주시 월송동 장기렌트와 자동차리스 이용조건을 행복한렌트몰에서 비교하고 차량별 견적과 지역별 상담 정보를 확인해보세요.","같은 차라도 조건은 다릅니다.비교하고 더 좋은 조건을 찾으세요."
"chungnam\gongju-si\유구읍\index.html","충남 공주시 유구읍 장기렌트·자동차리스 가격비교 | 행복한렌트몰","충남 공주시 유구읍 장기렌트와 자동차리스 이용조건을 행복한렌트몰에서 비교하고 차량별 견적과 지역별 상담 정보를 확인해보세요.","같은 차라도 조건은 다릅니다.비교하고 더 좋은 조건을 찾으세요."
"chungnam\gongju-si\의당면\index.html","충남 공주시 의당면 장기렌트·자동차리스 가격비교 | 행복한렌트몰","충남 공주시 의당면 장기렌트와 자동차리스 이용조건을 행복한렌트몰에서 비교하고 차량별 견적과 지역별 상담 정보를 확인해보세요.","같은 차라도 조건은 다릅니다.비교하고 더 좋은 조건을 찾으세요."
"chungnam\gongju-si\이인면\index.html","충남 공주시 이인면 장기렌트·자동차리스 가격비교 | 행복한렌트몰","충남 공주시 이인면 장기렌트와 자동차리스 이용조건을 행복한렌트몰에서 비교하고 차량별 견적과 지역별 상담 정보를 확인해보세요.","같은 차라도 조건은 다릅니다.비교하고 더 좋은 조건을 찾으세요."
"chungnam\gongju-si\정안면\index.html","충남 공주시 정안면 장기렌트·자동차리스 가격비교 | 행복한렌트몰","충남 공주시 정안면 장기렌트와 자동차리스 이용조건을 행복한렌트몰에서 비교하고 차량별 견적과 지역별 상담 정보를 확인해보세요.","같은 차라도 조건은 다릅니다.비교하고 더 좋은 조건을 찾으세요."
"chungnam\gongju-si\주미동\index.html","충남 공주시 주미동 장기렌트·자동차리스 가격비교 | 행복한렌트몰","충남 공주시 주미동 장기렌트와 자동차리스 이용조건을 행복한렌트몰에서 비교하고 차량별 견적과 지역별 상담 정보를 확인해보세요.","같은 차라도 조건은 다릅니다.비교하고 더 좋은 조건을 찾으세요."
"chungnam\gongju-si\중동\index.html","충남 공주시 중동 장기렌트·자동차리스 가격비교 | 행복한렌트몰","충남 공주시 중동 장기렌트와 자동차리스 이용조건을 행복한렌트몰에서 비교하고 차량별 견적과 지역별 상담 정보를 확인해보세요.","같은 차라도 조건은 다릅니다.비교하고 더 좋은 조건을 찾으세요."
"chungnam\gongju-si\중학동\index.html","충남 공주시 중학동 장기렌트·자동차리스 가격비교 | 행복한렌트몰","충남 공주시 중학동 장기렌트와 자동차리스 이용조건을 행복한렌트몰에서 비교하고 차량별 견적과 지역별 상담 정보를 확인해보세요.","같은 차라도 조건은 다릅니다.비교하고 더 좋은 조건을 찾으세요."
"chungnam\gongju-si\탄천면\index.html","충남 공주시 탄천면 장기렌트·자동차리스 가격비교 | 행복한렌트몰","충남 공주시 탄천면 장기렌트와 자동차리스 이용조건을 행복한렌트몰에서 비교하고 차량별 견적과 지역별 상담 정보를 확인해보세요.","같은 차라도 조건은 다릅니다.비교하고 더 좋은 조건을 찾으세요."
"chungnam\gongju-si\태봉동\index.html","충남 공주시 태봉동 장기렌트·자동차리스 가격비교 | 행복한렌트몰","충남 공주시 태봉동 장기렌트와 자동차리스 이용조건을 행복한렌트몰에서 비교하고 차량별 견적과 지역별 상담 정보를 확인해보세요.","같은 차라도 조건은 다릅니다.비교하고 더 좋은 조건을 찾으세요."
"chungnam\gyeryong-si\index.html","충남 계룡시 장기렌트·자동차리스 가격비교 | 행복한렌트몰","충남 계룡시 장기렌트와 자동차리스 조건을 행복한렌트몰에서 비교하고 지역별 상담 정보를 확인해보세요.","같은 차라도 조건은 다릅니다.비교하고 더 좋은 조건을 찾으세요."
"chungnam\gyeryong-si\금암동\index.html","충남 계룡시 금암동 장기렌트·자동차리스 가격비교 | 행복한렌트몰","충남 계룡시 금암동 장기렌트와 자동차리스 이용조건을 행복한렌트몰에서 비교하고 차량별 견적과 지역별 상담 정보를 확인해보세요.","같은 차라도 조건은 다릅니다.비교하고 더 좋은 조건을 찾으세요."
"chungnam\gyeryong-si\두마면\index.html","충남 계룡시 두마면 장기렌트·자동차리스 가격비교 | 행복한렌트몰","충남 계룡시 두마면 장기렌트와 자동차리스 이용조건을 행복한렌트몰에서 비교하고 차량별 견적과 지역별 상담 정보를 확인해보세요.","같은 차라도 조건은 다릅니다.비교하고 더 좋은 조건을 찾으세요."
"chungnam\gyeryong-si\신도안면\index.html","충남 계룡시 신도안면 장기렌트·자동차리스 가격비교 | 행복한렌트몰","충남 계룡시 신도안면 장기렌트와 자동차리스 이용조건을 행복한렌트몰에서 비교하고 차량별 견적과 지역별 상담 정보를 확인해보세요.","같은 차라도 조건은 다릅니다.비교하고 더 좋은 조건을 찾으세요."
"chungnam\gyeryong-si\엄사면\index.html","충남 계룡시 엄사면 장기렌트·자동차리스 가격비교 | 행복한렌트몰","충남 계룡시 엄사면 장기렌트와 자동차리스 이용조건을 행복한렌트몰에서 비교하고 차량별 견적과 지역별 상담 정보를 확인해보세요.","같은 차라도 조건은 다릅니다.비교하고 더 좋은 조건을 찾으세요."
"chungnam\hongseong-gun\index.html","충남 홍성군 장기렌트·자동차리스 가격비교 | 행복한렌트몰","충남 홍성군 장기렌트와 자동차리스 조건을 행복한렌트몰에서 비교하고 지역별 상담 정보를 확인해보세요.","같은 차라도 조건은 다릅니다.비교하고 더 좋은 조건을 찾으세요."
"chungnam\hongseong-gun\갈산면\index.html","충남 홍성군 갈산면 장기렌트·자동차리스 가격비교 | 행복한렌트몰","충남 홍성군 갈산면 장기렌트와 자동차리스 이용조건을 행복한렌트몰에서 비교하고 차량별 견적과 지역별 상담 정보를 확인해보세요.","같은 차라도 조건은 다릅니다.비교하고 더 좋은 조건을 찾으세요."
"chungnam\hongseong-gun\결성면\index.html","충남 홍성군 결성면 장기렌트·자동차리스 가격비교 | 행복한렌트몰","충남 홍성군 결성면 장기렌트와 자동차리스 이용조건을 행복한렌트몰에서 비교하고 차량별 견적과 지역별 상담 정보를 확인해보세요.","같은 차라도 조건은 다릅니다.비교하고 더 좋은 조건을 찾으세요."
"chungnam\hongseong-gun\광천읍\index.html","충남 홍성군 광천읍 장기렌트·자동차리스 가격비교 | 행복한렌트몰","충남 홍성군 광천읍 장기렌트와 자동차리스 이용조건을 행복한렌트몰에서 비교하고 차량별 견적과 지역별 상담 정보를 확인해보세요.","같은 차라도 조건은 다릅니다.비교하고 더 좋은 조건을 찾으세요."
"chungnam\hongseong-gun\구항면\index.html","충남 홍성군 구항면 장기렌트·자동차리스 가격비교 | 행복한렌트몰","충남 홍성군 구항면 장기렌트와 자동차리스 이용조건을 행복한렌트몰에서 비교하고 차량별 견적과 지역별 상담 정보를 확인해보세요.","같은 차라도 조건은 다릅니다.비교하고 더 좋은 조건을 찾으세요."
"chungnam\hongseong-gun\금마면\index.html","충남 홍성군 금마면 장기렌트·자동차리스 가격비교 | 행복한렌트몰","충남 홍성군 금마면 장기렌트와 자동차리스 이용조건을 행복한렌트몰에서 비교하고 차량별 견적과 지역별 상담 정보를 확인해보세요.","같은 차라도 조건은 다릅니다.비교하고 더 좋은 조건을 찾으세요."
"chungnam\hongseong-gun\서부면\index.html","충남 홍성군 서부면 장기렌트·자동차리스 가격비교 | 행복한렌트몰","충남 홍성군 서부면 장기렌트와 자동차리스 이용조건을 행복한렌트몰에서 비교하고 차량별 견적과 지역별 상담 정보를 확인해보세요.","같은 차라도 조건은 다릅니다.비교하고 더 좋은 조건을 찾으세요."
"chungnam\hongseong-gun\은하면\index.html","충남 홍성군 은하면 장기렌트·자동차리스 가격비교 | 행복한렌트몰","충남 홍성군 은하면 장기렌트와 자동차리스 이용조건을 행복한렌트몰에서 비교하고 차량별 견적과 지역별 상담 정보를 확인해보세요.","같은 차라도 조건은 다릅니다.비교하고 더 좋은 조건을 찾으세요."
"chungnam\hongseong-gun\장곡면\index.html","충남 홍성군 장곡면 장기렌트·자동차리스 가격비교 | 행복한렌트몰","충남 홍성군 장곡면 장기렌트와 자동차리스 이용조건을 행복한렌트몰에서 비교하고 차량별 견적과 지역별 상담 정보를 확인해보세요.","같은 차라도 조건은 다릅니다.비교하고 더 좋은 조건을 찾으세요."
"chungnam\hongseong-gun\홍동면\index.html","충남 홍성군 홍동면 장기렌트·자동차리스 가격비교 | 행복한렌트몰","충남 홍성군 홍동면 장기렌트와 자동차리스 이용조건을 행복한렌트몰에서 비교하고 차량별 견적과 지역별 상담 정보를 확인해보세요.","같은 차라도 조건은 다릅니다.비교하고 더 좋은 조건을 찾으세요."
"chungnam\hongseong-gun\홍북읍\index.html","충남 홍성군 홍북읍 장기렌트·자동차리스 가격비교 | 행복한렌트몰","충남 홍성군 홍북읍 장기렌트와 자동차리스 이용조건을 행복한렌트몰에서 비교하고 차량별 견적과 지역별 상담 정보를 확인해보세요.","같은 차라도 조건은 다릅니다.비교하고 더 좋은 조건을 찾으세요."
"chungnam\hongseong-gun\홍성읍\index.html","충남 홍성군 홍성읍 장기렌트·자동차리스 가격비교 | 행복한렌트몰","충남 홍성군 홍성읍 장기렌트와 자동차리스 이용조건을 행복한렌트몰에서 비교하고 차량별 견적과 지역별 상담 정보를 확인해보세요.","같은 차라도 조건은 다릅니다.비교하고 더 좋은 조건을 찾으세요."
"chungnam\nonsan-si\index.html","충남 논산시 장기렌트·자동차리스 가격비교 | 행복한렌트몰","충남 논산시 장기렌트와 자동차리스 조건을 행복한렌트몰에서 비교하고 지역별 상담 정보를 확인해보세요.","같은 차라도 조건은 다릅니다.비교하고 더 좋은 조건을 찾으세요."
"chungnam\nonsan-si\가야곡면\index.html","충남 논산시 가야곡면 장기렌트·자동차리스 가격비교 | 행복한렌트몰","충남 논산시 가야곡면 장기렌트와 자동차리스 이용조건을 행복한렌트몰에서 비교하고 차량별 견적과 지역별 상담 정보를 확인해보세요.","같은 차라도 조건은 다릅니다.비교하고 더 좋은 조건을 찾으세요."
"chungnam\nonsan-si\강경읍\index.html","충남 논산시 강경읍 장기렌트·자동차리스 가격비교 | 행복한렌트몰","충남 논산시 강경읍 장기렌트와 자동차리스 이용조건을 행복한렌트몰에서 비교하고 차량별 견적과 지역별 상담 정보를 확인해보세요.","같은 차라도 조건은 다릅니다.비교하고 더 좋은 조건을 찾으세요."
"chungnam\nonsan-si\강산동\index.html","충남 논산시 강산동 장기렌트·자동차리스 가격비교 | 행복한렌트몰","충남 논산시 강산동 장기렌트와 자동차리스 이용조건을 행복한렌트몰에서 비교하고 차량별 견적과 지역별 상담 정보를 확인해보세요.","같은 차라도 조건은 다릅니다.비교하고 더 좋은 조건을 찾으세요."
"chungnam\nonsan-si\관촉동\index.html","충남 논산시 관촉동 장기렌트·자동차리스 가격비교 | 행복한렌트몰","충남 논산시 관촉동 장기렌트와 자동차리스 이용조건을 행복한렌트몰에서 비교하고 차량별 견적과 지역별 상담 정보를 확인해보세요.","같은 차라도 조건은 다릅니다.비교하고 더 좋은 조건을 찾으세요."
"chungnam\nonsan-si\광석면\index.html","충남 논산시 광석면 장기렌트·자동차리스 가격비교 | 행복한렌트몰","충남 논산시 광석면 장기렌트와 자동차리스 이용조건을 행복한렌트몰에서 비교하고 차량별 견적과 지역별 상담 정보를 확인해보세요.","같은 차라도 조건은 다릅니다.비교하고 더 좋은 조건을 찾으세요."
"chungnam\nonsan-si\내동\index.html","충남 논산시 내동 장기렌트·자동차리스 가격비교 | 행복한렌트몰","충남 논산시 내동 장기렌트와 자동차리스 이용조건을 행복한렌트몰에서 비교하고 차량별 견적과 지역별 상담 정보를 확인해보세요.","같은 차라도 조건은 다릅니다.비교하고 더 좋은 조건을 찾으세요."
"chungnam\nonsan-si\노성면\index.html","충남 논산시 노성면 장기렌트·자동차리스 가격비교 | 행복한렌트몰","충남 논산시 노성면 장기렌트와 자동차리스 이용조건을 행복한렌트몰에서 비교하고 차량별 견적과 지역별 상담 정보를 확인해보세요.","같은 차라도 조건은 다릅니다.비교하고 더 좋은 조건을 찾으세요."
"chungnam\nonsan-si\대교동\index.html","충남 논산시 대교동 장기렌트·자동차리스 가격비교 | 행복한렌트몰","충남 논산시 대교동 장기렌트와 자동차리스 이용조건을 행복한렌트몰에서 비교하고 차량별 견적과 지역별 상담 정보를 확인해보세요.","같은 차라도 조건은 다릅니다.비교하고 더 좋은 조건을 찾으세요."
"chungnam\nonsan-si\덕지동\index.html","충남 논산시 덕지동 장기렌트·자동차리스 가격비교 | 행복한렌트몰","충남 논산시 덕지동 장기렌트와 자동차리스 이용조건을 행복한렌트몰에서 비교하고 차량별 견적과 지역별 상담 정보를 확인해보세요.","같은 차라도 조건은 다릅니다.비교하고 더 좋은 조건을 찾으세요."
"chungnam\nonsan-si\등화동\index.html","충남 논산시 등화동 장기렌트·자동차리스 가격비교 | 행복한렌트몰","충남 논산시 등화동 장기렌트와 자동차리스 이용조건을 행복한렌트몰에서 비교하고 차량별 견적과 지역별 상담 정보를 확인해보세요.","같은 차라도 조건은 다릅니다.비교하고 더 좋은 조건을 찾으세요."
"chungnam\nonsan-si\반월동\index.html","충남 논산시 반월동 장기렌트·자동차리스 가격비교 | 행복한렌트몰","충남 논산시 반월동 장기렌트와 자동차리스 이용조건을 행복한렌트몰에서 비교하고 차량별 견적과 지역별 상담 정보를 확인해보세요.","같은 차라도 조건은 다릅니다.비교하고 더 좋은 조건을 찾으세요."
"chungnam\nonsan-si\벌곡면\index.html","충남 논산시 벌곡면 장기렌트·자동차리스 가격비교 | 행복한렌트몰","충남 논산시 벌곡면 장기렌트와 자동차리스 이용조건을 행복한렌트몰에서 비교하고 차량별 견적과 지역별 상담 정보를 확인해보세요.","같은 차라도 조건은 다릅니다.비교하고 더 좋은 조건을 찾으세요."
"chungnam\nonsan-si\부적면\index.html","충남 논산시 부적면 장기렌트·자동차리스 가격비교 | 행복한렌트몰","충남 논산시 부적면 장기렌트와 자동차리스 이용조건을 행복한렌트몰에서 비교하고 차량별 견적과 지역별 상담 정보를 확인해보세요.","같은 차라도 조건은 다릅니다.비교하고 더 좋은 조건을 찾으세요."
"chungnam\nonsan-si\부창동\index.html","충남 논산시 부창동 장기렌트·자동차리스 가격비교 | 행복한렌트몰","충남 논산시 부창동 장기렌트와 자동차리스 이용조건을 행복한렌트몰에서 비교하고 차량별 견적과 지역별 상담 정보를 확인해보세요.","같은 차라도 조건은 다릅니다.비교하고 더 좋은 조건을 찾으세요."
"chungnam\nonsan-si\상월면\index.html","충남 논산시 상월면 장기렌트·자동차리스 가격비교 | 행복한렌트몰","충남 논산시 상월면 장기렌트와 자동차리스 이용조건을 행복한렌트몰에서 비교하고 차량별 견적과 지역별 상담 정보를 확인해보세요.","같은 차라도 조건은 다릅니다.비교하고 더 좋은 조건을 찾으세요."
"chungnam\nonsan-si\성동면\index.html","충남 논산시 성동면 장기렌트·자동차리스 가격비교 | 행복한렌트몰","충남 논산시 성동면 장기렌트와 자동차리스 이용조건을 행복한렌트몰에서 비교하고 차량별 견적과 지역별 상담 정보를 확인해보세요.","같은 차라도 조건은 다릅니다.비교하고 더 좋은 조건을 찾으세요."
"chungnam\nonsan-si\양촌면\index.html","충남 논산시 양촌면 장기렌트·자동차리스 가격비교 | 행복한렌트몰","충남 논산시 양촌면 장기렌트와 자동차리스 이용조건을 행복한렌트몰에서 비교하고 차량별 견적과 지역별 상담 정보를 확인해보세요.","같은 차라도 조건은 다릅니다.비교하고 더 좋은 조건을 찾으세요."
"chungnam\nonsan-si\연무읍\index.html","충남 논산시 연무읍 장기렌트·자동차리스 가격비교 | 행복한렌트몰","충남 논산시 연무읍 장기렌트와 자동차리스 이용조건을 행복한렌트몰에서 비교하고 차량별 견적과 지역별 상담 정보를 확인해보세요.","같은 차라도 조건은 다릅니다.비교하고 더 좋은 조건을 찾으세요."
"chungnam\nonsan-si\연산면\index.html","충남 논산시 연산면 장기렌트·자동차리스 가격비교 | 행복한렌트몰","충남 논산시 연산면 장기렌트와 자동차리스 이용조건을 행복한렌트몰에서 비교하고 차량별 견적과 지역별 상담 정보를 확인해보세요.","같은 차라도 조건은 다릅니다.비교하고 더 좋은 조건을 찾으세요."
"chungnam\nonsan-si\은진면\index.html","충남 논산시 은진면 장기렌트·자동차리스 가격비교 | 행복한렌트몰","충남 논산시 은진면 장기렌트와 자동차리스 이용조건을 행복한렌트몰에서 비교하고 차량별 견적과 지역별 상담 정보를 확인해보세요.","같은 차라도 조건은 다릅니다.비교하고 더 좋은 조건을 찾으세요."
"chungnam\nonsan-si\지산동\index.html","충남 논산시 지산동 장기렌트·자동차리스 가격비교 | 행복한렌트몰","충남 논산시 지산동 장기렌트와 자동차리스 이용조건을 행복한렌트몰에서 비교하고 차량별 견적과 지역별 상담 정보를 확인해보세요.","같은 차라도 조건은 다릅니다.비교하고 더 좋은 조건을 찾으세요."
"chungnam\nonsan-si\채운면\index.html","충남 논산시 채운면 장기렌트·자동차리스 가격비교 | 행복한렌트몰","충남 논산시 채운면 장기렌트와 자동차리스 이용조건을 행복한렌트몰에서 비교하고 차량별 견적과 지역별 상담 정보를 확인해보세요.","같은 차라도 조건은 다릅니다.비교하고 더 좋은 조건을 찾으세요."
"chungnam\nonsan-si\취암동\index.html","충남 논산시 취암동 장기렌트·자동차리스 가격비교 | 행복한렌트몰","충남 논산시 취암동 장기렌트와 자동차리스 이용조건을 행복한렌트몰에서 비교하고 차량별 견적과 지역별 상담 정보를 확인해보세요.","같은 차라도 조건은 다릅니다.비교하고 더 좋은 조건을 찾으세요."
"chungnam\nonsan-si\화지동\index.html","충남 논산시 화지동 장기렌트·자동차리스 가격비교 | 행복한렌트몰","충남 논산시 화지동 장기렌트와 자동차리스 이용조건을 행복한렌트몰에서 비교하고 차량별 견적과 지역별 상담 정보를 확인해보세요.","같은 차라도 조건은 다릅니다.비교하고 더 좋은 조건을 찾으세요."
"chungnam\seocheon-gun\index.html","충남 서천군 장기렌트·자동차리스 가격비교 | 행복한렌트몰","충남 서천군 장기렌트와 자동차리스 조건을 행복한렌트몰에서 비교하고 지역별 상담 정보를 확인해보세요.","같은 차라도 조건은 다릅니다.비교하고 더 좋은 조건을 찾으세요."
"chungnam\seocheon-gun\기산면\index.html","충남 서천군 기산면 장기렌트·자동차리스 가격비교 | 행복한렌트몰","충남 서천군 기산면 장기렌트와 자동차리스 이용조건을 행복한렌트몰에서 비교하고 차량별 견적과 지역별 상담 정보를 확인해보세요.","같은 차라도 조건은 다릅니다.비교하고 더 좋은 조건을 찾으세요."
"chungnam\seocheon-gun\마산면\index.html","충남 서천군 마산면 장기렌트·자동차리스 가격비교 | 행복한렌트몰","충남 서천군 마산면 장기렌트와 자동차리스 이용조건을 행복한렌트몰에서 비교하고 차량별 견적과 지역별 상담 정보를 확인해보세요.","같은 차라도 조건은 다릅니다.비교하고 더 좋은 조건을 찾으세요."
"chungnam\seocheon-gun\마서면\index.html","충남 서천군 마서면 장기렌트·자동차리스 가격비교 | 행복한렌트몰","충남 서천군 마서면 장기렌트와 자동차리스 이용조건을 행복한렌트몰에서 비교하고 차량별 견적과 지역별 상담 정보를 확인해보세요.","같은 차라도 조건은 다릅니다.비교하고 더 좋은 조건을 찾으세요."
"chungnam\seocheon-gun\문산면\index.html","충남 서천군 문산면 장기렌트·자동차리스 가격비교 | 행복한렌트몰","충남 서천군 문산면 장기렌트와 자동차리스 이용조건을 행복한렌트몰에서 비교하고 차량별 견적과 지역별 상담 정보를 확인해보세요.","같은 차라도 조건은 다릅니다.비교하고 더 좋은 조건을 찾으세요."
"chungnam\seocheon-gun\비인면\index.html","충남 서천군 비인면 장기렌트·자동차리스 가격비교 | 행복한렌트몰","충남 서천군 비인면 장기렌트와 자동차리스 이용조건을 행복한렌트몰에서 비교하고 차량별 견적과 지역별 상담 정보를 확인해보세요.","같은 차라도 조건은 다릅니다.비교하고 더 좋은 조건을 찾으세요."
"chungnam\seocheon-gun\서면\index.html","충남 서천군 서면 장기렌트·자동차리스 가격비교 | 행복한렌트몰","충남 서천군 서면 장기렌트와 자동차리스 이용조건을 행복한렌트몰에서 비교하고 차량별 견적과 지역별 상담 정보를 확인해보세요.","같은 차라도 조건은 다릅니다.비교하고 더 좋은 조건을 찾으세요."
"chungnam\seocheon-gun\서천읍\index.html","충남 서천군 서천읍 장기렌트·자동차리스 가격비교 | 행복한렌트몰","충남 서천군 서천읍 장기렌트와 자동차리스 이용조건을 행복한렌트몰에서 비교하고 차량별 견적과 지역별 상담 정보를 확인해보세요.","같은 차라도 조건은 다릅니다.비교하고 더 좋은 조건을 찾으세요."
"chungnam\seocheon-gun\시초면\index.html","충남 서천군 시초면 장기렌트·자동차리스 가격비교 | 행복한렌트몰","충남 서천군 시초면 장기렌트와 자동차리스 이용조건을 행복한렌트몰에서 비교하고 차량별 견적과 지역별 상담 정보를 확인해보세요.","같은 차라도 조건은 다릅니다.비교하고 더 좋은 조건을 찾으세요."
"chungnam\seocheon-gun\장항읍\index.html","충남 서천군 장항읍 장기렌트·자동차리스 가격비교 | 행복한렌트몰","충남 서천군 장항읍 장기렌트와 자동차리스 이용조건을 행복한렌트몰에서 비교하고 차량별 견적과 지역별 상담 정보를 확인해보세요.","같은 차라도 조건은 다릅니다.비교하고 더 좋은 조건을 찾으세요."
"chungnam\seocheon-gun\종천면\index.html","충남 서천군 종천면 장기렌트·자동차리스 가격비교 | 행복한렌트몰","충남 서천군 종천면 장기렌트와 자동차리스 이용조건을 행복한렌트몰에서 비교하고 차량별 견적과 지역별 상담 정보를 확인해보세요.","같은 차라도 조건은 다릅니다.비교하고 더 좋은 조건을 찾으세요."
"chungnam\seocheon-gun\판교면\index.html","충남 서천군 판교면 장기렌트·자동차리스 가격비교 | 행복한렌트몰","충남 서천군 판교면 장기렌트와 자동차리스 이용조건을 행복한렌트몰에서 비교하고 차량별 견적과 지역별 상담 정보를 확인해보세요.","같은 차라도 조건은 다릅니다.비교하고 더 좋은 조건을 찾으세요."
"chungnam\seocheon-gun\한산면\index.html","충남 서천군 한산면 장기렌트·자동차리스 가격비교 | 행복한렌트몰","충남 서천군 한산면 장기렌트와 자동차리스 이용조건을 행복한렌트몰에서 비교하고 차량별 견적과 지역별 상담 정보를 확인해보세요.","같은 차라도 조건은 다릅니다.비교하고 더 좋은 조건을 찾으세요."
"chungnam\seocheon-gun\화양면\index.html","충남 서천군 화양면 장기렌트·자동차리스 가격비교 | 행복한렌트몰","충남 서천군 화양면 장기렌트와 자동차리스 이용조건을 행복한렌트몰에서 비교하고 차량별 견적과 지역별 상담 정보를 확인해보세요.","같은 차라도 조건은 다릅니다.비교하고 더 좋은 조건을 찾으세요."
"chungnam\seosan-si\index.html","충남 서산시 장기렌트·자동차리스 가격비교 | 행복한렌트몰","충남 서산시 장기렌트와 자동차리스 조건을 행복한렌트몰에서 비교하고 지역별 상담 정보를 확인해보세요.","같은 차라도 조건은 다릅니다.비교하고 더 좋은 조건을 찾으세요."
"chungnam\seosan-si\갈산동\index.html","충남 서산시 갈산동 장기렌트·자동차리스 가격비교 | 행복한렌트몰","충남 서산시 갈산동 장기렌트와 자동차리스 이용조건을 행복한렌트몰에서 비교하고 차량별 견적과 지역별 상담 정보를 확인해보세요.","같은 차라도 조건은 다릅니다.비교하고 더 좋은 조건을 찾으세요."
"chungnam\seosan-si\고북면\index.html","충남 서산시 고북면 장기렌트·자동차리스 가격비교 | 행복한렌트몰","충남 서산시 고북면 장기렌트와 자동차리스 이용조건을 행복한렌트몰에서 비교하고 차량별 견적과 지역별 상담 정보를 확인해보세요.","같은 차라도 조건은 다릅니다.비교하고 더 좋은 조건을 찾으세요."
"chungnam\seosan-si\대산읍\index.html","충남 서산시 대산읍 장기렌트·자동차리스 가격비교 | 행복한렌트몰","충남 서산시 대산읍 장기렌트와 자동차리스 이용조건을 행복한렌트몰에서 비교하고 차량별 견적과 지역별 상담 정보를 확인해보세요.","같은 차라도 조건은 다릅니다.비교하고 더 좋은 조건을 찾으세요."
"chungnam\seosan-si\덕지천동\index.html","충남 서산시 덕지천동 장기렌트·자동차리스 가격비교 | 행복한렌트몰","충남 서산시 덕지천동 장기렌트와 자동차리스 이용조건을 행복한렌트몰에서 비교하고 차량별 견적과 지역별 상담 정보를 확인해보세요.","같은 차라도 조건은 다릅니다.비교하고 더 좋은 조건을 찾으세요."
"chungnam\seosan-si\동문동\index.html","충남 서산시 동문동 장기렌트·자동차리스 가격비교 | 행복한렌트몰","충남 서산시 동문동 장기렌트와 자동차리스 이용조건을 행복한렌트몰에서 비교하고 차량별 견적과 지역별 상담 정보를 확인해보세요.","같은 차라도 조건은 다릅니다.비교하고 더 좋은 조건을 찾으세요."
"chungnam\seosan-si\부석면\index.html","충남 서산시 부석면 장기렌트·자동차리스 가격비교 | 행복한렌트몰","충남 서산시 부석면 장기렌트와 자동차리스 이용조건을 행복한렌트몰에서 비교하고 차량별 견적과 지역별 상담 정보를 확인해보세요.","같은 차라도 조건은 다릅니다.비교하고 더 좋은 조건을 찾으세요."
"chungnam\seosan-si\석남동\index.html","충남 서산시 석남동 장기렌트·자동차리스 가격비교 | 행복한렌트몰","충남 서산시 석남동 장기렌트와 자동차리스 이용조건을 행복한렌트몰에서 비교하고 차량별 견적과 지역별 상담 정보를 확인해보세요.","같은 차라도 조건은 다릅니다.비교하고 더 좋은 조건을 찾으세요."
"chungnam\seosan-si\석림동\index.html","충남 서산시 석림동 장기렌트·자동차리스 가격비교 | 행복한렌트몰","충남 서산시 석림동 장기렌트와 자동차리스 이용조건을 행복한렌트몰에서 비교하고 차량별 견적과 지역별 상담 정보를 확인해보세요.","같은 차라도 조건은 다릅니다.비교하고 더 좋은 조건을 찾으세요."
"chungnam\seosan-si\성연면\index.html","충남 서산시 성연면 장기렌트·자동차리스 가격비교 | 행복한렌트몰","충남 서산시 성연면 장기렌트와 자동차리스 이용조건을 행복한렌트몰에서 비교하고 차량별 견적과 지역별 상담 정보를 확인해보세요.","같은 차라도 조건은 다릅니다.비교하고 더 좋은 조건을 찾으세요."
"chungnam\seosan-si\수석동\index.html","충남 서산시 수석동 장기렌트·자동차리스 가격비교 | 행복한렌트몰","충남 서산시 수석동 장기렌트와 자동차리스 이용조건을 행복한렌트몰에서 비교하고 차량별 견적과 지역별 상담 정보를 확인해보세요.","같은 차라도 조건은 다릅니다.비교하고 더 좋은 조건을 찾으세요."
"chungnam\seosan-si\양대동\index.html","충남 서산시 양대동 장기렌트·자동차리스 가격비교 | 행복한렌트몰","충남 서산시 양대동 장기렌트와 자동차리스 이용조건을 행복한렌트몰에서 비교하고 차량별 견적과 지역별 상담 정보를 확인해보세요.","같은 차라도 조건은 다릅니다.비교하고 더 좋은 조건을 찾으세요."
"chungnam\seosan-si\예천동\index.html","충남 서산시 예천동 장기렌트·자동차리스 가격비교 | 행복한렌트몰","충남 서산시 예천동 장기렌트와 자동차리스 이용조건을 행복한렌트몰에서 비교하고 차량별 견적과 지역별 상담 정보를 확인해보세요.","같은 차라도 조건은 다릅니다.비교하고 더 좋은 조건을 찾으세요."
"chungnam\seosan-si\오남동\index.html","충남 서산시 오남동 장기렌트·자동차리스 가격비교 | 행복한렌트몰","충남 서산시 오남동 장기렌트와 자동차리스 이용조건을 행복한렌트몰에서 비교하고 차량별 견적과 지역별 상담 정보를 확인해보세요.","같은 차라도 조건은 다릅니다.비교하고 더 좋은 조건을 찾으세요."
"chungnam\seosan-si\온석동\index.html","충남 서산시 온석동 장기렌트·자동차리스 가격비교 | 행복한렌트몰","충남 서산시 온석동 장기렌트와 자동차리스 이용조건을 행복한렌트몰에서 비교하고 차량별 견적과 지역별 상담 정보를 확인해보세요.","같은 차라도 조건은 다릅니다.비교하고 더 좋은 조건을 찾으세요."
"chungnam\seosan-si\운산면\index.html","충남 서산시 운산면 장기렌트·자동차리스 가격비교 | 행복한렌트몰","충남 서산시 운산면 장기렌트와 자동차리스 이용조건을 행복한렌트몰에서 비교하고 차량별 견적과 지역별 상담 정보를 확인해보세요.","같은 차라도 조건은 다릅니다.비교하고 더 좋은 조건을 찾으세요."
"chungnam\seosan-si\음암면\index.html","충남 서산시 음암면 장기렌트·자동차리스 가격비교 | 행복한렌트몰","충남 서산시 음암면 장기렌트와 자동차리스 이용조건을 행복한렌트몰에서 비교하고 차량별 견적과 지역별 상담 정보를 확인해보세요.","같은 차라도 조건은 다릅니다.비교하고 더 좋은 조건을 찾으세요."
"chungnam\seosan-si\읍내동\index.html","충남 서산시 읍내동 장기렌트·자동차리스 가격비교 | 행복한렌트몰","충남 서산시 읍내동 장기렌트와 자동차리스 이용조건을 행복한렌트몰에서 비교하고 차량별 견적과 지역별 상담 정보를 확인해보세요.","같은 차라도 조건은 다릅니다.비교하고 더 좋은 조건을 찾으세요."
"chungnam\seosan-si\인지면\index.html","충남 서산시 인지면 장기렌트·자동차리스 가격비교 | 행복한렌트몰","충남 서산시 인지면 장기렌트와 자동차리스 이용조건을 행복한렌트몰에서 비교하고 차량별 견적과 지역별 상담 정보를 확인해보세요.","같은 차라도 조건은 다릅니다.비교하고 더 좋은 조건을 찾으세요."
"chungnam\seosan-si\잠홍동\index.html","충남 서산시 잠홍동 장기렌트·자동차리스 가격비교 | 행복한렌트몰","충남 서산시 잠홍동 장기렌트와 자동차리스 이용조건을 행복한렌트몰에서 비교하고 차량별 견적과 지역별 상담 정보를 확인해보세요.","같은 차라도 조건은 다릅니다.비교하고 더 좋은 조건을 찾으세요."
"chungnam\seosan-si\장동\index.html","충남 서산시 장동 장기렌트·자동차리스 가격비교 | 행복한렌트몰","충남 서산시 장동 장기렌트와 자동차리스 이용조건을 행복한렌트몰에서 비교하고 차량별 견적과 지역별 상담 정보를 확인해보세요.","같은 차라도 조건은 다릅니다.비교하고 더 좋은 조건을 찾으세요."
"chungnam\seosan-si\죽성동\index.html","충남 서산시 죽성동 장기렌트·자동차리스 가격비교 | 행복한렌트몰","충남 서산시 죽성동 장기렌트와 자동차리스 이용조건을 행복한렌트몰에서 비교하고 차량별 견적과 지역별 상담 정보를 확인해보세요.","같은 차라도 조건은 다릅니다.비교하고 더 좋은 조건을 찾으세요."
"chungnam\seosan-si\지곡면\index.html","충남 서산시 지곡면 장기렌트·자동차리스 가격비교 | 행복한렌트몰","충남 서산시 지곡면 장기렌트와 자동차리스 이용조건을 행복한렌트몰에서 비교하고 차량별 견적과 지역별 상담 정보를 확인해보세요.","같은 차라도 조건은 다릅니다.비교하고 더 좋은 조건을 찾으세요."
"chungnam\seosan-si\팔봉면\index.html","충남 서산시 팔봉면 장기렌트·자동차리스 가격비교 | 행복한렌트몰","충남 서산시 팔봉면 장기렌트와 자동차리스 이용조건을 행복한렌트몰에서 비교하고 차량별 견적과 지역별 상담 정보를 확인해보세요.","같은 차라도 조건은 다릅니다.비교하고 더 좋은 조건을 찾으세요."
"chungnam\seosan-si\해미면\index.html","충남 서산시 해미면 장기렌트·자동차리스 가격비교 | 행복한렌트몰","충남 서산시 해미면 장기렌트와 자동차리스 이용조건을 행복한렌트몰에서 비교하고 차량별 견적과 지역별 상담 정보를 확인해보세요.","같은 차라도 조건은 다릅니다.비교하고 더 좋은 조건을 찾으세요."
"chungnam\taean-gun\index.html","충남 태안군 장기렌트·자동차리스 가격비교 | 행복한렌트몰","충남 태안군 장기렌트와 자동차리스 조건을 행복한렌트몰에서 비교하고 지역별 상담 정보를 확인해보세요.","같은 차라도 조건은 다릅니다.비교하고 더 좋은 조건을 찾으세요."
"chungnam\taean-gun\고남면\index.html","충남 태안군 고남면 장기렌트·자동차리스 가격비교 | 행복한렌트몰","충남 태안군 고남면 장기렌트와 자동차리스 이용조건을 행복한렌트몰에서 비교하고 차량별 견적과 지역별 상담 정보를 확인해보세요.","같은 차라도 조건은 다릅니다.비교하고 더 좋은 조건을 찾으세요."
"chungnam\taean-gun\근흥면\index.html","충남 태안군 근흥면 장기렌트·자동차리스 가격비교 | 행복한렌트몰","충남 태안군 근흥면 장기렌트와 자동차리스 이용조건을 행복한렌트몰에서 비교하고 차량별 견적과 지역별 상담 정보를 확인해보세요.","같은 차라도 조건은 다릅니다.비교하고 더 좋은 조건을 찾으세요."
"chungnam\taean-gun\남면\index.html","충남 태안군 남면 장기렌트·자동차리스 가격비교 | 행복한렌트몰","충남 태안군 남면 장기렌트와 자동차리스 이용조건을 행복한렌트몰에서 비교하고 차량별 견적과 지역별 상담 정보를 확인해보세요.","같은 차라도 조건은 다릅니다.비교하고 더 좋은 조건을 찾으세요."
"chungnam\taean-gun\소원면\index.html","충남 태안군 소원면 장기렌트·자동차리스 가격비교 | 행복한렌트몰","충남 태안군 소원면 장기렌트와 자동차리스 이용조건을 행복한렌트몰에서 비교하고 차량별 견적과 지역별 상담 정보를 확인해보세요.","같은 차라도 조건은 다릅니다.비교하고 더 좋은 조건을 찾으세요."
"chungnam\taean-gun\안면읍\index.html","충남 태안군 안면읍 장기렌트·자동차리스 가격비교 | 행복한렌트몰","충남 태안군 안면읍 장기렌트와 자동차리스 이용조건을 행복한렌트몰에서 비교하고 차량별 견적과 지역별 상담 정보를 확인해보세요.","같은 차라도 조건은 다릅니다.비교하고 더 좋은 조건을 찾으세요."
"chungnam\taean-gun\원북면\index.html","충남 태안군 원북면 장기렌트·자동차리스 가격비교 | 행복한렌트몰","충남 태안군 원북면 장기렌트와 자동차리스 이용조건을 행복한렌트몰에서 비교하고 차량별 견적과 지역별 상담 정보를 확인해보세요.","같은 차라도 조건은 다릅니다.비교하고 더 좋은 조건을 찾으세요."
"chungnam\taean-gun\이원면\index.html","충남 태안군 이원면 장기렌트·자동차리스 가격비교 | 행복한렌트몰","충남 태안군 이원면 장기렌트와 자동차리스 이용조건을 행복한렌트몰에서 비교하고 차량별 견적과 지역별 상담 정보를 확인해보세요.","같은 차라도 조건은 다릅니다.비교하고 더 좋은 조건을 찾으세요."
"chungnam\taean-gun\태안읍\index.html","충남 태안군 태안읍 장기렌트·자동차리스 가격비교 | 행복한렌트몰","충남 태안군 태안읍 장기렌트와 자동차리스 이용조건을 행복한렌트몰에서 비교하고 차량별 견적과 지역별 상담 정보를 확인해보세요.","같은 차라도 조건은 다릅니다.비교하고 더 좋은 조건을 찾으세요."
"chungnam\yesan-gun\index.html","충남 예산군 장기렌트·자동차리스 가격비교 | 행복한렌트몰","충남 예산군 장기렌트와 자동차리스 조건을 행복한렌트몰에서 비교하고 지역별 상담 정보를 확인해보세요.","같은 차라도 조건은 다릅니다.비교하고 더 좋은 조건을 찾으세요."
"chungnam\yesan-gun\고덕면\index.html","충남 예산군 고덕면 장기렌트·자동차리스 가격비교 | 행복한렌트몰","충남 예산군 고덕면 장기렌트와 자동차리스 이용조건을 행복한렌트몰에서 비교하고 차량별 견적과 지역별 상담 정보를 확인해보세요.","같은 차라도 조건은 다릅니다.비교하고 더 좋은 조건을 찾으세요."
"chungnam\yesan-gun\광시면\index.html","충남 예산군 광시면 장기렌트·자동차리스 가격비교 | 행복한렌트몰","충남 예산군 광시면 장기렌트와 자동차리스 이용조건을 행복한렌트몰에서 비교하고 차량별 견적과 지역별 상담 정보를 확인해보세요.","같은 차라도 조건은 다릅니다.비교하고 더 좋은 조건을 찾으세요."
"chungnam\yesan-gun\대술면\index.html","충남 예산군 대술면 장기렌트·자동차리스 가격비교 | 행복한렌트몰","충남 예산군 대술면 장기렌트와 자동차리스 이용조건을 행복한렌트몰에서 비교하고 차량별 견적과 지역별 상담 정보를 확인해보세요.","같은 차라도 조건은 다릅니다.비교하고 더 좋은 조건을 찾으세요."
"chungnam\yesan-gun\대흥면\index.html","충남 예산군 대흥면 장기렌트·자동차리스 가격비교 | 행복한렌트몰","충남 예산군 대흥면 장기렌트와 자동차리스 이용조건을 행복한렌트몰에서 비교하고 차량별 견적과 지역별 상담 정보를 확인해보세요.","같은 차라도 조건은 다릅니다.비교하고 더 좋은 조건을 찾으세요."
"chungnam\yesan-gun\덕산면\index.html","충남 예산군 덕산면 장기렌트·자동차리스 가격비교 | 행복한렌트몰","충남 예산군 덕산면 장기렌트와 자동차리스 이용조건을 행복한렌트몰에서 비교하고 차량별 견적과 지역별 상담 정보를 확인해보세요.","같은 차라도 조건은 다릅니다.비교하고 더 좋은 조건을 찾으세요."
"chungnam\yesan-gun\봉산면\index.html","충남 예산군 봉산면 장기렌트·자동차리스 가격비교 | 행복한렌트몰","충남 예산군 봉산면 장기렌트와 자동차리스 이용조건을 행복한렌트몰에서 비교하고 차량별 견적과 지역별 상담 정보를 확인해보세요.","같은 차라도 조건은 다릅니다.비교하고 더 좋은 조건을 찾으세요."
"chungnam\yesan-gun\삽교읍\index.html","충남 예산군 삽교읍 장기렌트·자동차리스 가격비교 | 행복한렌트몰","충남 예산군 삽교읍 장기렌트와 자동차리스 이용조건을 행복한렌트몰에서 비교하고 차량별 견적과 지역별 상담 정보를 확인해보세요.","같은 차라도 조건은 다릅니다.비교하고 더 좋은 조건을 찾으세요."
"chungnam\yesan-gun\신암면\index.html","충남 예산군 신암면 장기렌트·자동차리스 가격비교 | 행복한렌트몰","충남 예산군 신암면 장기렌트와 자동차리스 이용조건을 행복한렌트몰에서 비교하고 차량별 견적과 지역별 상담 정보를 확인해보세요.","같은 차라도 조건은 다릅니다.비교하고 더 좋은 조건을 찾으세요."
"chungnam\yesan-gun\신양면\index.html","충남 예산군 신양면 장기렌트·자동차리스 가격비교 | 행복한렌트몰","충남 예산군 신양면 장기렌트와 자동차리스 이용조건을 행복한렌트몰에서 비교하고 차량별 견적과 지역별 상담 정보를 확인해보세요.","같은 차라도 조건은 다릅니다.비교하고 더 좋은 조건을 찾으세요."
"chungnam\yesan-gun\예산읍\index.html","충남 예산군 예산읍 장기렌트·자동차리스 가격비교 | 행복한렌트몰","충남 예산군 예산읍 장기렌트와 자동차리스 이용조건을 행복한렌트몰에서 비교하고 차량별 견적과 지역별 상담 정보를 확인해보세요.","같은 차라도 조건은 다릅니다.비교하고 더 좋은 조건을 찾으세요."
"chungnam\yesan-gun\오가면\index.html","충남 예산군 오가면 장기렌트·자동차리스 가격비교 | 행복한렌트몰","충남 예산군 오가면 장기렌트와 자동차리스 이용조건을 행복한렌트몰에서 비교하고 차량별 견적과 지역별 상담 정보를 확인해보세요.","같은 차라도 조건은 다릅니다.비교하고 더 좋은 조건을 찾으세요."
"chungnam\yesan-gun\응봉면\index.html","충남 예산군 응봉면 장기렌트·자동차리스 가격비교 | 행복한렌트몰","충남 예산군 응봉면 장기렌트와 자동차리스 이용조건을 행복한렌트몰에서 비교하고 차량별 견적과 지역별 상담 정보를 확인해보세요.","같은 차라도 조건은 다릅니다.비교하고 더 좋은 조건을 찾으세요."
"daegu\index.html","대구 장기렌트·자동차리스 가격비교 | 행복한렌트몰","대구 지역 장기렌트와 자동차리스 조건을 행복한렌트몰에서 비교하고 지역별 바로상담 정보를 확인해보세요.","같은 차라도 조건은 다릅니다.비교하고 더 좋은 조건을 찾으세요."
"daegu\buk-gu\index.html","대구 북구 장기렌트·자동차리스 가격비교 | 행복한렌트몰","대구 북구 장기렌트와 자동차리스 조건을 행복한렌트몰에서 비교하고 지역별 상담 정보를 확인해보세요.","같은 차라도 조건은 다릅니다.비교하고 더 좋은 조건을 찾으세요."
"daegu\buk-gu\검단동\index.html","대구 북구 검단동 장기렌트·자동차리스 가격비교 | 행복한렌트몰","대구 북구 검단동 장기렌트와 자동차리스 이용조건을 행복한렌트몰에서 비교하고 차량별 견적과 지역별 상담 정보를 확인해보세요.","같은 차라도 조건은 다릅니다.비교하고 더 좋은 조건을 찾으세요."
"daegu\buk-gu\관음동\index.html","대구 북구 관음동 장기렌트·자동차리스 가격비교 | 행복한렌트몰","대구 북구 관음동 장기렌트와 자동차리스 이용조건을 행복한렌트몰에서 비교하고 차량별 견적과 지역별 상담 정보를 확인해보세요.","같은 차라도 조건은 다릅니다.비교하고 더 좋은 조건을 찾으세요."
"daegu\buk-gu\구암동\index.html","대구 북구 구암동 장기렌트·자동차리스 가격비교 | 행복한렌트몰","대구 북구 구암동 장기렌트와 자동차리스 이용조건을 행복한렌트몰에서 비교하고 차량별 견적과 지역별 상담 정보를 확인해보세요.","같은 차라도 조건은 다릅니다.비교하고 더 좋은 조건을 찾으세요."
"daegu\buk-gu\국우동\index.html","대구 북구 국우동 장기렌트·자동차리스 가격비교 | 행복한렌트몰","대구 북구 국우동 장기렌트와 자동차리스 이용조건을 행복한렌트몰에서 비교하고 차량별 견적과 지역별 상담 정보를 확인해보세요.","같은 차라도 조건은 다릅니다.비교하고 더 좋은 조건을 찾으세요."
"daegu\buk-gu\금호동\index.html","대구 북구 금호동 장기렌트·자동차리스 가격비교 | 행복한렌트몰","대구 북구 금호동 장기렌트와 자동차리스 이용조건을 행복한렌트몰에서 비교하고 차량별 견적과 지역별 상담 정보를 확인해보세요.","같은 차라도 조건은 다릅니다.비교하고 더 좋은 조건을 찾으세요."
"daegu\buk-gu\노곡동\index.html","대구 북구 노곡동 장기렌트·자동차리스 가격비교 | 행복한렌트몰","대구 북구 노곡동 장기렌트와 자동차리스 이용조건을 행복한렌트몰에서 비교하고 차량별 견적과 지역별 상담 정보를 확인해보세요.","같은 차라도 조건은 다릅니다.비교하고 더 좋은 조건을 찾으세요."
"daegu\buk-gu\대현동\index.html","대구 북구 대현동 장기렌트·자동차리스 가격비교 | 행복한렌트몰","대구 북구 대현동 장기렌트와 자동차리스 이용조건을 행복한렌트몰에서 비교하고 차량별 견적과 지역별 상담 정보를 확인해보세요.","같은 차라도 조건은 다릅니다.비교하고 더 좋은 조건을 찾으세요."
"daegu\buk-gu\도남동\index.html","대구 북구 도남동 장기렌트·자동차리스 가격비교 | 행복한렌트몰","대구 북구 도남동 장기렌트와 자동차리스 이용조건을 행복한렌트몰에서 비교하고 차량별 견적과 지역별 상담 정보를 확인해보세요.","같은 차라도 조건은 다릅니다.비교하고 더 좋은 조건을 찾으세요."
"daegu\buk-gu\동변동\index.html","대구 북구 동변동 장기렌트·자동차리스 가격비교 | 행복한렌트몰","대구 북구 동변동 장기렌트와 자동차리스 이용조건을 행복한렌트몰에서 비교하고 차량별 견적과 지역별 상담 정보를 확인해보세요.","같은 차라도 조건은 다릅니다.비교하고 더 좋은 조건을 찾으세요."
"daegu\buk-gu\동천동\index.html","대구 북구 동천동 장기렌트·자동차리스 가격비교 | 행복한렌트몰","대구 북구 동천동 장기렌트와 자동차리스 이용조건을 행복한렌트몰에서 비교하고 차량별 견적과 지역별 상담 정보를 확인해보세요.","같은 차라도 조건은 다릅니다.비교하고 더 좋은 조건을 찾으세요."
"daegu\buk-gu\동호동\index.html","대구 북구 동호동 장기렌트·자동차리스 가격비교 | 행복한렌트몰","대구 북구 동호동 장기렌트와 자동차리스 이용조건을 행복한렌트몰에서 비교하고 차량별 견적과 지역별 상담 정보를 확인해보세요.","같은 차라도 조건은 다릅니다.비교하고 더 좋은 조건을 찾으세요."
"daegu\buk-gu\매천동\index.html","대구 북구 매천동 장기렌트·자동차리스 가격비교 | 행복한렌트몰","대구 북구 매천동 장기렌트와 자동차리스 이용조건을 행복한렌트몰에서 비교하고 차량별 견적과 지역별 상담 정보를 확인해보세요.","같은 차라도 조건은 다릅니다.비교하고 더 좋은 조건을 찾으세요."
"daegu\buk-gu\복현동\index.html","대구 북구 복현동 장기렌트·자동차리스 가격비교 | 행복한렌트몰","대구 북구 복현동 장기렌트와 자동차리스 이용조건을 행복한렌트몰에서 비교하고 차량별 견적과 지역별 상담 정보를 확인해보세요.","같은 차라도 조건은 다릅니다.비교하고 더 좋은 조건을 찾으세요."
"daegu\buk-gu\사수동\index.html","대구 북구 사수동 장기렌트·자동차리스 가격비교 | 행복한렌트몰","대구 북구 사수동 장기렌트와 자동차리스 이용조건을 행복한렌트몰에서 비교하고 차량별 견적과 지역별 상담 정보를 확인해보세요.","같은 차라도 조건은 다릅니다.비교하고 더 좋은 조건을 찾으세요."
"daegu\buk-gu\산격동\index.html","대구 북구 산격동 장기렌트·자동차리스 가격비교 | 행복한렌트몰","대구 북구 산격동 장기렌트와 자동차리스 이용조건을 행복한렌트몰에서 비교하고 차량별 견적과 지역별 상담 정보를 확인해보세요.","같은 차라도 조건은 다릅니다.비교하고 더 좋은 조건을 찾으세요."
"daegu\buk-gu\서변동\index.html","대구 북구 서변동 장기렌트·자동차리스 가격비교 | 행복한렌트몰","대구 북구 서변동 장기렌트와 자동차리스 이용조건을 행복한렌트몰에서 비교하고 차량별 견적과 지역별 상담 정보를 확인해보세요.","같은 차라도 조건은 다릅니다.비교하고 더 좋은 조건을 찾으세요."
"daegu\buk-gu\연경동\index.html","대구 북구 연경동 장기렌트·자동차리스 가격비교 | 행복한렌트몰","대구 북구 연경동 장기렌트와 자동차리스 이용조건을 행복한렌트몰에서 비교하고 차량별 견적과 지역별 상담 정보를 확인해보세요.","같은 차라도 조건은 다릅니다.비교하고 더 좋은 조건을 찾으세요."
"daegu\buk-gu\읍내동\index.html","대구 북구 읍내동 장기렌트·자동차리스 가격비교 | 행복한렌트몰","대구 북구 읍내동 장기렌트와 자동차리스 이용조건을 행복한렌트몰에서 비교하고 차량별 견적과 지역별 상담 정보를 확인해보세요.","같은 차라도 조건은 다릅니다.비교하고 더 좋은 조건을 찾으세요."
"daegu\buk-gu\조야동\index.html","대구 북구 조야동 장기렌트·자동차리스 가격비교 | 행복한렌트몰","대구 북구 조야동 장기렌트와 자동차리스 이용조건을 행복한렌트몰에서 비교하고 차량별 견적과 지역별 상담 정보를 확인해보세요.","같은 차라도 조건은 다릅니다.비교하고 더 좋은 조건을 찾으세요."
"daegu\buk-gu\침산동\index.html","대구 북구 침산동 장기렌트·자동차리스 가격비교 | 행복한렌트몰","대구 북구 침산동 장기렌트와 자동차리스 이용조건을 행복한렌트몰에서 비교하고 차량별 견적과 지역별 상담 정보를 확인해보세요.","같은 차라도 조건은 다릅니다.비교하고 더 좋은 조건을 찾으세요."
"daegu\buk-gu\태전동\index.html","대구 북구 태전동 장기렌트·자동차리스 가격비교 | 행복한렌트몰","대구 북구 태전동 장기렌트와 자동차리스 이용조건을 행복한렌트몰에서 비교하고 차량별 견적과 지역별 상담 정보를 확인해보세요.","같은 차라도 조건은 다릅니다.비교하고 더 좋은 조건을 찾으세요."
"daegu\buk-gu\팔달동\index.html","대구 북구 팔달동 장기렌트·자동차리스 가격비교 | 행복한렌트몰","대구 북구 팔달동 장기렌트와 자동차리스 이용조건을 행복한렌트몰에서 비교하고 차량별 견적과 지역별 상담 정보를 확인해보세요.","같은 차라도 조건은 다릅니다.비교하고 더 좋은 조건을 찾으세요."
"daegu\buk-gu\학정동\index.html","대구 북구 학정동 장기렌트·자동차리스 가격비교 | 행복한렌트몰","대구 북구 학정동 장기렌트와 자동차리스 이용조건을 행복한렌트몰에서 비교하고 차량별 견적과 지역별 상담 정보를 확인해보세요.","같은 차라도 조건은 다릅니다.비교하고 더 좋은 조건을 찾으세요."
"daegu\dalseo-gu\index.html","대구 달서구 장기렌트·자동차리스 가격비교 | 행복한렌트몰","대구 달서구 장기렌트와 자동차리스 조건을 행복한렌트몰에서 비교하고 지역별 상담 정보를 확인해보세요.","같은 차라도 조건은 다릅니다.비교하고 더 좋은 조건을 찾으세요."
"daegu\dalseo-gu\갈산동\index.html","대구 달서구 갈산동 장기렌트·자동차리스 가격비교 | 행복한렌트몰","대구 달서구 갈산동 장기렌트와 자동차리스 이용조건을 행복한렌트몰에서 비교하고 차량별 견적과 지역별 상담 정보를 확인해보세요.","같은 차라도 조건은 다릅니다.비교하고 더 좋은 조건을 찾으세요."
"daegu\dalseo-gu\감삼동\index.html","대구 달서구 감삼동 장기렌트·자동차리스 가격비교 | 행복한렌트몰","대구 달서구 감삼동 장기렌트와 자동차리스 이용조건을 행복한렌트몰에서 비교하고 차량별 견적과 지역별 상담 정보를 확인해보세요.","같은 차라도 조건은 다릅니다.비교하고 더 좋은 조건을 찾으세요."
"daegu\dalseo-gu\대곡동\index.html","대구 달서구 대곡동 장기렌트·자동차리스 가격비교 | 행복한렌트몰","대구 달서구 대곡동 장기렌트와 자동차리스 이용조건을 행복한렌트몰에서 비교하고 차량별 견적과 지역별 상담 정보를 확인해보세요.","같은 차라도 조건은 다릅니다.비교하고 더 좋은 조건을 찾으세요."
"daegu\dalseo-gu\대천동\index.html","대구 달서구 대천동 장기렌트·자동차리스 가격비교 | 행복한렌트몰","대구 달서구 대천동 장기렌트와 자동차리스 이용조건을 행복한렌트몰에서 비교하고 차량별 견적과 지역별 상담 정보를 확인해보세요.","같은 차라도 조건은 다릅니다.비교하고 더 좋은 조건을 찾으세요."
"daegu\dalseo-gu\도원동\index.html","대구 달서구 도원동 장기렌트·자동차리스 가격비교 | 행복한렌트몰","대구 달서구 도원동 장기렌트와 자동차리스 이용조건을 행복한렌트몰에서 비교하고 차량별 견적과 지역별 상담 정보를 확인해보세요.","같은 차라도 조건은 다릅니다.비교하고 더 좋은 조건을 찾으세요."
"daegu\dalseo-gu\두류동\index.html","대구 달서구 두류동 장기렌트·자동차리스 가격비교 | 행복한렌트몰","대구 달서구 두류동 장기렌트와 자동차리스 이용조건을 행복한렌트몰에서 비교하고 차량별 견적과 지역별 상담 정보를 확인해보세요.","같은 차라도 조건은 다릅니다.비교하고 더 좋은 조건을 찾으세요."
"daegu\dalseo-gu\본동\index.html","대구 달서구 본동 장기렌트·자동차리스 가격비교 | 행복한렌트몰","대구 달서구 본동 장기렌트와 자동차리스 이용조건을 행복한렌트몰에서 비교하고 차량별 견적과 지역별 상담 정보를 확인해보세요.","같은 차라도 조건은 다릅니다.비교하고 더 좋은 조건을 찾으세요."
"daegu\dalseo-gu\본리동\index.html","대구 달서구 본리동 장기렌트·자동차리스 가격비교 | 행복한렌트몰","대구 달서구 본리동 장기렌트와 자동차리스 이용조건을 행복한렌트몰에서 비교하고 차량별 견적과 지역별 상담 정보를 확인해보세요.","같은 차라도 조건은 다릅니다.비교하고 더 좋은 조건을 찾으세요."
"daegu\dalseo-gu\상인동\index.html","대구 달서구 상인동 장기렌트·자동차리스 가격비교 | 행복한렌트몰","대구 달서구 상인동 장기렌트와 자동차리스 이용조건을 행복한렌트몰에서 비교하고 차량별 견적과 지역별 상담 정보를 확인해보세요.","같은 차라도 조건은 다릅니다.비교하고 더 좋은 조건을 찾으세요."
"daegu\dalseo-gu\성당동\index.html","대구 달서구 성당동 장기렌트·자동차리스 가격비교 | 행복한렌트몰","대구 달서구 성당동 장기렌트와 자동차리스 이용조건을 행복한렌트몰에서 비교하고 차량별 견적과 지역별 상담 정보를 확인해보세요.","같은 차라도 조건은 다릅니다.비교하고 더 좋은 조건을 찾으세요."
"daegu\dalseo-gu\송현동\index.html","대구 달서구 송현동 장기렌트·자동차리스 가격비교 | 행복한렌트몰","대구 달서구 송현동 장기렌트와 자동차리스 이용조건을 행복한렌트몰에서 비교하고 차량별 견적과 지역별 상담 정보를 확인해보세요.","같은 차라도 조건은 다릅니다.비교하고 더 좋은 조건을 찾으세요."
"daegu\dalseo-gu\신당동\index.html","대구 달서구 신당동 장기렌트·자동차리스 가격비교 | 행복한렌트몰","대구 달서구 신당동 장기렌트와 자동차리스 이용조건을 행복한렌트몰에서 비교하고 차량별 견적과 지역별 상담 정보를 확인해보세요.","같은 차라도 조건은 다릅니다.비교하고 더 좋은 조건을 찾으세요."
"daegu\dalseo-gu\용산동\index.html","대구 달서구 용산동 장기렌트·자동차리스 가격비교 | 행복한렌트몰","대구 달서구 용산동 장기렌트와 자동차리스 이용조건을 행복한렌트몰에서 비교하고 차량별 견적과 지역별 상담 정보를 확인해보세요.","같은 차라도 조건은 다릅니다.비교하고 더 좋은 조건을 찾으세요."
"daegu\dalseo-gu\월성동\index.html","대구 달서구 월성동 장기렌트·자동차리스 가격비교 | 행복한렌트몰","대구 달서구 월성동 장기렌트와 자동차리스 이용조건을 행복한렌트몰에서 비교하고 차량별 견적과 지역별 상담 정보를 확인해보세요.","같은 차라도 조건은 다릅니다.비교하고 더 좋은 조건을 찾으세요."
"daegu\dalseo-gu\월암동\index.html","대구 달서구 월암동 장기렌트·자동차리스 가격비교 | 행복한렌트몰","대구 달서구 월암동 장기렌트와 자동차리스 이용조건을 행복한렌트몰에서 비교하고 차량별 견적과 지역별 상담 정보를 확인해보세요.","같은 차라도 조건은 다릅니다.비교하고 더 좋은 조건을 찾으세요."
"daegu\dalseo-gu\유천동\index.html","대구 달서구 유천동 장기렌트·자동차리스 가격비교 | 행복한렌트몰","대구 달서구 유천동 장기렌트와 자동차리스 이용조건을 행복한렌트몰에서 비교하고 차량별 견적과 지역별 상담 정보를 확인해보세요.","같은 차라도 조건은 다릅니다.비교하고 더 좋은 조건을 찾으세요."
"daegu\dalseo-gu\이곡동\index.html","대구 달서구 이곡동 장기렌트·자동차리스 가격비교 | 행복한렌트몰","대구 달서구 이곡동 장기렌트와 자동차리스 이용조건을 행복한렌트몰에서 비교하고 차량별 견적과 지역별 상담 정보를 확인해보세요.","같은 차라도 조건은 다릅니다.비교하고 더 좋은 조건을 찾으세요."
"daegu\dalseo-gu\장기동\index.html","대구 달서구 장기동 장기렌트·자동차리스 가격비교 | 행복한렌트몰","대구 달서구 장기동 장기렌트와 자동차리스 이용조건을 행복한렌트몰에서 비교하고 차량별 견적과 지역별 상담 정보를 확인해보세요.","같은 차라도 조건은 다릅니다.비교하고 더 좋은 조건을 찾으세요."
"daegu\dalseo-gu\장동\index.html","대구 달서구 장동 장기렌트·자동차리스 가격비교 | 행복한렌트몰","대구 달서구 장동 장기렌트와 자동차리스 이용조건을 행복한렌트몰에서 비교하고 차량별 견적과 지역별 상담 정보를 확인해보세요.","같은 차라도 조건은 다릅니다.비교하고 더 좋은 조건을 찾으세요."
"daegu\dalseo-gu\죽전동\index.html","대구 달서구 죽전동 장기렌트·자동차리스 가격비교 | 행복한렌트몰","대구 달서구 죽전동 장기렌트와 자동차리스 이용조건을 행복한렌트몰에서 비교하고 차량별 견적과 지역별 상담 정보를 확인해보세요.","같은 차라도 조건은 다릅니다.비교하고 더 좋은 조건을 찾으세요."
"daegu\dalseo-gu\진천동\index.html","대구 달서구 진천동 장기렌트·자동차리스 가격비교 | 행복한렌트몰","대구 달서구 진천동 장기렌트와 자동차리스 이용조건을 행복한렌트몰에서 비교하고 차량별 견적과 지역별 상담 정보를 확인해보세요.","같은 차라도 조건은 다릅니다.비교하고 더 좋은 조건을 찾으세요."
"daegu\dalseo-gu\파호동\index.html","대구 달서구 파호동 장기렌트·자동차리스 가격비교 | 행복한렌트몰","대구 달서구 파호동 장기렌트와 자동차리스 이용조건을 행복한렌트몰에서 비교하고 차량별 견적과 지역별 상담 정보를 확인해보세요.","같은 차라도 조건은 다릅니다.비교하고 더 좋은 조건을 찾으세요."
"daegu\dalseo-gu\호림동\index.html","대구 달서구 호림동 장기렌트·자동차리스 가격비교 | 행복한렌트몰","대구 달서구 호림동 장기렌트와 자동차리스 이용조건을 행복한렌트몰에서 비교하고 차량별 견적과 지역별 상담 정보를 확인해보세요.","같은 차라도 조건은 다릅니다.비교하고 더 좋은 조건을 찾으세요."
"daegu\dalseo-gu\호산동\index.html","대구 달서구 호산동 장기렌트·자동차리스 가격비교 | 행복한렌트몰","대구 달서구 호산동 장기렌트와 자동차리스 이용조건을 행복한렌트몰에서 비교하고 차량별 견적과 지역별 상담 정보를 확인해보세요.","같은 차라도 조건은 다릅니다.비교하고 더 좋은 조건을 찾으세요."
"daegu\dalseong-gun\index.html","대구 달성군 장기렌트·자동차리스 가격비교 | 행복한렌트몰","대구 달성군 장기렌트와 자동차리스 조건을 행복한렌트몰에서 비교하고 지역별 상담 정보를 확인해보세요.","같은 차라도 조건은 다릅니다.비교하고 더 좋은 조건을 찾으세요."
"daegu\dalseong-gun\가창면\index.html","대구 달성군 가창면 장기렌트·자동차리스 가격비교 | 행복한렌트몰","대구 달성군 가창면 장기렌트와 자동차리스 이용조건을 행복한렌트몰에서 비교하고 차량별 견적과 지역별 상담 정보를 확인해보세요.","같은 차라도 조건은 다릅니다.비교하고 더 좋은 조건을 찾으세요."
"daegu\dalseong-gun\구지면\index.html","대구 달성군 구지면 장기렌트·자동차리스 가격비교 | 행복한렌트몰","대구 달성군 구지면 장기렌트와 자동차리스 이용조건을 행복한렌트몰에서 비교하고 차량별 견적과 지역별 상담 정보를 확인해보세요.","같은 차라도 조건은 다릅니다.비교하고 더 좋은 조건을 찾으세요."
"daegu\dalseong-gun\논공읍\index.html","대구 달성군 논공읍 장기렌트·자동차리스 가격비교 | 행복한렌트몰","대구 달성군 논공읍 장기렌트와 자동차리스 이용조건을 행복한렌트몰에서 비교하고 차량별 견적과 지역별 상담 정보를 확인해보세요.","같은 차라도 조건은 다릅니다.비교하고 더 좋은 조건을 찾으세요."
"daegu\dalseong-gun\다사읍\index.html","대구 달성군 다사읍 장기렌트·자동차리스 가격비교 | 행복한렌트몰","대구 달성군 다사읍 장기렌트와 자동차리스 이용조건을 행복한렌트몰에서 비교하고 차량별 견적과 지역별 상담 정보를 확인해보세요.","같은 차라도 조건은 다릅니다.비교하고 더 좋은 조건을 찾으세요."
"daegu\dalseong-gun\옥포읍\index.html","대구 달성군 옥포읍 장기렌트·자동차리스 가격비교 | 행복한렌트몰","대구 달성군 옥포읍 장기렌트와 자동차리스 이용조건을 행복한렌트몰에서 비교하고 차량별 견적과 지역별 상담 정보를 확인해보세요.","같은 차라도 조건은 다릅니다.비교하고 더 좋은 조건을 찾으세요."
"daegu\dalseong-gun\유가읍\index.html","대구 달성군 유가읍 장기렌트·자동차리스 가격비교 | 행복한렌트몰","대구 달성군 유가읍 장기렌트와 자동차리스 이용조건을 행복한렌트몰에서 비교하고 차량별 견적과 지역별 상담 정보를 확인해보세요.","같은 차라도 조건은 다릅니다.비교하고 더 좋은 조건을 찾으세요."
"daegu\dalseong-gun\하빈면\index.html","대구 달성군 하빈면 장기렌트·자동차리스 가격비교 | 행복한렌트몰","대구 달성군 하빈면 장기렌트와 자동차리스 이용조건을 행복한렌트몰에서 비교하고 차량별 견적과 지역별 상담 정보를 확인해보세요.","같은 차라도 조건은 다릅니다.비교하고 더 좋은 조건을 찾으세요."
"daegu\dalseong-gun\현풍읍\index.html","대구 달성군 현풍읍 장기렌트·자동차리스 가격비교 | 행복한렌트몰","대구 달성군 현풍읍 장기렌트와 자동차리스 이용조건을 행복한렌트몰에서 비교하고 차량별 견적과 지역별 상담 정보를 확인해보세요.","같은 차라도 조건은 다릅니다.비교하고 더 좋은 조건을 찾으세요."
"daegu\dalseong-gun\화원읍\index.html","대구 달성군 화원읍 장기렌트·자동차리스 가격비교 | 행복한렌트몰","대구 달성군 화원읍 장기렌트와 자동차리스 이용조건을 행복한렌트몰에서 비교하고 차량별 견적과 지역별 상담 정보를 확인해보세요.","같은 차라도 조건은 다릅니다.비교하고 더 좋은 조건을 찾으세요."
"daegu\dong-gu\index.html","대구 동구 장기렌트·자동차리스 가격비교 | 행복한렌트몰","대구 동구 장기렌트와 자동차리스 조건을 행복한렌트몰에서 비교하고 지역별 상담 정보를 확인해보세요.","같은 차라도 조건은 다릅니다.비교하고 더 좋은 조건을 찾으세요."
"daegu\dong-gu\각산동\index.html","대구 동구 각산동 장기렌트·자동차리스 가격비교 | 행복한렌트몰","대구 동구 각산동 장기렌트와 자동차리스 이용조건을 행복한렌트몰에서 비교하고 차량별 견적과 지역별 상담 정보를 확인해보세요.","같은 차라도 조건은 다릅니다.비교하고 더 좋은 조건을 찾으세요."
"daegu\dong-gu\검사동\index.html","대구 동구 검사동 장기렌트·자동차리스 가격비교 | 행복한렌트몰","대구 동구 검사동 장기렌트와 자동차리스 이용조건을 행복한렌트몰에서 비교하고 차량별 견적과 지역별 상담 정보를 확인해보세요.","같은 차라도 조건은 다릅니다.비교하고 더 좋은 조건을 찾으세요."
"daegu\dong-gu\괴전동\index.html","대구 동구 괴전동 장기렌트·자동차리스 가격비교 | 행복한렌트몰","대구 동구 괴전동 장기렌트와 자동차리스 이용조건을 행복한렌트몰에서 비교하고 차량별 견적과 지역별 상담 정보를 확인해보세요.","같은 차라도 조건은 다릅니다.비교하고 더 좋은 조건을 찾으세요."
"daegu\dong-gu\금강동\index.html","대구 동구 금강동 장기렌트·자동차리스 가격비교 | 행복한렌트몰","대구 동구 금강동 장기렌트와 자동차리스 이용조건을 행복한렌트몰에서 비교하고 차량별 견적과 지역별 상담 정보를 확인해보세요.","같은 차라도 조건은 다릅니다.비교하고 더 좋은 조건을 찾으세요."
"daegu\dong-gu\내곡동\index.html","대구 동구 내곡동 장기렌트·자동차리스 가격비교 | 행복한렌트몰","대구 동구 내곡동 장기렌트와 자동차리스 이용조건을 행복한렌트몰에서 비교하고 차량별 견적과 지역별 상담 정보를 확인해보세요.","같은 차라도 조건은 다릅니다.비교하고 더 좋은 조건을 찾으세요."
"daegu\dong-gu\내동\index.html","대구 동구 내동 장기렌트·자동차리스 가격비교 | 행복한렌트몰","대구 동구 내동 장기렌트와 자동차리스 이용조건을 행복한렌트몰에서 비교하고 차량별 견적과 지역별 상담 정보를 확인해보세요.","같은 차라도 조건은 다릅니다.비교하고 더 좋은 조건을 찾으세요."
"daegu\dong-gu\능성동\index.html","대구 동구 능성동 장기렌트·자동차리스 가격비교 | 행복한렌트몰","대구 동구 능성동 장기렌트와 자동차리스 이용조건을 행복한렌트몰에서 비교하고 차량별 견적과 지역별 상담 정보를 확인해보세요.","같은 차라도 조건은 다릅니다.비교하고 더 좋은 조건을 찾으세요."
"daegu\dong-gu\대림동\index.html","대구 동구 대림동 장기렌트·자동차리스 가격비교 | 행복한렌트몰","대구 동구 대림동 장기렌트와 자동차리스 이용조건을 행복한렌트몰에서 비교하고 차량별 견적과 지역별 상담 정보를 확인해보세요.","같은 차라도 조건은 다릅니다.비교하고 더 좋은 조건을 찾으세요."
"daegu\dong-gu\덕곡동\index.html","대구 동구 덕곡동 장기렌트·자동차리스 가격비교 | 행복한렌트몰","대구 동구 덕곡동 장기렌트와 자동차리스 이용조건을 행복한렌트몰에서 비교하고 차량별 견적과 지역별 상담 정보를 확인해보세요.","같은 차라도 조건은 다릅니다.비교하고 더 좋은 조건을 찾으세요."
"daegu\dong-gu\도동\index.html","대구 동구 도동 장기렌트·자동차리스 가격비교 | 행복한렌트몰","대구 동구 도동 장기렌트와 자동차리스 이용조건을 행복한렌트몰에서 비교하고 차량별 견적과 지역별 상담 정보를 확인해보세요.","같은 차라도 조건은 다릅니다.비교하고 더 좋은 조건을 찾으세요."
"daegu\dong-gu\도학동\index.html","대구 동구 도학동 장기렌트·자동차리스 가격비교 | 행복한렌트몰","대구 동구 도학동 장기렌트와 자동차리스 이용조건을 행복한렌트몰에서 비교하고 차량별 견적과 지역별 상담 정보를 확인해보세요.","같은 차라도 조건은 다릅니다.비교하고 더 좋은 조건을 찾으세요."
"daegu\dong-gu\동내동\index.html","대구 동구 동내동 장기렌트·자동차리스 가격비교 | 행복한렌트몰","대구 동구 동내동 장기렌트와 자동차리스 이용조건을 행복한렌트몰에서 비교하고 차량별 견적과 지역별 상담 정보를 확인해보세요.","같은 차라도 조건은 다릅니다.비교하고 더 좋은 조건을 찾으세요."
"daegu\dong-gu\동호동\index.html","대구 동구 동호동 장기렌트·자동차리스 가격비교 | 행복한렌트몰","대구 동구 동호동 장기렌트와 자동차리스 이용조건을 행복한렌트몰에서 비교하고 차량별 견적과 지역별 상담 정보를 확인해보세요.","같은 차라도 조건은 다릅니다.비교하고 더 좋은 조건을 찾으세요."
"daegu\dong-gu\둔산동\index.html","대구 동구 둔산동 장기렌트·자동차리스 가격비교 | 행복한렌트몰","대구 동구 둔산동 장기렌트와 자동차리스 이용조건을 행복한렌트몰에서 비교하고 차량별 견적과 지역별 상담 정보를 확인해보세요.","같은 차라도 조건은 다릅니다.비교하고 더 좋은 조건을 찾으세요."
"daegu\dong-gu\매여동\index.html","대구 동구 매여동 장기렌트·자동차리스 가격비교 | 행복한렌트몰","대구 동구 매여동 장기렌트와 자동차리스 이용조건을 행복한렌트몰에서 비교하고 차량별 견적과 지역별 상담 정보를 확인해보세요.","같은 차라도 조건은 다릅니다.비교하고 더 좋은 조건을 찾으세요."
"daegu\dong-gu\미곡동\index.html","대구 동구 미곡동 장기렌트·자동차리스 가격비교 | 행복한렌트몰","대구 동구 미곡동 장기렌트와 자동차리스 이용조건을 행복한렌트몰에서 비교하고 차량별 견적과 지역별 상담 정보를 확인해보세요.","같은 차라도 조건은 다릅니다.비교하고 더 좋은 조건을 찾으세요."
"daegu\dong-gu\미대동\index.html","대구 동구 미대동 장기렌트·자동차리스 가격비교 | 행복한렌트몰","대구 동구 미대동 장기렌트와 자동차리스 이용조건을 행복한렌트몰에서 비교하고 차량별 견적과 지역별 상담 정보를 확인해보세요.","같은 차라도 조건은 다릅니다.비교하고 더 좋은 조건을 찾으세요."
"daegu\dong-gu\방촌동\index.html","대구 동구 방촌동 장기렌트·자동차리스 가격비교 | 행복한렌트몰","대구 동구 방촌동 장기렌트와 자동차리스 이용조건을 행복한렌트몰에서 비교하고 차량별 견적과 지역별 상담 정보를 확인해보세요.","같은 차라도 조건은 다릅니다.비교하고 더 좋은 조건을 찾으세요."
"daegu\dong-gu\백안동\index.html","대구 동구 백안동 장기렌트·자동차리스 가격비교 | 행복한렌트몰","대구 동구 백안동 장기렌트와 자동차리스 이용조건을 행복한렌트몰에서 비교하고 차량별 견적과 지역별 상담 정보를 확인해보세요.","같은 차라도 조건은 다릅니다.비교하고 더 좋은 조건을 찾으세요."
"daegu\dong-gu\봉무동\index.html","대구 동구 봉무동 장기렌트·자동차리스 가격비교 | 행복한렌트몰","대구 동구 봉무동 장기렌트와 자동차리스 이용조건을 행복한렌트몰에서 비교하고 차량별 견적과 지역별 상담 정보를 확인해보세요.","같은 차라도 조건은 다릅니다.비교하고 더 좋은 조건을 찾으세요."
"daegu\dong-gu\부동\index.html","대구 동구 부동 장기렌트·자동차리스 가격비교 | 행복한렌트몰","대구 동구 부동 장기렌트와 자동차리스 이용조건을 행복한렌트몰에서 비교하고 차량별 견적과 지역별 상담 정보를 확인해보세요.","같은 차라도 조건은 다릅니다.비교하고 더 좋은 조건을 찾으세요."
"daegu\dong-gu\불로동\index.html","대구 동구 불로동 장기렌트·자동차리스 가격비교 | 행복한렌트몰","대구 동구 불로동 장기렌트와 자동차리스 이용조건을 행복한렌트몰에서 비교하고 차량별 견적과 지역별 상담 정보를 확인해보세요.","같은 차라도 조건은 다릅니다.비교하고 더 좋은 조건을 찾으세요."
"daegu\dong-gu\사복동\index.html","대구 동구 사복동 장기렌트·자동차리스 가격비교 | 행복한렌트몰","대구 동구 사복동 장기렌트와 자동차리스 이용조건을 행복한렌트몰에서 비교하고 차량별 견적과 지역별 상담 정보를 확인해보세요.","같은 차라도 조건은 다릅니다.비교하고 더 좋은 조건을 찾으세요."
"daegu\dong-gu\상매동\index.html","대구 동구 상매동 장기렌트·자동차리스 가격비교 | 행복한렌트몰","대구 동구 상매동 장기렌트와 자동차리스 이용조건을 행복한렌트몰에서 비교하고 차량별 견적과 지역별 상담 정보를 확인해보세요.","같은 차라도 조건은 다릅니다.비교하고 더 좋은 조건을 찾으세요."
"daegu\dong-gu\서호동\index.html","대구 동구 서호동 장기렌트·자동차리스 가격비교 | 행복한렌트몰","대구 동구 서호동 장기렌트와 자동차리스 이용조건을 행복한렌트몰에서 비교하고 차량별 견적과 지역별 상담 정보를 확인해보세요.","같은 차라도 조건은 다릅니다.비교하고 더 좋은 조건을 찾으세요."
"daegu\dong-gu\송정동\index.html","대구 동구 송정동 장기렌트·자동차리스 가격비교 | 행복한렌트몰","대구 동구 송정동 장기렌트와 자동차리스 이용조건을 행복한렌트몰에서 비교하고 차량별 견적과 지역별 상담 정보를 확인해보세요.","같은 차라도 조건은 다릅니다.비교하고 더 좋은 조건을 찾으세요."
"daegu\dong-gu\숙천동\index.html","대구 동구 숙천동 장기렌트·자동차리스 가격비교 | 행복한렌트몰","대구 동구 숙천동 장기렌트와 자동차리스 이용조건을 행복한렌트몰에서 비교하고 차량별 견적과 지역별 상담 정보를 확인해보세요.","같은 차라도 조건은 다릅니다.비교하고 더 좋은 조건을 찾으세요."
"daegu\dong-gu\신기동\index.html","대구 동구 신기동 장기렌트·자동차리스 가격비교 | 행복한렌트몰","대구 동구 신기동 장기렌트와 자동차리스 이용조건을 행복한렌트몰에서 비교하고 차량별 견적과 지역별 상담 정보를 확인해보세요.","같은 차라도 조건은 다릅니다.비교하고 더 좋은 조건을 찾으세요."
"daegu\dong-gu\신무동\index.html","대구 동구 신무동 장기렌트·자동차리스 가격비교 | 행복한렌트몰","대구 동구 신무동 장기렌트와 자동차리스 이용조건을 행복한렌트몰에서 비교하고 차량별 견적과 지역별 상담 정보를 확인해보세요.","같은 차라도 조건은 다릅니다.비교하고 더 좋은 조건을 찾으세요."
"daegu\dong-gu\신서동\index.html","대구 동구 신서동 장기렌트·자동차리스 가격비교 | 행복한렌트몰","대구 동구 신서동 장기렌트와 자동차리스 이용조건을 행복한렌트몰에서 비교하고 차량별 견적과 지역별 상담 정보를 확인해보세요.","같은 차라도 조건은 다릅니다.비교하고 더 좋은 조건을 찾으세요."
"daegu\dong-gu\신암동\index.html","대구 동구 신암동 장기렌트·자동차리스 가격비교 | 행복한렌트몰","대구 동구 신암동 장기렌트와 자동차리스 이용조건을 행복한렌트몰에서 비교하고 차량별 견적과 지역별 상담 정보를 확인해보세요.","같은 차라도 조건은 다릅니다.비교하고 더 좋은 조건을 찾으세요."
"daegu\dong-gu\신용동\index.html","대구 동구 신용동 장기렌트·자동차리스 가격비교 | 행복한렌트몰","대구 동구 신용동 장기렌트와 자동차리스 이용조건을 행복한렌트몰에서 비교하고 차량별 견적과 지역별 상담 정보를 확인해보세요.","같은 차라도 조건은 다릅니다.비교하고 더 좋은 조건을 찾으세요."
"daegu\dong-gu\신천동\index.html","대구 동구 신천동 장기렌트·자동차리스 가격비교 | 행복한렌트몰","대구 동구 신천동 장기렌트와 자동차리스 이용조건을 행복한렌트몰에서 비교하고 차량별 견적과 지역별 상담 정보를 확인해보세요.","같은 차라도 조건은 다릅니다.비교하고 더 좋은 조건을 찾으세요."
"daegu\dong-gu\신평동\index.html","대구 동구 신평동 장기렌트·자동차리스 가격비교 | 행복한렌트몰","대구 동구 신평동 장기렌트와 자동차리스 이용조건을 행복한렌트몰에서 비교하고 차량별 견적과 지역별 상담 정보를 확인해보세요.","같은 차라도 조건은 다릅니다.비교하고 더 좋은 조건을 찾으세요."
"daegu\dong-gu\용계동\index.html","대구 동구 용계동 장기렌트·자동차리스 가격비교 | 행복한렌트몰","대구 동구 용계동 장기렌트와 자동차리스 이용조건을 행복한렌트몰에서 비교하고 차량별 견적과 지역별 상담 정보를 확인해보세요.","같은 차라도 조건은 다릅니다.비교하고 더 좋은 조건을 찾으세요."
"daegu\dong-gu\용수동\index.html","대구 동구 용수동 장기렌트·자동차리스 가격비교 | 행복한렌트몰","대구 동구 용수동 장기렌트와 자동차리스 이용조건을 행복한렌트몰에서 비교하고 차량별 견적과 지역별 상담 정보를 확인해보세요.","같은 차라도 조건은 다릅니다.비교하고 더 좋은 조건을 찾으세요."
"daegu\dong-gu\율암동\index.html","대구 동구 율암동 장기렌트·자동차리스 가격비교 | 행복한렌트몰","대구 동구 율암동 장기렌트와 자동차리스 이용조건을 행복한렌트몰에서 비교하고 차량별 견적과 지역별 상담 정보를 확인해보세요.","같은 차라도 조건은 다릅니다.비교하고 더 좋은 조건을 찾으세요."
"daegu\dong-gu\율하동\index.html","대구 동구 율하동 장기렌트·자동차리스 가격비교 | 행복한렌트몰","대구 동구 율하동 장기렌트와 자동차리스 이용조건을 행복한렌트몰에서 비교하고 차량별 견적과 지역별 상담 정보를 확인해보세요.","같은 차라도 조건은 다릅니다.비교하고 더 좋은 조건을 찾으세요."
"daegu\dong-gu\입석동\index.html","대구 동구 입석동 장기렌트·자동차리스 가격비교 | 행복한렌트몰","대구 동구 입석동 장기렌트와 자동차리스 이용조건을 행복한렌트몰에서 비교하고 차량별 견적과 지역별 상담 정보를 확인해보세요.","같은 차라도 조건은 다릅니다.비교하고 더 좋은 조건을 찾으세요."
"daegu\dong-gu\중대동\index.html","대구 동구 중대동 장기렌트·자동차리스 가격비교 | 행복한렌트몰","대구 동구 중대동 장기렌트와 자동차리스 이용조건을 행복한렌트몰에서 비교하고 차량별 견적과 지역별 상담 정보를 확인해보세요.","같은 차라도 조건은 다릅니다.비교하고 더 좋은 조건을 찾으세요."
"daegu\dong-gu\지묘동\index.html","대구 동구 지묘동 장기렌트·자동차리스 가격비교 | 행복한렌트몰","대구 동구 지묘동 장기렌트와 자동차리스 이용조건을 행복한렌트몰에서 비교하고 차량별 견적과 지역별 상담 정보를 확인해보세요.","같은 차라도 조건은 다릅니다.비교하고 더 좋은 조건을 찾으세요."
"daegu\dong-gu\지저동\index.html","대구 동구 지저동 장기렌트·자동차리스 가격비교 | 행복한렌트몰","대구 동구 지저동 장기렌트와 자동차리스 이용조건을 행복한렌트몰에서 비교하고 차량별 견적과 지역별 상담 정보를 확인해보세요.","같은 차라도 조건은 다릅니다.비교하고 더 좋은 조건을 찾으세요."
"daegu\dong-gu\진인동\index.html","대구 동구 진인동 장기렌트·자동차리스 가격비교 | 행복한렌트몰","대구 동구 진인동 장기렌트와 자동차리스 이용조건을 행복한렌트몰에서 비교하고 차량별 견적과 지역별 상담 정보를 확인해보세요.","같은 차라도 조건은 다릅니다.비교하고 더 좋은 조건을 찾으세요."
"daegu\dong-gu\평광동\index.html","대구 동구 평광동 장기렌트·자동차리스 가격비교 | 행복한렌트몰","대구 동구 평광동 장기렌트와 자동차리스 이용조건을 행복한렌트몰에서 비교하고 차량별 견적과 지역별 상담 정보를 확인해보세요.","같은 차라도 조건은 다릅니다.비교하고 더 좋은 조건을 찾으세요."
"daegu\dong-gu\효목동\index.html","대구 동구 효목동 장기렌트·자동차리스 가격비교 | 행복한렌트몰","대구 동구 효목동 장기렌트와 자동차리스 이용조건을 행복한렌트몰에서 비교하고 차량별 견적과 지역별 상담 정보를 확인해보세요.","같은 차라도 조건은 다릅니다.비교하고 더 좋은 조건을 찾으세요."
"daegu\gunwi-gun\index.html","대구 군위군 장기렌트·자동차리스 가격비교 | 행복한렌트몰","대구 군위군 장기렌트와 자동차리스 조건을 행복한렌트몰에서 비교하고 지역별 상담 정보를 확인해보세요.","같은 차라도 조건은 다릅니다.비교하고 더 좋은 조건을 찾으세요."
"daegu\gunwi-gun\군위읍\index.html","대구 군위군 군위읍 장기렌트·자동차리스 가격비교 | 행복한렌트몰","대구 군위군 군위읍 장기렌트와 자동차리스 이용조건을 행복한렌트몰에서 비교하고 차량별 견적과 지역별 상담 정보를 확인해보세요.","같은 차라도 조건은 다릅니다.비교하고 더 좋은 조건을 찾으세요."
"daegu\gunwi-gun\부계면\index.html","대구 군위군 부계면 장기렌트·자동차리스 가격비교 | 행복한렌트몰","대구 군위군 부계면 장기렌트와 자동차리스 이용조건을 행복한렌트몰에서 비교하고 차량별 견적과 지역별 상담 정보를 확인해보세요.","같은 차라도 조건은 다릅니다.비교하고 더 좋은 조건을 찾으세요."
"daegu\gunwi-gun\산성면\index.html","대구 군위군 산성면 장기렌트·자동차리스 가격비교 | 행복한렌트몰","대구 군위군 산성면 장기렌트와 자동차리스 이용조건을 행복한렌트몰에서 비교하고 차량별 견적과 지역별 상담 정보를 확인해보세요.","같은 차라도 조건은 다릅니다.비교하고 더 좋은 조건을 찾으세요."
"daegu\gunwi-gun\삼국유사면\index.html","대구 군위군 삼국유사면 장기렌트·자동차리스 가격비교 | 행복한렌트몰","대구 군위군 삼국유사면 장기렌트와 자동차리스 이용조건을 행복한렌트몰에서 비교하고 차량별 견적과 지역별 상담 정보를 확인해보세요.","같은 차라도 조건은 다릅니다.비교하고 더 좋은 조건을 찾으세요."
"daegu\gunwi-gun\소보면\index.html","대구 군위군 소보면 장기렌트·자동차리스 가격비교 | 행복한렌트몰","대구 군위군 소보면 장기렌트와 자동차리스 이용조건을 행복한렌트몰에서 비교하고 차량별 견적과 지역별 상담 정보를 확인해보세요.","같은 차라도 조건은 다릅니다.비교하고 더 좋은 조건을 찾으세요."
"daegu\gunwi-gun\우보면\index.html","대구 군위군 우보면 장기렌트·자동차리스 가격비교 | 행복한렌트몰","대구 군위군 우보면 장기렌트와 자동차리스 이용조건을 행복한렌트몰에서 비교하고 차량별 견적과 지역별 상담 정보를 확인해보세요.","같은 차라도 조건은 다릅니다.비교하고 더 좋은 조건을 찾으세요."
"daegu\gunwi-gun\의흥면\index.html","대구 군위군 의흥면 장기렌트·자동차리스 가격비교 | 행복한렌트몰","대구 군위군 의흥면 장기렌트와 자동차리스 이용조건을 행복한렌트몰에서 비교하고 차량별 견적과 지역별 상담 정보를 확인해보세요.","같은 차라도 조건은 다릅니다.비교하고 더 좋은 조건을 찾으세요."
"daegu\gunwi-gun\효령면\index.html","대구 군위군 효령면 장기렌트·자동차리스 가격비교 | 행복한렌트몰","대구 군위군 효령면 장기렌트와 자동차리스 이용조건을 행복한렌트몰에서 비교하고 차량별 견적과 지역별 상담 정보를 확인해보세요.","같은 차라도 조건은 다릅니다.비교하고 더 좋은 조건을 찾으세요."
"daegu\jung-gu\index.html","대구 중구 장기렌트·자동차리스 가격비교 | 행복한렌트몰","대구 중구 장기렌트와 자동차리스 조건을 행복한렌트몰에서 비교하고 지역별 상담 정보를 확인해보세요.","같은 차라도 조건은 다릅니다.비교하고 더 좋은 조건을 찾으세요."
"daegu\jung-gu\공평동\index.html","대구 중구 공평동 장기렌트·자동차리스 가격비교 | 행복한렌트몰","대구 중구 공평동 장기렌트와 자동차리스 이용조건을 행복한렌트몰에서 비교하고 차량별 견적과 지역별 상담 정보를 확인해보세요.","같은 차라도 조건은 다릅니다.비교하고 더 좋은 조건을 찾으세요."
"daegu\jung-gu\교동\index.html","대구 중구 교동 장기렌트·자동차리스 가격비교 | 행복한렌트몰","대구 중구 교동 장기렌트와 자동차리스 이용조건을 행복한렌트몰에서 비교하고 차량별 견적과 지역별 상담 정보를 확인해보세요.","같은 차라도 조건은 다릅니다.비교하고 더 좋은 조건을 찾으세요."
"daegu\jung-gu\남산동\index.html","대구 중구 남산동 장기렌트·자동차리스 가격비교 | 행복한렌트몰","대구 중구 남산동 장기렌트와 자동차리스 이용조건을 행복한렌트몰에서 비교하고 차량별 견적과 지역별 상담 정보를 확인해보세요.","같은 차라도 조건은 다릅니다.비교하고 더 좋은 조건을 찾으세요."
"daegu\jung-gu\남일동\index.html","대구 중구 남일동 장기렌트·자동차리스 가격비교 | 행복한렌트몰","대구 중구 남일동 장기렌트와 자동차리스 이용조건을 행복한렌트몰에서 비교하고 차량별 견적과 지역별 상담 정보를 확인해보세요.","같은 차라도 조건은 다릅니다.비교하고 더 좋은 조건을 찾으세요."
"daegu\jung-gu\달성동\index.html","대구 중구 달성동 장기렌트·자동차리스 가격비교 | 행복한렌트몰","대구 중구 달성동 장기렌트와 자동차리스 이용조건을 행복한렌트몰에서 비교하고 차량별 견적과 지역별 상담 정보를 확인해보세요.","같은 차라도 조건은 다릅니다.비교하고 더 좋은 조건을 찾으세요."
"daegu\jung-gu\대봉동\index.html","대구 중구 대봉동 장기렌트·자동차리스 가격비교 | 행복한렌트몰","대구 중구 대봉동 장기렌트와 자동차리스 이용조건을 행복한렌트몰에서 비교하고 차량별 견적과 지역별 상담 정보를 확인해보세요.","같은 차라도 조건은 다릅니다.비교하고 더 좋은 조건을 찾으세요."
"daegu\jung-gu\대신동\index.html","대구 중구 대신동 장기렌트·자동차리스 가격비교 | 행복한렌트몰","대구 중구 대신동 장기렌트와 자동차리스 이용조건을 행복한렌트몰에서 비교하고 차량별 견적과 지역별 상담 정보를 확인해보세요.","같은 차라도 조건은 다릅니다.비교하고 더 좋은 조건을 찾으세요."
"daegu\jung-gu\대안동\index.html","대구 중구 대안동 장기렌트·자동차리스 가격비교 | 행복한렌트몰","대구 중구 대안동 장기렌트와 자동차리스 이용조건을 행복한렌트몰에서 비교하고 차량별 견적과 지역별 상담 정보를 확인해보세요.","같은 차라도 조건은 다릅니다.비교하고 더 좋은 조건을 찾으세요."
"daegu\jung-gu\덕산동\index.html","대구 중구 덕산동 장기렌트·자동차리스 가격비교 | 행복한렌트몰","대구 중구 덕산동 장기렌트와 자동차리스 이용조건을 행복한렌트몰에서 비교하고 차량별 견적과 지역별 상담 정보를 확인해보세요.","같은 차라도 조건은 다릅니다.비교하고 더 좋은 조건을 찾으세요."
"daegu\jung-gu\도원동\index.html","대구 중구 도원동 장기렌트·자동차리스 가격비교 | 행복한렌트몰","대구 중구 도원동 장기렌트와 자동차리스 이용조건을 행복한렌트몰에서 비교하고 차량별 견적과 지역별 상담 정보를 확인해보세요.","같은 차라도 조건은 다릅니다.비교하고 더 좋은 조건을 찾으세요."
"daegu\jung-gu\동문동\index.html","대구 중구 동문동 장기렌트·자동차리스 가격비교 | 행복한렌트몰","대구 중구 동문동 장기렌트와 자동차리스 이용조건을 행복한렌트몰에서 비교하고 차량별 견적과 지역별 상담 정보를 확인해보세요.","같은 차라도 조건은 다릅니다.비교하고 더 좋은 조건을 찾으세요."
"daegu\jung-gu\동산동\index.html","대구 중구 동산동 장기렌트·자동차리스 가격비교 | 행복한렌트몰","대구 중구 동산동 장기렌트와 자동차리스 이용조건을 행복한렌트몰에서 비교하고 차량별 견적과 지역별 상담 정보를 확인해보세요.","같은 차라도 조건은 다릅니다.비교하고 더 좋은 조건을 찾으세요."
"daegu\jung-gu\동일동\index.html","대구 중구 동일동 장기렌트·자동차리스 가격비교 | 행복한렌트몰","대구 중구 동일동 장기렌트와 자동차리스 이용조건을 행복한렌트몰에서 비교하고 차량별 견적과 지역별 상담 정보를 확인해보세요.","같은 차라도 조건은 다릅니다.비교하고 더 좋은 조건을 찾으세요."
"daegu\jung-gu\문화동\index.html","대구 중구 문화동 장기렌트·자동차리스 가격비교 | 행복한렌트몰","대구 중구 문화동 장기렌트와 자동차리스 이용조건을 행복한렌트몰에서 비교하고 차량별 견적과 지역별 상담 정보를 확인해보세요.","같은 차라도 조건은 다릅니다.비교하고 더 좋은 조건을 찾으세요."
"daegu\jung-gu\봉산동\index.html","대구 중구 봉산동 장기렌트·자동차리스 가격비교 | 행복한렌트몰","대구 중구 봉산동 장기렌트와 자동차리스 이용조건을 행복한렌트몰에서 비교하고 차량별 견적과 지역별 상담 정보를 확인해보세요.","같은 차라도 조건은 다릅니다.비교하고 더 좋은 조건을 찾으세요."
"daegu\jung-gu\북내동\index.html","대구 중구 북내동 장기렌트·자동차리스 가격비교 | 행복한렌트몰","대구 중구 북내동 장기렌트와 자동차리스 이용조건을 행복한렌트몰에서 비교하고 차량별 견적과 지역별 상담 정보를 확인해보세요.","같은 차라도 조건은 다릅니다.비교하고 더 좋은 조건을 찾으세요."
"daegu\jung-gu\사일동\index.html","대구 중구 사일동 장기렌트·자동차리스 가격비교 | 행복한렌트몰","대구 중구 사일동 장기렌트와 자동차리스 이용조건을 행복한렌트몰에서 비교하고 차량별 견적과 지역별 상담 정보를 확인해보세요.","같은 차라도 조건은 다릅니다.비교하고 더 좋은 조건을 찾으세요."
"daegu\jung-gu\상덕동\index.html","대구 중구 상덕동 장기렌트·자동차리스 가격비교 | 행복한렌트몰","대구 중구 상덕동 장기렌트와 자동차리스 이용조건을 행복한렌트몰에서 비교하고 차량별 견적과 지역별 상담 정보를 확인해보세요.","같은 차라도 조건은 다릅니다.비교하고 더 좋은 조건을 찾으세요."
"daegu\jung-gu\상서동\index.html","대구 중구 상서동 장기렌트·자동차리스 가격비교 | 행복한렌트몰","대구 중구 상서동 장기렌트와 자동차리스 이용조건을 행복한렌트몰에서 비교하고 차량별 견적과 지역별 상담 정보를 확인해보세요.","같은 차라도 조건은 다릅니다.비교하고 더 좋은 조건을 찾으세요."
"daegu\jung-gu\서내동\index.html","대구 중구 서내동 장기렌트·자동차리스 가격비교 | 행복한렌트몰","대구 중구 서내동 장기렌트와 자동차리스 이용조건을 행복한렌트몰에서 비교하고 차량별 견적과 지역별 상담 정보를 확인해보세요.","같은 차라도 조건은 다릅니다.비교하고 더 좋은 조건을 찾으세요."
"daegu\jung-gu\서야동\index.html","대구 중구 서야동 장기렌트·자동차리스 가격비교 | 행복한렌트몰","대구 중구 서야동 장기렌트와 자동차리스 이용조건을 행복한렌트몰에서 비교하고 차량별 견적과 지역별 상담 정보를 확인해보세요.","같은 차라도 조건은 다릅니다.비교하고 더 좋은 조건을 찾으세요."
"daegu\jung-gu\수동\index.html","대구 중구 수동 장기렌트·자동차리스 가격비교 | 행복한렌트몰","대구 중구 수동 장기렌트와 자동차리스 이용조건을 행복한렌트몰에서 비교하고 차량별 견적과 지역별 상담 정보를 확인해보세요.","같은 차라도 조건은 다릅니다.비교하고 더 좋은 조건을 찾으세요."
"daegu\jung-gu\수창동\index.html","대구 중구 수창동 장기렌트·자동차리스 가격비교 | 행복한렌트몰","대구 중구 수창동 장기렌트와 자동차리스 이용조건을 행복한렌트몰에서 비교하고 차량별 견적과 지역별 상담 정보를 확인해보세요.","같은 차라도 조건은 다릅니다.비교하고 더 좋은 조건을 찾으세요."
"daegu\jung-gu\완전동\index.html","대구 중구 완전동 장기렌트·자동차리스 가격비교 | 행복한렌트몰","대구 중구 완전동 장기렌트와 자동차리스 이용조건을 행복한렌트몰에서 비교하고 차량별 견적과 지역별 상담 정보를 확인해보세요.","같은 차라도 조건은 다릅니다.비교하고 더 좋은 조건을 찾으세요."
"daegu\jung-gu\용덕동\index.html","대구 중구 용덕동 장기렌트·자동차리스 가격비교 | 행복한렌트몰","대구 중구 용덕동 장기렌트와 자동차리스 이용조건을 행복한렌트몰에서 비교하고 차량별 견적과 지역별 상담 정보를 확인해보세요.","같은 차라도 조건은 다릅니다.비교하고 더 좋은 조건을 찾으세요."
"daegu\jung-gu\인교동\index.html","대구 중구 인교동 장기렌트·자동차리스 가격비교 | 행복한렌트몰","대구 중구 인교동 장기렌트와 자동차리스 이용조건을 행복한렌트몰에서 비교하고 차량별 견적과 지역별 상담 정보를 확인해보세요.","같은 차라도 조건은 다릅니다.비교하고 더 좋은 조건을 찾으세요."
"daegu\jung-gu\장관동\index.html","대구 중구 장관동 장기렌트·자동차리스 가격비교 | 행복한렌트몰","대구 중구 장관동 장기렌트와 자동차리스 이용조건을 행복한렌트몰에서 비교하고 차량별 견적과 지역별 상담 정보를 확인해보세요.","같은 차라도 조건은 다릅니다.비교하고 더 좋은 조건을 찾으세요."
"daegu\jung-gu\전동\index.html","대구 중구 전동 장기렌트·자동차리스 가격비교 | 행복한렌트몰","대구 중구 전동 장기렌트와 자동차리스 이용조건을 행복한렌트몰에서 비교하고 차량별 견적과 지역별 상담 정보를 확인해보세요.","같은 차라도 조건은 다릅니다.비교하고 더 좋은 조건을 찾으세요."
"daegu\jung-gu\포정동\index.html","대구 중구 포정동 장기렌트·자동차리스 가격비교 | 행복한렌트몰","대구 중구 포정동 장기렌트와 자동차리스 이용조건을 행복한렌트몰에서 비교하고 차량별 견적과 지역별 상담 정보를 확인해보세요.","같은 차라도 조건은 다릅니다.비교하고 더 좋은 조건을 찾으세요."
"daegu\jung-gu\하서동\index.html","대구 중구 하서동 장기렌트·자동차리스 가격비교 | 행복한렌트몰","대구 중구 하서동 장기렌트와 자동차리스 이용조건을 행복한렌트몰에서 비교하고 차량별 견적과 지역별 상담 정보를 확인해보세요.","같은 차라도 조건은 다릅니다.비교하고 더 좋은 조건을 찾으세요."
"daegu\jung-gu\향촌동\index.html","대구 중구 향촌동 장기렌트·자동차리스 가격비교 | 행복한렌트몰","대구 중구 향촌동 장기렌트와 자동차리스 이용조건을 행복한렌트몰에서 비교하고 차량별 견적과 지역별 상담 정보를 확인해보세요.","같은 차라도 조건은 다릅니다.비교하고 더 좋은 조건을 찾으세요."
"daegu\jung-gu\화전동\index.html","대구 중구 화전동 장기렌트·자동차리스 가격비교 | 행복한렌트몰","대구 중구 화전동 장기렌트와 자동차리스 이용조건을 행복한렌트몰에서 비교하고 차량별 견적과 지역별 상담 정보를 확인해보세요.","같은 차라도 조건은 다릅니다.비교하고 더 좋은 조건을 찾으세요."
"daegu\nam-gu\index.html","대구 남구 장기렌트·자동차리스 가격비교 | 행복한렌트몰","대구 남구 장기렌트와 자동차리스 조건을 행복한렌트몰에서 비교하고 지역별 상담 정보를 확인해보세요.","같은 차라도 조건은 다릅니다.비교하고 더 좋은 조건을 찾으세요."
"daegu\nam-gu\대명동\index.html","대구 남구 대명동 장기렌트·자동차리스 가격비교 | 행복한렌트몰","대구 남구 대명동 장기렌트와 자동차리스 이용조건을 행복한렌트몰에서 비교하고 차량별 견적과 지역별 상담 정보를 확인해보세요.","같은 차라도 조건은 다릅니다.비교하고 더 좋은 조건을 찾으세요."
"daegu\nam-gu\봉덕동\index.html","대구 남구 봉덕동 장기렌트·자동차리스 가격비교 | 행복한렌트몰","대구 남구 봉덕동 장기렌트와 자동차리스 이용조건을 행복한렌트몰에서 비교하고 차량별 견적과 지역별 상담 정보를 확인해보세요.","같은 차라도 조건은 다릅니다.비교하고 더 좋은 조건을 찾으세요."
"daegu\nam-gu\이천동\index.html","대구 남구 이천동 장기렌트·자동차리스 가격비교 | 행복한렌트몰","대구 남구 이천동 장기렌트와 자동차리스 이용조건을 행복한렌트몰에서 비교하고 차량별 견적과 지역별 상담 정보를 확인해보세요.","같은 차라도 조건은 다릅니다.비교하고 더 좋은 조건을 찾으세요."
"daegu\seo-gu\index.html","대구 서구 장기렌트·자동차리스 가격비교 | 행복한렌트몰","대구 서구 장기렌트와 자동차리스 조건을 행복한렌트몰에서 비교하고 지역별 상담 정보를 확인해보세요.","같은 차라도 조건은 다릅니다.비교하고 더 좋은 조건을 찾으세요."
"daegu\seo-gu\내당동\index.html","대구 서구 내당동 장기렌트·자동차리스 가격비교 | 행복한렌트몰","대구 서구 내당동 장기렌트와 자동차리스 이용조건을 행복한렌트몰에서 비교하고 차량별 견적과 지역별 상담 정보를 확인해보세요.","같은 차라도 조건은 다릅니다.비교하고 더 좋은 조건을 찾으세요."
"daegu\seo-gu\비산동\index.html","대구 서구 비산동 장기렌트·자동차리스 가격비교 | 행복한렌트몰","대구 서구 비산동 장기렌트와 자동차리스 이용조건을 행복한렌트몰에서 비교하고 차량별 견적과 지역별 상담 정보를 확인해보세요.","같은 차라도 조건은 다릅니다.비교하고 더 좋은 조건을 찾으세요."
"daegu\seo-gu\상리동\index.html","대구 서구 상리동 장기렌트·자동차리스 가격비교 | 행복한렌트몰","대구 서구 상리동 장기렌트와 자동차리스 이용조건을 행복한렌트몰에서 비교하고 차량별 견적과 지역별 상담 정보를 확인해보세요.","같은 차라도 조건은 다릅니다.비교하고 더 좋은 조건을 찾으세요."
"daegu\seo-gu\이현동\index.html","대구 서구 이현동 장기렌트·자동차리스 가격비교 | 행복한렌트몰","대구 서구 이현동 장기렌트와 자동차리스 이용조건을 행복한렌트몰에서 비교하고 차량별 견적과 지역별 상담 정보를 확인해보세요.","같은 차라도 조건은 다릅니다.비교하고 더 좋은 조건을 찾으세요."
"daegu\seo-gu\중리동\index.html","대구 서구 중리동 장기렌트·자동차리스 가격비교 | 행복한렌트몰","대구 서구 중리동 장기렌트와 자동차리스 이용조건을 행복한렌트몰에서 비교하고 차량별 견적과 지역별 상담 정보를 확인해보세요.","같은 차라도 조건은 다릅니다.비교하고 더 좋은 조건을 찾으세요."
"daegu\seo-gu\평리동\index.html","대구 서구 평리동 장기렌트·자동차리스 가격비교 | 행복한렌트몰","대구 서구 평리동 장기렌트와 자동차리스 이용조건을 행복한렌트몰에서 비교하고 차량별 견적과 지역별 상담 정보를 확인해보세요.","같은 차라도 조건은 다릅니다.비교하고 더 좋은 조건을 찾으세요."
"daegu\suseong-gu\index.html","대구 수성구 장기렌트·자동차리스 가격비교 | 행복한렌트몰","대구 수성구 장기렌트와 자동차리스 조건을 행복한렌트몰에서 비교하고 지역별 상담 정보를 확인해보세요.","같은 차라도 조건은 다릅니다.비교하고 더 좋은 조건을 찾으세요."
"daegu\suseong-gu\가천동\index.html","대구 수성구 가천동 장기렌트·자동차리스 가격비교 | 행복한렌트몰","대구 수성구 가천동 장기렌트와 자동차리스 이용조건을 행복한렌트몰에서 비교하고 차량별 견적과 지역별 상담 정보를 확인해보세요.","같은 차라도 조건은 다릅니다.비교하고 더 좋은 조건을 찾으세요."
"daegu\suseong-gu\고모동\index.html","대구 수성구 고모동 장기렌트·자동차리스 가격비교 | 행복한렌트몰","대구 수성구 고모동 장기렌트와 자동차리스 이용조건을 행복한렌트몰에서 비교하고 차량별 견적과 지역별 상담 정보를 확인해보세요.","같은 차라도 조건은 다릅니다.비교하고 더 좋은 조건을 찾으세요."
"daegu\suseong-gu\노변동\index.html","대구 수성구 노변동 장기렌트·자동차리스 가격비교 | 행복한렌트몰","대구 수성구 노변동 장기렌트와 자동차리스 이용조건을 행복한렌트몰에서 비교하고 차량별 견적과 지역별 상담 정보를 확인해보세요.","같은 차라도 조건은 다릅니다.비교하고 더 좋은 조건을 찾으세요."
"daegu\suseong-gu\대흥동\index.html","대구 수성구 대흥동 장기렌트·자동차리스 가격비교 | 행복한렌트몰","대구 수성구 대흥동 장기렌트와 자동차리스 이용조건을 행복한렌트몰에서 비교하고 차량별 견적과 지역별 상담 정보를 확인해보세요.","같은 차라도 조건은 다릅니다.비교하고 더 좋은 조건을 찾으세요."
"daegu\suseong-gu\두산동\index.html","대구 수성구 두산동 장기렌트·자동차리스 가격비교 | 행복한렌트몰","대구 수성구 두산동 장기렌트와 자동차리스 이용조건을 행복한렌트몰에서 비교하고 차량별 견적과 지역별 상담 정보를 확인해보세요.","같은 차라도 조건은 다릅니다.비교하고 더 좋은 조건을 찾으세요."
"daegu\suseong-gu\만촌동\index.html","대구 수성구 만촌동 장기렌트·자동차리스 가격비교 | 행복한렌트몰","대구 수성구 만촌동 장기렌트와 자동차리스 이용조건을 행복한렌트몰에서 비교하고 차량별 견적과 지역별 상담 정보를 확인해보세요.","같은 차라도 조건은 다릅니다.비교하고 더 좋은 조건을 찾으세요."
"daegu\suseong-gu\매호동\index.html","대구 수성구 매호동 장기렌트·자동차리스 가격비교 | 행복한렌트몰","대구 수성구 매호동 장기렌트와 자동차리스 이용조건을 행복한렌트몰에서 비교하고 차량별 견적과 지역별 상담 정보를 확인해보세요.","같은 차라도 조건은 다릅니다.비교하고 더 좋은 조건을 찾으세요."
"daegu\suseong-gu\범물동\index.html","대구 수성구 범물동 장기렌트·자동차리스 가격비교 | 행복한렌트몰","대구 수성구 범물동 장기렌트와 자동차리스 이용조건을 행복한렌트몰에서 비교하고 차량별 견적과 지역별 상담 정보를 확인해보세요.","같은 차라도 조건은 다릅니다.비교하고 더 좋은 조건을 찾으세요."
"daegu\suseong-gu\범어동\index.html","대구 수성구 범어동 장기렌트·자동차리스 가격비교 | 행복한렌트몰","대구 수성구 범어동 장기렌트와 자동차리스 이용조건을 행복한렌트몰에서 비교하고 차량별 견적과 지역별 상담 정보를 확인해보세요.","같은 차라도 조건은 다릅니다.비교하고 더 좋은 조건을 찾으세요."
"daegu\suseong-gu\사월동\index.html","대구 수성구 사월동 장기렌트·자동차리스 가격비교 | 행복한렌트몰","대구 수성구 사월동 장기렌트와 자동차리스 이용조건을 행복한렌트몰에서 비교하고 차량별 견적과 지역별 상담 정보를 확인해보세요.","같은 차라도 조건은 다릅니다.비교하고 더 좋은 조건을 찾으세요."
"daegu\suseong-gu\삼덕동\index.html","대구 수성구 삼덕동 장기렌트·자동차리스 가격비교 | 행복한렌트몰","대구 수성구 삼덕동 장기렌트와 자동차리스 이용조건을 행복한렌트몰에서 비교하고 차량별 견적과 지역별 상담 정보를 확인해보세요.","같은 차라도 조건은 다릅니다.비교하고 더 좋은 조건을 찾으세요."
"daegu\suseong-gu\상동\index.html","대구 수성구 상동 장기렌트·자동차리스 가격비교 | 행복한렌트몰","대구 수성구 상동 장기렌트와 자동차리스 이용조건을 행복한렌트몰에서 비교하고 차량별 견적과 지역별 상담 정보를 확인해보세요.","같은 차라도 조건은 다릅니다.비교하고 더 좋은 조건을 찾으세요."
"daegu\suseong-gu\성동\index.html","대구 수성구 성동 장기렌트·자동차리스 가격비교 | 행복한렌트몰","대구 수성구 성동 장기렌트와 자동차리스 이용조건을 행복한렌트몰에서 비교하고 차량별 견적과 지역별 상담 정보를 확인해보세요.","같은 차라도 조건은 다릅니다.비교하고 더 좋은 조건을 찾으세요."
"daegu\suseong-gu\시지동\index.html","대구 수성구 시지동 장기렌트·자동차리스 가격비교 | 행복한렌트몰","대구 수성구 시지동 장기렌트와 자동차리스 이용조건을 행복한렌트몰에서 비교하고 차량별 견적과 지역별 상담 정보를 확인해보세요.","같은 차라도 조건은 다릅니다.비교하고 더 좋은 조건을 찾으세요."
"daegu\suseong-gu\신매동\index.html","대구 수성구 신매동 장기렌트·자동차리스 가격비교 | 행복한렌트몰","대구 수성구 신매동 장기렌트와 자동차리스 이용조건을 행복한렌트몰에서 비교하고 차량별 견적과 지역별 상담 정보를 확인해보세요.","같은 차라도 조건은 다릅니다.비교하고 더 좋은 조건을 찾으세요."
"daegu\suseong-gu\연호동\index.html","대구 수성구 연호동 장기렌트·자동차리스 가격비교 | 행복한렌트몰","대구 수성구 연호동 장기렌트와 자동차리스 이용조건을 행복한렌트몰에서 비교하고 차량별 견적과 지역별 상담 정보를 확인해보세요.","같은 차라도 조건은 다릅니다.비교하고 더 좋은 조건을 찾으세요."
"daegu\suseong-gu\욱수동\index.html","대구 수성구 욱수동 장기렌트·자동차리스 가격비교 | 행복한렌트몰","대구 수성구 욱수동 장기렌트와 자동차리스 이용조건을 행복한렌트몰에서 비교하고 차량별 견적과 지역별 상담 정보를 확인해보세요.","같은 차라도 조건은 다릅니다.비교하고 더 좋은 조건을 찾으세요."
"daegu\suseong-gu\이천동\index.html","대구 수성구 이천동 장기렌트·자동차리스 가격비교 | 행복한렌트몰","대구 수성구 이천동 장기렌트와 자동차리스 이용조건을 행복한렌트몰에서 비교하고 차량별 견적과 지역별 상담 정보를 확인해보세요.","같은 차라도 조건은 다릅니다.비교하고 더 좋은 조건을 찾으세요."
"daegu\suseong-gu\중동\index.html","대구 수성구 중동 장기렌트·자동차리스 가격비교 | 행복한렌트몰","대구 수성구 중동 장기렌트와 자동차리스 이용조건을 행복한렌트몰에서 비교하고 차량별 견적과 지역별 상담 정보를 확인해보세요.","같은 차라도 조건은 다릅니다.비교하고 더 좋은 조건을 찾으세요."
"daegu\suseong-gu\지산동\index.html","대구 수성구 지산동 장기렌트·자동차리스 가격비교 | 행복한렌트몰","대구 수성구 지산동 장기렌트와 자동차리스 이용조건을 행복한렌트몰에서 비교하고 차량별 견적과 지역별 상담 정보를 확인해보세요.","같은 차라도 조건은 다릅니다.비교하고 더 좋은 조건을 찾으세요."
"daegu\suseong-gu\파동\index.html","대구 수성구 파동 장기렌트·자동차리스 가격비교 | 행복한렌트몰","대구 수성구 파동 장기렌트와 자동차리스 이용조건을 행복한렌트몰에서 비교하고 차량별 견적과 지역별 상담 정보를 확인해보세요.","같은 차라도 조건은 다릅니다.비교하고 더 좋은 조건을 찾으세요."
"daegu\suseong-gu\황금동\index.html","대구 수성구 황금동 장기렌트·자동차리스 가격비교 | 행복한렌트몰","대구 수성구 황금동 장기렌트와 자동차리스 이용조건을 행복한렌트몰에서 비교하고 차량별 견적과 지역별 상담 정보를 확인해보세요.","같은 차라도 조건은 다릅니다.비교하고 더 좋은 조건을 찾으세요."
"daejeon\index.html","대전 장기렌트·자동차리스 가격비교 | 행복한렌트몰","대전 지역 장기렌트와 자동차리스 조건을 행복한렌트몰에서 비교하고 지역별 바로상담 정보를 확인해보세요.","같은 차라도 조건은 다릅니다.비교하고 더 좋은 조건을 찾으세요."
"daejeon\daedeok-gu\index.html","대전 대덕구 장기렌트·자동차리스 가격비교 | 행복한렌트몰","대전 대덕구 장기렌트와 자동차리스 조건을 행복한렌트몰에서 비교하고 지역별 상담 정보를 확인해보세요.","같은 차라도 조건은 다릅니다.비교하고 더 좋은 조건을 찾으세요."
"daejeon\daedeok-gu\갈전동\index.html","대전 대덕구 갈전동 장기렌트·자동차리스 가격비교 | 행복한렌트몰","대전 대덕구 갈전동 장기렌트와 자동차리스 이용조건을 행복한렌트몰에서 비교하고 차량별 견적과 지역별 상담 정보를 확인해보세요.","같은 차라도 조건은 다릅니다.비교하고 더 좋은 조건을 찾으세요."
"daejeon\daedeok-gu\대화동\index.html","대전 대덕구 대화동 장기렌트·자동차리스 가격비교 | 행복한렌트몰","대전 대덕구 대화동 장기렌트와 자동차리스 이용조건을 행복한렌트몰에서 비교하고 차량별 견적과 지역별 상담 정보를 확인해보세요.","같은 차라도 조건은 다릅니다.비교하고 더 좋은 조건을 찾으세요."
"daejeon\daedeok-gu\덕암동\index.html","대전 대덕구 덕암동 장기렌트·자동차리스 가격비교 | 행복한렌트몰","대전 대덕구 덕암동 장기렌트와 자동차리스 이용조건을 행복한렌트몰에서 비교하고 차량별 견적과 지역별 상담 정보를 확인해보세요.","같은 차라도 조건은 다릅니다.비교하고 더 좋은 조건을 찾으세요."
"daejeon\daedeok-gu\목상동\index.html","대전 대덕구 목상동 장기렌트·자동차리스 가격비교 | 행복한렌트몰","대전 대덕구 목상동 장기렌트와 자동차리스 이용조건을 행복한렌트몰에서 비교하고 차량별 견적과 지역별 상담 정보를 확인해보세요.","같은 차라도 조건은 다릅니다.비교하고 더 좋은 조건을 찾으세요."
"daejeon\daedeok-gu\문평동\index.html","대전 대덕구 문평동 장기렌트·자동차리스 가격비교 | 행복한렌트몰","대전 대덕구 문평동 장기렌트와 자동차리스 이용조건을 행복한렌트몰에서 비교하고 차량별 견적과 지역별 상담 정보를 확인해보세요.","같은 차라도 조건은 다릅니다.비교하고 더 좋은 조건을 찾으세요."
"daejeon\daedeok-gu\미호동\index.html","대전 대덕구 미호동 장기렌트·자동차리스 가격비교 | 행복한렌트몰","대전 대덕구 미호동 장기렌트와 자동차리스 이용조건을 행복한렌트몰에서 비교하고 차량별 견적과 지역별 상담 정보를 확인해보세요.","같은 차라도 조건은 다릅니다.비교하고 더 좋은 조건을 찾으세요."
"daejeon\daedeok-gu\법동\index.html","대전 대덕구 법동 장기렌트·자동차리스 가격비교 | 행복한렌트몰","대전 대덕구 법동 장기렌트와 자동차리스 이용조건을 행복한렌트몰에서 비교하고 차량별 견적과 지역별 상담 정보를 확인해보세요.","같은 차라도 조건은 다릅니다.비교하고 더 좋은 조건을 찾으세요."
"daejeon\daedeok-gu\부수동\index.html","대전 대덕구 부수동 장기렌트·자동차리스 가격비교 | 행복한렌트몰","대전 대덕구 부수동 장기렌트와 자동차리스 이용조건을 행복한렌트몰에서 비교하고 차량별 견적과 지역별 상담 정보를 확인해보세요.","같은 차라도 조건은 다릅니다.비교하고 더 좋은 조건을 찾으세요."
"daejeon\daedeok-gu\비래동\index.html","대전 대덕구 비래동 장기렌트·자동차리스 가격비교 | 행복한렌트몰","대전 대덕구 비래동 장기렌트와 자동차리스 이용조건을 행복한렌트몰에서 비교하고 차량별 견적과 지역별 상담 정보를 확인해보세요.","같은 차라도 조건은 다릅니다.비교하고 더 좋은 조건을 찾으세요."
"daejeon\daedeok-gu\삼정동\index.html","대전 대덕구 삼정동 장기렌트·자동차리스 가격비교 | 행복한렌트몰","대전 대덕구 삼정동 장기렌트와 자동차리스 이용조건을 행복한렌트몰에서 비교하고 차량별 견적과 지역별 상담 정보를 확인해보세요.","같은 차라도 조건은 다릅니다.비교하고 더 좋은 조건을 찾으세요."
"daejeon\daedeok-gu\상서동\index.html","대전 대덕구 상서동 장기렌트·자동차리스 가격비교 | 행복한렌트몰","대전 대덕구 상서동 장기렌트와 자동차리스 이용조건을 행복한렌트몰에서 비교하고 차량별 견적과 지역별 상담 정보를 확인해보세요.","같은 차라도 조건은 다릅니다.비교하고 더 좋은 조건을 찾으세요."
"daejeon\daedeok-gu\석봉동\index.html","대전 대덕구 석봉동 장기렌트·자동차리스 가격비교 | 행복한렌트몰","대전 대덕구 석봉동 장기렌트와 자동차리스 이용조건을 행복한렌트몰에서 비교하고 차량별 견적과 지역별 상담 정보를 확인해보세요.","같은 차라도 조건은 다릅니다.비교하고 더 좋은 조건을 찾으세요."
"daejeon\daedeok-gu\송촌동\index.html","대전 대덕구 송촌동 장기렌트·자동차리스 가격비교 | 행복한렌트몰","대전 대덕구 송촌동 장기렌트와 자동차리스 이용조건을 행복한렌트몰에서 비교하고 차량별 견적과 지역별 상담 정보를 확인해보세요.","같은 차라도 조건은 다릅니다.비교하고 더 좋은 조건을 찾으세요."
"daejeon\daedeok-gu\신대동\index.html","대전 대덕구 신대동 장기렌트·자동차리스 가격비교 | 행복한렌트몰","대전 대덕구 신대동 장기렌트와 자동차리스 이용조건을 행복한렌트몰에서 비교하고 차량별 견적과 지역별 상담 정보를 확인해보세요.","같은 차라도 조건은 다릅니다.비교하고 더 좋은 조건을 찾으세요."
"daejeon\daedeok-gu\신일동\index.html","대전 대덕구 신일동 장기렌트·자동차리스 가격비교 | 행복한렌트몰","대전 대덕구 신일동 장기렌트와 자동차리스 이용조건을 행복한렌트몰에서 비교하고 차량별 견적과 지역별 상담 정보를 확인해보세요.","같은 차라도 조건은 다릅니다.비교하고 더 좋은 조건을 찾으세요."
"daejeon\daedeok-gu\신탄진동\index.html","대전 대덕구 신탄진동 장기렌트·자동차리스 가격비교 | 행복한렌트몰","대전 대덕구 신탄진동 장기렌트와 자동차리스 이용조건을 행복한렌트몰에서 비교하고 차량별 견적과 지역별 상담 정보를 확인해보세요.","같은 차라도 조건은 다릅니다.비교하고 더 좋은 조건을 찾으세요."
"daejeon\daedeok-gu\연축동\index.html","대전 대덕구 연축동 장기렌트·자동차리스 가격비교 | 행복한렌트몰","대전 대덕구 연축동 장기렌트와 자동차리스 이용조건을 행복한렌트몰에서 비교하고 차량별 견적과 지역별 상담 정보를 확인해보세요.","같은 차라도 조건은 다릅니다.비교하고 더 좋은 조건을 찾으세요."
"daejeon\daedeok-gu\오정동\index.html","대전 대덕구 오정동 장기렌트·자동차리스 가격비교 | 행복한렌트몰","대전 대덕구 오정동 장기렌트와 자동차리스 이용조건을 행복한렌트몰에서 비교하고 차량별 견적과 지역별 상담 정보를 확인해보세요.","같은 차라도 조건은 다릅니다.비교하고 더 좋은 조건을 찾으세요."
"daejeon\daedeok-gu\와동\index.html","대전 대덕구 와동 장기렌트·자동차리스 가격비교 | 행복한렌트몰","대전 대덕구 와동 장기렌트와 자동차리스 이용조건을 행복한렌트몰에서 비교하고 차량별 견적과 지역별 상담 정보를 확인해보세요.","같은 차라도 조건은 다릅니다.비교하고 더 좋은 조건을 찾으세요."
"daejeon\daedeok-gu\용호동\index.html","대전 대덕구 용호동 장기렌트·자동차리스 가격비교 | 행복한렌트몰","대전 대덕구 용호동 장기렌트와 자동차리스 이용조건을 행복한렌트몰에서 비교하고 차량별 견적과 지역별 상담 정보를 확인해보세요.","같은 차라도 조건은 다릅니다.비교하고 더 좋은 조건을 찾으세요."
"daejeon\daedeok-gu\읍내동\index.html","대전 대덕구 읍내동 장기렌트·자동차리스 가격비교 | 행복한렌트몰","대전 대덕구 읍내동 장기렌트와 자동차리스 이용조건을 행복한렌트몰에서 비교하고 차량별 견적과 지역별 상담 정보를 확인해보세요.","같은 차라도 조건은 다릅니다.비교하고 더 좋은 조건을 찾으세요."
"daejeon\daedeok-gu\이현동\index.html","대전 대덕구 이현동 장기렌트·자동차리스 가격비교 | 행복한렌트몰","대전 대덕구 이현동 장기렌트와 자동차리스 이용조건을 행복한렌트몰에서 비교하고 차량별 견적과 지역별 상담 정보를 확인해보세요.","같은 차라도 조건은 다릅니다.비교하고 더 좋은 조건을 찾으세요."
"daejeon\daedeok-gu\장동\index.html","대전 대덕구 장동 장기렌트·자동차리스 가격비교 | 행복한렌트몰","대전 대덕구 장동 장기렌트와 자동차리스 이용조건을 행복한렌트몰에서 비교하고 차량별 견적과 지역별 상담 정보를 확인해보세요.","같은 차라도 조건은 다릅니다.비교하고 더 좋은 조건을 찾으세요."
"daejeon\daedeok-gu\중리동\index.html","대전 대덕구 중리동 장기렌트·자동차리스 가격비교 | 행복한렌트몰","대전 대덕구 중리동 장기렌트와 자동차리스 이용조건을 행복한렌트몰에서 비교하고 차량별 견적과 지역별 상담 정보를 확인해보세요.","같은 차라도 조건은 다릅니다.비교하고 더 좋은 조건을 찾으세요."
"daejeon\daedeok-gu\평촌동\index.html","대전 대덕구 평촌동 장기렌트·자동차리스 가격비교 | 행복한렌트몰","대전 대덕구 평촌동 장기렌트와 자동차리스 이용조건을 행복한렌트몰에서 비교하고 차량별 견적과 지역별 상담 정보를 확인해보세요.","같은 차라도 조건은 다릅니다.비교하고 더 좋은 조건을 찾으세요."
"daejeon\daedeok-gu\황호동\index.html","대전 대덕구 황호동 장기렌트·자동차리스 가격비교 | 행복한렌트몰","대전 대덕구 황호동 장기렌트와 자동차리스 이용조건을 행복한렌트몰에서 비교하고 차량별 견적과 지역별 상담 정보를 확인해보세요.","같은 차라도 조건은 다릅니다.비교하고 더 좋은 조건을 찾으세요."
"daejeon\dong-gu\index.html","대전 동구 장기렌트·자동차리스 가격비교 | 행복한렌트몰","대전 동구 장기렌트와 자동차리스 조건을 행복한렌트몰에서 비교하고 지역별 상담 정보를 확인해보세요.","같은 차라도 조건은 다릅니다.비교하고 더 좋은 조건을 찾으세요."
"daejeon\dong-gu\가양동\index.html","대전 동구 가양동 장기렌트·자동차리스 가격비교 | 행복한렌트몰","대전 동구 가양동 장기렌트와 자동차리스 이용조건을 행복한렌트몰에서 비교하고 차량별 견적과 지역별 상담 정보를 확인해보세요.","같은 차라도 조건은 다릅니다.비교하고 더 좋은 조건을 찾으세요."
"daejeon\dong-gu\가오동\index.html","대전 동구 가오동 장기렌트·자동차리스 가격비교 | 행복한렌트몰","대전 동구 가오동 장기렌트와 자동차리스 이용조건을 행복한렌트몰에서 비교하고 차량별 견적과 지역별 상담 정보를 확인해보세요.","같은 차라도 조건은 다릅니다.비교하고 더 좋은 조건을 찾으세요."
"daejeon\dong-gu\구도동\index.html","대전 동구 구도동 장기렌트·자동차리스 가격비교 | 행복한렌트몰","대전 동구 구도동 장기렌트와 자동차리스 이용조건을 행복한렌트몰에서 비교하고 차량별 견적과 지역별 상담 정보를 확인해보세요.","같은 차라도 조건은 다릅니다.비교하고 더 좋은 조건을 찾으세요."
"daejeon\dong-gu\낭월동\index.html","대전 동구 낭월동 장기렌트·자동차리스 가격비교 | 행복한렌트몰","대전 동구 낭월동 장기렌트와 자동차리스 이용조건을 행복한렌트몰에서 비교하고 차량별 견적과 지역별 상담 정보를 확인해보세요.","같은 차라도 조건은 다릅니다.비교하고 더 좋은 조건을 찾으세요."
"daejeon\dong-gu\내탑동\index.html","대전 동구 내탑동 장기렌트·자동차리스 가격비교 | 행복한렌트몰","대전 동구 내탑동 장기렌트와 자동차리스 이용조건을 행복한렌트몰에서 비교하고 차량별 견적과 지역별 상담 정보를 확인해보세요.","같은 차라도 조건은 다릅니다.비교하고 더 좋은 조건을 찾으세요."
"daejeon\dong-gu\대동\index.html","대전 동구 대동 장기렌트·자동차리스 가격비교 | 행복한렌트몰","대전 동구 대동 장기렌트와 자동차리스 이용조건을 행복한렌트몰에서 비교하고 차량별 견적과 지역별 상담 정보를 확인해보세요.","같은 차라도 조건은 다릅니다.비교하고 더 좋은 조건을 찾으세요."
"daejeon\dong-gu\대별동\index.html","대전 동구 대별동 장기렌트·자동차리스 가격비교 | 행복한렌트몰","대전 동구 대별동 장기렌트와 자동차리스 이용조건을 행복한렌트몰에서 비교하고 차량별 견적과 지역별 상담 정보를 확인해보세요.","같은 차라도 조건은 다릅니다.비교하고 더 좋은 조건을 찾으세요."
"daejeon\dong-gu\대성동\index.html","대전 동구 대성동 장기렌트·자동차리스 가격비교 | 행복한렌트몰","대전 동구 대성동 장기렌트와 자동차리스 이용조건을 행복한렌트몰에서 비교하고 차량별 견적과 지역별 상담 정보를 확인해보세요.","같은 차라도 조건은 다릅니다.비교하고 더 좋은 조건을 찾으세요."
"daejeon\dong-gu\마산동\index.html","대전 동구 마산동 장기렌트·자동차리스 가격비교 | 행복한렌트몰","대전 동구 마산동 장기렌트와 자동차리스 이용조건을 행복한렌트몰에서 비교하고 차량별 견적과 지역별 상담 정보를 확인해보세요.","같은 차라도 조건은 다릅니다.비교하고 더 좋은 조건을 찾으세요."
"daejeon\dong-gu\비룡동\index.html","대전 동구 비룡동 장기렌트·자동차리스 가격비교 | 행복한렌트몰","대전 동구 비룡동 장기렌트와 자동차리스 이용조건을 행복한렌트몰에서 비교하고 차량별 견적과 지역별 상담 정보를 확인해보세요.","같은 차라도 조건은 다릅니다.비교하고 더 좋은 조건을 찾으세요."
"daejeon\dong-gu\사성동\index.html","대전 동구 사성동 장기렌트·자동차리스 가격비교 | 행복한렌트몰","대전 동구 사성동 장기렌트와 자동차리스 이용조건을 행복한렌트몰에서 비교하고 차량별 견적과 지역별 상담 정보를 확인해보세요.","같은 차라도 조건은 다릅니다.비교하고 더 좋은 조건을 찾으세요."
"daejeon\dong-gu\삼괴동\index.html","대전 동구 삼괴동 장기렌트·자동차리스 가격비교 | 행복한렌트몰","대전 동구 삼괴동 장기렌트와 자동차리스 이용조건을 행복한렌트몰에서 비교하고 차량별 견적과 지역별 상담 정보를 확인해보세요.","같은 차라도 조건은 다릅니다.비교하고 더 좋은 조건을 찾으세요."
"daejeon\dong-gu\삼성동\index.html","대전 동구 삼성동 장기렌트·자동차리스 가격비교 | 행복한렌트몰","대전 동구 삼성동 장기렌트와 자동차리스 이용조건을 행복한렌트몰에서 비교하고 차량별 견적과 지역별 상담 정보를 확인해보세요.","같은 차라도 조건은 다릅니다.비교하고 더 좋은 조건을 찾으세요."
"daejeon\dong-gu\삼정동\index.html","대전 동구 삼정동 장기렌트·자동차리스 가격비교 | 행복한렌트몰","대전 동구 삼정동 장기렌트와 자동차리스 이용조건을 행복한렌트몰에서 비교하고 차량별 견적과 지역별 상담 정보를 확인해보세요.","같은 차라도 조건은 다릅니다.비교하고 더 좋은 조건을 찾으세요."
"daejeon\dong-gu\상소동\index.html","대전 동구 상소동 장기렌트·자동차리스 가격비교 | 행복한렌트몰","대전 동구 상소동 장기렌트와 자동차리스 이용조건을 행복한렌트몰에서 비교하고 차량별 견적과 지역별 상담 정보를 확인해보세요.","같은 차라도 조건은 다릅니다.비교하고 더 좋은 조건을 찾으세요."
"daejeon\dong-gu\성남동\index.html","대전 동구 성남동 장기렌트·자동차리스 가격비교 | 행복한렌트몰","대전 동구 성남동 장기렌트와 자동차리스 이용조건을 행복한렌트몰에서 비교하고 차량별 견적과 지역별 상담 정보를 확인해보세요.","같은 차라도 조건은 다릅니다.비교하고 더 좋은 조건을 찾으세요."
"daejeon\dong-gu\세천동\index.html","대전 동구 세천동 장기렌트·자동차리스 가격비교 | 행복한렌트몰","대전 동구 세천동 장기렌트와 자동차리스 이용조건을 행복한렌트몰에서 비교하고 차량별 견적과 지역별 상담 정보를 확인해보세요.","같은 차라도 조건은 다릅니다.비교하고 더 좋은 조건을 찾으세요."
"daejeon\dong-gu\소제동\index.html","대전 동구 소제동 장기렌트·자동차리스 가격비교 | 행복한렌트몰","대전 동구 소제동 장기렌트와 자동차리스 이용조건을 행복한렌트몰에서 비교하고 차량별 견적과 지역별 상담 정보를 확인해보세요.","같은 차라도 조건은 다릅니다.비교하고 더 좋은 조건을 찾으세요."
"daejeon\dong-gu\소호동\index.html","대전 동구 소호동 장기렌트·자동차리스 가격비교 | 행복한렌트몰","대전 동구 소호동 장기렌트와 자동차리스 이용조건을 행복한렌트몰에서 비교하고 차량별 견적과 지역별 상담 정보를 확인해보세요.","같은 차라도 조건은 다릅니다.비교하고 더 좋은 조건을 찾으세요."
"daejeon\dong-gu\신상동\index.html","대전 동구 신상동 장기렌트·자동차리스 가격비교 | 행복한렌트몰","대전 동구 신상동 장기렌트와 자동차리스 이용조건을 행복한렌트몰에서 비교하고 차량별 견적과 지역별 상담 정보를 확인해보세요.","같은 차라도 조건은 다릅니다.비교하고 더 좋은 조건을 찾으세요."
"daejeon\dong-gu\신안동\index.html","대전 동구 신안동 장기렌트·자동차리스 가격비교 | 행복한렌트몰","대전 동구 신안동 장기렌트와 자동차리스 이용조건을 행복한렌트몰에서 비교하고 차량별 견적과 지역별 상담 정보를 확인해보세요.","같은 차라도 조건은 다릅니다.비교하고 더 좋은 조건을 찾으세요."
"daejeon\dong-gu\신촌동\index.html","대전 동구 신촌동 장기렌트·자동차리스 가격비교 | 행복한렌트몰","대전 동구 신촌동 장기렌트와 자동차리스 이용조건을 행복한렌트몰에서 비교하고 차량별 견적과 지역별 상담 정보를 확인해보세요.","같은 차라도 조건은 다릅니다.비교하고 더 좋은 조건을 찾으세요."
"daejeon\dong-gu\신하동\index.html","대전 동구 신하동 장기렌트·자동차리스 가격비교 | 행복한렌트몰","대전 동구 신하동 장기렌트와 자동차리스 이용조건을 행복한렌트몰에서 비교하고 차량별 견적과 지역별 상담 정보를 확인해보세요.","같은 차라도 조건은 다릅니다.비교하고 더 좋은 조건을 찾으세요."
"daejeon\dong-gu\신흥동\index.html","대전 동구 신흥동 장기렌트·자동차리스 가격비교 | 행복한렌트몰","대전 동구 신흥동 장기렌트와 자동차리스 이용조건을 행복한렌트몰에서 비교하고 차량별 견적과 지역별 상담 정보를 확인해보세요.","같은 차라도 조건은 다릅니다.비교하고 더 좋은 조건을 찾으세요."
"daejeon\dong-gu\오동\index.html","대전 동구 오동 장기렌트·자동차리스 가격비교 | 행복한렌트몰","대전 동구 오동 장기렌트와 자동차리스 이용조건을 행복한렌트몰에서 비교하고 차량별 견적과 지역별 상담 정보를 확인해보세요.","같은 차라도 조건은 다릅니다.비교하고 더 좋은 조건을 찾으세요."
"daejeon\dong-gu\용계동\index.html","대전 동구 용계동 장기렌트·자동차리스 가격비교 | 행복한렌트몰","대전 동구 용계동 장기렌트와 자동차리스 이용조건을 행복한렌트몰에서 비교하고 차량별 견적과 지역별 상담 정보를 확인해보세요.","같은 차라도 조건은 다릅니다.비교하고 더 좋은 조건을 찾으세요."
"daejeon\dong-gu\용운동\index.html","대전 동구 용운동 장기렌트·자동차리스 가격비교 | 행복한렌트몰","대전 동구 용운동 장기렌트와 자동차리스 이용조건을 행복한렌트몰에서 비교하고 차량별 견적과 지역별 상담 정보를 확인해보세요.","같은 차라도 조건은 다릅니다.비교하고 더 좋은 조건을 찾으세요."
"daejeon\dong-gu\용전동\index.html","대전 동구 용전동 장기렌트·자동차리스 가격비교 | 행복한렌트몰","대전 동구 용전동 장기렌트와 자동차리스 이용조건을 행복한렌트몰에서 비교하고 차량별 견적과 지역별 상담 정보를 확인해보세요.","같은 차라도 조건은 다릅니다.비교하고 더 좋은 조건을 찾으세요."
"daejeon\dong-gu\원동\index.html","대전 동구 원동 장기렌트·자동차리스 가격비교 | 행복한렌트몰","대전 동구 원동 장기렌트와 자동차리스 이용조건을 행복한렌트몰에서 비교하고 차량별 견적과 지역별 상담 정보를 확인해보세요.","같은 차라도 조건은 다릅니다.비교하고 더 좋은 조건을 찾으세요."
"daejeon\dong-gu\이사동\index.html","대전 동구 이사동 장기렌트·자동차리스 가격비교 | 행복한렌트몰","대전 동구 이사동 장기렌트와 자동차리스 이용조건을 행복한렌트몰에서 비교하고 차량별 견적과 지역별 상담 정보를 확인해보세요.","같은 차라도 조건은 다릅니다.비교하고 더 좋은 조건을 찾으세요."
"daejeon\dong-gu\인동\index.html","대전 동구 인동 장기렌트·자동차리스 가격비교 | 행복한렌트몰","대전 동구 인동 장기렌트와 자동차리스 이용조건을 행복한렌트몰에서 비교하고 차량별 견적과 지역별 상담 정보를 확인해보세요.","같은 차라도 조건은 다릅니다.비교하고 더 좋은 조건을 찾으세요."
"daejeon\dong-gu\자양동\index.html","대전 동구 자양동 장기렌트·자동차리스 가격비교 | 행복한렌트몰","대전 동구 자양동 장기렌트와 자동차리스 이용조건을 행복한렌트몰에서 비교하고 차량별 견적과 지역별 상담 정보를 확인해보세요.","같은 차라도 조건은 다릅니다.비교하고 더 좋은 조건을 찾으세요."
"daejeon\dong-gu\장척동\index.html","대전 동구 장척동 장기렌트·자동차리스 가격비교 | 행복한렌트몰","대전 동구 장척동 장기렌트와 자동차리스 이용조건을 행복한렌트몰에서 비교하고 차량별 견적과 지역별 상담 정보를 확인해보세요.","같은 차라도 조건은 다릅니다.비교하고 더 좋은 조건을 찾으세요."
"daejeon\dong-gu\정동\index.html","대전 동구 정동 장기렌트·자동차리스 가격비교 | 행복한렌트몰","대전 동구 정동 장기렌트와 자동차리스 이용조건을 행복한렌트몰에서 비교하고 차량별 견적과 지역별 상담 정보를 확인해보세요.","같은 차라도 조건은 다릅니다.비교하고 더 좋은 조건을 찾으세요."
"daejeon\dong-gu\주산동\index.html","대전 동구 주산동 장기렌트·자동차리스 가격비교 | 행복한렌트몰","대전 동구 주산동 장기렌트와 자동차리스 이용조건을 행복한렌트몰에서 비교하고 차량별 견적과 지역별 상담 정보를 확인해보세요.","같은 차라도 조건은 다릅니다.비교하고 더 좋은 조건을 찾으세요."
"daejeon\dong-gu\주촌동\index.html","대전 동구 주촌동 장기렌트·자동차리스 가격비교 | 행복한렌트몰","대전 동구 주촌동 장기렌트와 자동차리스 이용조건을 행복한렌트몰에서 비교하고 차량별 견적과 지역별 상담 정보를 확인해보세요.","같은 차라도 조건은 다릅니다.비교하고 더 좋은 조건을 찾으세요."
"daejeon\dong-gu\중동\index.html","대전 동구 중동 장기렌트·자동차리스 가격비교 | 행복한렌트몰","대전 동구 중동 장기렌트와 자동차리스 이용조건을 행복한렌트몰에서 비교하고 차량별 견적과 지역별 상담 정보를 확인해보세요.","같은 차라도 조건은 다릅니다.비교하고 더 좋은 조건을 찾으세요."
"daejeon\dong-gu\직동\index.html","대전 동구 직동 장기렌트·자동차리스 가격비교 | 행복한렌트몰","대전 동구 직동 장기렌트와 자동차리스 이용조건을 행복한렌트몰에서 비교하고 차량별 견적과 지역별 상담 정보를 확인해보세요.","같은 차라도 조건은 다릅니다.비교하고 더 좋은 조건을 찾으세요."
"daejeon\dong-gu\천동\index.html","대전 동구 천동 장기렌트·자동차리스 가격비교 | 행복한렌트몰","대전 동구 천동 장기렌트와 자동차리스 이용조건을 행복한렌트몰에서 비교하고 차량별 견적과 지역별 상담 정보를 확인해보세요.","같은 차라도 조건은 다릅니다.비교하고 더 좋은 조건을 찾으세요."
"daejeon\dong-gu\추동\index.html","대전 동구 추동 장기렌트·자동차리스 가격비교 | 행복한렌트몰","대전 동구 추동 장기렌트와 자동차리스 이용조건을 행복한렌트몰에서 비교하고 차량별 견적과 지역별 상담 정보를 확인해보세요.","같은 차라도 조건은 다릅니다.비교하고 더 좋은 조건을 찾으세요."
"daejeon\dong-gu\판암동\index.html","대전 동구 판암동 장기렌트·자동차리스 가격비교 | 행복한렌트몰","대전 동구 판암동 장기렌트와 자동차리스 이용조건을 행복한렌트몰에서 비교하고 차량별 견적과 지역별 상담 정보를 확인해보세요.","같은 차라도 조건은 다릅니다.비교하고 더 좋은 조건을 찾으세요."
"daejeon\dong-gu\하소동\index.html","대전 동구 하소동 장기렌트·자동차리스 가격비교 | 행복한렌트몰","대전 동구 하소동 장기렌트와 자동차리스 이용조건을 행복한렌트몰에서 비교하고 차량별 견적과 지역별 상담 정보를 확인해보세요.","같은 차라도 조건은 다릅니다.비교하고 더 좋은 조건을 찾으세요."
"daejeon\dong-gu\홍도동\index.html","대전 동구 홍도동 장기렌트·자동차리스 가격비교 | 행복한렌트몰","대전 동구 홍도동 장기렌트와 자동차리스 이용조건을 행복한렌트몰에서 비교하고 차량별 견적과 지역별 상담 정보를 확인해보세요.","같은 차라도 조건은 다릅니다.비교하고 더 좋은 조건을 찾으세요."
"daejeon\dong-gu\효동\index.html","대전 동구 효동 장기렌트·자동차리스 가격비교 | 행복한렌트몰","대전 동구 효동 장기렌트와 자동차리스 이용조건을 행복한렌트몰에서 비교하고 차량별 견적과 지역별 상담 정보를 확인해보세요.","같은 차라도 조건은 다릅니다.비교하고 더 좋은 조건을 찾으세요."
"daejeon\dong-gu\효평동\index.html","대전 동구 효평동 장기렌트·자동차리스 가격비교 | 행복한렌트몰","대전 동구 효평동 장기렌트와 자동차리스 이용조건을 행복한렌트몰에서 비교하고 차량별 견적과 지역별 상담 정보를 확인해보세요.","같은 차라도 조건은 다릅니다.비교하고 더 좋은 조건을 찾으세요."
"daejeon\jung-gu\index.html","대전 중구 장기렌트·자동차리스 가격비교 | 행복한렌트몰","대전 중구 장기렌트와 자동차리스 조건을 행복한렌트몰에서 비교하고 지역별 상담 정보를 확인해보세요.","같은 차라도 조건은 다릅니다.비교하고 더 좋은 조건을 찾으세요."
"daejeon\jung-gu\구완동\index.html","대전 중구 구완동 장기렌트·자동차리스 가격비교 | 행복한렌트몰","대전 중구 구완동 장기렌트와 자동차리스 이용조건을 행복한렌트몰에서 비교하고 차량별 견적과 지역별 상담 정보를 확인해보세요.","같은 차라도 조건은 다릅니다.비교하고 더 좋은 조건을 찾으세요."
"daejeon\jung-gu\금동\index.html","대전 중구 금동 장기렌트·자동차리스 가격비교 | 행복한렌트몰","대전 중구 금동 장기렌트와 자동차리스 이용조건을 행복한렌트몰에서 비교하고 차량별 견적과 지역별 상담 정보를 확인해보세요.","같은 차라도 조건은 다릅니다.비교하고 더 좋은 조건을 찾으세요."
"daejeon\jung-gu\대사동\index.html","대전 중구 대사동 장기렌트·자동차리스 가격비교 | 행복한렌트몰","대전 중구 대사동 장기렌트와 자동차리스 이용조건을 행복한렌트몰에서 비교하고 차량별 견적과 지역별 상담 정보를 확인해보세요.","같은 차라도 조건은 다릅니다.비교하고 더 좋은 조건을 찾으세요."
"daejeon\jung-gu\대흥동\index.html","대전 중구 대흥동 장기렌트·자동차리스 가격비교 | 행복한렌트몰","대전 중구 대흥동 장기렌트와 자동차리스 이용조건을 행복한렌트몰에서 비교하고 차량별 견적과 지역별 상담 정보를 확인해보세요.","같은 차라도 조건은 다릅니다.비교하고 더 좋은 조건을 찾으세요."
"daejeon\jung-gu\목달동\index.html","대전 중구 목달동 장기렌트·자동차리스 가격비교 | 행복한렌트몰","대전 중구 목달동 장기렌트와 자동차리스 이용조건을 행복한렌트몰에서 비교하고 차량별 견적과 지역별 상담 정보를 확인해보세요.","같은 차라도 조건은 다릅니다.비교하고 더 좋은 조건을 찾으세요."
"daejeon\jung-gu\목동\index.html","대전 중구 목동 장기렌트·자동차리스 가격비교 | 행복한렌트몰","대전 중구 목동 장기렌트와 자동차리스 이용조건을 행복한렌트몰에서 비교하고 차량별 견적과 지역별 상담 정보를 확인해보세요.","같은 차라도 조건은 다릅니다.비교하고 더 좋은 조건을 찾으세요."
"daejeon\jung-gu\무수동\index.html","대전 중구 무수동 장기렌트·자동차리스 가격비교 | 행복한렌트몰","대전 중구 무수동 장기렌트와 자동차리스 이용조건을 행복한렌트몰에서 비교하고 차량별 견적과 지역별 상담 정보를 확인해보세요.","같은 차라도 조건은 다릅니다.비교하고 더 좋은 조건을 찾으세요."
"daejeon\jung-gu\문창동\index.html","대전 중구 문창동 장기렌트·자동차리스 가격비교 | 행복한렌트몰","대전 중구 문창동 장기렌트와 자동차리스 이용조건을 행복한렌트몰에서 비교하고 차량별 견적과 지역별 상담 정보를 확인해보세요.","같은 차라도 조건은 다릅니다.비교하고 더 좋은 조건을 찾으세요."
"daejeon\jung-gu\문화동\index.html","대전 중구 문화동 장기렌트·자동차리스 가격비교 | 행복한렌트몰","대전 중구 문화동 장기렌트와 자동차리스 이용조건을 행복한렌트몰에서 비교하고 차량별 견적과 지역별 상담 정보를 확인해보세요.","같은 차라도 조건은 다릅니다.비교하고 더 좋은 조건을 찾으세요."
"daejeon\jung-gu\부사동\index.html","대전 중구 부사동 장기렌트·자동차리스 가격비교 | 행복한렌트몰","대전 중구 부사동 장기렌트와 자동차리스 이용조건을 행복한렌트몰에서 비교하고 차량별 견적과 지역별 상담 정보를 확인해보세요.","같은 차라도 조건은 다릅니다.비교하고 더 좋은 조건을 찾으세요."
"daejeon\jung-gu\사정동\index.html","대전 중구 사정동 장기렌트·자동차리스 가격비교 | 행복한렌트몰","대전 중구 사정동 장기렌트와 자동차리스 이용조건을 행복한렌트몰에서 비교하고 차량별 견적과 지역별 상담 정보를 확인해보세요.","같은 차라도 조건은 다릅니다.비교하고 더 좋은 조건을 찾으세요."
"daejeon\jung-gu\산성동\index.html","대전 중구 산성동 장기렌트·자동차리스 가격비교 | 행복한렌트몰","대전 중구 산성동 장기렌트와 자동차리스 이용조건을 행복한렌트몰에서 비교하고 차량별 견적과 지역별 상담 정보를 확인해보세요.","같은 차라도 조건은 다릅니다.비교하고 더 좋은 조건을 찾으세요."
"daejeon\jung-gu\석교동\index.html","대전 중구 석교동 장기렌트·자동차리스 가격비교 | 행복한렌트몰","대전 중구 석교동 장기렌트와 자동차리스 이용조건을 행복한렌트몰에서 비교하고 차량별 견적과 지역별 상담 정보를 확인해보세요.","같은 차라도 조건은 다릅니다.비교하고 더 좋은 조건을 찾으세요."
"daejeon\jung-gu\선화동\index.html","대전 중구 선화동 장기렌트·자동차리스 가격비교 | 행복한렌트몰","대전 중구 선화동 장기렌트와 자동차리스 이용조건을 행복한렌트몰에서 비교하고 차량별 견적과 지역별 상담 정보를 확인해보세요.","같은 차라도 조건은 다릅니다.비교하고 더 좋은 조건을 찾으세요."
"daejeon\jung-gu\안영동\index.html","대전 중구 안영동 장기렌트·자동차리스 가격비교 | 행복한렌트몰","대전 중구 안영동 장기렌트와 자동차리스 이용조건을 행복한렌트몰에서 비교하고 차량별 견적과 지역별 상담 정보를 확인해보세요.","같은 차라도 조건은 다릅니다.비교하고 더 좋은 조건을 찾으세요."
"daejeon\jung-gu\어남동\index.html","대전 중구 어남동 장기렌트·자동차리스 가격비교 | 행복한렌트몰","대전 중구 어남동 장기렌트와 자동차리스 이용조건을 행복한렌트몰에서 비교하고 차량별 견적과 지역별 상담 정보를 확인해보세요.","같은 차라도 조건은 다릅니다.비교하고 더 좋은 조건을 찾으세요."
"daejeon\jung-gu\오류동\index.html","대전 중구 오류동 장기렌트·자동차리스 가격비교 | 행복한렌트몰","대전 중구 오류동 장기렌트와 자동차리스 이용조건을 행복한렌트몰에서 비교하고 차량별 견적과 지역별 상담 정보를 확인해보세요.","같은 차라도 조건은 다릅니다.비교하고 더 좋은 조건을 찾으세요."
"daejeon\jung-gu\옥계동\index.html","대전 중구 옥계동 장기렌트·자동차리스 가격비교 | 행복한렌트몰","대전 중구 옥계동 장기렌트와 자동차리스 이용조건을 행복한렌트몰에서 비교하고 차량별 견적과 지역별 상담 정보를 확인해보세요.","같은 차라도 조건은 다릅니다.비교하고 더 좋은 조건을 찾으세요."
"daejeon\jung-gu\용두동\index.html","대전 중구 용두동 장기렌트·자동차리스 가격비교 | 행복한렌트몰","대전 중구 용두동 장기렌트와 자동차리스 이용조건을 행복한렌트몰에서 비교하고 차량별 견적과 지역별 상담 정보를 확인해보세요.","같은 차라도 조건은 다릅니다.비교하고 더 좋은 조건을 찾으세요."
"daejeon\jung-gu\유천동\index.html","대전 중구 유천동 장기렌트·자동차리스 가격비교 | 행복한렌트몰","대전 중구 유천동 장기렌트와 자동차리스 이용조건을 행복한렌트몰에서 비교하고 차량별 견적과 지역별 상담 정보를 확인해보세요.","같은 차라도 조건은 다릅니다.비교하고 더 좋은 조건을 찾으세요."
"daejeon\jung-gu\은행동\index.html","대전 중구 은행동 장기렌트·자동차리스 가격비교 | 행복한렌트몰","대전 중구 은행동 장기렌트와 자동차리스 이용조건을 행복한렌트몰에서 비교하고 차량별 견적과 지역별 상담 정보를 확인해보세요.","같은 차라도 조건은 다릅니다.비교하고 더 좋은 조건을 찾으세요."
"daejeon\jung-gu\정생동\index.html","대전 중구 정생동 장기렌트·자동차리스 가격비교 | 행복한렌트몰","대전 중구 정생동 장기렌트와 자동차리스 이용조건을 행복한렌트몰에서 비교하고 차량별 견적과 지역별 상담 정보를 확인해보세요.","같은 차라도 조건은 다릅니다.비교하고 더 좋은 조건을 찾으세요."
"daejeon\jung-gu\중촌동\index.html","대전 중구 중촌동 장기렌트·자동차리스 가격비교 | 행복한렌트몰","대전 중구 중촌동 장기렌트와 자동차리스 이용조건을 행복한렌트몰에서 비교하고 차량별 견적과 지역별 상담 정보를 확인해보세요.","같은 차라도 조건은 다릅니다.비교하고 더 좋은 조건을 찾으세요."
"daejeon\jung-gu\침산동\index.html","대전 중구 침산동 장기렌트·자동차리스 가격비교 | 행복한렌트몰","대전 중구 침산동 장기렌트와 자동차리스 이용조건을 행복한렌트몰에서 비교하고 차량별 견적과 지역별 상담 정보를 확인해보세요.","같은 차라도 조건은 다릅니다.비교하고 더 좋은 조건을 찾으세요."
"daejeon\jung-gu\태평동\index.html","대전 중구 태평동 장기렌트·자동차리스 가격비교 | 행복한렌트몰","대전 중구 태평동 장기렌트와 자동차리스 이용조건을 행복한렌트몰에서 비교하고 차량별 견적과 지역별 상담 정보를 확인해보세요.","같은 차라도 조건은 다릅니다.비교하고 더 좋은 조건을 찾으세요."
"daejeon\jung-gu\호동\index.html","대전 중구 호동 장기렌트·자동차리스 가격비교 | 행복한렌트몰","대전 중구 호동 장기렌트와 자동차리스 이용조건을 행복한렌트몰에서 비교하고 차량별 견적과 지역별 상담 정보를 확인해보세요.","같은 차라도 조건은 다릅니다.비교하고 더 좋은 조건을 찾으세요."
"daejeon\seo-gu\index.html","대전 서구 장기렌트·자동차리스 가격비교 | 행복한렌트몰","대전 서구 장기렌트와 자동차리스 조건을 행복한렌트몰에서 비교하고 지역별 상담 정보를 확인해보세요.","같은 차라도 조건은 다릅니다.비교하고 더 좋은 조건을 찾으세요."
"daejeon\seo-gu\가수원동\index.html","대전 서구 가수원동 장기렌트·자동차리스 가격비교 | 행복한렌트몰","대전 서구 가수원동 장기렌트와 자동차리스 이용조건을 행복한렌트몰에서 비교하고 차량별 견적과 지역별 상담 정보를 확인해보세요.","같은 차라도 조건은 다릅니다.비교하고 더 좋은 조건을 찾으세요."
"daejeon\seo-gu\가장동\index.html","대전 서구 가장동 장기렌트·자동차리스 가격비교 | 행복한렌트몰","대전 서구 가장동 장기렌트와 자동차리스 이용조건을 행복한렌트몰에서 비교하고 차량별 견적과 지역별 상담 정보를 확인해보세요.","같은 차라도 조건은 다릅니다.비교하고 더 좋은 조건을 찾으세요."
"daejeon\seo-gu\갈마동\index.html","대전 서구 갈마동 장기렌트·자동차리스 가격비교 | 행복한렌트몰","대전 서구 갈마동 장기렌트와 자동차리스 이용조건을 행복한렌트몰에서 비교하고 차량별 견적과 지역별 상담 정보를 확인해보세요.","같은 차라도 조건은 다릅니다.비교하고 더 좋은 조건을 찾으세요."
"daejeon\seo-gu\관저동\index.html","대전 서구 관저동 장기렌트·자동차리스 가격비교 | 행복한렌트몰","대전 서구 관저동 장기렌트와 자동차리스 이용조건을 행복한렌트몰에서 비교하고 차량별 견적과 지역별 상담 정보를 확인해보세요.","같은 차라도 조건은 다릅니다.비교하고 더 좋은 조건을 찾으세요."
"daejeon\seo-gu\괴곡동\index.html","대전 서구 괴곡동 장기렌트·자동차리스 가격비교 | 행복한렌트몰","대전 서구 괴곡동 장기렌트와 자동차리스 이용조건을 행복한렌트몰에서 비교하고 차량별 견적과 지역별 상담 정보를 확인해보세요.","같은 차라도 조건은 다릅니다.비교하고 더 좋은 조건을 찾으세요."
"daejeon\seo-gu\괴정동\index.html","대전 서구 괴정동 장기렌트·자동차리스 가격비교 | 행복한렌트몰","대전 서구 괴정동 장기렌트와 자동차리스 이용조건을 행복한렌트몰에서 비교하고 차량별 견적과 지역별 상담 정보를 확인해보세요.","같은 차라도 조건은 다릅니다.비교하고 더 좋은 조건을 찾으세요."
"daejeon\seo-gu\내동\index.html","대전 서구 내동 장기렌트·자동차리스 가격비교 | 행복한렌트몰","대전 서구 내동 장기렌트와 자동차리스 이용조건을 행복한렌트몰에서 비교하고 차량별 견적과 지역별 상담 정보를 확인해보세요.","같은 차라도 조건은 다릅니다.비교하고 더 좋은 조건을 찾으세요."
"daejeon\seo-gu\도마동\index.html","대전 서구 도마동 장기렌트·자동차리스 가격비교 | 행복한렌트몰","대전 서구 도마동 장기렌트와 자동차리스 이용조건을 행복한렌트몰에서 비교하고 차량별 견적과 지역별 상담 정보를 확인해보세요.","같은 차라도 조건은 다릅니다.비교하고 더 좋은 조건을 찾으세요."
"daejeon\seo-gu\도안동\index.html","대전 서구 도안동 장기렌트·자동차리스 가격비교 | 행복한렌트몰","대전 서구 도안동 장기렌트와 자동차리스 이용조건을 행복한렌트몰에서 비교하고 차량별 견적과 지역별 상담 정보를 확인해보세요.","같은 차라도 조건은 다릅니다.비교하고 더 좋은 조건을 찾으세요."
"daejeon\seo-gu\둔산동\index.html","대전 서구 둔산동 장기렌트·자동차리스 가격비교 | 행복한렌트몰","대전 서구 둔산동 장기렌트와 자동차리스 이용조건을 행복한렌트몰에서 비교하고 차량별 견적과 지역별 상담 정보를 확인해보세요.","같은 차라도 조건은 다릅니다.비교하고 더 좋은 조건을 찾으세요."
"daejeon\seo-gu\만년동\index.html","대전 서구 만년동 장기렌트·자동차리스 가격비교 | 행복한렌트몰","대전 서구 만년동 장기렌트와 자동차리스 이용조건을 행복한렌트몰에서 비교하고 차량별 견적과 지역별 상담 정보를 확인해보세요.","같은 차라도 조건은 다릅니다.비교하고 더 좋은 조건을 찾으세요."
"daejeon\seo-gu\매노동\index.html","대전 서구 매노동 장기렌트·자동차리스 가격비교 | 행복한렌트몰","대전 서구 매노동 장기렌트와 자동차리스 이용조건을 행복한렌트몰에서 비교하고 차량별 견적과 지역별 상담 정보를 확인해보세요.","같은 차라도 조건은 다릅니다.비교하고 더 좋은 조건을 찾으세요."
"daejeon\seo-gu\변동\index.html","대전 서구 변동 장기렌트·자동차리스 가격비교 | 행복한렌트몰","대전 서구 변동 장기렌트와 자동차리스 이용조건을 행복한렌트몰에서 비교하고 차량별 견적과 지역별 상담 정보를 확인해보세요.","같은 차라도 조건은 다릅니다.비교하고 더 좋은 조건을 찾으세요."
"daejeon\seo-gu\복수동\index.html","대전 서구 복수동 장기렌트·자동차리스 가격비교 | 행복한렌트몰","대전 서구 복수동 장기렌트와 자동차리스 이용조건을 행복한렌트몰에서 비교하고 차량별 견적과 지역별 상담 정보를 확인해보세요.","같은 차라도 조건은 다릅니다.비교하고 더 좋은 조건을 찾으세요."
"daejeon\seo-gu\봉곡동\index.html","대전 서구 봉곡동 장기렌트·자동차리스 가격비교 | 행복한렌트몰","대전 서구 봉곡동 장기렌트와 자동차리스 이용조건을 행복한렌트몰에서 비교하고 차량별 견적과 지역별 상담 정보를 확인해보세요.","같은 차라도 조건은 다릅니다.비교하고 더 좋은 조건을 찾으세요."
"daejeon\seo-gu\산직동\index.html","대전 서구 산직동 장기렌트·자동차리스 가격비교 | 행복한렌트몰","대전 서구 산직동 장기렌트와 자동차리스 이용조건을 행복한렌트몰에서 비교하고 차량별 견적과 지역별 상담 정보를 확인해보세요.","같은 차라도 조건은 다릅니다.비교하고 더 좋은 조건을 찾으세요."
"daejeon\seo-gu\오동\index.html","대전 서구 오동 장기렌트·자동차리스 가격비교 | 행복한렌트몰","대전 서구 오동 장기렌트와 자동차리스 이용조건을 행복한렌트몰에서 비교하고 차량별 견적과 지역별 상담 정보를 확인해보세요.","같은 차라도 조건은 다릅니다.비교하고 더 좋은 조건을 찾으세요."
"daejeon\seo-gu\용문동\index.html","대전 서구 용문동 장기렌트·자동차리스 가격비교 | 행복한렌트몰","대전 서구 용문동 장기렌트와 자동차리스 이용조건을 행복한렌트몰에서 비교하고 차량별 견적과 지역별 상담 정보를 확인해보세요.","같은 차라도 조건은 다릅니다.비교하고 더 좋은 조건을 찾으세요."
"daejeon\seo-gu\용촌동\index.html","대전 서구 용촌동 장기렌트·자동차리스 가격비교 | 행복한렌트몰","대전 서구 용촌동 장기렌트와 자동차리스 이용조건을 행복한렌트몰에서 비교하고 차량별 견적과 지역별 상담 정보를 확인해보세요.","같은 차라도 조건은 다릅니다.비교하고 더 좋은 조건을 찾으세요."
"daejeon\seo-gu\우명동\index.html","대전 서구 우명동 장기렌트·자동차리스 가격비교 | 행복한렌트몰","대전 서구 우명동 장기렌트와 자동차리스 이용조건을 행복한렌트몰에서 비교하고 차량별 견적과 지역별 상담 정보를 확인해보세요.","같은 차라도 조건은 다릅니다.비교하고 더 좋은 조건을 찾으세요."
"daejeon\seo-gu\원정동\index.html","대전 서구 원정동 장기렌트·자동차리스 가격비교 | 행복한렌트몰","대전 서구 원정동 장기렌트와 자동차리스 이용조건을 행복한렌트몰에서 비교하고 차량별 견적과 지역별 상담 정보를 확인해보세요.","같은 차라도 조건은 다릅니다.비교하고 더 좋은 조건을 찾으세요."
"daejeon\seo-gu\월평동\index.html","대전 서구 월평동 장기렌트·자동차리스 가격비교 | 행복한렌트몰","대전 서구 월평동 장기렌트와 자동차리스 이용조건을 행복한렌트몰에서 비교하고 차량별 견적과 지역별 상담 정보를 확인해보세요.","같은 차라도 조건은 다릅니다.비교하고 더 좋은 조건을 찾으세요."
"daejeon\seo-gu\장안동\index.html","대전 서구 장안동 장기렌트·자동차리스 가격비교 | 행복한렌트몰","대전 서구 장안동 장기렌트와 자동차리스 이용조건을 행복한렌트몰에서 비교하고 차량별 견적과 지역별 상담 정보를 확인해보세요.","같은 차라도 조건은 다릅니다.비교하고 더 좋은 조건을 찾으세요."
"daejeon\seo-gu\정림동\index.html","대전 서구 정림동 장기렌트·자동차리스 가격비교 | 행복한렌트몰","대전 서구 정림동 장기렌트와 자동차리스 이용조건을 행복한렌트몰에서 비교하고 차량별 견적과 지역별 상담 정보를 확인해보세요.","같은 차라도 조건은 다릅니다.비교하고 더 좋은 조건을 찾으세요."
"daejeon\seo-gu\탄방동\index.html","대전 서구 탄방동 장기렌트·자동차리스 가격비교 | 행복한렌트몰","대전 서구 탄방동 장기렌트와 자동차리스 이용조건을 행복한렌트몰에서 비교하고 차량별 견적과 지역별 상담 정보를 확인해보세요.","같은 차라도 조건은 다릅니다.비교하고 더 좋은 조건을 찾으세요."
"daejeon\seo-gu\평촌동\index.html","대전 서구 평촌동 장기렌트·자동차리스 가격비교 | 행복한렌트몰","대전 서구 평촌동 장기렌트와 자동차리스 이용조건을 행복한렌트몰에서 비교하고 차량별 견적과 지역별 상담 정보를 확인해보세요.","같은 차라도 조건은 다릅니다.비교하고 더 좋은 조건을 찾으세요."
"daejeon\seo-gu\흑석동\index.html","대전 서구 흑석동 장기렌트·자동차리스 가격비교 | 행복한렌트몰","대전 서구 흑석동 장기렌트와 자동차리스 이용조건을 행복한렌트몰에서 비교하고 차량별 견적과 지역별 상담 정보를 확인해보세요.","같은 차라도 조건은 다릅니다.비교하고 더 좋은 조건을 찾으세요."
"daejeon\yuseong-gu\index.html","대전 유성구 장기렌트·자동차리스 가격비교 | 행복한렌트몰","대전 유성구 장기렌트와 자동차리스 조건을 행복한렌트몰에서 비교하고 지역별 상담 정보를 확인해보세요.","같은 차라도 조건은 다릅니다.비교하고 더 좋은 조건을 찾으세요."
"daejeon\yuseong-gu\가정동\index.html","대전 유성구 가정동 장기렌트·자동차리스 가격비교 | 행복한렌트몰","대전 유성구 가정동 장기렌트와 자동차리스 이용조건을 행복한렌트몰에서 비교하고 차량별 견적과 지역별 상담 정보를 확인해보세요.","같은 차라도 조건은 다릅니다.비교하고 더 좋은 조건을 찾으세요."
"daejeon\yuseong-gu\갑동\index.html","대전 유성구 갑동 장기렌트·자동차리스 가격비교 | 행복한렌트몰","대전 유성구 갑동 장기렌트와 자동차리스 이용조건을 행복한렌트몰에서 비교하고 차량별 견적과 지역별 상담 정보를 확인해보세요.","같은 차라도 조건은 다릅니다.비교하고 더 좋은 조건을 찾으세요."
"daejeon\yuseong-gu\계산동\index.html","대전 유성구 계산동 장기렌트·자동차리스 가격비교 | 행복한렌트몰","대전 유성구 계산동 장기렌트와 자동차리스 이용조건을 행복한렌트몰에서 비교하고 차량별 견적과 지역별 상담 정보를 확인해보세요.","같은 차라도 조건은 다릅니다.비교하고 더 좋은 조건을 찾으세요."
"daejeon\yuseong-gu\관평동\index.html","대전 유성구 관평동 장기렌트·자동차리스 가격비교 | 행복한렌트몰","대전 유성구 관평동 장기렌트와 자동차리스 이용조건을 행복한렌트몰에서 비교하고 차량별 견적과 지역별 상담 정보를 확인해보세요.","같은 차라도 조건은 다릅니다.비교하고 더 좋은 조건을 찾으세요."
"daejeon\yuseong-gu\교촌동\index.html","대전 유성구 교촌동 장기렌트·자동차리스 가격비교 | 행복한렌트몰","대전 유성구 교촌동 장기렌트와 자동차리스 이용조건을 행복한렌트몰에서 비교하고 차량별 견적과 지역별 상담 정보를 확인해보세요.","같은 차라도 조건은 다릅니다.비교하고 더 좋은 조건을 찾으세요."
"daejeon\yuseong-gu\구룡동\index.html","대전 유성구 구룡동 장기렌트·자동차리스 가격비교 | 행복한렌트몰","대전 유성구 구룡동 장기렌트와 자동차리스 이용조건을 행복한렌트몰에서 비교하고 차량별 견적과 지역별 상담 정보를 확인해보세요.","같은 차라도 조건은 다릅니다.비교하고 더 좋은 조건을 찾으세요."
"daejeon\yuseong-gu\구성동\index.html","대전 유성구 구성동 장기렌트·자동차리스 가격비교 | 행복한렌트몰","대전 유성구 구성동 장기렌트와 자동차리스 이용조건을 행복한렌트몰에서 비교하고 차량별 견적과 지역별 상담 정보를 확인해보세요.","같은 차라도 조건은 다릅니다.비교하고 더 좋은 조건을 찾으세요."
"daejeon\yuseong-gu\구암동\index.html","대전 유성구 구암동 장기렌트·자동차리스 가격비교 | 행복한렌트몰","대전 유성구 구암동 장기렌트와 자동차리스 이용조건을 행복한렌트몰에서 비교하고 차량별 견적과 지역별 상담 정보를 확인해보세요.","같은 차라도 조건은 다릅니다.비교하고 더 좋은 조건을 찾으세요."
"daejeon\yuseong-gu\궁동\index.html","대전 유성구 궁동 장기렌트·자동차리스 가격비교 | 행복한렌트몰","대전 유성구 궁동 장기렌트와 자동차리스 이용조건을 행복한렌트몰에서 비교하고 차량별 견적과 지역별 상담 정보를 확인해보세요.","같은 차라도 조건은 다릅니다.비교하고 더 좋은 조건을 찾으세요."
"daejeon\yuseong-gu\금고동\index.html","대전 유성구 금고동 장기렌트·자동차리스 가격비교 | 행복한렌트몰","대전 유성구 금고동 장기렌트와 자동차리스 이용조건을 행복한렌트몰에서 비교하고 차량별 견적과 지역별 상담 정보를 확인해보세요.","같은 차라도 조건은 다릅니다.비교하고 더 좋은 조건을 찾으세요."
"daejeon\yuseong-gu\금탄동\index.html","대전 유성구 금탄동 장기렌트·자동차리스 가격비교 | 행복한렌트몰","대전 유성구 금탄동 장기렌트와 자동차리스 이용조건을 행복한렌트몰에서 비교하고 차량별 견적과 지역별 상담 정보를 확인해보세요.","같은 차라도 조건은 다릅니다.비교하고 더 좋은 조건을 찾으세요."
"daejeon\yuseong-gu\노은동\index.html","대전 유성구 노은동 장기렌트·자동차리스 가격비교 | 행복한렌트몰","대전 유성구 노은동 장기렌트와 자동차리스 이용조건을 행복한렌트몰에서 비교하고 차량별 견적과 지역별 상담 정보를 확인해보세요.","같은 차라도 조건은 다릅니다.비교하고 더 좋은 조건을 찾으세요."
"daejeon\yuseong-gu\대동\index.html","대전 유성구 대동 장기렌트·자동차리스 가격비교 | 행복한렌트몰","대전 유성구 대동 장기렌트와 자동차리스 이용조건을 행복한렌트몰에서 비교하고 차량별 견적과 지역별 상담 정보를 확인해보세요.","같은 차라도 조건은 다릅니다.비교하고 더 좋은 조건을 찾으세요."
"daejeon\yuseong-gu\대정동\index.html","대전 유성구 대정동 장기렌트·자동차리스 가격비교 | 행복한렌트몰","대전 유성구 대정동 장기렌트와 자동차리스 이용조건을 행복한렌트몰에서 비교하고 차량별 견적과 지역별 상담 정보를 확인해보세요.","같은 차라도 조건은 다릅니다.비교하고 더 좋은 조건을 찾으세요."
"daejeon\yuseong-gu\덕명동\index.html","대전 유성구 덕명동 장기렌트·자동차리스 가격비교 | 행복한렌트몰","대전 유성구 덕명동 장기렌트와 자동차리스 이용조건을 행복한렌트몰에서 비교하고 차량별 견적과 지역별 상담 정보를 확인해보세요.","같은 차라도 조건은 다릅니다.비교하고 더 좋은 조건을 찾으세요."
"daejeon\yuseong-gu\덕진동\index.html","대전 유성구 덕진동 장기렌트·자동차리스 가격비교 | 행복한렌트몰","대전 유성구 덕진동 장기렌트와 자동차리스 이용조건을 행복한렌트몰에서 비교하고 차량별 견적과 지역별 상담 정보를 확인해보세요.","같은 차라도 조건은 다릅니다.비교하고 더 좋은 조건을 찾으세요."
"daejeon\yuseong-gu\도룡동\index.html","대전 유성구 도룡동 장기렌트·자동차리스 가격비교 | 행복한렌트몰","대전 유성구 도룡동 장기렌트와 자동차리스 이용조건을 행복한렌트몰에서 비교하고 차량별 견적과 지역별 상담 정보를 확인해보세요.","같은 차라도 조건은 다릅니다.비교하고 더 좋은 조건을 찾으세요."
"daejeon\yuseong-gu\둔곡동\index.html","대전 유성구 둔곡동 장기렌트·자동차리스 가격비교 | 행복한렌트몰","대전 유성구 둔곡동 장기렌트와 자동차리스 이용조건을 행복한렌트몰에서 비교하고 차량별 견적과 지역별 상담 정보를 확인해보세요.","같은 차라도 조건은 다릅니다.비교하고 더 좋은 조건을 찾으세요."
"daejeon\yuseong-gu\문지동\index.html","대전 유성구 문지동 장기렌트·자동차리스 가격비교 | 행복한렌트몰","대전 유성구 문지동 장기렌트와 자동차리스 이용조건을 행복한렌트몰에서 비교하고 차량별 견적과 지역별 상담 정보를 확인해보세요.","같은 차라도 조건은 다릅니다.비교하고 더 좋은 조건을 찾으세요."
"daejeon\yuseong-gu\반석동\index.html","대전 유성구 반석동 장기렌트·자동차리스 가격비교 | 행복한렌트몰","대전 유성구 반석동 장기렌트와 자동차리스 이용조건을 행복한렌트몰에서 비교하고 차량별 견적과 지역별 상담 정보를 확인해보세요.","같은 차라도 조건은 다릅니다.비교하고 더 좋은 조건을 찾으세요."
"daejeon\yuseong-gu\방동\index.html","대전 유성구 방동 장기렌트·자동차리스 가격비교 | 행복한렌트몰","대전 유성구 방동 장기렌트와 자동차리스 이용조건을 행복한렌트몰에서 비교하고 차량별 견적과 지역별 상담 정보를 확인해보세요.","같은 차라도 조건은 다릅니다.비교하고 더 좋은 조건을 찾으세요."
"daejeon\yuseong-gu\방현동\index.html","대전 유성구 방현동 장기렌트·자동차리스 가격비교 | 행복한렌트몰","대전 유성구 방현동 장기렌트와 자동차리스 이용조건을 행복한렌트몰에서 비교하고 차량별 견적과 지역별 상담 정보를 확인해보세요.","같은 차라도 조건은 다릅니다.비교하고 더 좋은 조건을 찾으세요."
"daejeon\yuseong-gu\복용동\index.html","대전 유성구 복용동 장기렌트·자동차리스 가격비교 | 행복한렌트몰","대전 유성구 복용동 장기렌트와 자동차리스 이용조건을 행복한렌트몰에서 비교하고 차량별 견적과 지역별 상담 정보를 확인해보세요.","같은 차라도 조건은 다릅니다.비교하고 더 좋은 조건을 찾으세요."
"daejeon\yuseong-gu\봉명동\index.html","대전 유성구 봉명동 장기렌트·자동차리스 가격비교 | 행복한렌트몰","대전 유성구 봉명동 장기렌트와 자동차리스 이용조건을 행복한렌트몰에서 비교하고 차량별 견적과 지역별 상담 정보를 확인해보세요.","같은 차라도 조건은 다릅니다.비교하고 더 좋은 조건을 찾으세요."
"daejeon\yuseong-gu\봉산동\index.html","대전 유성구 봉산동 장기렌트·자동차리스 가격비교 | 행복한렌트몰","대전 유성구 봉산동 장기렌트와 자동차리스 이용조건을 행복한렌트몰에서 비교하고 차량별 견적과 지역별 상담 정보를 확인해보세요.","같은 차라도 조건은 다릅니다.비교하고 더 좋은 조건을 찾으세요."
"daejeon\yuseong-gu\상대동\index.html","대전 유성구 상대동 장기렌트·자동차리스 가격비교 | 행복한렌트몰","대전 유성구 상대동 장기렌트와 자동차리스 이용조건을 행복한렌트몰에서 비교하고 차량별 견적과 지역별 상담 정보를 확인해보세요.","같은 차라도 조건은 다릅니다.비교하고 더 좋은 조건을 찾으세요."
"daejeon\yuseong-gu\성북동\index.html","대전 유성구 성북동 장기렌트·자동차리스 가격비교 | 행복한렌트몰","대전 유성구 성북동 장기렌트와 자동차리스 이용조건을 행복한렌트몰에서 비교하고 차량별 견적과 지역별 상담 정보를 확인해보세요.","같은 차라도 조건은 다릅니다.비교하고 더 좋은 조건을 찾으세요."
"daejeon\yuseong-gu\세동\index.html","대전 유성구 세동 장기렌트·자동차리스 가격비교 | 행복한렌트몰","대전 유성구 세동 장기렌트와 자동차리스 이용조건을 행복한렌트몰에서 비교하고 차량별 견적과 지역별 상담 정보를 확인해보세요.","같은 차라도 조건은 다릅니다.비교하고 더 좋은 조건을 찾으세요."
"daejeon\yuseong-gu\송강동\index.html","대전 유성구 송강동 장기렌트·자동차리스 가격비교 | 행복한렌트몰","대전 유성구 송강동 장기렌트와 자동차리스 이용조건을 행복한렌트몰에서 비교하고 차량별 견적과 지역별 상담 정보를 확인해보세요.","같은 차라도 조건은 다릅니다.비교하고 더 좋은 조건을 찾으세요."
"daejeon\yuseong-gu\송정동\index.html","대전 유성구 송정동 장기렌트·자동차리스 가격비교 | 행복한렌트몰","대전 유성구 송정동 장기렌트와 자동차리스 이용조건을 행복한렌트몰에서 비교하고 차량별 견적과 지역별 상담 정보를 확인해보세요.","같은 차라도 조건은 다릅니다.비교하고 더 좋은 조건을 찾으세요."
"daejeon\yuseong-gu\수남동\index.html","대전 유성구 수남동 장기렌트·자동차리스 가격비교 | 행복한렌트몰","대전 유성구 수남동 장기렌트와 자동차리스 이용조건을 행복한렌트몰에서 비교하고 차량별 견적과 지역별 상담 정보를 확인해보세요.","같은 차라도 조건은 다릅니다.비교하고 더 좋은 조건을 찾으세요."
"daejeon\yuseong-gu\신동\index.html","대전 유성구 신동 장기렌트·자동차리스 가격비교 | 행복한렌트몰","대전 유성구 신동 장기렌트와 자동차리스 이용조건을 행복한렌트몰에서 비교하고 차량별 견적과 지역별 상담 정보를 확인해보세요.","같은 차라도 조건은 다릅니다.비교하고 더 좋은 조건을 찾으세요."
"daejeon\yuseong-gu\신봉동\index.html","대전 유성구 신봉동 장기렌트·자동차리스 가격비교 | 행복한렌트몰","대전 유성구 신봉동 장기렌트와 자동차리스 이용조건을 행복한렌트몰에서 비교하고 차량별 견적과 지역별 상담 정보를 확인해보세요.","같은 차라도 조건은 다릅니다.비교하고 더 좋은 조건을 찾으세요."
"daejeon\yuseong-gu\신성동\index.html","대전 유성구 신성동 장기렌트·자동차리스 가격비교 | 행복한렌트몰","대전 유성구 신성동 장기렌트와 자동차리스 이용조건을 행복한렌트몰에서 비교하고 차량별 견적과 지역별 상담 정보를 확인해보세요.","같은 차라도 조건은 다릅니다.비교하고 더 좋은 조건을 찾으세요."
"daejeon\yuseong-gu\안산동\index.html","대전 유성구 안산동 장기렌트·자동차리스 가격비교 | 행복한렌트몰","대전 유성구 안산동 장기렌트와 자동차리스 이용조건을 행복한렌트몰에서 비교하고 차량별 견적과 지역별 상담 정보를 확인해보세요.","같은 차라도 조건은 다릅니다.비교하고 더 좋은 조건을 찾으세요."
"daejeon\yuseong-gu\어은동\index.html","대전 유성구 어은동 장기렌트·자동차리스 가격비교 | 행복한렌트몰","대전 유성구 어은동 장기렌트와 자동차리스 이용조건을 행복한렌트몰에서 비교하고 차량별 견적과 지역별 상담 정보를 확인해보세요.","같은 차라도 조건은 다릅니다.비교하고 더 좋은 조건을 찾으세요."
"daejeon\yuseong-gu\외삼동\index.html","대전 유성구 외삼동 장기렌트·자동차리스 가격비교 | 행복한렌트몰","대전 유성구 외삼동 장기렌트와 자동차리스 이용조건을 행복한렌트몰에서 비교하고 차량별 견적과 지역별 상담 정보를 확인해보세요.","같은 차라도 조건은 다릅니다.비교하고 더 좋은 조건을 찾으세요."
"daejeon\yuseong-gu\용계동\index.html","대전 유성구 용계동 장기렌트·자동차리스 가격비교 | 행복한렌트몰","대전 유성구 용계동 장기렌트와 자동차리스 이용조건을 행복한렌트몰에서 비교하고 차량별 견적과 지역별 상담 정보를 확인해보세요.","같은 차라도 조건은 다릅니다.비교하고 더 좋은 조건을 찾으세요."
"daejeon\yuseong-gu\용산동\index.html","대전 유성구 용산동 장기렌트·자동차리스 가격비교 | 행복한렌트몰","대전 유성구 용산동 장기렌트와 자동차리스 이용조건을 행복한렌트몰에서 비교하고 차량별 견적과 지역별 상담 정보를 확인해보세요.","같은 차라도 조건은 다릅니다.비교하고 더 좋은 조건을 찾으세요."
"daejeon\yuseong-gu\원내동\index.html","대전 유성구 원내동 장기렌트·자동차리스 가격비교 | 행복한렌트몰","대전 유성구 원내동 장기렌트와 자동차리스 이용조건을 행복한렌트몰에서 비교하고 차량별 견적과 지역별 상담 정보를 확인해보세요.","같은 차라도 조건은 다릅니다.비교하고 더 좋은 조건을 찾으세요."
"daejeon\yuseong-gu\원신흥동\index.html","대전 유성구 원신흥동 장기렌트·자동차리스 가격비교 | 행복한렌트몰","대전 유성구 원신흥동 장기렌트와 자동차리스 이용조건을 행복한렌트몰에서 비교하고 차량별 견적과 지역별 상담 정보를 확인해보세요.","같은 차라도 조건은 다릅니다.비교하고 더 좋은 조건을 찾으세요."
"daejeon\yuseong-gu\원촌동\index.html","대전 유성구 원촌동 장기렌트·자동차리스 가격비교 | 행복한렌트몰","대전 유성구 원촌동 장기렌트와 자동차리스 이용조건을 행복한렌트몰에서 비교하고 차량별 견적과 지역별 상담 정보를 확인해보세요.","같은 차라도 조건은 다릅니다.비교하고 더 좋은 조건을 찾으세요."
"daejeon\yuseong-gu\자운동\index.html","대전 유성구 자운동 장기렌트·자동차리스 가격비교 | 행복한렌트몰","대전 유성구 자운동 장기렌트와 자동차리스 이용조건을 행복한렌트몰에서 비교하고 차량별 견적과 지역별 상담 정보를 확인해보세요.","같은 차라도 조건은 다릅니다.비교하고 더 좋은 조건을 찾으세요."
"daejeon\yuseong-gu\장대동\index.html","대전 유성구 장대동 장기렌트·자동차리스 가격비교 | 행복한렌트몰","대전 유성구 장대동 장기렌트와 자동차리스 이용조건을 행복한렌트몰에서 비교하고 차량별 견적과 지역별 상담 정보를 확인해보세요.","같은 차라도 조건은 다릅니다.비교하고 더 좋은 조건을 찾으세요."
"daejeon\yuseong-gu\장동\index.html","대전 유성구 장동 장기렌트·자동차리스 가격비교 | 행복한렌트몰","대전 유성구 장동 장기렌트와 자동차리스 이용조건을 행복한렌트몰에서 비교하고 차량별 견적과 지역별 상담 정보를 확인해보세요.","같은 차라도 조건은 다릅니다.비교하고 더 좋은 조건을 찾으세요."
"daejeon\yuseong-gu\전민동\index.html","대전 유성구 전민동 장기렌트·자동차리스 가격비교 | 행복한렌트몰","대전 유성구 전민동 장기렌트와 자동차리스 이용조건을 행복한렌트몰에서 비교하고 차량별 견적과 지역별 상담 정보를 확인해보세요.","같은 차라도 조건은 다릅니다.비교하고 더 좋은 조건을 찾으세요."
"daejeon\yuseong-gu\죽동\index.html","대전 유성구 죽동 장기렌트·자동차리스 가격비교 | 행복한렌트몰","대전 유성구 죽동 장기렌트와 자동차리스 이용조건을 행복한렌트몰에서 비교하고 차량별 견적과 지역별 상담 정보를 확인해보세요.","같은 차라도 조건은 다릅니다.비교하고 더 좋은 조건을 찾으세요."
"daejeon\yuseong-gu\지족동\index.html","대전 유성구 지족동 장기렌트·자동차리스 가격비교 | 행복한렌트몰","대전 유성구 지족동 장기렌트와 자동차리스 이용조건을 행복한렌트몰에서 비교하고 차량별 견적과 지역별 상담 정보를 확인해보세요.","같은 차라도 조건은 다릅니다.비교하고 더 좋은 조건을 찾으세요."
"daejeon\yuseong-gu\추목동\index.html","대전 유성구 추목동 장기렌트·자동차리스 가격비교 | 행복한렌트몰","대전 유성구 추목동 장기렌트와 자동차리스 이용조건을 행복한렌트몰에서 비교하고 차량별 견적과 지역별 상담 정보를 확인해보세요.","같은 차라도 조건은 다릅니다.비교하고 더 좋은 조건을 찾으세요."
"daejeon\yuseong-gu\탑립동\index.html","대전 유성구 탑립동 장기렌트·자동차리스 가격비교 | 행복한렌트몰","대전 유성구 탑립동 장기렌트와 자동차리스 이용조건을 행복한렌트몰에서 비교하고 차량별 견적과 지역별 상담 정보를 확인해보세요.","같은 차라도 조건은 다릅니다.비교하고 더 좋은 조건을 찾으세요."
"daejeon\yuseong-gu\하기동\index.html","대전 유성구 하기동 장기렌트·자동차리스 가격비교 | 행복한렌트몰","대전 유성구 하기동 장기렌트와 자동차리스 이용조건을 행복한렌트몰에서 비교하고 차량별 견적과 지역별 상담 정보를 확인해보세요.","같은 차라도 조건은 다릅니다.비교하고 더 좋은 조건을 찾으세요."
"daejeon\yuseong-gu\학하동\index.html","대전 유성구 학하동 장기렌트·자동차리스 가격비교 | 행복한렌트몰","대전 유성구 학하동 장기렌트와 자동차리스 이용조건을 행복한렌트몰에서 비교하고 차량별 견적과 지역별 상담 정보를 확인해보세요.","같은 차라도 조건은 다릅니다.비교하고 더 좋은 조건을 찾으세요."
"daejeon\yuseong-gu\화암동\index.html","대전 유성구 화암동 장기렌트·자동차리스 가격비교 | 행복한렌트몰","대전 유성구 화암동 장기렌트와 자동차리스 이용조건을 행복한렌트몰에서 비교하고 차량별 견적과 지역별 상담 정보를 확인해보세요.","같은 차라도 조건은 다릅니다.비교하고 더 좋은 조건을 찾으세요."
"gangwon\index.html","강원 장기렌트·자동차리스 가격비교 | 행복한렌트몰","강원 지역 장기렌트와 자동차리스 조건을 행복한렌트몰에서 비교하고 지역별 바로상담 정보를 확인해보세요.","같은 차라도 조건은 다릅니다.비교하고 더 좋은 조건을 찾으세요."
"gangwon\cheorwon-gun\index.html","강원 철원군 장기렌트·자동차리스 가격비교 | 행복한렌트몰","강원 철원군 장기렌트와 자동차리스 조건을 행복한렌트몰에서 비교하고 지역별 상담 정보를 확인해보세요.","같은 차라도 조건은 다릅니다.비교하고 더 좋은 조건을 찾으세요."
"gangwon\cheorwon-gun\갈말읍\index.html","강원 철원군 갈말읍 장기렌트·자동차리스 가격비교 | 행복한렌트몰","강원 철원군 갈말읍 장기렌트와 자동차리스 이용조건을 행복한렌트몰에서 비교하고 차량별 견적과 지역별 상담 정보를 확인해보세요.","같은 차라도 조건은 다릅니다.비교하고 더 좋은 조건을 찾으세요."
"gangwon\cheorwon-gun\근남면\index.html","강원 철원군 근남면 장기렌트·자동차리스 가격비교 | 행복한렌트몰","강원 철원군 근남면 장기렌트와 자동차리스 이용조건을 행복한렌트몰에서 비교하고 차량별 견적과 지역별 상담 정보를 확인해보세요.","같은 차라도 조건은 다릅니다.비교하고 더 좋은 조건을 찾으세요."
"gangwon\cheorwon-gun\근동면\index.html","강원 철원군 근동면 장기렌트·자동차리스 가격비교 | 행복한렌트몰","강원 철원군 근동면 장기렌트와 자동차리스 이용조건을 행복한렌트몰에서 비교하고 차량별 견적과 지역별 상담 정보를 확인해보세요.","같은 차라도 조건은 다릅니다.비교하고 더 좋은 조건을 찾으세요."
"gangwon\cheorwon-gun\근북면\index.html","강원 철원군 근북면 장기렌트·자동차리스 가격비교 | 행복한렌트몰","강원 철원군 근북면 장기렌트와 자동차리스 이용조건을 행복한렌트몰에서 비교하고 차량별 견적과 지역별 상담 정보를 확인해보세요.","같은 차라도 조건은 다릅니다.비교하고 더 좋은 조건을 찾으세요."
"gangwon\cheorwon-gun\김화읍\index.html","강원 철원군 김화읍 장기렌트·자동차리스 가격비교 | 행복한렌트몰","강원 철원군 김화읍 장기렌트와 자동차리스 이용조건을 행복한렌트몰에서 비교하고 차량별 견적과 지역별 상담 정보를 확인해보세요.","같은 차라도 조건은 다릅니다.비교하고 더 좋은 조건을 찾으세요."
"gangwon\cheorwon-gun\동송읍\index.html","강원 철원군 동송읍 장기렌트·자동차리스 가격비교 | 행복한렌트몰","강원 철원군 동송읍 장기렌트와 자동차리스 이용조건을 행복한렌트몰에서 비교하고 차량별 견적과 지역별 상담 정보를 확인해보세요.","같은 차라도 조건은 다릅니다.비교하고 더 좋은 조건을 찾으세요."
"gangwon\cheorwon-gun\서면\index.html","강원 철원군 서면 장기렌트·자동차리스 가격비교 | 행복한렌트몰","강원 철원군 서면 장기렌트와 자동차리스 이용조건을 행복한렌트몰에서 비교하고 차량별 견적과 지역별 상담 정보를 확인해보세요.","같은 차라도 조건은 다릅니다.비교하고 더 좋은 조건을 찾으세요."
"gangwon\cheorwon-gun\원남면\index.html","강원 철원군 원남면 장기렌트·자동차리스 가격비교 | 행복한렌트몰","강원 철원군 원남면 장기렌트와 자동차리스 이용조건을 행복한렌트몰에서 비교하고 차량별 견적과 지역별 상담 정보를 확인해보세요.","같은 차라도 조건은 다릅니다.비교하고 더 좋은 조건을 찾으세요."
"gangwon\cheorwon-gun\원동면\index.html","강원 철원군 원동면 장기렌트·자동차리스 가격비교 | 행복한렌트몰","강원 철원군 원동면 장기렌트와 자동차리스 이용조건을 행복한렌트몰에서 비교하고 차량별 견적과 지역별 상담 정보를 확인해보세요.","같은 차라도 조건은 다릅니다.비교하고 더 좋은 조건을 찾으세요."
"gangwon\cheorwon-gun\임남면\index.html","강원 철원군 임남면 장기렌트·자동차리스 가격비교 | 행복한렌트몰","강원 철원군 임남면 장기렌트와 자동차리스 이용조건을 행복한렌트몰에서 비교하고 차량별 견적과 지역별 상담 정보를 확인해보세요.","같은 차라도 조건은 다릅니다.비교하고 더 좋은 조건을 찾으세요."
"gangwon\cheorwon-gun\철원읍\index.html","강원 철원군 철원읍 장기렌트·자동차리스 가격비교 | 행복한렌트몰","강원 철원군 철원읍 장기렌트와 자동차리스 이용조건을 행복한렌트몰에서 비교하고 차량별 견적과 지역별 상담 정보를 확인해보세요.","같은 차라도 조건은 다릅니다.비교하고 더 좋은 조건을 찾으세요."
"gangwon\chuncheon-si\index.html","강원 춘천시 장기렌트·자동차리스 가격비교 | 행복한렌트몰","강원 춘천시 장기렌트와 자동차리스 조건을 행복한렌트몰에서 비교하고 지역별 상담 정보를 확인해보세요.","같은 차라도 조건은 다릅니다.비교하고 더 좋은 조건을 찾으세요."
"gangwon\chuncheon-si\교동\index.html","강원 춘천시 교동 장기렌트·자동차리스 가격비교 | 행복한렌트몰","강원 춘천시 교동 장기렌트와 자동차리스 이용조건을 행복한렌트몰에서 비교하고 차량별 견적과 지역별 상담 정보를 확인해보세요.","같은 차라도 조건은 다릅니다.비교하고 더 좋은 조건을 찾으세요."
"gangwon\chuncheon-si\근화동\index.html","강원 춘천시 근화동 장기렌트·자동차리스 가격비교 | 행복한렌트몰","강원 춘천시 근화동 장기렌트와 자동차리스 이용조건을 행복한렌트몰에서 비교하고 차량별 견적과 지역별 상담 정보를 확인해보세요.","같은 차라도 조건은 다릅니다.비교하고 더 좋은 조건을 찾으세요."
"gangwon\chuncheon-si\낙원동\index.html","강원 춘천시 낙원동 장기렌트·자동차리스 가격비교 | 행복한렌트몰","강원 춘천시 낙원동 장기렌트와 자동차리스 이용조건을 행복한렌트몰에서 비교하고 차량별 견적과 지역별 상담 정보를 확인해보세요.","같은 차라도 조건은 다릅니다.비교하고 더 좋은 조건을 찾으세요."
"gangwon\chuncheon-si\남면\index.html","강원 춘천시 남면 장기렌트·자동차리스 가격비교 | 행복한렌트몰","강원 춘천시 남면 장기렌트와 자동차리스 이용조건을 행복한렌트몰에서 비교하고 차량별 견적과 지역별 상담 정보를 확인해보세요.","같은 차라도 조건은 다릅니다.비교하고 더 좋은 조건을 찾으세요."
"gangwon\chuncheon-si\남산면\index.html","강원 춘천시 남산면 장기렌트·자동차리스 가격비교 | 행복한렌트몰","강원 춘천시 남산면 장기렌트와 자동차리스 이용조건을 행복한렌트몰에서 비교하고 차량별 견적과 지역별 상담 정보를 확인해보세요.","같은 차라도 조건은 다릅니다.비교하고 더 좋은 조건을 찾으세요."
"gangwon\chuncheon-si\동내면\index.html","강원 춘천시 동내면 장기렌트·자동차리스 가격비교 | 행복한렌트몰","강원 춘천시 동내면 장기렌트와 자동차리스 이용조건을 행복한렌트몰에서 비교하고 차량별 견적과 지역별 상담 정보를 확인해보세요.","같은 차라도 조건은 다릅니다.비교하고 더 좋은 조건을 찾으세요."
"gangwon\chuncheon-si\동면\index.html","강원 춘천시 동면 장기렌트·자동차리스 가격비교 | 행복한렌트몰","강원 춘천시 동면 장기렌트와 자동차리스 이용조건을 행복한렌트몰에서 비교하고 차량별 견적과 지역별 상담 정보를 확인해보세요.","같은 차라도 조건은 다릅니다.비교하고 더 좋은 조건을 찾으세요."
"gangwon\chuncheon-si\동산면\index.html","강원 춘천시 동산면 장기렌트·자동차리스 가격비교 | 행복한렌트몰","강원 춘천시 동산면 장기렌트와 자동차리스 이용조건을 행복한렌트몰에서 비교하고 차량별 견적과 지역별 상담 정보를 확인해보세요.","같은 차라도 조건은 다릅니다.비교하고 더 좋은 조건을 찾으세요."
"gangwon\chuncheon-si\봉의동\index.html","강원 춘천시 봉의동 장기렌트·자동차리스 가격비교 | 행복한렌트몰","강원 춘천시 봉의동 장기렌트와 자동차리스 이용조건을 행복한렌트몰에서 비교하고 차량별 견적과 지역별 상담 정보를 확인해보세요.","같은 차라도 조건은 다릅니다.비교하고 더 좋은 조건을 찾으세요."
"gangwon\chuncheon-si\북산면\index.html","강원 춘천시 북산면 장기렌트·자동차리스 가격비교 | 행복한렌트몰","강원 춘천시 북산면 장기렌트와 자동차리스 이용조건을 행복한렌트몰에서 비교하고 차량별 견적과 지역별 상담 정보를 확인해보세요.","같은 차라도 조건은 다릅니다.비교하고 더 좋은 조건을 찾으세요."
"gangwon\chuncheon-si\사농동\index.html","강원 춘천시 사농동 장기렌트·자동차리스 가격비교 | 행복한렌트몰","강원 춘천시 사농동 장기렌트와 자동차리스 이용조건을 행복한렌트몰에서 비교하고 차량별 견적과 지역별 상담 정보를 확인해보세요.","같은 차라도 조건은 다릅니다.비교하고 더 좋은 조건을 찾으세요."
"gangwon\chuncheon-si\사북면\index.html","강원 춘천시 사북면 장기렌트·자동차리스 가격비교 | 행복한렌트몰","강원 춘천시 사북면 장기렌트와 자동차리스 이용조건을 행복한렌트몰에서 비교하고 차량별 견적과 지역별 상담 정보를 확인해보세요.","같은 차라도 조건은 다릅니다.비교하고 더 좋은 조건을 찾으세요."
"gangwon\chuncheon-si\삼천동\index.html","강원 춘천시 삼천동 장기렌트·자동차리스 가격비교 | 행복한렌트몰","강원 춘천시 삼천동 장기렌트와 자동차리스 이용조건을 행복한렌트몰에서 비교하고 차량별 견적과 지역별 상담 정보를 확인해보세요.","같은 차라도 조건은 다릅니다.비교하고 더 좋은 조건을 찾으세요."
"gangwon\chuncheon-si\서면\index.html","강원 춘천시 서면 장기렌트·자동차리스 가격비교 | 행복한렌트몰","강원 춘천시 서면 장기렌트와 자동차리스 이용조건을 행복한렌트몰에서 비교하고 차량별 견적과 지역별 상담 정보를 확인해보세요.","같은 차라도 조건은 다릅니다.비교하고 더 좋은 조건을 찾으세요."
"gangwon\chuncheon-si\석사동\index.html","강원 춘천시 석사동 장기렌트·자동차리스 가격비교 | 행복한렌트몰","강원 춘천시 석사동 장기렌트와 자동차리스 이용조건을 행복한렌트몰에서 비교하고 차량별 견적과 지역별 상담 정보를 확인해보세요.","같은 차라도 조건은 다릅니다.비교하고 더 좋은 조건을 찾으세요."
"gangwon\chuncheon-si\송암동\index.html","강원 춘천시 송암동 장기렌트·자동차리스 가격비교 | 행복한렌트몰","강원 춘천시 송암동 장기렌트와 자동차리스 이용조건을 행복한렌트몰에서 비교하고 차량별 견적과 지역별 상담 정보를 확인해보세요.","같은 차라도 조건은 다릅니다.비교하고 더 좋은 조건을 찾으세요."
"gangwon\chuncheon-si\신동\index.html","강원 춘천시 신동 장기렌트·자동차리스 가격비교 | 행복한렌트몰","강원 춘천시 신동 장기렌트와 자동차리스 이용조건을 행복한렌트몰에서 비교하고 차량별 견적과 지역별 상담 정보를 확인해보세요.","같은 차라도 조건은 다릅니다.비교하고 더 좋은 조건을 찾으세요."
"gangwon\chuncheon-si\신동면\index.html","강원 춘천시 신동면 장기렌트·자동차리스 가격비교 | 행복한렌트몰","강원 춘천시 신동면 장기렌트와 자동차리스 이용조건을 행복한렌트몰에서 비교하고 차량별 견적과 지역별 상담 정보를 확인해보세요.","같은 차라도 조건은 다릅니다.비교하고 더 좋은 조건을 찾으세요."
"gangwon\chuncheon-si\신북읍\index.html","강원 춘천시 신북읍 장기렌트·자동차리스 가격비교 | 행복한렌트몰","강원 춘천시 신북읍 장기렌트와 자동차리스 이용조건을 행복한렌트몰에서 비교하고 차량별 견적과 지역별 상담 정보를 확인해보세요.","같은 차라도 조건은 다릅니다.비교하고 더 좋은 조건을 찾으세요."
"gangwon\chuncheon-si\약사동\index.html","강원 춘천시 약사동 장기렌트·자동차리스 가격비교 | 행복한렌트몰","강원 춘천시 약사동 장기렌트와 자동차리스 이용조건을 행복한렌트몰에서 비교하고 차량별 견적과 지역별 상담 정보를 확인해보세요.","같은 차라도 조건은 다릅니다.비교하고 더 좋은 조건을 찾으세요."
"gangwon\chuncheon-si\옥천동\index.html","강원 춘천시 옥천동 장기렌트·자동차리스 가격비교 | 행복한렌트몰","강원 춘천시 옥천동 장기렌트와 자동차리스 이용조건을 행복한렌트몰에서 비교하고 차량별 견적과 지역별 상담 정보를 확인해보세요.","같은 차라도 조건은 다릅니다.비교하고 더 좋은 조건을 찾으세요."
"gangwon\chuncheon-si\온의동\index.html","강원 춘천시 온의동 장기렌트·자동차리스 가격비교 | 행복한렌트몰","강원 춘천시 온의동 장기렌트와 자동차리스 이용조건을 행복한렌트몰에서 비교하고 차량별 견적과 지역별 상담 정보를 확인해보세요.","같은 차라도 조건은 다릅니다.비교하고 더 좋은 조건을 찾으세요."
"gangwon\chuncheon-si\요선동\index.html","강원 춘천시 요선동 장기렌트·자동차리스 가격비교 | 행복한렌트몰","강원 춘천시 요선동 장기렌트와 자동차리스 이용조건을 행복한렌트몰에서 비교하고 차량별 견적과 지역별 상담 정보를 확인해보세요.","같은 차라도 조건은 다릅니다.비교하고 더 좋은 조건을 찾으세요."
"gangwon\chuncheon-si\우두동\index.html","강원 춘천시 우두동 장기렌트·자동차리스 가격비교 | 행복한렌트몰","강원 춘천시 우두동 장기렌트와 자동차리스 이용조건을 행복한렌트몰에서 비교하고 차량별 견적과 지역별 상담 정보를 확인해보세요.","같은 차라도 조건은 다릅니다.비교하고 더 좋은 조건을 찾으세요."
"gangwon\chuncheon-si\운교동\index.html","강원 춘천시 운교동 장기렌트·자동차리스 가격비교 | 행복한렌트몰","강원 춘천시 운교동 장기렌트와 자동차리스 이용조건을 행복한렌트몰에서 비교하고 차량별 견적과 지역별 상담 정보를 확인해보세요.","같은 차라도 조건은 다릅니다.비교하고 더 좋은 조건을 찾으세요."
"gangwon\chuncheon-si\조양동\index.html","강원 춘천시 조양동 장기렌트·자동차리스 가격비교 | 행복한렌트몰","강원 춘천시 조양동 장기렌트와 자동차리스 이용조건을 행복한렌트몰에서 비교하고 차량별 견적과 지역별 상담 정보를 확인해보세요.","같은 차라도 조건은 다릅니다.비교하고 더 좋은 조건을 찾으세요."
"gangwon\chuncheon-si\죽림동\index.html","강원 춘천시 죽림동 장기렌트·자동차리스 가격비교 | 행복한렌트몰","강원 춘천시 죽림동 장기렌트와 자동차리스 이용조건을 행복한렌트몰에서 비교하고 차량별 견적과 지역별 상담 정보를 확인해보세요.","같은 차라도 조건은 다릅니다.비교하고 더 좋은 조건을 찾으세요."
"gangwon\chuncheon-si\중도동\index.html","강원 춘천시 중도동 장기렌트·자동차리스 가격비교 | 행복한렌트몰","강원 춘천시 중도동 장기렌트와 자동차리스 이용조건을 행복한렌트몰에서 비교하고 차량별 견적과 지역별 상담 정보를 확인해보세요.","같은 차라도 조건은 다릅니다.비교하고 더 좋은 조건을 찾으세요."
"gangwon\chuncheon-si\칠전동\index.html","강원 춘천시 칠전동 장기렌트·자동차리스 가격비교 | 행복한렌트몰","강원 춘천시 칠전동 장기렌트와 자동차리스 이용조건을 행복한렌트몰에서 비교하고 차량별 견적과 지역별 상담 정보를 확인해보세요.","같은 차라도 조건은 다릅니다.비교하고 더 좋은 조건을 찾으세요."
"gangwon\chuncheon-si\퇴계동\index.html","강원 춘천시 퇴계동 장기렌트·자동차리스 가격비교 | 행복한렌트몰","강원 춘천시 퇴계동 장기렌트와 자동차리스 이용조건을 행복한렌트몰에서 비교하고 차량별 견적과 지역별 상담 정보를 확인해보세요.","같은 차라도 조건은 다릅니다.비교하고 더 좋은 조건을 찾으세요."
"gangwon\chuncheon-si\효자동\index.html","강원 춘천시 효자동 장기렌트·자동차리스 가격비교 | 행복한렌트몰","강원 춘천시 효자동 장기렌트와 자동차리스 이용조건을 행복한렌트몰에서 비교하고 차량별 견적과 지역별 상담 정보를 확인해보세요.","같은 차라도 조건은 다릅니다.비교하고 더 좋은 조건을 찾으세요."
"gangwon\chuncheon-si\후평동\index.html","강원 춘천시 후평동 장기렌트·자동차리스 가격비교 | 행복한렌트몰","강원 춘천시 후평동 장기렌트와 자동차리스 이용조건을 행복한렌트몰에서 비교하고 차량별 견적과 지역별 상담 정보를 확인해보세요.","같은 차라도 조건은 다릅니다.비교하고 더 좋은 조건을 찾으세요."
"gangwon\donghae-si\index.html","강원 동해시 장기렌트·자동차리스 가격비교 | 행복한렌트몰","강원 동해시 장기렌트와 자동차리스 조건을 행복한렌트몰에서 비교하고 지역별 상담 정보를 확인해보세요.","같은 차라도 조건은 다릅니다.비교하고 더 좋은 조건을 찾으세요."
"gangwon\donghae-si\괴란동\index.html","강원 동해시 괴란동 장기렌트·자동차리스 가격비교 | 행복한렌트몰","강원 동해시 괴란동 장기렌트와 자동차리스 이용조건을 행복한렌트몰에서 비교하고 차량별 견적과 지역별 상담 정보를 확인해보세요.","같은 차라도 조건은 다릅니다.비교하고 더 좋은 조건을 찾으세요."
"gangwon\donghae-si\구미동\index.html","강원 동해시 구미동 장기렌트·자동차리스 가격비교 | 행복한렌트몰","강원 동해시 구미동 장기렌트와 자동차리스 이용조건을 행복한렌트몰에서 비교하고 차량별 견적과 지역별 상담 정보를 확인해보세요.","같은 차라도 조건은 다릅니다.비교하고 더 좋은 조건을 찾으세요."
"gangwon\donghae-si\구호동\index.html","강원 동해시 구호동 장기렌트·자동차리스 가격비교 | 행복한렌트몰","강원 동해시 구호동 장기렌트와 자동차리스 이용조건을 행복한렌트몰에서 비교하고 차량별 견적과 지역별 상담 정보를 확인해보세요.","같은 차라도 조건은 다릅니다.비교하고 더 좋은 조건을 찾으세요."
"gangwon\donghae-si\귀운동\index.html","강원 동해시 귀운동 장기렌트·자동차리스 가격비교 | 행복한렌트몰","강원 동해시 귀운동 장기렌트와 자동차리스 이용조건을 행복한렌트몰에서 비교하고 차량별 견적과 지역별 상담 정보를 확인해보세요.","같은 차라도 조건은 다릅니다.비교하고 더 좋은 조건을 찾으세요."
"gangwon\donghae-si\나안동\index.html","강원 동해시 나안동 장기렌트·자동차리스 가격비교 | 행복한렌트몰","강원 동해시 나안동 장기렌트와 자동차리스 이용조건을 행복한렌트몰에서 비교하고 차량별 견적과 지역별 상담 정보를 확인해보세요.","같은 차라도 조건은 다릅니다.비교하고 더 좋은 조건을 찾으세요."
"gangwon\donghae-si\내동\index.html","강원 동해시 내동 장기렌트·자동차리스 가격비교 | 행복한렌트몰","강원 동해시 내동 장기렌트와 자동차리스 이용조건을 행복한렌트몰에서 비교하고 차량별 견적과 지역별 상담 정보를 확인해보세요.","같은 차라도 조건은 다릅니다.비교하고 더 좋은 조건을 찾으세요."
"gangwon\donghae-si\단봉동\index.html","강원 동해시 단봉동 장기렌트·자동차리스 가격비교 | 행복한렌트몰","강원 동해시 단봉동 장기렌트와 자동차리스 이용조건을 행복한렌트몰에서 비교하고 차량별 견적과 지역별 상담 정보를 확인해보세요.","같은 차라도 조건은 다릅니다.비교하고 더 좋은 조건을 찾으세요."
"gangwon\donghae-si\달방동\index.html","강원 동해시 달방동 장기렌트·자동차리스 가격비교 | 행복한렌트몰","강원 동해시 달방동 장기렌트와 자동차리스 이용조건을 행복한렌트몰에서 비교하고 차량별 견적과 지역별 상담 정보를 확인해보세요.","같은 차라도 조건은 다릅니다.비교하고 더 좋은 조건을 찾으세요."
"gangwon\donghae-si\대구동\index.html","강원 동해시 대구동 장기렌트·자동차리스 가격비교 | 행복한렌트몰","강원 동해시 대구동 장기렌트와 자동차리스 이용조건을 행복한렌트몰에서 비교하고 차량별 견적과 지역별 상담 정보를 확인해보세요.","같은 차라도 조건은 다릅니다.비교하고 더 좋은 조건을 찾으세요."
"gangwon\donghae-si\대진동\index.html","강원 동해시 대진동 장기렌트·자동차리스 가격비교 | 행복한렌트몰","강원 동해시 대진동 장기렌트와 자동차리스 이용조건을 행복한렌트몰에서 비교하고 차량별 견적과 지역별 상담 정보를 확인해보세요.","같은 차라도 조건은 다릅니다.비교하고 더 좋은 조건을 찾으세요."
"gangwon\donghae-si\동회동\index.html","강원 동해시 동회동 장기렌트·자동차리스 가격비교 | 행복한렌트몰","강원 동해시 동회동 장기렌트와 자동차리스 이용조건을 행복한렌트몰에서 비교하고 차량별 견적과 지역별 상담 정보를 확인해보세요.","같은 차라도 조건은 다릅니다.비교하고 더 좋은 조건을 찾으세요."
"gangwon\donghae-si\만우동\index.html","강원 동해시 만우동 장기렌트·자동차리스 가격비교 | 행복한렌트몰","강원 동해시 만우동 장기렌트와 자동차리스 이용조건을 행복한렌트몰에서 비교하고 차량별 견적과 지역별 상담 정보를 확인해보세요.","같은 차라도 조건은 다릅니다.비교하고 더 좋은 조건을 찾으세요."
"gangwon\donghae-si\망상동\index.html","강원 동해시 망상동 장기렌트·자동차리스 가격비교 | 행복한렌트몰","강원 동해시 망상동 장기렌트와 자동차리스 이용조건을 행복한렌트몰에서 비교하고 차량별 견적과 지역별 상담 정보를 확인해보세요.","같은 차라도 조건은 다릅니다.비교하고 더 좋은 조건을 찾으세요."
"gangwon\donghae-si\묵호진동\index.html","강원 동해시 묵호진동 장기렌트·자동차리스 가격비교 | 행복한렌트몰","강원 동해시 묵호진동 장기렌트와 자동차리스 이용조건을 행복한렌트몰에서 비교하고 차량별 견적과 지역별 상담 정보를 확인해보세요.","같은 차라도 조건은 다릅니다.비교하고 더 좋은 조건을 찾으세요."
"gangwon\donghae-si\발한동\index.html","강원 동해시 발한동 장기렌트·자동차리스 가격비교 | 행복한렌트몰","강원 동해시 발한동 장기렌트와 자동차리스 이용조건을 행복한렌트몰에서 비교하고 차량별 견적과 지역별 상담 정보를 확인해보세요.","같은 차라도 조건은 다릅니다.비교하고 더 좋은 조건을 찾으세요."
"gangwon\donghae-si\부곡동\index.html","강원 동해시 부곡동 장기렌트·자동차리스 가격비교 | 행복한렌트몰","강원 동해시 부곡동 장기렌트와 자동차리스 이용조건을 행복한렌트몰에서 비교하고 차량별 견적과 지역별 상담 정보를 확인해보세요.","같은 차라도 조건은 다릅니다.비교하고 더 좋은 조건을 찾으세요."
"gangwon\donghae-si\북평동\index.html","강원 동해시 북평동 장기렌트·자동차리스 가격비교 | 행복한렌트몰","강원 동해시 북평동 장기렌트와 자동차리스 이용조건을 행복한렌트몰에서 비교하고 차량별 견적과 지역별 상담 정보를 확인해보세요.","같은 차라도 조건은 다릅니다.비교하고 더 좋은 조건을 찾으세요."
"gangwon\donghae-si\비천동\index.html","강원 동해시 비천동 장기렌트·자동차리스 가격비교 | 행복한렌트몰","강원 동해시 비천동 장기렌트와 자동차리스 이용조건을 행복한렌트몰에서 비교하고 차량별 견적과 지역별 상담 정보를 확인해보세요.","같은 차라도 조건은 다릅니다.비교하고 더 좋은 조건을 찾으세요."
"gangwon\donghae-si\삼화동\index.html","강원 동해시 삼화동 장기렌트·자동차리스 가격비교 | 행복한렌트몰","강원 동해시 삼화동 장기렌트와 자동차리스 이용조건을 행복한렌트몰에서 비교하고 차량별 견적과 지역별 상담 정보를 확인해보세요.","같은 차라도 조건은 다릅니다.비교하고 더 좋은 조건을 찾으세요."
"gangwon\donghae-si\송정동\index.html","강원 동해시 송정동 장기렌트·자동차리스 가격비교 | 행복한렌트몰","강원 동해시 송정동 장기렌트와 자동차리스 이용조건을 행복한렌트몰에서 비교하고 차량별 견적과 지역별 상담 정보를 확인해보세요.","같은 차라도 조건은 다릅니다.비교하고 더 좋은 조건을 찾으세요."
"gangwon\donghae-si\쇄운동\index.html","강원 동해시 쇄운동 장기렌트·자동차리스 가격비교 | 행복한렌트몰","강원 동해시 쇄운동 장기렌트와 자동차리스 이용조건을 행복한렌트몰에서 비교하고 차량별 견적과 지역별 상담 정보를 확인해보세요.","같은 차라도 조건은 다릅니다.비교하고 더 좋은 조건을 찾으세요."
"gangwon\donghae-si\신흥동\index.html","강원 동해시 신흥동 장기렌트·자동차리스 가격비교 | 행복한렌트몰","강원 동해시 신흥동 장기렌트와 자동차리스 이용조건을 행복한렌트몰에서 비교하고 차량별 견적과 지역별 상담 정보를 확인해보세요.","같은 차라도 조건은 다릅니다.비교하고 더 좋은 조건을 찾으세요."
"gangwon\donghae-si\심곡동\index.html","강원 동해시 심곡동 장기렌트·자동차리스 가격비교 | 행복한렌트몰","강원 동해시 심곡동 장기렌트와 자동차리스 이용조건을 행복한렌트몰에서 비교하고 차량별 견적과 지역별 상담 정보를 확인해보세요.","같은 차라도 조건은 다릅니다.비교하고 더 좋은 조건을 찾으세요."
"gangwon\donghae-si\어달동\index.html","강원 동해시 어달동 장기렌트·자동차리스 가격비교 | 행복한렌트몰","강원 동해시 어달동 장기렌트와 자동차리스 이용조건을 행복한렌트몰에서 비교하고 차량별 견적과 지역별 상담 정보를 확인해보세요.","같은 차라도 조건은 다릅니다.비교하고 더 좋은 조건을 찾으세요."
"gangwon\donghae-si\용정동\index.html","강원 동해시 용정동 장기렌트·자동차리스 가격비교 | 행복한렌트몰","강원 동해시 용정동 장기렌트와 자동차리스 이용조건을 행복한렌트몰에서 비교하고 차량별 견적과 지역별 상담 정보를 확인해보세요.","같은 차라도 조건은 다릅니다.비교하고 더 좋은 조건을 찾으세요."
"gangwon\donghae-si\이기동\index.html","강원 동해시 이기동 장기렌트·자동차리스 가격비교 | 행복한렌트몰","강원 동해시 이기동 장기렌트와 자동차리스 이용조건을 행복한렌트몰에서 비교하고 차량별 견적과 지역별 상담 정보를 확인해보세요.","같은 차라도 조건은 다릅니다.비교하고 더 좋은 조건을 찾으세요."
"gangwon\donghae-si\이도동\index.html","강원 동해시 이도동 장기렌트·자동차리스 가격비교 | 행복한렌트몰","강원 동해시 이도동 장기렌트와 자동차리스 이용조건을 행복한렌트몰에서 비교하고 차량별 견적과 지역별 상담 정보를 확인해보세요.","같은 차라도 조건은 다릅니다.비교하고 더 좋은 조건을 찾으세요."
"gangwon\donghae-si\이로동\index.html","강원 동해시 이로동 장기렌트·자동차리스 가격비교 | 행복한렌트몰","강원 동해시 이로동 장기렌트와 자동차리스 이용조건을 행복한렌트몰에서 비교하고 차량별 견적과 지역별 상담 정보를 확인해보세요.","같은 차라도 조건은 다릅니다.비교하고 더 좋은 조건을 찾으세요."
"gangwon\donghae-si\지가동\index.html","강원 동해시 지가동 장기렌트·자동차리스 가격비교 | 행복한렌트몰","강원 동해시 지가동 장기렌트와 자동차리스 이용조건을 행복한렌트몰에서 비교하고 차량별 견적과 지역별 상담 정보를 확인해보세요.","같은 차라도 조건은 다릅니다.비교하고 더 좋은 조건을 찾으세요."
"gangwon\donghae-si\지흥동\index.html","강원 동해시 지흥동 장기렌트·자동차리스 가격비교 | 행복한렌트몰","강원 동해시 지흥동 장기렌트와 자동차리스 이용조건을 행복한렌트몰에서 비교하고 차량별 견적과 지역별 상담 정보를 확인해보세요.","같은 차라도 조건은 다릅니다.비교하고 더 좋은 조건을 찾으세요."
"gangwon\donghae-si\천곡동\index.html","강원 동해시 천곡동 장기렌트·자동차리스 가격비교 | 행복한렌트몰","강원 동해시 천곡동 장기렌트와 자동차리스 이용조건을 행복한렌트몰에서 비교하고 차량별 견적과 지역별 상담 정보를 확인해보세요.","같은 차라도 조건은 다릅니다.비교하고 더 좋은 조건을 찾으세요."
"gangwon\donghae-si\초구동\index.html","강원 동해시 초구동 장기렌트·자동차리스 가격비교 | 행복한렌트몰","강원 동해시 초구동 장기렌트와 자동차리스 이용조건을 행복한렌트몰에서 비교하고 차량별 견적과 지역별 상담 정보를 확인해보세요.","같은 차라도 조건은 다릅니다.비교하고 더 좋은 조건을 찾으세요."
"gangwon\donghae-si\추암동\index.html","강원 동해시 추암동 장기렌트·자동차리스 가격비교 | 행복한렌트몰","강원 동해시 추암동 장기렌트와 자동차리스 이용조건을 행복한렌트몰에서 비교하고 차량별 견적과 지역별 상담 정보를 확인해보세요.","같은 차라도 조건은 다릅니다.비교하고 더 좋은 조건을 찾으세요."
"gangwon\donghae-si\평릉동\index.html","강원 동해시 평릉동 장기렌트·자동차리스 가격비교 | 행복한렌트몰","강원 동해시 평릉동 장기렌트와 자동차리스 이용조건을 행복한렌트몰에서 비교하고 차량별 견적과 지역별 상담 정보를 확인해보세요.","같은 차라도 조건은 다릅니다.비교하고 더 좋은 조건을 찾으세요."
"gangwon\donghae-si\호현동\index.html","강원 동해시 호현동 장기렌트·자동차리스 가격비교 | 행복한렌트몰","강원 동해시 호현동 장기렌트와 자동차리스 이용조건을 행복한렌트몰에서 비교하고 차량별 견적과 지역별 상담 정보를 확인해보세요.","같은 차라도 조건은 다릅니다.비교하고 더 좋은 조건을 찾으세요."
"gangwon\donghae-si\효가동\index.html","강원 동해시 효가동 장기렌트·자동차리스 가격비교 | 행복한렌트몰","강원 동해시 효가동 장기렌트와 자동차리스 이용조건을 행복한렌트몰에서 비교하고 차량별 견적과 지역별 상담 정보를 확인해보세요.","같은 차라도 조건은 다릅니다.비교하고 더 좋은 조건을 찾으세요."
"gangwon\gangneung-si\index.html","강원 강릉시 장기렌트·자동차리스 가격비교 | 행복한렌트몰","강원 강릉시 장기렌트와 자동차리스 조건을 행복한렌트몰에서 비교하고 지역별 상담 정보를 확인해보세요.","같은 차라도 조건은 다릅니다.비교하고 더 좋은 조건을 찾으세요."
"gangwon\gangneung-si\강동면\index.html","강원 강릉시 강동면 장기렌트·자동차리스 가격비교 | 행복한렌트몰","강원 강릉시 강동면 장기렌트와 자동차리스 이용조건을 행복한렌트몰에서 비교하고 차량별 견적과 지역별 상담 정보를 확인해보세요.","같은 차라도 조건은 다릅니다.비교하고 더 좋은 조건을 찾으세요."
"gangwon\gangneung-si\강문동\index.html","강원 강릉시 강문동 장기렌트·자동차리스 가격비교 | 행복한렌트몰","강원 강릉시 강문동 장기렌트와 자동차리스 이용조건을 행복한렌트몰에서 비교하고 차량별 견적과 지역별 상담 정보를 확인해보세요.","같은 차라도 조건은 다릅니다.비교하고 더 좋은 조건을 찾으세요."
"gangwon\gangneung-si\견소동\index.html","강원 강릉시 견소동 장기렌트·자동차리스 가격비교 | 행복한렌트몰","강원 강릉시 견소동 장기렌트와 자동차리스 이용조건을 행복한렌트몰에서 비교하고 차량별 견적과 지역별 상담 정보를 확인해보세요.","같은 차라도 조건은 다릅니다.비교하고 더 좋은 조건을 찾으세요."
"gangwon\gangneung-si\교동\index.html","강원 강릉시 교동 장기렌트·자동차리스 가격비교 | 행복한렌트몰","강원 강릉시 교동 장기렌트와 자동차리스 이용조건을 행복한렌트몰에서 비교하고 차량별 견적과 지역별 상담 정보를 확인해보세요.","같은 차라도 조건은 다릅니다.비교하고 더 좋은 조건을 찾으세요."
"gangwon\gangneung-si\구정면\index.html","강원 강릉시 구정면 장기렌트·자동차리스 가격비교 | 행복한렌트몰","강원 강릉시 구정면 장기렌트와 자동차리스 이용조건을 행복한렌트몰에서 비교하고 차량별 견적과 지역별 상담 정보를 확인해보세요.","같은 차라도 조건은 다릅니다.비교하고 더 좋은 조건을 찾으세요."
"gangwon\gangneung-si\금학동\index.html","강원 강릉시 금학동 장기렌트·자동차리스 가격비교 | 행복한렌트몰","강원 강릉시 금학동 장기렌트와 자동차리스 이용조건을 행복한렌트몰에서 비교하고 차량별 견적과 지역별 상담 정보를 확인해보세요.","같은 차라도 조건은 다릅니다.비교하고 더 좋은 조건을 찾으세요."
"gangwon\gangneung-si\난곡동\index.html","강원 강릉시 난곡동 장기렌트·자동차리스 가격비교 | 행복한렌트몰","강원 강릉시 난곡동 장기렌트와 자동차리스 이용조건을 행복한렌트몰에서 비교하고 차량별 견적과 지역별 상담 정보를 확인해보세요.","같은 차라도 조건은 다릅니다.비교하고 더 좋은 조건을 찾으세요."
"gangwon\gangneung-si\남문동\index.html","강원 강릉시 남문동 장기렌트·자동차리스 가격비교 | 행복한렌트몰","강원 강릉시 남문동 장기렌트와 자동차리스 이용조건을 행복한렌트몰에서 비교하고 차량별 견적과 지역별 상담 정보를 확인해보세요.","같은 차라도 조건은 다릅니다.비교하고 더 좋은 조건을 찾으세요."
"gangwon\gangneung-si\남항진동\index.html","강원 강릉시 남항진동 장기렌트·자동차리스 가격비교 | 행복한렌트몰","강원 강릉시 남항진동 장기렌트와 자동차리스 이용조건을 행복한렌트몰에서 비교하고 차량별 견적과 지역별 상담 정보를 확인해보세요.","같은 차라도 조건은 다릅니다.비교하고 더 좋은 조건을 찾으세요."
"gangwon\gangneung-si\내곡동\index.html","강원 강릉시 내곡동 장기렌트·자동차리스 가격비교 | 행복한렌트몰","강원 강릉시 내곡동 장기렌트와 자동차리스 이용조건을 행복한렌트몰에서 비교하고 차량별 견적과 지역별 상담 정보를 확인해보세요.","같은 차라도 조건은 다릅니다.비교하고 더 좋은 조건을 찾으세요."
"gangwon\gangneung-si\노암동\index.html","강원 강릉시 노암동 장기렌트·자동차리스 가격비교 | 행복한렌트몰","강원 강릉시 노암동 장기렌트와 자동차리스 이용조건을 행복한렌트몰에서 비교하고 차량별 견적과 지역별 상담 정보를 확인해보세요.","같은 차라도 조건은 다릅니다.비교하고 더 좋은 조건을 찾으세요."
"gangwon\gangneung-si\담산동\index.html","강원 강릉시 담산동 장기렌트·자동차리스 가격비교 | 행복한렌트몰","강원 강릉시 담산동 장기렌트와 자동차리스 이용조건을 행복한렌트몰에서 비교하고 차량별 견적과 지역별 상담 정보를 확인해보세요.","같은 차라도 조건은 다릅니다.비교하고 더 좋은 조건을 찾으세요."
"gangwon\gangneung-si\대전동\index.html","강원 강릉시 대전동 장기렌트·자동차리스 가격비교 | 행복한렌트몰","강원 강릉시 대전동 장기렌트와 자동차리스 이용조건을 행복한렌트몰에서 비교하고 차량별 견적과 지역별 상담 정보를 확인해보세요.","같은 차라도 조건은 다릅니다.비교하고 더 좋은 조건을 찾으세요."
"gangwon\gangneung-si\두산동\index.html","강원 강릉시 두산동 장기렌트·자동차리스 가격비교 | 행복한렌트몰","강원 강릉시 두산동 장기렌트와 자동차리스 이용조건을 행복한렌트몰에서 비교하고 차량별 견적과 지역별 상담 정보를 확인해보세요.","같은 차라도 조건은 다릅니다.비교하고 더 좋은 조건을 찾으세요."
"gangwon\gangneung-si\명주동\index.html","강원 강릉시 명주동 장기렌트·자동차리스 가격비교 | 행복한렌트몰","강원 강릉시 명주동 장기렌트와 자동차리스 이용조건을 행복한렌트몰에서 비교하고 차량별 견적과 지역별 상담 정보를 확인해보세요.","같은 차라도 조건은 다릅니다.비교하고 더 좋은 조건을 찾으세요."
"gangwon\gangneung-si\박월동\index.html","강원 강릉시 박월동 장기렌트·자동차리스 가격비교 | 행복한렌트몰","강원 강릉시 박월동 장기렌트와 자동차리스 이용조건을 행복한렌트몰에서 비교하고 차량별 견적과 지역별 상담 정보를 확인해보세요.","같은 차라도 조건은 다릅니다.비교하고 더 좋은 조건을 찾으세요."
"gangwon\gangneung-si\병산동\index.html","강원 강릉시 병산동 장기렌트·자동차리스 가격비교 | 행복한렌트몰","강원 강릉시 병산동 장기렌트와 자동차리스 이용조건을 행복한렌트몰에서 비교하고 차량별 견적과 지역별 상담 정보를 확인해보세요.","같은 차라도 조건은 다릅니다.비교하고 더 좋은 조건을 찾으세요."
"gangwon\gangneung-si\사천면\index.html","강원 강릉시 사천면 장기렌트·자동차리스 가격비교 | 행복한렌트몰","강원 강릉시 사천면 장기렌트와 자동차리스 이용조건을 행복한렌트몰에서 비교하고 차량별 견적과 지역별 상담 정보를 확인해보세요.","같은 차라도 조건은 다릅니다.비교하고 더 좋은 조건을 찾으세요."
"gangwon\gangneung-si\성남동\index.html","강원 강릉시 성남동 장기렌트·자동차리스 가격비교 | 행복한렌트몰","강원 강릉시 성남동 장기렌트와 자동차리스 이용조건을 행복한렌트몰에서 비교하고 차량별 견적과 지역별 상담 정보를 확인해보세요.","같은 차라도 조건은 다릅니다.비교하고 더 좋은 조건을 찾으세요."
"gangwon\gangneung-si\성내동\index.html","강원 강릉시 성내동 장기렌트·자동차리스 가격비교 | 행복한렌트몰","강원 강릉시 성내동 장기렌트와 자동차리스 이용조건을 행복한렌트몰에서 비교하고 차량별 견적과 지역별 상담 정보를 확인해보세요.","같은 차라도 조건은 다릅니다.비교하고 더 좋은 조건을 찾으세요."
"gangwon\gangneung-si\성산면\index.html","강원 강릉시 성산면 장기렌트·자동차리스 가격비교 | 행복한렌트몰","강원 강릉시 성산면 장기렌트와 자동차리스 이용조건을 행복한렌트몰에서 비교하고 차량별 견적과 지역별 상담 정보를 확인해보세요.","같은 차라도 조건은 다릅니다.비교하고 더 좋은 조건을 찾으세요."
"gangwon\gangneung-si\송정동\index.html","강원 강릉시 송정동 장기렌트·자동차리스 가격비교 | 행복한렌트몰","강원 강릉시 송정동 장기렌트와 자동차리스 이용조건을 행복한렌트몰에서 비교하고 차량별 견적과 지역별 상담 정보를 확인해보세요.","같은 차라도 조건은 다릅니다.비교하고 더 좋은 조건을 찾으세요."
"gangwon\gangneung-si\신석동\index.html","강원 강릉시 신석동 장기렌트·자동차리스 가격비교 | 행복한렌트몰","강원 강릉시 신석동 장기렌트와 자동차리스 이용조건을 행복한렌트몰에서 비교하고 차량별 견적과 지역별 상담 정보를 확인해보세요.","같은 차라도 조건은 다릅니다.비교하고 더 좋은 조건을 찾으세요."
"gangwon\gangneung-si\안현동\index.html","강원 강릉시 안현동 장기렌트·자동차리스 가격비교 | 행복한렌트몰","강원 강릉시 안현동 장기렌트와 자동차리스 이용조건을 행복한렌트몰에서 비교하고 차량별 견적과 지역별 상담 정보를 확인해보세요.","같은 차라도 조건은 다릅니다.비교하고 더 좋은 조건을 찾으세요."
"gangwon\gangneung-si\연곡면\index.html","강원 강릉시 연곡면 장기렌트·자동차리스 가격비교 | 행복한렌트몰","강원 강릉시 연곡면 장기렌트와 자동차리스 이용조건을 행복한렌트몰에서 비교하고 차량별 견적과 지역별 상담 정보를 확인해보세요.","같은 차라도 조건은 다릅니다.비교하고 더 좋은 조건을 찾으세요."
"gangwon\gangneung-si\옥계면\index.html","강원 강릉시 옥계면 장기렌트·자동차리스 가격비교 | 행복한렌트몰","강원 강릉시 옥계면 장기렌트와 자동차리스 이용조건을 행복한렌트몰에서 비교하고 차량별 견적과 지역별 상담 정보를 확인해보세요.","같은 차라도 조건은 다릅니다.비교하고 더 좋은 조건을 찾으세요."
"gangwon\gangneung-si\옥천동\index.html","강원 강릉시 옥천동 장기렌트·자동차리스 가격비교 | 행복한렌트몰","강원 강릉시 옥천동 장기렌트와 자동차리스 이용조건을 행복한렌트몰에서 비교하고 차량별 견적과 지역별 상담 정보를 확인해보세요.","같은 차라도 조건은 다릅니다.비교하고 더 좋은 조건을 찾으세요."
"gangwon\gangneung-si\왕산면\index.html","강원 강릉시 왕산면 장기렌트·자동차리스 가격비교 | 행복한렌트몰","강원 강릉시 왕산면 장기렌트와 자동차리스 이용조건을 행복한렌트몰에서 비교하고 차량별 견적과 지역별 상담 정보를 확인해보세요.","같은 차라도 조건은 다릅니다.비교하고 더 좋은 조건을 찾으세요."
"gangwon\gangneung-si\용강동\index.html","강원 강릉시 용강동 장기렌트·자동차리스 가격비교 | 행복한렌트몰","강원 강릉시 용강동 장기렌트와 자동차리스 이용조건을 행복한렌트몰에서 비교하고 차량별 견적과 지역별 상담 정보를 확인해보세요.","같은 차라도 조건은 다릅니다.비교하고 더 좋은 조건을 찾으세요."
"gangwon\gangneung-si\운산동\index.html","강원 강릉시 운산동 장기렌트·자동차리스 가격비교 | 행복한렌트몰","강원 강릉시 운산동 장기렌트와 자동차리스 이용조건을 행복한렌트몰에서 비교하고 차량별 견적과 지역별 상담 정보를 확인해보세요.","같은 차라도 조건은 다릅니다.비교하고 더 좋은 조건을 찾으세요."
"gangwon\gangneung-si\운정동\index.html","강원 강릉시 운정동 장기렌트·자동차리스 가격비교 | 행복한렌트몰","강원 강릉시 운정동 장기렌트와 자동차리스 이용조건을 행복한렌트몰에서 비교하고 차량별 견적과 지역별 상담 정보를 확인해보세요.","같은 차라도 조건은 다릅니다.비교하고 더 좋은 조건을 찾으세요."
"gangwon\gangneung-si\월호평동\index.html","강원 강릉시 월호평동 장기렌트·자동차리스 가격비교 | 행복한렌트몰","강원 강릉시 월호평동 장기렌트와 자동차리스 이용조건을 행복한렌트몰에서 비교하고 차량별 견적과 지역별 상담 정보를 확인해보세요.","같은 차라도 조건은 다릅니다.비교하고 더 좋은 조건을 찾으세요."
"gangwon\gangneung-si\유산동\index.html","강원 강릉시 유산동 장기렌트·자동차리스 가격비교 | 행복한렌트몰","강원 강릉시 유산동 장기렌트와 자동차리스 이용조건을 행복한렌트몰에서 비교하고 차량별 견적과 지역별 상담 정보를 확인해보세요.","같은 차라도 조건은 다릅니다.비교하고 더 좋은 조건을 찾으세요."
"gangwon\gangneung-si\유천동\index.html","강원 강릉시 유천동 장기렌트·자동차리스 가격비교 | 행복한렌트몰","강원 강릉시 유천동 장기렌트와 자동차리스 이용조건을 행복한렌트몰에서 비교하고 차량별 견적과 지역별 상담 정보를 확인해보세요.","같은 차라도 조건은 다릅니다.비교하고 더 좋은 조건을 찾으세요."
"gangwon\gangneung-si\임당동\index.html","강원 강릉시 임당동 장기렌트·자동차리스 가격비교 | 행복한렌트몰","강원 강릉시 임당동 장기렌트와 자동차리스 이용조건을 행복한렌트몰에서 비교하고 차량별 견적과 지역별 상담 정보를 확인해보세요.","같은 차라도 조건은 다릅니다.비교하고 더 좋은 조건을 찾으세요."
"gangwon\gangneung-si\입암동\index.html","강원 강릉시 입암동 장기렌트·자동차리스 가격비교 | 행복한렌트몰","강원 강릉시 입암동 장기렌트와 자동차리스 이용조건을 행복한렌트몰에서 비교하고 차량별 견적과 지역별 상담 정보를 확인해보세요.","같은 차라도 조건은 다릅니다.비교하고 더 좋은 조건을 찾으세요."
"gangwon\gangneung-si\장현동\index.html","강원 강릉시 장현동 장기렌트·자동차리스 가격비교 | 행복한렌트몰","강원 강릉시 장현동 장기렌트와 자동차리스 이용조건을 행복한렌트몰에서 비교하고 차량별 견적과 지역별 상담 정보를 확인해보세요.","같은 차라도 조건은 다릅니다.비교하고 더 좋은 조건을 찾으세요."
"gangwon\gangneung-si\저동\index.html","강원 강릉시 저동 장기렌트·자동차리스 가격비교 | 행복한렌트몰","강원 강릉시 저동 장기렌트와 자동차리스 이용조건을 행복한렌트몰에서 비교하고 차량별 견적과 지역별 상담 정보를 확인해보세요.","같은 차라도 조건은 다릅니다.비교하고 더 좋은 조건을 찾으세요."
"gangwon\gangneung-si\주문진읍\index.html","강원 강릉시 주문진읍 장기렌트·자동차리스 가격비교 | 행복한렌트몰","강원 강릉시 주문진읍 장기렌트와 자동차리스 이용조건을 행복한렌트몰에서 비교하고 차량별 견적과 지역별 상담 정보를 확인해보세요.","같은 차라도 조건은 다릅니다.비교하고 더 좋은 조건을 찾으세요."
"gangwon\gangneung-si\죽헌동\index.html","강원 강릉시 죽헌동 장기렌트·자동차리스 가격비교 | 행복한렌트몰","강원 강릉시 죽헌동 장기렌트와 자동차리스 이용조건을 행복한렌트몰에서 비교하고 차량별 견적과 지역별 상담 정보를 확인해보세요.","같은 차라도 조건은 다릅니다.비교하고 더 좋은 조건을 찾으세요."
"gangwon\gangneung-si\지변동\index.html","강원 강릉시 지변동 장기렌트·자동차리스 가격비교 | 행복한렌트몰","강원 강릉시 지변동 장기렌트와 자동차리스 이용조건을 행복한렌트몰에서 비교하고 차량별 견적과 지역별 상담 정보를 확인해보세요.","같은 차라도 조건은 다릅니다.비교하고 더 좋은 조건을 찾으세요."
"gangwon\gangneung-si\청량동\index.html","강원 강릉시 청량동 장기렌트·자동차리스 가격비교 | 행복한렌트몰","강원 강릉시 청량동 장기렌트와 자동차리스 이용조건을 행복한렌트몰에서 비교하고 차량별 견적과 지역별 상담 정보를 확인해보세요.","같은 차라도 조건은 다릅니다.비교하고 더 좋은 조건을 찾으세요."
"gangwon\gangneung-si\초당동\index.html","강원 강릉시 초당동 장기렌트·자동차리스 가격비교 | 행복한렌트몰","강원 강릉시 초당동 장기렌트와 자동차리스 이용조건을 행복한렌트몰에서 비교하고 차량별 견적과 지역별 상담 정보를 확인해보세요.","같은 차라도 조건은 다릅니다.비교하고 더 좋은 조건을 찾으세요."
"gangwon\gangneung-si\포남동\index.html","강원 강릉시 포남동 장기렌트·자동차리스 가격비교 | 행복한렌트몰","강원 강릉시 포남동 장기렌트와 자동차리스 이용조건을 행복한렌트몰에서 비교하고 차량별 견적과 지역별 상담 정보를 확인해보세요.","같은 차라도 조건은 다릅니다.비교하고 더 좋은 조건을 찾으세요."
"gangwon\gangneung-si\학동\index.html","강원 강릉시 학동 장기렌트·자동차리스 가격비교 | 행복한렌트몰","강원 강릉시 학동 장기렌트와 자동차리스 이용조건을 행복한렌트몰에서 비교하고 차량별 견적과 지역별 상담 정보를 확인해보세요.","같은 차라도 조건은 다릅니다.비교하고 더 좋은 조건을 찾으세요."
"gangwon\gangneung-si\홍제동\index.html","강원 강릉시 홍제동 장기렌트·자동차리스 가격비교 | 행복한렌트몰","강원 강릉시 홍제동 장기렌트와 자동차리스 이용조건을 행복한렌트몰에서 비교하고 차량별 견적과 지역별 상담 정보를 확인해보세요.","같은 차라도 조건은 다릅니다.비교하고 더 좋은 조건을 찾으세요."
"gangwon\gangneung-si\회산동\index.html","강원 강릉시 회산동 장기렌트·자동차리스 가격비교 | 행복한렌트몰","강원 강릉시 회산동 장기렌트와 자동차리스 이용조건을 행복한렌트몰에서 비교하고 차량별 견적과 지역별 상담 정보를 확인해보세요.","같은 차라도 조건은 다릅니다.비교하고 더 좋은 조건을 찾으세요."
"gangwon\goseong-gun\index.html","강원 고성군 장기렌트·자동차리스 가격비교 | 행복한렌트몰","강원 고성군 장기렌트와 자동차리스 조건을 행복한렌트몰에서 비교하고 지역별 상담 정보를 확인해보세요.","같은 차라도 조건은 다릅니다.비교하고 더 좋은 조건을 찾으세요."
"gangwon\goseong-gun\간성읍\index.html","강원 고성군 간성읍 장기렌트·자동차리스 가격비교 | 행복한렌트몰","강원 고성군 간성읍 장기렌트와 자동차리스 이용조건을 행복한렌트몰에서 비교하고 차량별 견적과 지역별 상담 정보를 확인해보세요.","같은 차라도 조건은 다릅니다.비교하고 더 좋은 조건을 찾으세요."
"gangwon\goseong-gun\거진읍\index.html","강원 고성군 거진읍 장기렌트·자동차리스 가격비교 | 행복한렌트몰","강원 고성군 거진읍 장기렌트와 자동차리스 이용조건을 행복한렌트몰에서 비교하고 차량별 견적과 지역별 상담 정보를 확인해보세요.","같은 차라도 조건은 다릅니다.비교하고 더 좋은 조건을 찾으세요."
"gangwon\goseong-gun\수동면\index.html","강원 고성군 수동면 장기렌트·자동차리스 가격비교 | 행복한렌트몰","강원 고성군 수동면 장기렌트와 자동차리스 이용조건을 행복한렌트몰에서 비교하고 차량별 견적과 지역별 상담 정보를 확인해보세요.","같은 차라도 조건은 다릅니다.비교하고 더 좋은 조건을 찾으세요."
"gangwon\goseong-gun\죽왕면\index.html","강원 고성군 죽왕면 장기렌트·자동차리스 가격비교 | 행복한렌트몰","강원 고성군 죽왕면 장기렌트와 자동차리스 이용조건을 행복한렌트몰에서 비교하고 차량별 견적과 지역별 상담 정보를 확인해보세요.","같은 차라도 조건은 다릅니다.비교하고 더 좋은 조건을 찾으세요."
"gangwon\goseong-gun\토성면\index.html","강원 고성군 토성면 장기렌트·자동차리스 가격비교 | 행복한렌트몰","강원 고성군 토성면 장기렌트와 자동차리스 이용조건을 행복한렌트몰에서 비교하고 차량별 견적과 지역별 상담 정보를 확인해보세요.","같은 차라도 조건은 다릅니다.비교하고 더 좋은 조건을 찾으세요."
"gangwon\goseong-gun\현내면\index.html","강원 고성군 현내면 장기렌트·자동차리스 가격비교 | 행복한렌트몰","강원 고성군 현내면 장기렌트와 자동차리스 이용조건을 행복한렌트몰에서 비교하고 차량별 견적과 지역별 상담 정보를 확인해보세요.","같은 차라도 조건은 다릅니다.비교하고 더 좋은 조건을 찾으세요."
"gangwon\hoengseong-gun\index.html","강원 횡성군 장기렌트·자동차리스 가격비교 | 행복한렌트몰","강원 횡성군 장기렌트와 자동차리스 조건을 행복한렌트몰에서 비교하고 지역별 상담 정보를 확인해보세요.","같은 차라도 조건은 다릅니다.비교하고 더 좋은 조건을 찾으세요."
"gangwon\hoengseong-gun\갑천면\index.html","강원 횡성군 갑천면 장기렌트·자동차리스 가격비교 | 행복한렌트몰","강원 횡성군 갑천면 장기렌트와 자동차리스 이용조건을 행복한렌트몰에서 비교하고 차량별 견적과 지역별 상담 정보를 확인해보세요.","같은 차라도 조건은 다릅니다.비교하고 더 좋은 조건을 찾으세요."
"gangwon\hoengseong-gun\강림면\index.html","강원 횡성군 강림면 장기렌트·자동차리스 가격비교 | 행복한렌트몰","강원 횡성군 강림면 장기렌트와 자동차리스 이용조건을 행복한렌트몰에서 비교하고 차량별 견적과 지역별 상담 정보를 확인해보세요.","같은 차라도 조건은 다릅니다.비교하고 더 좋은 조건을 찾으세요."
"gangwon\hoengseong-gun\공근면\index.html","강원 횡성군 공근면 장기렌트·자동차리스 가격비교 | 행복한렌트몰","강원 횡성군 공근면 장기렌트와 자동차리스 이용조건을 행복한렌트몰에서 비교하고 차량별 견적과 지역별 상담 정보를 확인해보세요.","같은 차라도 조건은 다릅니다.비교하고 더 좋은 조건을 찾으세요."
"gangwon\hoengseong-gun\둔내면\index.html","강원 횡성군 둔내면 장기렌트·자동차리스 가격비교 | 행복한렌트몰","강원 횡성군 둔내면 장기렌트와 자동차리스 이용조건을 행복한렌트몰에서 비교하고 차량별 견적과 지역별 상담 정보를 확인해보세요.","같은 차라도 조건은 다릅니다.비교하고 더 좋은 조건을 찾으세요."
"gangwon\hoengseong-gun\서원면\index.html","강원 횡성군 서원면 장기렌트·자동차리스 가격비교 | 행복한렌트몰","강원 횡성군 서원면 장기렌트와 자동차리스 이용조건을 행복한렌트몰에서 비교하고 차량별 견적과 지역별 상담 정보를 확인해보세요.","같은 차라도 조건은 다릅니다.비교하고 더 좋은 조건을 찾으세요."
"gangwon\hoengseong-gun\안흥면\index.html","강원 횡성군 안흥면 장기렌트·자동차리스 가격비교 | 행복한렌트몰","강원 횡성군 안흥면 장기렌트와 자동차리스 이용조건을 행복한렌트몰에서 비교하고 차량별 견적과 지역별 상담 정보를 확인해보세요.","같은 차라도 조건은 다릅니다.비교하고 더 좋은 조건을 찾으세요."
"gangwon\hoengseong-gun\우천면\index.html","강원 횡성군 우천면 장기렌트·자동차리스 가격비교 | 행복한렌트몰","강원 횡성군 우천면 장기렌트와 자동차리스 이용조건을 행복한렌트몰에서 비교하고 차량별 견적과 지역별 상담 정보를 확인해보세요.","같은 차라도 조건은 다릅니다.비교하고 더 좋은 조건을 찾으세요."
"gangwon\hoengseong-gun\청일면\index.html","강원 횡성군 청일면 장기렌트·자동차리스 가격비교 | 행복한렌트몰","강원 횡성군 청일면 장기렌트와 자동차리스 이용조건을 행복한렌트몰에서 비교하고 차량별 견적과 지역별 상담 정보를 확인해보세요.","같은 차라도 조건은 다릅니다.비교하고 더 좋은 조건을 찾으세요."
"gangwon\hoengseong-gun\횡성읍\index.html","강원 횡성군 횡성읍 장기렌트·자동차리스 가격비교 | 행복한렌트몰","강원 횡성군 횡성읍 장기렌트와 자동차리스 이용조건을 행복한렌트몰에서 비교하고 차량별 견적과 지역별 상담 정보를 확인해보세요.","같은 차라도 조건은 다릅니다.비교하고 더 좋은 조건을 찾으세요."
"gangwon\hongcheon-gun\index.html","강원 홍천군 장기렌트·자동차리스 가격비교 | 행복한렌트몰","강원 홍천군 장기렌트와 자동차리스 조건을 행복한렌트몰에서 비교하고 지역별 상담 정보를 확인해보세요.","같은 차라도 조건은 다릅니다.비교하고 더 좋은 조건을 찾으세요."
"gangwon\hongcheon-gun\남면\index.html","강원 홍천군 남면 장기렌트·자동차리스 가격비교 | 행복한렌트몰","강원 홍천군 남면 장기렌트와 자동차리스 이용조건을 행복한렌트몰에서 비교하고 차량별 견적과 지역별 상담 정보를 확인해보세요.","같은 차라도 조건은 다릅니다.비교하고 더 좋은 조건을 찾으세요."
"gangwon\hongcheon-gun\내면\index.html","강원 홍천군 내면 장기렌트·자동차리스 가격비교 | 행복한렌트몰","강원 홍천군 내면 장기렌트와 자동차리스 이용조건을 행복한렌트몰에서 비교하고 차량별 견적과 지역별 상담 정보를 확인해보세요.","같은 차라도 조건은 다릅니다.비교하고 더 좋은 조건을 찾으세요."
"gangwon\hongcheon-gun\내촌면\index.html","강원 홍천군 내촌면 장기렌트·자동차리스 가격비교 | 행복한렌트몰","강원 홍천군 내촌면 장기렌트와 자동차리스 이용조건을 행복한렌트몰에서 비교하고 차량별 견적과 지역별 상담 정보를 확인해보세요.","같은 차라도 조건은 다릅니다.비교하고 더 좋은 조건을 찾으세요."
"gangwon\hongcheon-gun\두촌면\index.html","강원 홍천군 두촌면 장기렌트·자동차리스 가격비교 | 행복한렌트몰","강원 홍천군 두촌면 장기렌트와 자동차리스 이용조건을 행복한렌트몰에서 비교하고 차량별 견적과 지역별 상담 정보를 확인해보세요.","같은 차라도 조건은 다릅니다.비교하고 더 좋은 조건을 찾으세요."
"gangwon\hongcheon-gun\북방면\index.html","강원 홍천군 북방면 장기렌트·자동차리스 가격비교 | 행복한렌트몰","강원 홍천군 북방면 장기렌트와 자동차리스 이용조건을 행복한렌트몰에서 비교하고 차량별 견적과 지역별 상담 정보를 확인해보세요.","같은 차라도 조건은 다릅니다.비교하고 더 좋은 조건을 찾으세요."
"gangwon\hongcheon-gun\서면\index.html","강원 홍천군 서면 장기렌트·자동차리스 가격비교 | 행복한렌트몰","강원 홍천군 서면 장기렌트와 자동차리스 이용조건을 행복한렌트몰에서 비교하고 차량별 견적과 지역별 상담 정보를 확인해보세요.","같은 차라도 조건은 다릅니다.비교하고 더 좋은 조건을 찾으세요."
"gangwon\hongcheon-gun\서석면\index.html","강원 홍천군 서석면 장기렌트·자동차리스 가격비교 | 행복한렌트몰","강원 홍천군 서석면 장기렌트와 자동차리스 이용조건을 행복한렌트몰에서 비교하고 차량별 견적과 지역별 상담 정보를 확인해보세요.","같은 차라도 조건은 다릅니다.비교하고 더 좋은 조건을 찾으세요."
"gangwon\hongcheon-gun\영귀미면\index.html","강원 홍천군 영귀미면 장기렌트·자동차리스 가격비교 | 행복한렌트몰","강원 홍천군 영귀미면 장기렌트와 자동차리스 이용조건을 행복한렌트몰에서 비교하고 차량별 견적과 지역별 상담 정보를 확인해보세요.","같은 차라도 조건은 다릅니다.비교하고 더 좋은 조건을 찾으세요."
"gangwon\hongcheon-gun\홍천읍\index.html","강원 홍천군 홍천읍 장기렌트·자동차리스 가격비교 | 행복한렌트몰","강원 홍천군 홍천읍 장기렌트와 자동차리스 이용조건을 행복한렌트몰에서 비교하고 차량별 견적과 지역별 상담 정보를 확인해보세요.","같은 차라도 조건은 다릅니다.비교하고 더 좋은 조건을 찾으세요."
"gangwon\hongcheon-gun\화촌면\index.html","강원 홍천군 화촌면 장기렌트·자동차리스 가격비교 | 행복한렌트몰","강원 홍천군 화촌면 장기렌트와 자동차리스 이용조건을 행복한렌트몰에서 비교하고 차량별 견적과 지역별 상담 정보를 확인해보세요.","같은 차라도 조건은 다릅니다.비교하고 더 좋은 조건을 찾으세요."
"gangwon\hwacheon-gun\index.html","강원 화천군 장기렌트·자동차리스 가격비교 | 행복한렌트몰","강원 화천군 장기렌트와 자동차리스 조건을 행복한렌트몰에서 비교하고 지역별 상담 정보를 확인해보세요.","같은 차라도 조건은 다릅니다.비교하고 더 좋은 조건을 찾으세요."
"gangwon\hwacheon-gun\간동면\index.html","강원 화천군 간동면 장기렌트·자동차리스 가격비교 | 행복한렌트몰","강원 화천군 간동면 장기렌트와 자동차리스 이용조건을 행복한렌트몰에서 비교하고 차량별 견적과 지역별 상담 정보를 확인해보세요.","같은 차라도 조건은 다릅니다.비교하고 더 좋은 조건을 찾으세요."
"gangwon\hwacheon-gun\사내면\index.html","강원 화천군 사내면 장기렌트·자동차리스 가격비교 | 행복한렌트몰","강원 화천군 사내면 장기렌트와 자동차리스 이용조건을 행복한렌트몰에서 비교하고 차량별 견적과 지역별 상담 정보를 확인해보세요.","같은 차라도 조건은 다릅니다.비교하고 더 좋은 조건을 찾으세요."
"gangwon\hwacheon-gun\상서면\index.html","강원 화천군 상서면 장기렌트·자동차리스 가격비교 | 행복한렌트몰","강원 화천군 상서면 장기렌트와 자동차리스 이용조건을 행복한렌트몰에서 비교하고 차량별 견적과 지역별 상담 정보를 확인해보세요.","같은 차라도 조건은 다릅니다.비교하고 더 좋은 조건을 찾으세요."
"gangwon\hwacheon-gun\하남면\index.html","강원 화천군 하남면 장기렌트·자동차리스 가격비교 | 행복한렌트몰","강원 화천군 하남면 장기렌트와 자동차리스 이용조건을 행복한렌트몰에서 비교하고 차량별 견적과 지역별 상담 정보를 확인해보세요.","같은 차라도 조건은 다릅니다.비교하고 더 좋은 조건을 찾으세요."
"gangwon\hwacheon-gun\화천읍\index.html","강원 화천군 화천읍 장기렌트·자동차리스 가격비교 | 행복한렌트몰","강원 화천군 화천읍 장기렌트와 자동차리스 이용조건을 행복한렌트몰에서 비교하고 차량별 견적과 지역별 상담 정보를 확인해보세요.","같은 차라도 조건은 다릅니다.비교하고 더 좋은 조건을 찾으세요."
"gangwon\inje-gun\index.html","강원 인제군 장기렌트·자동차리스 가격비교 | 행복한렌트몰","강원 인제군 장기렌트와 자동차리스 조건을 행복한렌트몰에서 비교하고 지역별 상담 정보를 확인해보세요.","같은 차라도 조건은 다릅니다.비교하고 더 좋은 조건을 찾으세요."
"gangwon\inje-gun\기린면\index.html","강원 인제군 기린면 장기렌트·자동차리스 가격비교 | 행복한렌트몰","강원 인제군 기린면 장기렌트와 자동차리스 이용조건을 행복한렌트몰에서 비교하고 차량별 견적과 지역별 상담 정보를 확인해보세요.","같은 차라도 조건은 다릅니다.비교하고 더 좋은 조건을 찾으세요."
"gangwon\inje-gun\남면\index.html","강원 인제군 남면 장기렌트·자동차리스 가격비교 | 행복한렌트몰","강원 인제군 남면 장기렌트와 자동차리스 이용조건을 행복한렌트몰에서 비교하고 차량별 견적과 지역별 상담 정보를 확인해보세요.","같은 차라도 조건은 다릅니다.비교하고 더 좋은 조건을 찾으세요."
"gangwon\inje-gun\북면\index.html","강원 인제군 북면 장기렌트·자동차리스 가격비교 | 행복한렌트몰","강원 인제군 북면 장기렌트와 자동차리스 이용조건을 행복한렌트몰에서 비교하고 차량별 견적과 지역별 상담 정보를 확인해보세요.","같은 차라도 조건은 다릅니다.비교하고 더 좋은 조건을 찾으세요."
"gangwon\inje-gun\상남면\index.html","강원 인제군 상남면 장기렌트·자동차리스 가격비교 | 행복한렌트몰","강원 인제군 상남면 장기렌트와 자동차리스 이용조건을 행복한렌트몰에서 비교하고 차량별 견적과 지역별 상담 정보를 확인해보세요.","같은 차라도 조건은 다릅니다.비교하고 더 좋은 조건을 찾으세요."
"gangwon\inje-gun\서화면\index.html","강원 인제군 서화면 장기렌트·자동차리스 가격비교 | 행복한렌트몰","강원 인제군 서화면 장기렌트와 자동차리스 이용조건을 행복한렌트몰에서 비교하고 차량별 견적과 지역별 상담 정보를 확인해보세요.","같은 차라도 조건은 다릅니다.비교하고 더 좋은 조건을 찾으세요."
"gangwon\inje-gun\인제읍\index.html","강원 인제군 인제읍 장기렌트·자동차리스 가격비교 | 행복한렌트몰","강원 인제군 인제읍 장기렌트와 자동차리스 이용조건을 행복한렌트몰에서 비교하고 차량별 견적과 지역별 상담 정보를 확인해보세요.","같은 차라도 조건은 다릅니다.비교하고 더 좋은 조건을 찾으세요."
"gangwon\jeongseon-gun\index.html","강원 정선군 장기렌트·자동차리스 가격비교 | 행복한렌트몰","강원 정선군 장기렌트와 자동차리스 조건을 행복한렌트몰에서 비교하고 지역별 상담 정보를 확인해보세요.","같은 차라도 조건은 다릅니다.비교하고 더 좋은 조건을 찾으세요."
"gangwon\jeongseon-gun\고한읍\index.html","강원 정선군 고한읍 장기렌트·자동차리스 가격비교 | 행복한렌트몰","강원 정선군 고한읍 장기렌트와 자동차리스 이용조건을 행복한렌트몰에서 비교하고 차량별 견적과 지역별 상담 정보를 확인해보세요.","같은 차라도 조건은 다릅니다.비교하고 더 좋은 조건을 찾으세요."
"gangwon\jeongseon-gun\남면\index.html","강원 정선군 남면 장기렌트·자동차리스 가격비교 | 행복한렌트몰","강원 정선군 남면 장기렌트와 자동차리스 이용조건을 행복한렌트몰에서 비교하고 차량별 견적과 지역별 상담 정보를 확인해보세요.","같은 차라도 조건은 다릅니다.비교하고 더 좋은 조건을 찾으세요."
"gangwon\jeongseon-gun\북평면\index.html","강원 정선군 북평면 장기렌트·자동차리스 가격비교 | 행복한렌트몰","강원 정선군 북평면 장기렌트와 자동차리스 이용조건을 행복한렌트몰에서 비교하고 차량별 견적과 지역별 상담 정보를 확인해보세요.","같은 차라도 조건은 다릅니다.비교하고 더 좋은 조건을 찾으세요."
"gangwon\jeongseon-gun\사북읍\index.html","강원 정선군 사북읍 장기렌트·자동차리스 가격비교 | 행복한렌트몰","강원 정선군 사북읍 장기렌트와 자동차리스 이용조건을 행복한렌트몰에서 비교하고 차량별 견적과 지역별 상담 정보를 확인해보세요.","같은 차라도 조건은 다릅니다.비교하고 더 좋은 조건을 찾으세요."
"gangwon\jeongseon-gun\신동읍\index.html","강원 정선군 신동읍 장기렌트·자동차리스 가격비교 | 행복한렌트몰","강원 정선군 신동읍 장기렌트와 자동차리스 이용조건을 행복한렌트몰에서 비교하고 차량별 견적과 지역별 상담 정보를 확인해보세요.","같은 차라도 조건은 다릅니다.비교하고 더 좋은 조건을 찾으세요."
"gangwon\jeongseon-gun\여량면\index.html","강원 정선군 여량면 장기렌트·자동차리스 가격비교 | 행복한렌트몰","강원 정선군 여량면 장기렌트와 자동차리스 이용조건을 행복한렌트몰에서 비교하고 차량별 견적과 지역별 상담 정보를 확인해보세요.","같은 차라도 조건은 다릅니다.비교하고 더 좋은 조건을 찾으세요."
"gangwon\jeongseon-gun\임계면\index.html","강원 정선군 임계면 장기렌트·자동차리스 가격비교 | 행복한렌트몰","강원 정선군 임계면 장기렌트와 자동차리스 이용조건을 행복한렌트몰에서 비교하고 차량별 견적과 지역별 상담 정보를 확인해보세요.","같은 차라도 조건은 다릅니다.비교하고 더 좋은 조건을 찾으세요."
"gangwon\jeongseon-gun\정선읍\index.html","강원 정선군 정선읍 장기렌트·자동차리스 가격비교 | 행복한렌트몰","강원 정선군 정선읍 장기렌트와 자동차리스 이용조건을 행복한렌트몰에서 비교하고 차량별 견적과 지역별 상담 정보를 확인해보세요.","같은 차라도 조건은 다릅니다.비교하고 더 좋은 조건을 찾으세요."
"gangwon\jeongseon-gun\화암면\index.html","강원 정선군 화암면 장기렌트·자동차리스 가격비교 | 행복한렌트몰","강원 정선군 화암면 장기렌트와 자동차리스 이용조건을 행복한렌트몰에서 비교하고 차량별 견적과 지역별 상담 정보를 확인해보세요.","같은 차라도 조건은 다릅니다.비교하고 더 좋은 조건을 찾으세요."
"gangwon\pyeongchang-gun\index.html","강원 평창군 장기렌트·자동차리스 가격비교 | 행복한렌트몰","강원 평창군 장기렌트와 자동차리스 조건을 행복한렌트몰에서 비교하고 지역별 상담 정보를 확인해보세요.","같은 차라도 조건은 다릅니다.비교하고 더 좋은 조건을 찾으세요."
"gangwon\pyeongchang-gun\대관령면\index.html","강원 평창군 대관령면 장기렌트·자동차리스 가격비교 | 행복한렌트몰","강원 평창군 대관령면 장기렌트와 자동차리스 이용조건을 행복한렌트몰에서 비교하고 차량별 견적과 지역별 상담 정보를 확인해보세요.","같은 차라도 조건은 다릅니다.비교하고 더 좋은 조건을 찾으세요."
"gangwon\pyeongchang-gun\대화면\index.html","강원 평창군 대화면 장기렌트·자동차리스 가격비교 | 행복한렌트몰","강원 평창군 대화면 장기렌트와 자동차리스 이용조건을 행복한렌트몰에서 비교하고 차량별 견적과 지역별 상담 정보를 확인해보세요.","같은 차라도 조건은 다릅니다.비교하고 더 좋은 조건을 찾으세요."
"gangwon\pyeongchang-gun\미탄면\index.html","강원 평창군 미탄면 장기렌트·자동차리스 가격비교 | 행복한렌트몰","강원 평창군 미탄면 장기렌트와 자동차리스 이용조건을 행복한렌트몰에서 비교하고 차량별 견적과 지역별 상담 정보를 확인해보세요.","같은 차라도 조건은 다릅니다.비교하고 더 좋은 조건을 찾으세요."
"gangwon\pyeongchang-gun\방림면\index.html","강원 평창군 방림면 장기렌트·자동차리스 가격비교 | 행복한렌트몰","강원 평창군 방림면 장기렌트와 자동차리스 이용조건을 행복한렌트몰에서 비교하고 차량별 견적과 지역별 상담 정보를 확인해보세요.","같은 차라도 조건은 다릅니다.비교하고 더 좋은 조건을 찾으세요."
"gangwon\pyeongchang-gun\봉평면\index.html","강원 평창군 봉평면 장기렌트·자동차리스 가격비교 | 행복한렌트몰","강원 평창군 봉평면 장기렌트와 자동차리스 이용조건을 행복한렌트몰에서 비교하고 차량별 견적과 지역별 상담 정보를 확인해보세요.","같은 차라도 조건은 다릅니다.비교하고 더 좋은 조건을 찾으세요."
"gangwon\pyeongchang-gun\용평면\index.html","강원 평창군 용평면 장기렌트·자동차리스 가격비교 | 행복한렌트몰","강원 평창군 용평면 장기렌트와 자동차리스 이용조건을 행복한렌트몰에서 비교하고 차량별 견적과 지역별 상담 정보를 확인해보세요.","같은 차라도 조건은 다릅니다.비교하고 더 좋은 조건을 찾으세요."
"gangwon\pyeongchang-gun\진부면\index.html","강원 평창군 진부면 장기렌트·자동차리스 가격비교 | 행복한렌트몰","강원 평창군 진부면 장기렌트와 자동차리스 이용조건을 행복한렌트몰에서 비교하고 차량별 견적과 지역별 상담 정보를 확인해보세요.","같은 차라도 조건은 다릅니다.비교하고 더 좋은 조건을 찾으세요."
"gangwon\pyeongchang-gun\평창읍\index.html","강원 평창군 평창읍 장기렌트·자동차리스 가격비교 | 행복한렌트몰","강원 평창군 평창읍 장기렌트와 자동차리스 이용조건을 행복한렌트몰에서 비교하고 차량별 견적과 지역별 상담 정보를 확인해보세요.","같은 차라도 조건은 다릅니다.비교하고 더 좋은 조건을 찾으세요."
"gangwon\samcheok-si\index.html","강원 삼척시 장기렌트·자동차리스 가격비교 | 행복한렌트몰","강원 삼척시 장기렌트와 자동차리스 조건을 행복한렌트몰에서 비교하고 지역별 상담 정보를 확인해보세요.","같은 차라도 조건은 다릅니다.비교하고 더 좋은 조건을 찾으세요."
"gangwon\samcheok-si\가곡면\index.html","강원 삼척시 가곡면 장기렌트·자동차리스 가격비교 | 행복한렌트몰","강원 삼척시 가곡면 장기렌트와 자동차리스 이용조건을 행복한렌트몰에서 비교하고 차량별 견적과 지역별 상담 정보를 확인해보세요.","같은 차라도 조건은 다릅니다.비교하고 더 좋은 조건을 찾으세요."
"gangwon\samcheok-si\갈천동\index.html","강원 삼척시 갈천동 장기렌트·자동차리스 가격비교 | 행복한렌트몰","강원 삼척시 갈천동 장기렌트와 자동차리스 이용조건을 행복한렌트몰에서 비교하고 차량별 견적과 지역별 상담 정보를 확인해보세요.","같은 차라도 조건은 다릅니다.비교하고 더 좋은 조건을 찾으세요."
"gangwon\samcheok-si\건지동\index.html","강원 삼척시 건지동 장기렌트·자동차리스 가격비교 | 행복한렌트몰","강원 삼척시 건지동 장기렌트와 자동차리스 이용조건을 행복한렌트몰에서 비교하고 차량별 견적과 지역별 상담 정보를 확인해보세요.","같은 차라도 조건은 다릅니다.비교하고 더 좋은 조건을 찾으세요."
"gangwon\samcheok-si\교동\index.html","강원 삼척시 교동 장기렌트·자동차리스 가격비교 | 행복한렌트몰","강원 삼척시 교동 장기렌트와 자동차리스 이용조건을 행복한렌트몰에서 비교하고 차량별 견적과 지역별 상담 정보를 확인해보세요.","같은 차라도 조건은 다릅니다.비교하고 더 좋은 조건을 찾으세요."
"gangwon\samcheok-si\근덕면\index.html","강원 삼척시 근덕면 장기렌트·자동차리스 가격비교 | 행복한렌트몰","강원 삼척시 근덕면 장기렌트와 자동차리스 이용조건을 행복한렌트몰에서 비교하고 차량별 견적과 지역별 상담 정보를 확인해보세요.","같은 차라도 조건은 다릅니다.비교하고 더 좋은 조건을 찾으세요."
"gangwon\samcheok-si\근산동\index.html","강원 삼척시 근산동 장기렌트·자동차리스 가격비교 | 행복한렌트몰","강원 삼척시 근산동 장기렌트와 자동차리스 이용조건을 행복한렌트몰에서 비교하고 차량별 견적과 지역별 상담 정보를 확인해보세요.","같은 차라도 조건은 다릅니다.비교하고 더 좋은 조건을 찾으세요."
"gangwon\samcheok-si\남양동\index.html","강원 삼척시 남양동 장기렌트·자동차리스 가격비교 | 행복한렌트몰","강원 삼척시 남양동 장기렌트와 자동차리스 이용조건을 행복한렌트몰에서 비교하고 차량별 견적과 지역별 상담 정보를 확인해보세요.","같은 차라도 조건은 다릅니다.비교하고 더 좋은 조건을 찾으세요."
"gangwon\samcheok-si\노곡면\index.html","강원 삼척시 노곡면 장기렌트·자동차리스 가격비교 | 행복한렌트몰","강원 삼척시 노곡면 장기렌트와 자동차리스 이용조건을 행복한렌트몰에서 비교하고 차량별 견적과 지역별 상담 정보를 확인해보세요.","같은 차라도 조건은 다릅니다.비교하고 더 좋은 조건을 찾으세요."
"gangwon\samcheok-si\당저동\index.html","강원 삼척시 당저동 장기렌트·자동차리스 가격비교 | 행복한렌트몰","강원 삼척시 당저동 장기렌트와 자동차리스 이용조건을 행복한렌트몰에서 비교하고 차량별 견적과 지역별 상담 정보를 확인해보세요.","같은 차라도 조건은 다릅니다.비교하고 더 좋은 조건을 찾으세요."
"gangwon\samcheok-si\도경동\index.html","강원 삼척시 도경동 장기렌트·자동차리스 가격비교 | 행복한렌트몰","강원 삼척시 도경동 장기렌트와 자동차리스 이용조건을 행복한렌트몰에서 비교하고 차량별 견적과 지역별 상담 정보를 확인해보세요.","같은 차라도 조건은 다릅니다.비교하고 더 좋은 조건을 찾으세요."
"gangwon\samcheok-si\도계읍\index.html","강원 삼척시 도계읍 장기렌트·자동차리스 가격비교 | 행복한렌트몰","강원 삼척시 도계읍 장기렌트와 자동차리스 이용조건을 행복한렌트몰에서 비교하고 차량별 견적과 지역별 상담 정보를 확인해보세요.","같은 차라도 조건은 다릅니다.비교하고 더 좋은 조건을 찾으세요."
"gangwon\samcheok-si\등봉동\index.html","강원 삼척시 등봉동 장기렌트·자동차리스 가격비교 | 행복한렌트몰","강원 삼척시 등봉동 장기렌트와 자동차리스 이용조건을 행복한렌트몰에서 비교하고 차량별 견적과 지역별 상담 정보를 확인해보세요.","같은 차라도 조건은 다릅니다.비교하고 더 좋은 조건을 찾으세요."
"gangwon\samcheok-si\마달동\index.html","강원 삼척시 마달동 장기렌트·자동차리스 가격비교 | 행복한렌트몰","강원 삼척시 마달동 장기렌트와 자동차리스 이용조건을 행복한렌트몰에서 비교하고 차량별 견적과 지역별 상담 정보를 확인해보세요.","같은 차라도 조건은 다릅니다.비교하고 더 좋은 조건을 찾으세요."
"gangwon\samcheok-si\마평동\index.html","강원 삼척시 마평동 장기렌트·자동차리스 가격비교 | 행복한렌트몰","강원 삼척시 마평동 장기렌트와 자동차리스 이용조건을 행복한렌트몰에서 비교하고 차량별 견적과 지역별 상담 정보를 확인해보세요.","같은 차라도 조건은 다릅니다.비교하고 더 좋은 조건을 찾으세요."
"gangwon\samcheok-si\미로면\index.html","강원 삼척시 미로면 장기렌트·자동차리스 가격비교 | 행복한렌트몰","강원 삼척시 미로면 장기렌트와 자동차리스 이용조건을 행복한렌트몰에서 비교하고 차량별 견적과 지역별 상담 정보를 확인해보세요.","같은 차라도 조건은 다릅니다.비교하고 더 좋은 조건을 찾으세요."
"gangwon\samcheok-si\사직동\index.html","강원 삼척시 사직동 장기렌트·자동차리스 가격비교 | 행복한렌트몰","강원 삼척시 사직동 장기렌트와 자동차리스 이용조건을 행복한렌트몰에서 비교하고 차량별 견적과 지역별 상담 정보를 확인해보세요.","같은 차라도 조건은 다릅니다.비교하고 더 좋은 조건을 찾으세요."
"gangwon\samcheok-si\성남동\index.html","강원 삼척시 성남동 장기렌트·자동차리스 가격비교 | 행복한렌트몰","강원 삼척시 성남동 장기렌트와 자동차리스 이용조건을 행복한렌트몰에서 비교하고 차량별 견적과 지역별 상담 정보를 확인해보세요.","같은 차라도 조건은 다릅니다.비교하고 더 좋은 조건을 찾으세요."
"gangwon\samcheok-si\성내동\index.html","강원 삼척시 성내동 장기렌트·자동차리스 가격비교 | 행복한렌트몰","강원 삼척시 성내동 장기렌트와 자동차리스 이용조건을 행복한렌트몰에서 비교하고 차량별 견적과 지역별 상담 정보를 확인해보세요.","같은 차라도 조건은 다릅니다.비교하고 더 좋은 조건을 찾으세요."
"gangwon\samcheok-si\성북동\index.html","강원 삼척시 성북동 장기렌트·자동차리스 가격비교 | 행복한렌트몰","강원 삼척시 성북동 장기렌트와 자동차리스 이용조건을 행복한렌트몰에서 비교하고 차량별 견적과 지역별 상담 정보를 확인해보세요.","같은 차라도 조건은 다릅니다.비교하고 더 좋은 조건을 찾으세요."
"gangwon\samcheok-si\신기면\index.html","강원 삼척시 신기면 장기렌트·자동차리스 가격비교 | 행복한렌트몰","강원 삼척시 신기면 장기렌트와 자동차리스 이용조건을 행복한렌트몰에서 비교하고 차량별 견적과 지역별 상담 정보를 확인해보세요.","같은 차라도 조건은 다릅니다.비교하고 더 좋은 조건을 찾으세요."
"gangwon\samcheok-si\오분동\index.html","강원 삼척시 오분동 장기렌트·자동차리스 가격비교 | 행복한렌트몰","강원 삼척시 오분동 장기렌트와 자동차리스 이용조건을 행복한렌트몰에서 비교하고 차량별 견적과 지역별 상담 정보를 확인해보세요.","같은 차라도 조건은 다릅니다.비교하고 더 좋은 조건을 찾으세요."
"gangwon\samcheok-si\오사동\index.html","강원 삼척시 오사동 장기렌트·자동차리스 가격비교 | 행복한렌트몰","강원 삼척시 오사동 장기렌트와 자동차리스 이용조건을 행복한렌트몰에서 비교하고 차량별 견적과 지역별 상담 정보를 확인해보세요.","같은 차라도 조건은 다릅니다.비교하고 더 좋은 조건을 찾으세요."
"gangwon\samcheok-si\우지동\index.html","강원 삼척시 우지동 장기렌트·자동차리스 가격비교 | 행복한렌트몰","강원 삼척시 우지동 장기렌트와 자동차리스 이용조건을 행복한렌트몰에서 비교하고 차량별 견적과 지역별 상담 정보를 확인해보세요.","같은 차라도 조건은 다릅니다.비교하고 더 좋은 조건을 찾으세요."
"gangwon\samcheok-si\원당동\index.html","강원 삼척시 원당동 장기렌트·자동차리스 가격비교 | 행복한렌트몰","강원 삼척시 원당동 장기렌트와 자동차리스 이용조건을 행복한렌트몰에서 비교하고 차량별 견적과 지역별 상담 정보를 확인해보세요.","같은 차라도 조건은 다릅니다.비교하고 더 좋은 조건을 찾으세요."
"gangwon\samcheok-si\원덕읍\index.html","강원 삼척시 원덕읍 장기렌트·자동차리스 가격비교 | 행복한렌트몰","강원 삼척시 원덕읍 장기렌트와 자동차리스 이용조건을 행복한렌트몰에서 비교하고 차량별 견적과 지역별 상담 정보를 확인해보세요.","같은 차라도 조건은 다릅니다.비교하고 더 좋은 조건을 찾으세요."
"gangwon\samcheok-si\읍상동\index.html","강원 삼척시 읍상동 장기렌트·자동차리스 가격비교 | 행복한렌트몰","강원 삼척시 읍상동 장기렌트와 자동차리스 이용조건을 행복한렌트몰에서 비교하고 차량별 견적과 지역별 상담 정보를 확인해보세요.","같은 차라도 조건은 다릅니다.비교하고 더 좋은 조건을 찾으세요."
"gangwon\samcheok-si\읍중동\index.html","강원 삼척시 읍중동 장기렌트·자동차리스 가격비교 | 행복한렌트몰","강원 삼척시 읍중동 장기렌트와 자동차리스 이용조건을 행복한렌트몰에서 비교하고 차량별 견적과 지역별 상담 정보를 확인해보세요.","같은 차라도 조건은 다릅니다.비교하고 더 좋은 조건을 찾으세요."
"gangwon\samcheok-si\자원동\index.html","강원 삼척시 자원동 장기렌트·자동차리스 가격비교 | 행복한렌트몰","강원 삼척시 자원동 장기렌트와 자동차리스 이용조건을 행복한렌트몰에서 비교하고 차량별 견적과 지역별 상담 정보를 확인해보세요.","같은 차라도 조건은 다릅니다.비교하고 더 좋은 조건을 찾으세요."
"gangwon\samcheok-si\적노동\index.html","강원 삼척시 적노동 장기렌트·자동차리스 가격비교 | 행복한렌트몰","강원 삼척시 적노동 장기렌트와 자동차리스 이용조건을 행복한렌트몰에서 비교하고 차량별 견적과 지역별 상담 정보를 확인해보세요.","같은 차라도 조건은 다릅니다.비교하고 더 좋은 조건을 찾으세요."
"gangwon\samcheok-si\정상동\index.html","강원 삼척시 정상동 장기렌트·자동차리스 가격비교 | 행복한렌트몰","강원 삼척시 정상동 장기렌트와 자동차리스 이용조건을 행복한렌트몰에서 비교하고 차량별 견적과 지역별 상담 정보를 확인해보세요.","같은 차라도 조건은 다릅니다.비교하고 더 좋은 조건을 찾으세요."
"gangwon\samcheok-si\정하동\index.html","강원 삼척시 정하동 장기렌트·자동차리스 가격비교 | 행복한렌트몰","강원 삼척시 정하동 장기렌트와 자동차리스 이용조건을 행복한렌트몰에서 비교하고 차량별 견적과 지역별 상담 정보를 확인해보세요.","같은 차라도 조건은 다릅니다.비교하고 더 좋은 조건을 찾으세요."
"gangwon\samcheok-si\조비동\index.html","강원 삼척시 조비동 장기렌트·자동차리스 가격비교 | 행복한렌트몰","강원 삼척시 조비동 장기렌트와 자동차리스 이용조건을 행복한렌트몰에서 비교하고 차량별 견적과 지역별 상담 정보를 확인해보세요.","같은 차라도 조건은 다릅니다.비교하고 더 좋은 조건을 찾으세요."
"gangwon\samcheok-si\증산동\index.html","강원 삼척시 증산동 장기렌트·자동차리스 가격비교 | 행복한렌트몰","강원 삼척시 증산동 장기렌트와 자동차리스 이용조건을 행복한렌트몰에서 비교하고 차량별 견적과 지역별 상담 정보를 확인해보세요.","같은 차라도 조건은 다릅니다.비교하고 더 좋은 조건을 찾으세요."
"gangwon\samcheok-si\평전동\index.html","강원 삼척시 평전동 장기렌트·자동차리스 가격비교 | 행복한렌트몰","강원 삼척시 평전동 장기렌트와 자동차리스 이용조건을 행복한렌트몰에서 비교하고 차량별 견적과 지역별 상담 정보를 확인해보세요.","같은 차라도 조건은 다릅니다.비교하고 더 좋은 조건을 찾으세요."
"gangwon\samcheok-si\하장면\index.html","강원 삼척시 하장면 장기렌트·자동차리스 가격비교 | 행복한렌트몰","강원 삼척시 하장면 장기렌트와 자동차리스 이용조건을 행복한렌트몰에서 비교하고 차량별 견적과 지역별 상담 정보를 확인해보세요.","같은 차라도 조건은 다릅니다.비교하고 더 좋은 조건을 찾으세요."
"gangwon\sokcho-si\index.html","강원 속초시 장기렌트·자동차리스 가격비교 | 행복한렌트몰","강원 속초시 장기렌트와 자동차리스 조건을 행복한렌트몰에서 비교하고 지역별 상담 정보를 확인해보세요.","같은 차라도 조건은 다릅니다.비교하고 더 좋은 조건을 찾으세요."
"gangwon\sokcho-si\교동\index.html","강원 속초시 교동 장기렌트·자동차리스 가격비교 | 행복한렌트몰","강원 속초시 교동 장기렌트와 자동차리스 이용조건을 행복한렌트몰에서 비교하고 차량별 견적과 지역별 상담 정보를 확인해보세요.","같은 차라도 조건은 다릅니다.비교하고 더 좋은 조건을 찾으세요."
"gangwon\sokcho-si\금호동\index.html","강원 속초시 금호동 장기렌트·자동차리스 가격비교 | 행복한렌트몰","강원 속초시 금호동 장기렌트와 자동차리스 이용조건을 행복한렌트몰에서 비교하고 차량별 견적과 지역별 상담 정보를 확인해보세요.","같은 차라도 조건은 다릅니다.비교하고 더 좋은 조건을 찾으세요."
"gangwon\sokcho-si\노학동\index.html","강원 속초시 노학동 장기렌트·자동차리스 가격비교 | 행복한렌트몰","강원 속초시 노학동 장기렌트와 자동차리스 이용조건을 행복한렌트몰에서 비교하고 차량별 견적과 지역별 상담 정보를 확인해보세요.","같은 차라도 조건은 다릅니다.비교하고 더 좋은 조건을 찾으세요."
"gangwon\sokcho-si\대포동\index.html","강원 속초시 대포동 장기렌트·자동차리스 가격비교 | 행복한렌트몰","강원 속초시 대포동 장기렌트와 자동차리스 이용조건을 행복한렌트몰에서 비교하고 차량별 견적과 지역별 상담 정보를 확인해보세요.","같은 차라도 조건은 다릅니다.비교하고 더 좋은 조건을 찾으세요."
"gangwon\sokcho-si\도문동\index.html","강원 속초시 도문동 장기렌트·자동차리스 가격비교 | 행복한렌트몰","강원 속초시 도문동 장기렌트와 자동차리스 이용조건을 행복한렌트몰에서 비교하고 차량별 견적과 지역별 상담 정보를 확인해보세요.","같은 차라도 조건은 다릅니다.비교하고 더 좋은 조건을 찾으세요."
"gangwon\sokcho-si\동명동\index.html","강원 속초시 동명동 장기렌트·자동차리스 가격비교 | 행복한렌트몰","강원 속초시 동명동 장기렌트와 자동차리스 이용조건을 행복한렌트몰에서 비교하고 차량별 견적과 지역별 상담 정보를 확인해보세요.","같은 차라도 조건은 다릅니다.비교하고 더 좋은 조건을 찾으세요."
"gangwon\sokcho-si\설악동\index.html","강원 속초시 설악동 장기렌트·자동차리스 가격비교 | 행복한렌트몰","강원 속초시 설악동 장기렌트와 자동차리스 이용조건을 행복한렌트몰에서 비교하고 차량별 견적과 지역별 상담 정보를 확인해보세요.","같은 차라도 조건은 다릅니다.비교하고 더 좋은 조건을 찾으세요."
"gangwon\sokcho-si\영랑동\index.html","강원 속초시 영랑동 장기렌트·자동차리스 가격비교 | 행복한렌트몰","강원 속초시 영랑동 장기렌트와 자동차리스 이용조건을 행복한렌트몰에서 비교하고 차량별 견적과 지역별 상담 정보를 확인해보세요.","같은 차라도 조건은 다릅니다.비교하고 더 좋은 조건을 찾으세요."
"gangwon\sokcho-si\장사동\index.html","강원 속초시 장사동 장기렌트·자동차리스 가격비교 | 행복한렌트몰","강원 속초시 장사동 장기렌트와 자동차리스 이용조건을 행복한렌트몰에서 비교하고 차량별 견적과 지역별 상담 정보를 확인해보세요.","같은 차라도 조건은 다릅니다.비교하고 더 좋은 조건을 찾으세요."
"gangwon\sokcho-si\조양동\index.html","강원 속초시 조양동 장기렌트·자동차리스 가격비교 | 행복한렌트몰","강원 속초시 조양동 장기렌트와 자동차리스 이용조건을 행복한렌트몰에서 비교하고 차량별 견적과 지역별 상담 정보를 확인해보세요.","같은 차라도 조건은 다릅니다.비교하고 더 좋은 조건을 찾으세요."
"gangwon\sokcho-si\중앙동\index.html","강원 속초시 중앙동 장기렌트·자동차리스 가격비교 | 행복한렌트몰","강원 속초시 중앙동 장기렌트와 자동차리스 이용조건을 행복한렌트몰에서 비교하고 차량별 견적과 지역별 상담 정보를 확인해보세요.","같은 차라도 조건은 다릅니다.비교하고 더 좋은 조건을 찾으세요."
"gangwon\sokcho-si\청학동\index.html","강원 속초시 청학동 장기렌트·자동차리스 가격비교 | 행복한렌트몰","강원 속초시 청학동 장기렌트와 자동차리스 이용조건을 행복한렌트몰에서 비교하고 차량별 견적과 지역별 상담 정보를 확인해보세요.","같은 차라도 조건은 다릅니다.비교하고 더 좋은 조건을 찾으세요."
"gangwon\sokcho-si\청호동\index.html","강원 속초시 청호동 장기렌트·자동차리스 가격비교 | 행복한렌트몰","강원 속초시 청호동 장기렌트와 자동차리스 이용조건을 행복한렌트몰에서 비교하고 차량별 견적과 지역별 상담 정보를 확인해보세요.","같은 차라도 조건은 다릅니다.비교하고 더 좋은 조건을 찾으세요."
"gangwon\taebaek-si\index.html","강원 태백시 장기렌트·자동차리스 가격비교 | 행복한렌트몰","강원 태백시 장기렌트와 자동차리스 조건을 행복한렌트몰에서 비교하고 지역별 상담 정보를 확인해보세요.","같은 차라도 조건은 다릅니다.비교하고 더 좋은 조건을 찾으세요."
"gangwon\taebaek-si\금천동\index.html","강원 태백시 금천동 장기렌트·자동차리스 가격비교 | 행복한렌트몰","강원 태백시 금천동 장기렌트와 자동차리스 이용조건을 행복한렌트몰에서 비교하고 차량별 견적과 지역별 상담 정보를 확인해보세요.","같은 차라도 조건은 다릅니다.비교하고 더 좋은 조건을 찾으세요."
"gangwon\taebaek-si\동점동\index.html","강원 태백시 동점동 장기렌트·자동차리스 가격비교 | 행복한렌트몰","강원 태백시 동점동 장기렌트와 자동차리스 이용조건을 행복한렌트몰에서 비교하고 차량별 견적과 지역별 상담 정보를 확인해보세요.","같은 차라도 조건은 다릅니다.비교하고 더 좋은 조건을 찾으세요."
"gangwon\taebaek-si\문곡동\index.html","강원 태백시 문곡동 장기렌트·자동차리스 가격비교 | 행복한렌트몰","강원 태백시 문곡동 장기렌트와 자동차리스 이용조건을 행복한렌트몰에서 비교하고 차량별 견적과 지역별 상담 정보를 확인해보세요.","같은 차라도 조건은 다릅니다.비교하고 더 좋은 조건을 찾으세요."
"gangwon\taebaek-si\백산동\index.html","강원 태백시 백산동 장기렌트·자동차리스 가격비교 | 행복한렌트몰","강원 태백시 백산동 장기렌트와 자동차리스 이용조건을 행복한렌트몰에서 비교하고 차량별 견적과 지역별 상담 정보를 확인해보세요.","같은 차라도 조건은 다릅니다.비교하고 더 좋은 조건을 찾으세요."
"gangwon\taebaek-si\상사미동\index.html","강원 태백시 상사미동 장기렌트·자동차리스 가격비교 | 행복한렌트몰","강원 태백시 상사미동 장기렌트와 자동차리스 이용조건을 행복한렌트몰에서 비교하고 차량별 견적과 지역별 상담 정보를 확인해보세요.","같은 차라도 조건은 다릅니다.비교하고 더 좋은 조건을 찾으세요."
"gangwon\taebaek-si\소도동\index.html","강원 태백시 소도동 장기렌트·자동차리스 가격비교 | 행복한렌트몰","강원 태백시 소도동 장기렌트와 자동차리스 이용조건을 행복한렌트몰에서 비교하고 차량별 견적과 지역별 상담 정보를 확인해보세요.","같은 차라도 조건은 다릅니다.비교하고 더 좋은 조건을 찾으세요."
"gangwon\taebaek-si\원동\index.html","강원 태백시 원동 장기렌트·자동차리스 가격비교 | 행복한렌트몰","강원 태백시 원동 장기렌트와 자동차리스 이용조건을 행복한렌트몰에서 비교하고 차량별 견적과 지역별 상담 정보를 확인해보세요.","같은 차라도 조건은 다릅니다.비교하고 더 좋은 조건을 찾으세요."
"gangwon\taebaek-si\장성동\index.html","강원 태백시 장성동 장기렌트·자동차리스 가격비교 | 행복한렌트몰","강원 태백시 장성동 장기렌트와 자동차리스 이용조건을 행복한렌트몰에서 비교하고 차량별 견적과 지역별 상담 정보를 확인해보세요.","같은 차라도 조건은 다릅니다.비교하고 더 좋은 조건을 찾으세요."
"gangwon\taebaek-si\적각동\index.html","강원 태백시 적각동 장기렌트·자동차리스 가격비교 | 행복한렌트몰","강원 태백시 적각동 장기렌트와 자동차리스 이용조건을 행복한렌트몰에서 비교하고 차량별 견적과 지역별 상담 정보를 확인해보세요.","같은 차라도 조건은 다릅니다.비교하고 더 좋은 조건을 찾으세요."
"gangwon\taebaek-si\조탄동\index.html","강원 태백시 조탄동 장기렌트·자동차리스 가격비교 | 행복한렌트몰","강원 태백시 조탄동 장기렌트와 자동차리스 이용조건을 행복한렌트몰에서 비교하고 차량별 견적과 지역별 상담 정보를 확인해보세요.","같은 차라도 조건은 다릅니다.비교하고 더 좋은 조건을 찾으세요."
"gangwon\taebaek-si\창죽동\index.html","강원 태백시 창죽동 장기렌트·자동차리스 가격비교 | 행복한렌트몰","강원 태백시 창죽동 장기렌트와 자동차리스 이용조건을 행복한렌트몰에서 비교하고 차량별 견적과 지역별 상담 정보를 확인해보세요.","같은 차라도 조건은 다릅니다.비교하고 더 좋은 조건을 찾으세요."
"gangwon\taebaek-si\철암동\index.html","강원 태백시 철암동 장기렌트·자동차리스 가격비교 | 행복한렌트몰","강원 태백시 철암동 장기렌트와 자동차리스 이용조건을 행복한렌트몰에서 비교하고 차량별 견적과 지역별 상담 정보를 확인해보세요.","같은 차라도 조건은 다릅니다.비교하고 더 좋은 조건을 찾으세요."
"gangwon\taebaek-si\통동\index.html","강원 태백시 통동 장기렌트·자동차리스 가격비교 | 행복한렌트몰","강원 태백시 통동 장기렌트와 자동차리스 이용조건을 행복한렌트몰에서 비교하고 차량별 견적과 지역별 상담 정보를 확인해보세요.","같은 차라도 조건은 다릅니다.비교하고 더 좋은 조건을 찾으세요."
"gangwon\taebaek-si\하사미동\index.html","강원 태백시 하사미동 장기렌트·자동차리스 가격비교 | 행복한렌트몰","강원 태백시 하사미동 장기렌트와 자동차리스 이용조건을 행복한렌트몰에서 비교하고 차량별 견적과 지역별 상담 정보를 확인해보세요.","같은 차라도 조건은 다릅니다.비교하고 더 좋은 조건을 찾으세요."
"gangwon\taebaek-si\혈동\index.html","강원 태백시 혈동 장기렌트·자동차리스 가격비교 | 행복한렌트몰","강원 태백시 혈동 장기렌트와 자동차리스 이용조건을 행복한렌트몰에서 비교하고 차량별 견적과 지역별 상담 정보를 확인해보세요.","같은 차라도 조건은 다릅니다.비교하고 더 좋은 조건을 찾으세요."
"gangwon\taebaek-si\화전동\index.html","강원 태백시 화전동 장기렌트·자동차리스 가격비교 | 행복한렌트몰","강원 태백시 화전동 장기렌트와 자동차리스 이용조건을 행복한렌트몰에서 비교하고 차량별 견적과 지역별 상담 정보를 확인해보세요.","같은 차라도 조건은 다릅니다.비교하고 더 좋은 조건을 찾으세요."
"gangwon\taebaek-si\황지동\index.html","강원 태백시 황지동 장기렌트·자동차리스 가격비교 | 행복한렌트몰","강원 태백시 황지동 장기렌트와 자동차리스 이용조건을 행복한렌트몰에서 비교하고 차량별 견적과 지역별 상담 정보를 확인해보세요.","같은 차라도 조건은 다릅니다.비교하고 더 좋은 조건을 찾으세요."
"gangwon\wonju-si\index.html","강원 원주시 장기렌트·자동차리스 가격비교 | 행복한렌트몰","강원 원주시 장기렌트와 자동차리스 조건을 행복한렌트몰에서 비교하고 지역별 상담 정보를 확인해보세요.","같은 차라도 조건은 다릅니다.비교하고 더 좋은 조건을 찾으세요."
"gangwon\wonju-si\가현동\index.html","강원 원주시 가현동 장기렌트·자동차리스 가격비교 | 행복한렌트몰","강원 원주시 가현동 장기렌트와 자동차리스 이용조건을 행복한렌트몰에서 비교하고 차량별 견적과 지역별 상담 정보를 확인해보세요.","같은 차라도 조건은 다릅니다.비교하고 더 좋은 조건을 찾으세요."
"gangwon\wonju-si\개운동\index.html","강원 원주시 개운동 장기렌트·자동차리스 가격비교 | 행복한렌트몰","강원 원주시 개운동 장기렌트와 자동차리스 이용조건을 행복한렌트몰에서 비교하고 차량별 견적과 지역별 상담 정보를 확인해보세요.","같은 차라도 조건은 다릅니다.비교하고 더 좋은 조건을 찾으세요."
"gangwon\wonju-si\관설동\index.html","강원 원주시 관설동 장기렌트·자동차리스 가격비교 | 행복한렌트몰","강원 원주시 관설동 장기렌트와 자동차리스 이용조건을 행복한렌트몰에서 비교하고 차량별 견적과 지역별 상담 정보를 확인해보세요.","같은 차라도 조건은 다릅니다.비교하고 더 좋은 조건을 찾으세요."
"gangwon\wonju-si\귀래면\index.html","강원 원주시 귀래면 장기렌트·자동차리스 가격비교 | 행복한렌트몰","강원 원주시 귀래면 장기렌트와 자동차리스 이용조건을 행복한렌트몰에서 비교하고 차량별 견적과 지역별 상담 정보를 확인해보세요.","같은 차라도 조건은 다릅니다.비교하고 더 좋은 조건을 찾으세요."
"gangwon\wonju-si\단계동\index.html","강원 원주시 단계동 장기렌트·자동차리스 가격비교 | 행복한렌트몰","강원 원주시 단계동 장기렌트와 자동차리스 이용조건을 행복한렌트몰에서 비교하고 차량별 견적과 지역별 상담 정보를 확인해보세요.","같은 차라도 조건은 다릅니다.비교하고 더 좋은 조건을 찾으세요."
"gangwon\wonju-si\단구동\index.html","강원 원주시 단구동 장기렌트·자동차리스 가격비교 | 행복한렌트몰","강원 원주시 단구동 장기렌트와 자동차리스 이용조건을 행복한렌트몰에서 비교하고 차량별 견적과 지역별 상담 정보를 확인해보세요.","같은 차라도 조건은 다릅니다.비교하고 더 좋은 조건을 찾으세요."
"gangwon\wonju-si\명륜동\index.html","강원 원주시 명륜동 장기렌트·자동차리스 가격비교 | 행복한렌트몰","강원 원주시 명륜동 장기렌트와 자동차리스 이용조건을 행복한렌트몰에서 비교하고 차량별 견적과 지역별 상담 정보를 확인해보세요.","같은 차라도 조건은 다릅니다.비교하고 더 좋은 조건을 찾으세요."
"gangwon\wonju-si\무실동\index.html","강원 원주시 무실동 장기렌트·자동차리스 가격비교 | 행복한렌트몰","강원 원주시 무실동 장기렌트와 자동차리스 이용조건을 행복한렌트몰에서 비교하고 차량별 견적과 지역별 상담 정보를 확인해보세요.","같은 차라도 조건은 다릅니다.비교하고 더 좋은 조건을 찾으세요."
"gangwon\wonju-si\문막읍\index.html","강원 원주시 문막읍 장기렌트·자동차리스 가격비교 | 행복한렌트몰","강원 원주시 문막읍 장기렌트와 자동차리스 이용조건을 행복한렌트몰에서 비교하고 차량별 견적과 지역별 상담 정보를 확인해보세요.","같은 차라도 조건은 다릅니다.비교하고 더 좋은 조건을 찾으세요."
"gangwon\wonju-si\반곡동\index.html","강원 원주시 반곡동 장기렌트·자동차리스 가격비교 | 행복한렌트몰","강원 원주시 반곡동 장기렌트와 자동차리스 이용조건을 행복한렌트몰에서 비교하고 차량별 견적과 지역별 상담 정보를 확인해보세요.","같은 차라도 조건은 다릅니다.비교하고 더 좋은 조건을 찾으세요."
"gangwon\wonju-si\봉산동\index.html","강원 원주시 봉산동 장기렌트·자동차리스 가격비교 | 행복한렌트몰","강원 원주시 봉산동 장기렌트와 자동차리스 이용조건을 행복한렌트몰에서 비교하고 차량별 견적과 지역별 상담 정보를 확인해보세요.","같은 차라도 조건은 다릅니다.비교하고 더 좋은 조건을 찾으세요."
"gangwon\wonju-si\부론면\index.html","강원 원주시 부론면 장기렌트·자동차리스 가격비교 | 행복한렌트몰","강원 원주시 부론면 장기렌트와 자동차리스 이용조건을 행복한렌트몰에서 비교하고 차량별 견적과 지역별 상담 정보를 확인해보세요.","같은 차라도 조건은 다릅니다.비교하고 더 좋은 조건을 찾으세요."
"gangwon\wonju-si\소초면\index.html","강원 원주시 소초면 장기렌트·자동차리스 가격비교 | 행복한렌트몰","강원 원주시 소초면 장기렌트와 자동차리스 이용조건을 행복한렌트몰에서 비교하고 차량별 견적과 지역별 상담 정보를 확인해보세요.","같은 차라도 조건은 다릅니다.비교하고 더 좋은 조건을 찾으세요."
"gangwon\wonju-si\신림면\index.html","강원 원주시 신림면 장기렌트·자동차리스 가격비교 | 행복한렌트몰","강원 원주시 신림면 장기렌트와 자동차리스 이용조건을 행복한렌트몰에서 비교하고 차량별 견적과 지역별 상담 정보를 확인해보세요.","같은 차라도 조건은 다릅니다.비교하고 더 좋은 조건을 찾으세요."
"gangwon\wonju-si\우산동\index.html","강원 원주시 우산동 장기렌트·자동차리스 가격비교 | 행복한렌트몰","강원 원주시 우산동 장기렌트와 자동차리스 이용조건을 행복한렌트몰에서 비교하고 차량별 견적과 지역별 상담 정보를 확인해보세요.","같은 차라도 조건은 다릅니다.비교하고 더 좋은 조건을 찾으세요."
"gangwon\wonju-si\원동\index.html","강원 원주시 원동 장기렌트·자동차리스 가격비교 | 행복한렌트몰","강원 원주시 원동 장기렌트와 자동차리스 이용조건을 행복한렌트몰에서 비교하고 차량별 견적과 지역별 상담 정보를 확인해보세요.","같은 차라도 조건은 다릅니다.비교하고 더 좋은 조건을 찾으세요."
"gangwon\wonju-si\인동\index.html","강원 원주시 인동 장기렌트·자동차리스 가격비교 | 행복한렌트몰","강원 원주시 인동 장기렌트와 자동차리스 이용조건을 행복한렌트몰에서 비교하고 차량별 견적과 지역별 상담 정보를 확인해보세요.","같은 차라도 조건은 다릅니다.비교하고 더 좋은 조건을 찾으세요."
"gangwon\wonju-si\일산동\index.html","강원 원주시 일산동 장기렌트·자동차리스 가격비교 | 행복한렌트몰","강원 원주시 일산동 장기렌트와 자동차리스 이용조건을 행복한렌트몰에서 비교하고 차량별 견적과 지역별 상담 정보를 확인해보세요.","같은 차라도 조건은 다릅니다.비교하고 더 좋은 조건을 찾으세요."
"gangwon\wonju-si\중앙동\index.html","강원 원주시 중앙동 장기렌트·자동차리스 가격비교 | 행복한렌트몰","강원 원주시 중앙동 장기렌트와 자동차리스 이용조건을 행복한렌트몰에서 비교하고 차량별 견적과 지역별 상담 정보를 확인해보세요.","같은 차라도 조건은 다릅니다.비교하고 더 좋은 조건을 찾으세요."
"gangwon\wonju-si\지정면\index.html","강원 원주시 지정면 장기렌트·자동차리스 가격비교 | 행복한렌트몰","강원 원주시 지정면 장기렌트와 자동차리스 이용조건을 행복한렌트몰에서 비교하고 차량별 견적과 지역별 상담 정보를 확인해보세요.","같은 차라도 조건은 다릅니다.비교하고 더 좋은 조건을 찾으세요."
"gangwon\wonju-si\태장동\index.html","강원 원주시 태장동 장기렌트·자동차리스 가격비교 | 행복한렌트몰","강원 원주시 태장동 장기렌트와 자동차리스 이용조건을 행복한렌트몰에서 비교하고 차량별 견적과 지역별 상담 정보를 확인해보세요.","같은 차라도 조건은 다릅니다.비교하고 더 좋은 조건을 찾으세요."
"gangwon\wonju-si\판부면\index.html","강원 원주시 판부면 장기렌트·자동차리스 가격비교 | 행복한렌트몰","강원 원주시 판부면 장기렌트와 자동차리스 이용조건을 행복한렌트몰에서 비교하고 차량별 견적과 지역별 상담 정보를 확인해보세요.","같은 차라도 조건은 다릅니다.비교하고 더 좋은 조건을 찾으세요."
"gangwon\wonju-si\평원동\index.html","강원 원주시 평원동 장기렌트·자동차리스 가격비교 | 행복한렌트몰","강원 원주시 평원동 장기렌트와 자동차리스 이용조건을 행복한렌트몰에서 비교하고 차량별 견적과 지역별 상담 정보를 확인해보세요.","같은 차라도 조건은 다릅니다.비교하고 더 좋은 조건을 찾으세요."
"gangwon\wonju-si\학성동\index.html","강원 원주시 학성동 장기렌트·자동차리스 가격비교 | 행복한렌트몰","강원 원주시 학성동 장기렌트와 자동차리스 이용조건을 행복한렌트몰에서 비교하고 차량별 견적과 지역별 상담 정보를 확인해보세요.","같은 차라도 조건은 다릅니다.비교하고 더 좋은 조건을 찾으세요."
"gangwon\wonju-si\행구동\index.html","강원 원주시 행구동 장기렌트·자동차리스 가격비교 | 행복한렌트몰","강원 원주시 행구동 장기렌트와 자동차리스 이용조건을 행복한렌트몰에서 비교하고 차량별 견적과 지역별 상담 정보를 확인해보세요.","같은 차라도 조건은 다릅니다.비교하고 더 좋은 조건을 찾으세요."
"gangwon\wonju-si\호저면\index.html","강원 원주시 호저면 장기렌트·자동차리스 가격비교 | 행복한렌트몰","강원 원주시 호저면 장기렌트와 자동차리스 이용조건을 행복한렌트몰에서 비교하고 차량별 견적과 지역별 상담 정보를 확인해보세요.","같은 차라도 조건은 다릅니다.비교하고 더 좋은 조건을 찾으세요."
"gangwon\wonju-si\흥업면\index.html","강원 원주시 흥업면 장기렌트·자동차리스 가격비교 | 행복한렌트몰","강원 원주시 흥업면 장기렌트와 자동차리스 이용조건을 행복한렌트몰에서 비교하고 차량별 견적과 지역별 상담 정보를 확인해보세요.","같은 차라도 조건은 다릅니다.비교하고 더 좋은 조건을 찾으세요."
"gangwon\yanggu-gun\index.html","강원 양구군 장기렌트·자동차리스 가격비교 | 행복한렌트몰","강원 양구군 장기렌트와 자동차리스 조건을 행복한렌트몰에서 비교하고 지역별 상담 정보를 확인해보세요.","같은 차라도 조건은 다릅니다.비교하고 더 좋은 조건을 찾으세요."
"gangwon\yanggu-gun\국토정중앙면\index.html","강원 양구군 국토정중앙면 장기렌트·자동차리스 가격비교 | 행복한렌트몰","강원 양구군 국토정중앙면 장기렌트와 자동차리스 이용조건을 행복한렌트몰에서 비교하고 차량별 견적과 지역별 상담 정보를 확인해보세요.","같은 차라도 조건은 다릅니다.비교하고 더 좋은 조건을 찾으세요."
"gangwon\yanggu-gun\동면\index.html","강원 양구군 동면 장기렌트·자동차리스 가격비교 | 행복한렌트몰","강원 양구군 동면 장기렌트와 자동차리스 이용조건을 행복한렌트몰에서 비교하고 차량별 견적과 지역별 상담 정보를 확인해보세요.","같은 차라도 조건은 다릅니다.비교하고 더 좋은 조건을 찾으세요."
"gangwon\yanggu-gun\방산면\index.html","강원 양구군 방산면 장기렌트·자동차리스 가격비교 | 행복한렌트몰","강원 양구군 방산면 장기렌트와 자동차리스 이용조건을 행복한렌트몰에서 비교하고 차량별 견적과 지역별 상담 정보를 확인해보세요.","같은 차라도 조건은 다릅니다.비교하고 더 좋은 조건을 찾으세요."
"gangwon\yanggu-gun\양구읍\index.html","강원 양구군 양구읍 장기렌트·자동차리스 가격비교 | 행복한렌트몰","강원 양구군 양구읍 장기렌트와 자동차리스 이용조건을 행복한렌트몰에서 비교하고 차량별 견적과 지역별 상담 정보를 확인해보세요.","같은 차라도 조건은 다릅니다.비교하고 더 좋은 조건을 찾으세요."
"gangwon\yanggu-gun\해안면\index.html","강원 양구군 해안면 장기렌트·자동차리스 가격비교 | 행복한렌트몰","강원 양구군 해안면 장기렌트와 자동차리스 이용조건을 행복한렌트몰에서 비교하고 차량별 견적과 지역별 상담 정보를 확인해보세요.","같은 차라도 조건은 다릅니다.비교하고 더 좋은 조건을 찾으세요."
"gangwon\yangyang-gun\index.html","강원 양양군 장기렌트·자동차리스 가격비교 | 행복한렌트몰","강원 양양군 장기렌트와 자동차리스 조건을 행복한렌트몰에서 비교하고 지역별 상담 정보를 확인해보세요.","같은 차라도 조건은 다릅니다.비교하고 더 좋은 조건을 찾으세요."
"gangwon\yangyang-gun\강현면\index.html","강원 양양군 강현면 장기렌트·자동차리스 가격비교 | 행복한렌트몰","강원 양양군 강현면 장기렌트와 자동차리스 이용조건을 행복한렌트몰에서 비교하고 차량별 견적과 지역별 상담 정보를 확인해보세요.","같은 차라도 조건은 다릅니다.비교하고 더 좋은 조건을 찾으세요."
"gangwon\yangyang-gun\서면\index.html","강원 양양군 서면 장기렌트·자동차리스 가격비교 | 행복한렌트몰","강원 양양군 서면 장기렌트와 자동차리스 이용조건을 행복한렌트몰에서 비교하고 차량별 견적과 지역별 상담 정보를 확인해보세요.","같은 차라도 조건은 다릅니다.비교하고 더 좋은 조건을 찾으세요."
"gangwon\yangyang-gun\손양면\index.html","강원 양양군 손양면 장기렌트·자동차리스 가격비교 | 행복한렌트몰","강원 양양군 손양면 장기렌트와 자동차리스 이용조건을 행복한렌트몰에서 비교하고 차량별 견적과 지역별 상담 정보를 확인해보세요.","같은 차라도 조건은 다릅니다.비교하고 더 좋은 조건을 찾으세요."
"gangwon\yangyang-gun\양양읍\index.html","강원 양양군 양양읍 장기렌트·자동차리스 가격비교 | 행복한렌트몰","강원 양양군 양양읍 장기렌트와 자동차리스 이용조건을 행복한렌트몰에서 비교하고 차량별 견적과 지역별 상담 정보를 확인해보세요.","같은 차라도 조건은 다릅니다.비교하고 더 좋은 조건을 찾으세요."
"gangwon\yangyang-gun\현남면\index.html","강원 양양군 현남면 장기렌트·자동차리스 가격비교 | 행복한렌트몰","강원 양양군 현남면 장기렌트와 자동차리스 이용조건을 행복한렌트몰에서 비교하고 차량별 견적과 지역별 상담 정보를 확인해보세요.","같은 차라도 조건은 다릅니다.비교하고 더 좋은 조건을 찾으세요."
"gangwon\yangyang-gun\현북면\index.html","강원 양양군 현북면 장기렌트·자동차리스 가격비교 | 행복한렌트몰","강원 양양군 현북면 장기렌트와 자동차리스 이용조건을 행복한렌트몰에서 비교하고 차량별 견적과 지역별 상담 정보를 확인해보세요.","같은 차라도 조건은 다릅니다.비교하고 더 좋은 조건을 찾으세요."
"gangwon\yeongwol-gun\index.html","강원 영월군 장기렌트·자동차리스 가격비교 | 행복한렌트몰","강원 영월군 장기렌트와 자동차리스 조건을 행복한렌트몰에서 비교하고 지역별 상담 정보를 확인해보세요.","같은 차라도 조건은 다릅니다.비교하고 더 좋은 조건을 찾으세요."
"gangwon\yeongwol-gun\김삿갓면\index.html","강원 영월군 김삿갓면 장기렌트·자동차리스 가격비교 | 행복한렌트몰","강원 영월군 김삿갓면 장기렌트와 자동차리스 이용조건을 행복한렌트몰에서 비교하고 차량별 견적과 지역별 상담 정보를 확인해보세요.","같은 차라도 조건은 다릅니다.비교하고 더 좋은 조건을 찾으세요."
"gangwon\yeongwol-gun\남면\index.html","강원 영월군 남면 장기렌트·자동차리스 가격비교 | 행복한렌트몰","강원 영월군 남면 장기렌트와 자동차리스 이용조건을 행복한렌트몰에서 비교하고 차량별 견적과 지역별 상담 정보를 확인해보세요.","같은 차라도 조건은 다릅니다.비교하고 더 좋은 조건을 찾으세요."
"gangwon\yeongwol-gun\무릉도원면\index.html","강원 영월군 무릉도원면 장기렌트·자동차리스 가격비교 | 행복한렌트몰","강원 영월군 무릉도원면 장기렌트와 자동차리스 이용조건을 행복한렌트몰에서 비교하고 차량별 견적과 지역별 상담 정보를 확인해보세요.","같은 차라도 조건은 다릅니다.비교하고 더 좋은 조건을 찾으세요."
"gangwon\yeongwol-gun\북면\index.html","강원 영월군 북면 장기렌트·자동차리스 가격비교 | 행복한렌트몰","강원 영월군 북면 장기렌트와 자동차리스 이용조건을 행복한렌트몰에서 비교하고 차량별 견적과 지역별 상담 정보를 확인해보세요.","같은 차라도 조건은 다릅니다.비교하고 더 좋은 조건을 찾으세요."
"gangwon\yeongwol-gun\산솔면\index.html","강원 영월군 산솔면 장기렌트·자동차리스 가격비교 | 행복한렌트몰","강원 영월군 산솔면 장기렌트와 자동차리스 이용조건을 행복한렌트몰에서 비교하고 차량별 견적과 지역별 상담 정보를 확인해보세요.","같은 차라도 조건은 다릅니다.비교하고 더 좋은 조건을 찾으세요."
"gangwon\yeongwol-gun\상동읍\index.html","강원 영월군 상동읍 장기렌트·자동차리스 가격비교 | 행복한렌트몰","강원 영월군 상동읍 장기렌트와 자동차리스 이용조건을 행복한렌트몰에서 비교하고 차량별 견적과 지역별 상담 정보를 확인해보세요.","같은 차라도 조건은 다릅니다.비교하고 더 좋은 조건을 찾으세요."
"gangwon\yeongwol-gun\영월읍\index.html","강원 영월군 영월읍 장기렌트·자동차리스 가격비교 | 행복한렌트몰","강원 영월군 영월읍 장기렌트와 자동차리스 이용조건을 행복한렌트몰에서 비교하고 차량별 견적과 지역별 상담 정보를 확인해보세요.","같은 차라도 조건은 다릅니다.비교하고 더 좋은 조건을 찾으세요."
"gangwon\yeongwol-gun\주천면\index.html","강원 영월군 주천면 장기렌트·자동차리스 가격비교 | 행복한렌트몰","강원 영월군 주천면 장기렌트와 자동차리스 이용조건을 행복한렌트몰에서 비교하고 차량별 견적과 지역별 상담 정보를 확인해보세요.","같은 차라도 조건은 다릅니다.비교하고 더 좋은 조건을 찾으세요."
"gangwon\yeongwol-gun\한반도면\index.html","강원 영월군 한반도면 장기렌트·자동차리스 가격비교 | 행복한렌트몰","강원 영월군 한반도면 장기렌트와 자동차리스 이용조건을 행복한렌트몰에서 비교하고 차량별 견적과 지역별 상담 정보를 확인해보세요.","같은 차라도 조건은 다릅니다.비교하고 더 좋은 조건을 찾으세요."
"gwangju\index.html","광주 장기렌트·자동차리스 가격비교 | 행복한렌트몰","광주 지역 장기렌트와 자동차리스 조건을 행복한렌트몰에서 비교하고 지역별 바로상담 정보를 확인해보세요.","같은 차라도 조건은 다릅니다.비교하고 더 좋은 조건을 찾으세요."
"gwangju\buk-gu\index.html","광주 북구 장기렌트·자동차리스 가격비교 | 행복한렌트몰","광주 북구 장기렌트와 자동차리스 조건을 행복한렌트몰에서 비교하고 지역별 상담 정보를 확인해보세요.","같은 차라도 조건은 다릅니다.비교하고 더 좋은 조건을 찾으세요."
"gwangju\dong-gu\index.html","광주 동구 장기렌트·자동차리스 가격비교 | 행복한렌트몰","광주 동구 장기렌트와 자동차리스 조건을 행복한렌트몰에서 비교하고 지역별 상담 정보를 확인해보세요.","같은 차라도 조건은 다릅니다.비교하고 더 좋은 조건을 찾으세요."
"gwangju\gwangsan-gu\index.html","광주 광산구 장기렌트·자동차리스 가격비교 | 행복한렌트몰","광주 광산구 장기렌트와 자동차리스 조건을 행복한렌트몰에서 비교하고 지역별 상담 정보를 확인해보세요.","같은 차라도 조건은 다릅니다.비교하고 더 좋은 조건을 찾으세요."
"gwangju\nam-gu\index.html","광주 남구 장기렌트·자동차리스 가격비교 | 행복한렌트몰","광주 남구 장기렌트와 자동차리스 조건을 행복한렌트몰에서 비교하고 지역별 상담 정보를 확인해보세요.","같은 차라도 조건은 다릅니다.비교하고 더 좋은 조건을 찾으세요."
"gwangju\seo-gu\index.html","광주 서구 장기렌트·자동차리스 가격비교 | 행복한렌트몰","광주 서구 장기렌트와 자동차리스 조건을 행복한렌트몰에서 비교하고 지역별 상담 정보를 확인해보세요.","같은 차라도 조건은 다릅니다.비교하고 더 좋은 조건을 찾으세요."
"gyeongbuk\index.html","경북 장기렌트·자동차리스 가격비교 | 행복한렌트몰","경북 지역 장기렌트와 자동차리스 조건을 행복한렌트몰에서 비교하고 지역별 바로상담 정보를 확인해보세요.","같은 차라도 조건은 다릅니다.비교하고 더 좋은 조건을 찾으세요."
"gyeongbuk\andong-si\index.html","경북 안동시 장기렌트·자동차리스 가격비교 | 행복한렌트몰","경북 안동시 장기렌트와 자동차리스 조건을 행복한렌트몰에서 비교하고 지역별 상담 정보를 확인해보세요.","같은 차라도 조건은 다릅니다.비교하고 더 좋은 조건을 찾으세요."
"gyeongbuk\andong-si\광석동\index.html","경북 안동시 광석동 장기렌트·자동차리스 가격비교 | 행복한렌트몰","경북 안동시 광석동 장기렌트와 자동차리스 이용조건을 행복한렌트몰에서 비교하고 차량별 견적과 지역별 상담 정보를 확인해보세요.","같은 차라도 조건은 다릅니다.비교하고 더 좋은 조건을 찾으세요."
"gyeongbuk\andong-si\금곡동\index.html","경북 안동시 금곡동 장기렌트·자동차리스 가격비교 | 행복한렌트몰","경북 안동시 금곡동 장기렌트와 자동차리스 이용조건을 행복한렌트몰에서 비교하고 차량별 견적과 지역별 상담 정보를 확인해보세요.","같은 차라도 조건은 다릅니다.비교하고 더 좋은 조건을 찾으세요."
"gyeongbuk\andong-si\길안면\index.html","경북 안동시 길안면 장기렌트·자동차리스 가격비교 | 행복한렌트몰","경북 안동시 길안면 장기렌트와 자동차리스 이용조건을 행복한렌트몰에서 비교하고 차량별 견적과 지역별 상담 정보를 확인해보세요.","같은 차라도 조건은 다릅니다.비교하고 더 좋은 조건을 찾으세요."
"gyeongbuk\andong-si\남문동\index.html","경북 안동시 남문동 장기렌트·자동차리스 가격비교 | 행복한렌트몰","경북 안동시 남문동 장기렌트와 자동차리스 이용조건을 행복한렌트몰에서 비교하고 차량별 견적과 지역별 상담 정보를 확인해보세요.","같은 차라도 조건은 다릅니다.비교하고 더 좋은 조건을 찾으세요."
"gyeongbuk\andong-si\남부동\index.html","경북 안동시 남부동 장기렌트·자동차리스 가격비교 | 행복한렌트몰","경북 안동시 남부동 장기렌트와 자동차리스 이용조건을 행복한렌트몰에서 비교하고 차량별 견적과 지역별 상담 정보를 확인해보세요.","같은 차라도 조건은 다릅니다.비교하고 더 좋은 조건을 찾으세요."
"gyeongbuk\andong-si\남선면\index.html","경북 안동시 남선면 장기렌트·자동차리스 가격비교 | 행복한렌트몰","경북 안동시 남선면 장기렌트와 자동차리스 이용조건을 행복한렌트몰에서 비교하고 차량별 견적과 지역별 상담 정보를 확인해보세요.","같은 차라도 조건은 다릅니다.비교하고 더 좋은 조건을 찾으세요."
"gyeongbuk\andong-si\남후면\index.html","경북 안동시 남후면 장기렌트·자동차리스 가격비교 | 행복한렌트몰","경북 안동시 남후면 장기렌트와 자동차리스 이용조건을 행복한렌트몰에서 비교하고 차량별 견적과 지역별 상담 정보를 확인해보세요.","같은 차라도 조건은 다릅니다.비교하고 더 좋은 조건을 찾으세요."
"gyeongbuk\andong-si\노하동\index.html","경북 안동시 노하동 장기렌트·자동차리스 가격비교 | 행복한렌트몰","경북 안동시 노하동 장기렌트와 자동차리스 이용조건을 행복한렌트몰에서 비교하고 차량별 견적과 지역별 상담 정보를 확인해보세요.","같은 차라도 조건은 다릅니다.비교하고 더 좋은 조건을 찾으세요."
"gyeongbuk\andong-si\녹전면\index.html","경북 안동시 녹전면 장기렌트·자동차리스 가격비교 | 행복한렌트몰","경북 안동시 녹전면 장기렌트와 자동차리스 이용조건을 행복한렌트몰에서 비교하고 차량별 견적과 지역별 상담 정보를 확인해보세요.","같은 차라도 조건은 다릅니다.비교하고 더 좋은 조건을 찾으세요."
"gyeongbuk\andong-si\당북동\index.html","경북 안동시 당북동 장기렌트·자동차리스 가격비교 | 행복한렌트몰","경북 안동시 당북동 장기렌트와 자동차리스 이용조건을 행복한렌트몰에서 비교하고 차량별 견적과 지역별 상담 정보를 확인해보세요.","같은 차라도 조건은 다릅니다.비교하고 더 좋은 조건을 찾으세요."
"gyeongbuk\andong-si\대석동\index.html","경북 안동시 대석동 장기렌트·자동차리스 가격비교 | 행복한렌트몰","경북 안동시 대석동 장기렌트와 자동차리스 이용조건을 행복한렌트몰에서 비교하고 차량별 견적과 지역별 상담 정보를 확인해보세요.","같은 차라도 조건은 다릅니다.비교하고 더 좋은 조건을 찾으세요."
"gyeongbuk\andong-si\도산면\index.html","경북 안동시 도산면 장기렌트·자동차리스 가격비교 | 행복한렌트몰","경북 안동시 도산면 장기렌트와 자동차리스 이용조건을 행복한렌트몰에서 비교하고 차량별 견적과 지역별 상담 정보를 확인해보세요.","같은 차라도 조건은 다릅니다.비교하고 더 좋은 조건을 찾으세요."
"gyeongbuk\andong-si\동문동\index.html","경북 안동시 동문동 장기렌트·자동차리스 가격비교 | 행복한렌트몰","경북 안동시 동문동 장기렌트와 자동차리스 이용조건을 행복한렌트몰에서 비교하고 차량별 견적과 지역별 상담 정보를 확인해보세요.","같은 차라도 조건은 다릅니다.비교하고 더 좋은 조건을 찾으세요."
"gyeongbuk\andong-si\동부동\index.html","경북 안동시 동부동 장기렌트·자동차리스 가격비교 | 행복한렌트몰","경북 안동시 동부동 장기렌트와 자동차리스 이용조건을 행복한렌트몰에서 비교하고 차량별 견적과 지역별 상담 정보를 확인해보세요.","같은 차라도 조건은 다릅니다.비교하고 더 좋은 조건을 찾으세요."
"gyeongbuk\andong-si\명륜동\index.html","경북 안동시 명륜동 장기렌트·자동차리스 가격비교 | 행복한렌트몰","경북 안동시 명륜동 장기렌트와 자동차리스 이용조건을 행복한렌트몰에서 비교하고 차량별 견적과 지역별 상담 정보를 확인해보세요.","같은 차라도 조건은 다릅니다.비교하고 더 좋은 조건을 찾으세요."
"gyeongbuk\andong-si\목성동\index.html","경북 안동시 목성동 장기렌트·자동차리스 가격비교 | 행복한렌트몰","경북 안동시 목성동 장기렌트와 자동차리스 이용조건을 행복한렌트몰에서 비교하고 차량별 견적과 지역별 상담 정보를 확인해보세요.","같은 차라도 조건은 다릅니다.비교하고 더 좋은 조건을 찾으세요."
"gyeongbuk\andong-si\법상동\index.html","경북 안동시 법상동 장기렌트·자동차리스 가격비교 | 행복한렌트몰","경북 안동시 법상동 장기렌트와 자동차리스 이용조건을 행복한렌트몰에서 비교하고 차량별 견적과 지역별 상담 정보를 확인해보세요.","같은 차라도 조건은 다릅니다.비교하고 더 좋은 조건을 찾으세요."
"gyeongbuk\andong-si\법흥동\index.html","경북 안동시 법흥동 장기렌트·자동차리스 가격비교 | 행복한렌트몰","경북 안동시 법흥동 장기렌트와 자동차리스 이용조건을 행복한렌트몰에서 비교하고 차량별 견적과 지역별 상담 정보를 확인해보세요.","같은 차라도 조건은 다릅니다.비교하고 더 좋은 조건을 찾으세요."
"gyeongbuk\andong-si\북문동\index.html","경북 안동시 북문동 장기렌트·자동차리스 가격비교 | 행복한렌트몰","경북 안동시 북문동 장기렌트와 자동차리스 이용조건을 행복한렌트몰에서 비교하고 차량별 견적과 지역별 상담 정보를 확인해보세요.","같은 차라도 조건은 다릅니다.비교하고 더 좋은 조건을 찾으세요."
"gyeongbuk\andong-si\북후면\index.html","경북 안동시 북후면 장기렌트·자동차리스 가격비교 | 행복한렌트몰","경북 안동시 북후면 장기렌트와 자동차리스 이용조건을 행복한렌트몰에서 비교하고 차량별 견적과 지역별 상담 정보를 확인해보세요.","같은 차라도 조건은 다릅니다.비교하고 더 좋은 조건을 찾으세요."
"gyeongbuk\andong-si\삼산동\index.html","경북 안동시 삼산동 장기렌트·자동차리스 가격비교 | 행복한렌트몰","경북 안동시 삼산동 장기렌트와 자동차리스 이용조건을 행복한렌트몰에서 비교하고 차량별 견적과 지역별 상담 정보를 확인해보세요.","같은 차라도 조건은 다릅니다.비교하고 더 좋은 조건을 찾으세요."
"gyeongbuk\andong-si\상아동\index.html","경북 안동시 상아동 장기렌트·자동차리스 가격비교 | 행복한렌트몰","경북 안동시 상아동 장기렌트와 자동차리스 이용조건을 행복한렌트몰에서 비교하고 차량별 견적과 지역별 상담 정보를 확인해보세요.","같은 차라도 조건은 다릅니다.비교하고 더 좋은 조건을 찾으세요."
"gyeongbuk\andong-si\서부동\index.html","경북 안동시 서부동 장기렌트·자동차리스 가격비교 | 행복한렌트몰","경북 안동시 서부동 장기렌트와 자동차리스 이용조건을 행복한렌트몰에서 비교하고 차량별 견적과 지역별 상담 정보를 확인해보세요.","같은 차라도 조건은 다릅니다.비교하고 더 좋은 조건을 찾으세요."
"gyeongbuk\andong-si\서후면\index.html","경북 안동시 서후면 장기렌트·자동차리스 가격비교 | 행복한렌트몰","경북 안동시 서후면 장기렌트와 자동차리스 이용조건을 행복한렌트몰에서 비교하고 차량별 견적과 지역별 상담 정보를 확인해보세요.","같은 차라도 조건은 다릅니다.비교하고 더 좋은 조건을 찾으세요."
"gyeongbuk\andong-si\석동동\index.html","경북 안동시 석동동 장기렌트·자동차리스 가격비교 | 행복한렌트몰","경북 안동시 석동동 장기렌트와 자동차리스 이용조건을 행복한렌트몰에서 비교하고 차량별 견적과 지역별 상담 정보를 확인해보세요.","같은 차라도 조건은 다릅니다.비교하고 더 좋은 조건을 찾으세요."
"gyeongbuk\andong-si\성곡동\index.html","경북 안동시 성곡동 장기렌트·자동차리스 가격비교 | 행복한렌트몰","경북 안동시 성곡동 장기렌트와 자동차리스 이용조건을 행복한렌트몰에서 비교하고 차량별 견적과 지역별 상담 정보를 확인해보세요.","같은 차라도 조건은 다릅니다.비교하고 더 좋은 조건을 찾으세요."
"gyeongbuk\andong-si\송천동\index.html","경북 안동시 송천동 장기렌트·자동차리스 가격비교 | 행복한렌트몰","경북 안동시 송천동 장기렌트와 자동차리스 이용조건을 행복한렌트몰에서 비교하고 차량별 견적과 지역별 상담 정보를 확인해보세요.","같은 차라도 조건은 다릅니다.비교하고 더 좋은 조건을 찾으세요."
"gyeongbuk\andong-si\송현동\index.html","경북 안동시 송현동 장기렌트·자동차리스 가격비교 | 행복한렌트몰","경북 안동시 송현동 장기렌트와 자동차리스 이용조건을 행복한렌트몰에서 비교하고 차량별 견적과 지역별 상담 정보를 확인해보세요.","같은 차라도 조건은 다릅니다.비교하고 더 좋은 조건을 찾으세요."
"gyeongbuk\andong-si\수상동\index.html","경북 안동시 수상동 장기렌트·자동차리스 가격비교 | 행복한렌트몰","경북 안동시 수상동 장기렌트와 자동차리스 이용조건을 행복한렌트몰에서 비교하고 차량별 견적과 지역별 상담 정보를 확인해보세요.","같은 차라도 조건은 다릅니다.비교하고 더 좋은 조건을 찾으세요."
"gyeongbuk\andong-si\수하동\index.html","경북 안동시 수하동 장기렌트·자동차리스 가격비교 | 행복한렌트몰","경북 안동시 수하동 장기렌트와 자동차리스 이용조건을 행복한렌트몰에서 비교하고 차량별 견적과 지역별 상담 정보를 확인해보세요.","같은 차라도 조건은 다릅니다.비교하고 더 좋은 조건을 찾으세요."
"gyeongbuk\andong-si\신세동\index.html","경북 안동시 신세동 장기렌트·자동차리스 가격비교 | 행복한렌트몰","경북 안동시 신세동 장기렌트와 자동차리스 이용조건을 행복한렌트몰에서 비교하고 차량별 견적과 지역별 상담 정보를 확인해보세요.","같은 차라도 조건은 다릅니다.비교하고 더 좋은 조건을 찾으세요."
"gyeongbuk\andong-si\신안동\index.html","경북 안동시 신안동 장기렌트·자동차리스 가격비교 | 행복한렌트몰","경북 안동시 신안동 장기렌트와 자동차리스 이용조건을 행복한렌트몰에서 비교하고 차량별 견적과 지역별 상담 정보를 확인해보세요.","같은 차라도 조건은 다릅니다.비교하고 더 좋은 조건을 찾으세요."
"gyeongbuk\andong-si\안기동\index.html","경북 안동시 안기동 장기렌트·자동차리스 가격비교 | 행복한렌트몰","경북 안동시 안기동 장기렌트와 자동차리스 이용조건을 행복한렌트몰에서 비교하고 차량별 견적과 지역별 상담 정보를 확인해보세요.","같은 차라도 조건은 다릅니다.비교하고 더 좋은 조건을 찾으세요."
"gyeongbuk\andong-si\안막동\index.html","경북 안동시 안막동 장기렌트·자동차리스 가격비교 | 행복한렌트몰","경북 안동시 안막동 장기렌트와 자동차리스 이용조건을 행복한렌트몰에서 비교하고 차량별 견적과 지역별 상담 정보를 확인해보세요.","같은 차라도 조건은 다릅니다.비교하고 더 좋은 조건을 찾으세요."
"gyeongbuk\andong-si\안흥동\index.html","경북 안동시 안흥동 장기렌트·자동차리스 가격비교 | 행복한렌트몰","경북 안동시 안흥동 장기렌트와 자동차리스 이용조건을 행복한렌트몰에서 비교하고 차량별 견적과 지역별 상담 정보를 확인해보세요.","같은 차라도 조건은 다릅니다.비교하고 더 좋은 조건을 찾으세요."
"gyeongbuk\andong-si\예안면\index.html","경북 안동시 예안면 장기렌트·자동차리스 가격비교 | 행복한렌트몰","경북 안동시 예안면 장기렌트와 자동차리스 이용조건을 행복한렌트몰에서 비교하고 차량별 견적과 지역별 상담 정보를 확인해보세요.","같은 차라도 조건은 다릅니다.비교하고 더 좋은 조건을 찾으세요."
"gyeongbuk\andong-si\옥동\index.html","경북 안동시 옥동 장기렌트·자동차리스 가격비교 | 행복한렌트몰","경북 안동시 옥동 장기렌트와 자동차리스 이용조건을 행복한렌트몰에서 비교하고 차량별 견적과 지역별 상담 정보를 확인해보세요.","같은 차라도 조건은 다릅니다.비교하고 더 좋은 조건을 찾으세요."
"gyeongbuk\andong-si\옥야동\index.html","경북 안동시 옥야동 장기렌트·자동차리스 가격비교 | 행복한렌트몰","경북 안동시 옥야동 장기렌트와 자동차리스 이용조건을 행복한렌트몰에서 비교하고 차량별 견적과 지역별 상담 정보를 확인해보세요.","같은 차라도 조건은 다릅니다.비교하고 더 좋은 조건을 찾으세요."
"gyeongbuk\andong-si\옥정동\index.html","경북 안동시 옥정동 장기렌트·자동차리스 가격비교 | 행복한렌트몰","경북 안동시 옥정동 장기렌트와 자동차리스 이용조건을 행복한렌트몰에서 비교하고 차량별 견적과 지역별 상담 정보를 확인해보세요.","같은 차라도 조건은 다릅니다.비교하고 더 좋은 조건을 찾으세요."
"gyeongbuk\andong-si\와룡면\index.html","경북 안동시 와룡면 장기렌트·자동차리스 가격비교 | 행복한렌트몰","경북 안동시 와룡면 장기렌트와 자동차리스 이용조건을 행복한렌트몰에서 비교하고 차량별 견적과 지역별 상담 정보를 확인해보세요.","같은 차라도 조건은 다릅니다.비교하고 더 좋은 조건을 찾으세요."
"gyeongbuk\andong-si\용상동\index.html","경북 안동시 용상동 장기렌트·자동차리스 가격비교 | 행복한렌트몰","경북 안동시 용상동 장기렌트와 자동차리스 이용조건을 행복한렌트몰에서 비교하고 차량별 견적과 지역별 상담 정보를 확인해보세요.","같은 차라도 조건은 다릅니다.비교하고 더 좋은 조건을 찾으세요."
"gyeongbuk\andong-si\운안동\index.html","경북 안동시 운안동 장기렌트·자동차리스 가격비교 | 행복한렌트몰","경북 안동시 운안동 장기렌트와 자동차리스 이용조건을 행복한렌트몰에서 비교하고 차량별 견적과 지역별 상담 정보를 확인해보세요.","같은 차라도 조건은 다릅니다.비교하고 더 좋은 조건을 찾으세요."
"gyeongbuk\andong-si\운흥동\index.html","경북 안동시 운흥동 장기렌트·자동차리스 가격비교 | 행복한렌트몰","경북 안동시 운흥동 장기렌트와 자동차리스 이용조건을 행복한렌트몰에서 비교하고 차량별 견적과 지역별 상담 정보를 확인해보세요.","같은 차라도 조건은 다릅니다.비교하고 더 좋은 조건을 찾으세요."
"gyeongbuk\andong-si\율세동\index.html","경북 안동시 율세동 장기렌트·자동차리스 가격비교 | 행복한렌트몰","경북 안동시 율세동 장기렌트와 자동차리스 이용조건을 행복한렌트몰에서 비교하고 차량별 견적과 지역별 상담 정보를 확인해보세요.","같은 차라도 조건은 다릅니다.비교하고 더 좋은 조건을 찾으세요."
"gyeongbuk\andong-si\이천동\index.html","경북 안동시 이천동 장기렌트·자동차리스 가격비교 | 행복한렌트몰","경북 안동시 이천동 장기렌트와 자동차리스 이용조건을 행복한렌트몰에서 비교하고 차량별 견적과 지역별 상담 정보를 확인해보세요.","같은 차라도 조건은 다릅니다.비교하고 더 좋은 조건을 찾으세요."
"gyeongbuk\andong-si\일직면\index.html","경북 안동시 일직면 장기렌트·자동차리스 가격비교 | 행복한렌트몰","경북 안동시 일직면 장기렌트와 자동차리스 이용조건을 행복한렌트몰에서 비교하고 차량별 견적과 지역별 상담 정보를 확인해보세요.","같은 차라도 조건은 다릅니다.비교하고 더 좋은 조건을 찾으세요."
"gyeongbuk\andong-si\임동면\index.html","경북 안동시 임동면 장기렌트·자동차리스 가격비교 | 행복한렌트몰","경북 안동시 임동면 장기렌트와 자동차리스 이용조건을 행복한렌트몰에서 비교하고 차량별 견적과 지역별 상담 정보를 확인해보세요.","같은 차라도 조건은 다릅니다.비교하고 더 좋은 조건을 찾으세요."
"gyeongbuk\andong-si\임하면\index.html","경북 안동시 임하면 장기렌트·자동차리스 가격비교 | 행복한렌트몰","경북 안동시 임하면 장기렌트와 자동차리스 이용조건을 행복한렌트몰에서 비교하고 차량별 견적과 지역별 상담 정보를 확인해보세요.","같은 차라도 조건은 다릅니다.비교하고 더 좋은 조건을 찾으세요."
"gyeongbuk\andong-si\정상동\index.html","경북 안동시 정상동 장기렌트·자동차리스 가격비교 | 행복한렌트몰","경북 안동시 정상동 장기렌트와 자동차리스 이용조건을 행복한렌트몰에서 비교하고 차량별 견적과 지역별 상담 정보를 확인해보세요.","같은 차라도 조건은 다릅니다.비교하고 더 좋은 조건을 찾으세요."
"gyeongbuk\andong-si\정하동\index.html","경북 안동시 정하동 장기렌트·자동차리스 가격비교 | 행복한렌트몰","경북 안동시 정하동 장기렌트와 자동차리스 이용조건을 행복한렌트몰에서 비교하고 차량별 견적과 지역별 상담 정보를 확인해보세요.","같은 차라도 조건은 다릅니다.비교하고 더 좋은 조건을 찾으세요."
"gyeongbuk\andong-si\천리동\index.html","경북 안동시 천리동 장기렌트·자동차리스 가격비교 | 행복한렌트몰","경북 안동시 천리동 장기렌트와 자동차리스 이용조건을 행복한렌트몰에서 비교하고 차량별 견적과 지역별 상담 정보를 확인해보세요.","같은 차라도 조건은 다릅니다.비교하고 더 좋은 조건을 찾으세요."
"gyeongbuk\andong-si\태화동\index.html","경북 안동시 태화동 장기렌트·자동차리스 가격비교 | 행복한렌트몰","경북 안동시 태화동 장기렌트와 자동차리스 이용조건을 행복한렌트몰에서 비교하고 차량별 견적과 지역별 상담 정보를 확인해보세요.","같은 차라도 조건은 다릅니다.비교하고 더 좋은 조건을 찾으세요."
"gyeongbuk\andong-si\평화동\index.html","경북 안동시 평화동 장기렌트·자동차리스 가격비교 | 행복한렌트몰","경북 안동시 평화동 장기렌트와 자동차리스 이용조건을 행복한렌트몰에서 비교하고 차량별 견적과 지역별 상담 정보를 확인해보세요.","같은 차라도 조건은 다릅니다.비교하고 더 좋은 조건을 찾으세요."
"gyeongbuk\andong-si\풍산읍\index.html","경북 안동시 풍산읍 장기렌트·자동차리스 가격비교 | 행복한렌트몰","경북 안동시 풍산읍 장기렌트와 자동차리스 이용조건을 행복한렌트몰에서 비교하고 차량별 견적과 지역별 상담 정보를 확인해보세요.","같은 차라도 조건은 다릅니다.비교하고 더 좋은 조건을 찾으세요."
"gyeongbuk\andong-si\풍천면\index.html","경북 안동시 풍천면 장기렌트·자동차리스 가격비교 | 행복한렌트몰","경북 안동시 풍천면 장기렌트와 자동차리스 이용조건을 행복한렌트몰에서 비교하고 차량별 견적과 지역별 상담 정보를 확인해보세요.","같은 차라도 조건은 다릅니다.비교하고 더 좋은 조건을 찾으세요."
"gyeongbuk\andong-si\화성동\index.html","경북 안동시 화성동 장기렌트·자동차리스 가격비교 | 행복한렌트몰","경북 안동시 화성동 장기렌트와 자동차리스 이용조건을 행복한렌트몰에서 비교하고 차량별 견적과 지역별 상담 정보를 확인해보세요.","같은 차라도 조건은 다릅니다.비교하고 더 좋은 조건을 찾으세요."
"gyeongbuk\bonghwa-gun\index.html","경북 봉화군 장기렌트·자동차리스 가격비교 | 행복한렌트몰","경북 봉화군 장기렌트와 자동차리스 조건을 행복한렌트몰에서 비교하고 지역별 상담 정보를 확인해보세요.","같은 차라도 조건은 다릅니다.비교하고 더 좋은 조건을 찾으세요."
"gyeongbuk\bonghwa-gun\명호면\index.html","경북 봉화군 명호면 장기렌트·자동차리스 가격비교 | 행복한렌트몰","경북 봉화군 명호면 장기렌트와 자동차리스 이용조건을 행복한렌트몰에서 비교하고 차량별 견적과 지역별 상담 정보를 확인해보세요.","같은 차라도 조건은 다릅니다.비교하고 더 좋은 조건을 찾으세요."
"gyeongbuk\bonghwa-gun\물야면\index.html","경북 봉화군 물야면 장기렌트·자동차리스 가격비교 | 행복한렌트몰","경북 봉화군 물야면 장기렌트와 자동차리스 이용조건을 행복한렌트몰에서 비교하고 차량별 견적과 지역별 상담 정보를 확인해보세요.","같은 차라도 조건은 다릅니다.비교하고 더 좋은 조건을 찾으세요."
"gyeongbuk\bonghwa-gun\법전면\index.html","경북 봉화군 법전면 장기렌트·자동차리스 가격비교 | 행복한렌트몰","경북 봉화군 법전면 장기렌트와 자동차리스 이용조건을 행복한렌트몰에서 비교하고 차량별 견적과 지역별 상담 정보를 확인해보세요.","같은 차라도 조건은 다릅니다.비교하고 더 좋은 조건을 찾으세요."
"gyeongbuk\bonghwa-gun\봉성면\index.html","경북 봉화군 봉성면 장기렌트·자동차리스 가격비교 | 행복한렌트몰","경북 봉화군 봉성면 장기렌트와 자동차리스 이용조건을 행복한렌트몰에서 비교하고 차량별 견적과 지역별 상담 정보를 확인해보세요.","같은 차라도 조건은 다릅니다.비교하고 더 좋은 조건을 찾으세요."
"gyeongbuk\bonghwa-gun\봉화읍\index.html","경북 봉화군 봉화읍 장기렌트·자동차리스 가격비교 | 행복한렌트몰","경북 봉화군 봉화읍 장기렌트와 자동차리스 이용조건을 행복한렌트몰에서 비교하고 차량별 견적과 지역별 상담 정보를 확인해보세요.","같은 차라도 조건은 다릅니다.비교하고 더 좋은 조건을 찾으세요."
"gyeongbuk\bonghwa-gun\상운면\index.html","경북 봉화군 상운면 장기렌트·자동차리스 가격비교 | 행복한렌트몰","경북 봉화군 상운면 장기렌트와 자동차리스 이용조건을 행복한렌트몰에서 비교하고 차량별 견적과 지역별 상담 정보를 확인해보세요.","같은 차라도 조건은 다릅니다.비교하고 더 좋은 조건을 찾으세요."
"gyeongbuk\bonghwa-gun\석포면\index.html","경북 봉화군 석포면 장기렌트·자동차리스 가격비교 | 행복한렌트몰","경북 봉화군 석포면 장기렌트와 자동차리스 이용조건을 행복한렌트몰에서 비교하고 차량별 견적과 지역별 상담 정보를 확인해보세요.","같은 차라도 조건은 다릅니다.비교하고 더 좋은 조건을 찾으세요."
"gyeongbuk\bonghwa-gun\소천면\index.html","경북 봉화군 소천면 장기렌트·자동차리스 가격비교 | 행복한렌트몰","경북 봉화군 소천면 장기렌트와 자동차리스 이용조건을 행복한렌트몰에서 비교하고 차량별 견적과 지역별 상담 정보를 확인해보세요.","같은 차라도 조건은 다릅니다.비교하고 더 좋은 조건을 찾으세요."
"gyeongbuk\bonghwa-gun\재산면\index.html","경북 봉화군 재산면 장기렌트·자동차리스 가격비교 | 행복한렌트몰","경북 봉화군 재산면 장기렌트와 자동차리스 이용조건을 행복한렌트몰에서 비교하고 차량별 견적과 지역별 상담 정보를 확인해보세요.","같은 차라도 조건은 다릅니다.비교하고 더 좋은 조건을 찾으세요."
"gyeongbuk\bonghwa-gun\춘양면\index.html","경북 봉화군 춘양면 장기렌트·자동차리스 가격비교 | 행복한렌트몰","경북 봉화군 춘양면 장기렌트와 자동차리스 이용조건을 행복한렌트몰에서 비교하고 차량별 견적과 지역별 상담 정보를 확인해보세요.","같은 차라도 조건은 다릅니다.비교하고 더 좋은 조건을 찾으세요."
"gyeongbuk\cheongdo-gun\index.html","경북 청도군 장기렌트·자동차리스 가격비교 | 행복한렌트몰","경북 청도군 장기렌트와 자동차리스 조건을 행복한렌트몰에서 비교하고 지역별 상담 정보를 확인해보세요.","같은 차라도 조건은 다릅니다.비교하고 더 좋은 조건을 찾으세요."
"gyeongbuk\cheongdo-gun\각남면\index.html","경북 청도군 각남면 장기렌트·자동차리스 가격비교 | 행복한렌트몰","경북 청도군 각남면 장기렌트와 자동차리스 이용조건을 행복한렌트몰에서 비교하고 차량별 견적과 지역별 상담 정보를 확인해보세요.","같은 차라도 조건은 다릅니다.비교하고 더 좋은 조건을 찾으세요."
"gyeongbuk\cheongdo-gun\각북면\index.html","경북 청도군 각북면 장기렌트·자동차리스 가격비교 | 행복한렌트몰","경북 청도군 각북면 장기렌트와 자동차리스 이용조건을 행복한렌트몰에서 비교하고 차량별 견적과 지역별 상담 정보를 확인해보세요.","같은 차라도 조건은 다릅니다.비교하고 더 좋은 조건을 찾으세요."
"gyeongbuk\cheongdo-gun\금천면\index.html","경북 청도군 금천면 장기렌트·자동차리스 가격비교 | 행복한렌트몰","경북 청도군 금천면 장기렌트와 자동차리스 이용조건을 행복한렌트몰에서 비교하고 차량별 견적과 지역별 상담 정보를 확인해보세요.","같은 차라도 조건은 다릅니다.비교하고 더 좋은 조건을 찾으세요."
"gyeongbuk\cheongdo-gun\매전면\index.html","경북 청도군 매전면 장기렌트·자동차리스 가격비교 | 행복한렌트몰","경북 청도군 매전면 장기렌트와 자동차리스 이용조건을 행복한렌트몰에서 비교하고 차량별 견적과 지역별 상담 정보를 확인해보세요.","같은 차라도 조건은 다릅니다.비교하고 더 좋은 조건을 찾으세요."
"gyeongbuk\cheongdo-gun\운문면\index.html","경북 청도군 운문면 장기렌트·자동차리스 가격비교 | 행복한렌트몰","경북 청도군 운문면 장기렌트와 자동차리스 이용조건을 행복한렌트몰에서 비교하고 차량별 견적과 지역별 상담 정보를 확인해보세요.","같은 차라도 조건은 다릅니다.비교하고 더 좋은 조건을 찾으세요."
"gyeongbuk\cheongdo-gun\이서면\index.html","경북 청도군 이서면 장기렌트·자동차리스 가격비교 | 행복한렌트몰","경북 청도군 이서면 장기렌트와 자동차리스 이용조건을 행복한렌트몰에서 비교하고 차량별 견적과 지역별 상담 정보를 확인해보세요.","같은 차라도 조건은 다릅니다.비교하고 더 좋은 조건을 찾으세요."
"gyeongbuk\cheongdo-gun\청도읍\index.html","경북 청도군 청도읍 장기렌트·자동차리스 가격비교 | 행복한렌트몰","경북 청도군 청도읍 장기렌트와 자동차리스 이용조건을 행복한렌트몰에서 비교하고 차량별 견적과 지역별 상담 정보를 확인해보세요.","같은 차라도 조건은 다릅니다.비교하고 더 좋은 조건을 찾으세요."
"gyeongbuk\cheongdo-gun\풍각면\index.html","경북 청도군 풍각면 장기렌트·자동차리스 가격비교 | 행복한렌트몰","경북 청도군 풍각면 장기렌트와 자동차리스 이용조건을 행복한렌트몰에서 비교하고 차량별 견적과 지역별 상담 정보를 확인해보세요.","같은 차라도 조건은 다릅니다.비교하고 더 좋은 조건을 찾으세요."
"gyeongbuk\cheongdo-gun\화양읍\index.html","경북 청도군 화양읍 장기렌트·자동차리스 가격비교 | 행복한렌트몰","경북 청도군 화양읍 장기렌트와 자동차리스 이용조건을 행복한렌트몰에서 비교하고 차량별 견적과 지역별 상담 정보를 확인해보세요.","같은 차라도 조건은 다릅니다.비교하고 더 좋은 조건을 찾으세요."
"gyeongbuk\cheongsong-gun\index.html","경북 청송군 장기렌트·자동차리스 가격비교 | 행복한렌트몰","경북 청송군 장기렌트와 자동차리스 조건을 행복한렌트몰에서 비교하고 지역별 상담 정보를 확인해보세요.","같은 차라도 조건은 다릅니다.비교하고 더 좋은 조건을 찾으세요."
"gyeongbuk\cheongsong-gun\부남면\index.html","경북 청송군 부남면 장기렌트·자동차리스 가격비교 | 행복한렌트몰","경북 청송군 부남면 장기렌트와 자동차리스 이용조건을 행복한렌트몰에서 비교하고 차량별 견적과 지역별 상담 정보를 확인해보세요.","같은 차라도 조건은 다릅니다.비교하고 더 좋은 조건을 찾으세요."
"gyeongbuk\cheongsong-gun\안덕면\index.html","경북 청송군 안덕면 장기렌트·자동차리스 가격비교 | 행복한렌트몰","경북 청송군 안덕면 장기렌트와 자동차리스 이용조건을 행복한렌트몰에서 비교하고 차량별 견적과 지역별 상담 정보를 확인해보세요.","같은 차라도 조건은 다릅니다.비교하고 더 좋은 조건을 찾으세요."
"gyeongbuk\cheongsong-gun\주왕산면\index.html","경북 청송군 주왕산면 장기렌트·자동차리스 가격비교 | 행복한렌트몰","경북 청송군 주왕산면 장기렌트와 자동차리스 이용조건을 행복한렌트몰에서 비교하고 차량별 견적과 지역별 상담 정보를 확인해보세요.","같은 차라도 조건은 다릅니다.비교하고 더 좋은 조건을 찾으세요."
"gyeongbuk\cheongsong-gun\진보면\index.html","경북 청송군 진보면 장기렌트·자동차리스 가격비교 | 행복한렌트몰","경북 청송군 진보면 장기렌트와 자동차리스 이용조건을 행복한렌트몰에서 비교하고 차량별 견적과 지역별 상담 정보를 확인해보세요.","같은 차라도 조건은 다릅니다.비교하고 더 좋은 조건을 찾으세요."
"gyeongbuk\cheongsong-gun\청송읍\index.html","경북 청송군 청송읍 장기렌트·자동차리스 가격비교 | 행복한렌트몰","경북 청송군 청송읍 장기렌트와 자동차리스 이용조건을 행복한렌트몰에서 비교하고 차량별 견적과 지역별 상담 정보를 확인해보세요.","같은 차라도 조건은 다릅니다.비교하고 더 좋은 조건을 찾으세요."
"gyeongbuk\cheongsong-gun\파천면\index.html","경북 청송군 파천면 장기렌트·자동차리스 가격비교 | 행복한렌트몰","경북 청송군 파천면 장기렌트와 자동차리스 이용조건을 행복한렌트몰에서 비교하고 차량별 견적과 지역별 상담 정보를 확인해보세요.","같은 차라도 조건은 다릅니다.비교하고 더 좋은 조건을 찾으세요."
"gyeongbuk\cheongsong-gun\현동면\index.html","경북 청송군 현동면 장기렌트·자동차리스 가격비교 | 행복한렌트몰","경북 청송군 현동면 장기렌트와 자동차리스 이용조건을 행복한렌트몰에서 비교하고 차량별 견적과 지역별 상담 정보를 확인해보세요.","같은 차라도 조건은 다릅니다.비교하고 더 좋은 조건을 찾으세요."
"gyeongbuk\cheongsong-gun\현서면\index.html","경북 청송군 현서면 장기렌트·자동차리스 가격비교 | 행복한렌트몰","경북 청송군 현서면 장기렌트와 자동차리스 이용조건을 행복한렌트몰에서 비교하고 차량별 견적과 지역별 상담 정보를 확인해보세요.","같은 차라도 조건은 다릅니다.비교하고 더 좋은 조건을 찾으세요."
"gyeongbuk\chilgok-gun\index.html","경북 칠곡군 장기렌트·자동차리스 가격비교 | 행복한렌트몰","경북 칠곡군 장기렌트와 자동차리스 조건을 행복한렌트몰에서 비교하고 지역별 상담 정보를 확인해보세요.","같은 차라도 조건은 다릅니다.비교하고 더 좋은 조건을 찾으세요."
"gyeongbuk\chilgok-gun\가산면\index.html","경북 칠곡군 가산면 장기렌트·자동차리스 가격비교 | 행복한렌트몰","경북 칠곡군 가산면 장기렌트와 자동차리스 이용조건을 행복한렌트몰에서 비교하고 차량별 견적과 지역별 상담 정보를 확인해보세요.","같은 차라도 조건은 다릅니다.비교하고 더 좋은 조건을 찾으세요."
"gyeongbuk\chilgok-gun\기산면\index.html","경북 칠곡군 기산면 장기렌트·자동차리스 가격비교 | 행복한렌트몰","경북 칠곡군 기산면 장기렌트와 자동차리스 이용조건을 행복한렌트몰에서 비교하고 차량별 견적과 지역별 상담 정보를 확인해보세요.","같은 차라도 조건은 다릅니다.비교하고 더 좋은 조건을 찾으세요."
"gyeongbuk\chilgok-gun\동명면\index.html","경북 칠곡군 동명면 장기렌트·자동차리스 가격비교 | 행복한렌트몰","경북 칠곡군 동명면 장기렌트와 자동차리스 이용조건을 행복한렌트몰에서 비교하고 차량별 견적과 지역별 상담 정보를 확인해보세요.","같은 차라도 조건은 다릅니다.비교하고 더 좋은 조건을 찾으세요."
"gyeongbuk\chilgok-gun\북삼읍\index.html","경북 칠곡군 북삼읍 장기렌트·자동차리스 가격비교 | 행복한렌트몰","경북 칠곡군 북삼읍 장기렌트와 자동차리스 이용조건을 행복한렌트몰에서 비교하고 차량별 견적과 지역별 상담 정보를 확인해보세요.","같은 차라도 조건은 다릅니다.비교하고 더 좋은 조건을 찾으세요."
"gyeongbuk\chilgok-gun\석적읍\index.html","경북 칠곡군 석적읍 장기렌트·자동차리스 가격비교 | 행복한렌트몰","경북 칠곡군 석적읍 장기렌트와 자동차리스 이용조건을 행복한렌트몰에서 비교하고 차량별 견적과 지역별 상담 정보를 확인해보세요.","같은 차라도 조건은 다릅니다.비교하고 더 좋은 조건을 찾으세요."
"gyeongbuk\chilgok-gun\약목면\index.html","경북 칠곡군 약목면 장기렌트·자동차리스 가격비교 | 행복한렌트몰","경북 칠곡군 약목면 장기렌트와 자동차리스 이용조건을 행복한렌트몰에서 비교하고 차량별 견적과 지역별 상담 정보를 확인해보세요.","같은 차라도 조건은 다릅니다.비교하고 더 좋은 조건을 찾으세요."
"gyeongbuk\chilgok-gun\왜관읍\index.html","경북 칠곡군 왜관읍 장기렌트·자동차리스 가격비교 | 행복한렌트몰","경북 칠곡군 왜관읍 장기렌트와 자동차리스 이용조건을 행복한렌트몰에서 비교하고 차량별 견적과 지역별 상담 정보를 확인해보세요.","같은 차라도 조건은 다릅니다.비교하고 더 좋은 조건을 찾으세요."
"gyeongbuk\chilgok-gun\지천면\index.html","경북 칠곡군 지천면 장기렌트·자동차리스 가격비교 | 행복한렌트몰","경북 칠곡군 지천면 장기렌트와 자동차리스 이용조건을 행복한렌트몰에서 비교하고 차량별 견적과 지역별 상담 정보를 확인해보세요.","같은 차라도 조건은 다릅니다.비교하고 더 좋은 조건을 찾으세요."
"gyeongbuk\gimcheon-si\index.html","경북 김천시 장기렌트·자동차리스 가격비교 | 행복한렌트몰","경북 김천시 장기렌트와 자동차리스 조건을 행복한렌트몰에서 비교하고 지역별 상담 정보를 확인해보세요.","같은 차라도 조건은 다릅니다.비교하고 더 좋은 조건을 찾으세요."
"gyeongbuk\gimcheon-si\감문면\index.html","경북 김천시 감문면 장기렌트·자동차리스 가격비교 | 행복한렌트몰","경북 김천시 감문면 장기렌트와 자동차리스 이용조건을 행복한렌트몰에서 비교하고 차량별 견적과 지역별 상담 정보를 확인해보세요.","같은 차라도 조건은 다릅니다.비교하고 더 좋은 조건을 찾으세요."
"gyeongbuk\gimcheon-si\감천면\index.html","경북 김천시 감천면 장기렌트·자동차리스 가격비교 | 행복한렌트몰","경북 김천시 감천면 장기렌트와 자동차리스 이용조건을 행복한렌트몰에서 비교하고 차량별 견적과 지역별 상담 정보를 확인해보세요.","같은 차라도 조건은 다릅니다.비교하고 더 좋은 조건을 찾으세요."
"gyeongbuk\gimcheon-si\감호동\index.html","경북 김천시 감호동 장기렌트·자동차리스 가격비교 | 행복한렌트몰","경북 김천시 감호동 장기렌트와 자동차리스 이용조건을 행복한렌트몰에서 비교하고 차량별 견적과 지역별 상담 정보를 확인해보세요.","같은 차라도 조건은 다릅니다.비교하고 더 좋은 조건을 찾으세요."
"gyeongbuk\gimcheon-si\개령면\index.html","경북 김천시 개령면 장기렌트·자동차리스 가격비교 | 행복한렌트몰","경북 김천시 개령면 장기렌트와 자동차리스 이용조건을 행복한렌트몰에서 비교하고 차량별 견적과 지역별 상담 정보를 확인해보세요.","같은 차라도 조건은 다릅니다.비교하고 더 좋은 조건을 찾으세요."
"gyeongbuk\gimcheon-si\교동\index.html","경북 김천시 교동 장기렌트·자동차리스 가격비교 | 행복한렌트몰","경북 김천시 교동 장기렌트와 자동차리스 이용조건을 행복한렌트몰에서 비교하고 차량별 견적과 지역별 상담 정보를 확인해보세요.","같은 차라도 조건은 다릅니다.비교하고 더 좋은 조건을 찾으세요."
"gyeongbuk\gimcheon-si\구성면\index.html","경북 김천시 구성면 장기렌트·자동차리스 가격비교 | 행복한렌트몰","경북 김천시 구성면 장기렌트와 자동차리스 이용조건을 행복한렌트몰에서 비교하고 차량별 견적과 지역별 상담 정보를 확인해보세요.","같은 차라도 조건은 다릅니다.비교하고 더 좋은 조건을 찾으세요."
"gyeongbuk\gimcheon-si\남면\index.html","경북 김천시 남면 장기렌트·자동차리스 가격비교 | 행복한렌트몰","경북 김천시 남면 장기렌트와 자동차리스 이용조건을 행복한렌트몰에서 비교하고 차량별 견적과 지역별 상담 정보를 확인해보세요.","같은 차라도 조건은 다릅니다.비교하고 더 좋은 조건을 찾으세요."
"gyeongbuk\gimcheon-si\남산동\index.html","경북 김천시 남산동 장기렌트·자동차리스 가격비교 | 행복한렌트몰","경북 김천시 남산동 장기렌트와 자동차리스 이용조건을 행복한렌트몰에서 비교하고 차량별 견적과 지역별 상담 정보를 확인해보세요.","같은 차라도 조건은 다릅니다.비교하고 더 좋은 조건을 찾으세요."
"gyeongbuk\gimcheon-si\농소면\index.html","경북 김천시 농소면 장기렌트·자동차리스 가격비교 | 행복한렌트몰","경북 김천시 농소면 장기렌트와 자동차리스 이용조건을 행복한렌트몰에서 비교하고 차량별 견적과 지역별 상담 정보를 확인해보세요.","같은 차라도 조건은 다릅니다.비교하고 더 좋은 조건을 찾으세요."
"gyeongbuk\gimcheon-si\다수동\index.html","경북 김천시 다수동 장기렌트·자동차리스 가격비교 | 행복한렌트몰","경북 김천시 다수동 장기렌트와 자동차리스 이용조건을 행복한렌트몰에서 비교하고 차량별 견적과 지역별 상담 정보를 확인해보세요.","같은 차라도 조건은 다릅니다.비교하고 더 좋은 조건을 찾으세요."
"gyeongbuk\gimcheon-si\대광동\index.html","경북 김천시 대광동 장기렌트·자동차리스 가격비교 | 행복한렌트몰","경북 김천시 대광동 장기렌트와 자동차리스 이용조건을 행복한렌트몰에서 비교하고 차량별 견적과 지역별 상담 정보를 확인해보세요.","같은 차라도 조건은 다릅니다.비교하고 더 좋은 조건을 찾으세요."
"gyeongbuk\gimcheon-si\대덕면\index.html","경북 김천시 대덕면 장기렌트·자동차리스 가격비교 | 행복한렌트몰","경북 김천시 대덕면 장기렌트와 자동차리스 이용조건을 행복한렌트몰에서 비교하고 차량별 견적과 지역별 상담 정보를 확인해보세요.","같은 차라도 조건은 다릅니다.비교하고 더 좋은 조건을 찾으세요."
"gyeongbuk\gimcheon-si\대항면\index.html","경북 김천시 대항면 장기렌트·자동차리스 가격비교 | 행복한렌트몰","경북 김천시 대항면 장기렌트와 자동차리스 이용조건을 행복한렌트몰에서 비교하고 차량별 견적과 지역별 상담 정보를 확인해보세요.","같은 차라도 조건은 다릅니다.비교하고 더 좋은 조건을 찾으세요."
"gyeongbuk\gimcheon-si\덕곡동\index.html","경북 김천시 덕곡동 장기렌트·자동차리스 가격비교 | 행복한렌트몰","경북 김천시 덕곡동 장기렌트와 자동차리스 이용조건을 행복한렌트몰에서 비교하고 차량별 견적과 지역별 상담 정보를 확인해보세요.","같은 차라도 조건은 다릅니다.비교하고 더 좋은 조건을 찾으세요."
"gyeongbuk\gimcheon-si\모암동\index.html","경북 김천시 모암동 장기렌트·자동차리스 가격비교 | 행복한렌트몰","경북 김천시 모암동 장기렌트와 자동차리스 이용조건을 행복한렌트몰에서 비교하고 차량별 견적과 지역별 상담 정보를 확인해보세요.","같은 차라도 조건은 다릅니다.비교하고 더 좋은 조건을 찾으세요."
"gyeongbuk\gimcheon-si\문당동\index.html","경북 김천시 문당동 장기렌트·자동차리스 가격비교 | 행복한렌트몰","경북 김천시 문당동 장기렌트와 자동차리스 이용조건을 행복한렌트몰에서 비교하고 차량별 견적과 지역별 상담 정보를 확인해보세요.","같은 차라도 조건은 다릅니다.비교하고 더 좋은 조건을 찾으세요."
"gyeongbuk\gimcheon-si\백옥동\index.html","경북 김천시 백옥동 장기렌트·자동차리스 가격비교 | 행복한렌트몰","경북 김천시 백옥동 장기렌트와 자동차리스 이용조건을 행복한렌트몰에서 비교하고 차량별 견적과 지역별 상담 정보를 확인해보세요.","같은 차라도 조건은 다릅니다.비교하고 더 좋은 조건을 찾으세요."
"gyeongbuk\gimcheon-si\봉산면\index.html","경북 김천시 봉산면 장기렌트·자동차리스 가격비교 | 행복한렌트몰","경북 김천시 봉산면 장기렌트와 자동차리스 이용조건을 행복한렌트몰에서 비교하고 차량별 견적과 지역별 상담 정보를 확인해보세요.","같은 차라도 조건은 다릅니다.비교하고 더 좋은 조건을 찾으세요."
"gyeongbuk\gimcheon-si\부곡동\index.html","경북 김천시 부곡동 장기렌트·자동차리스 가격비교 | 행복한렌트몰","경북 김천시 부곡동 장기렌트와 자동차리스 이용조건을 행복한렌트몰에서 비교하고 차량별 견적과 지역별 상담 정보를 확인해보세요.","같은 차라도 조건은 다릅니다.비교하고 더 좋은 조건을 찾으세요."
"gyeongbuk\gimcheon-si\부항면\index.html","경북 김천시 부항면 장기렌트·자동차리스 가격비교 | 행복한렌트몰","경북 김천시 부항면 장기렌트와 자동차리스 이용조건을 행복한렌트몰에서 비교하고 차량별 견적과 지역별 상담 정보를 확인해보세요.","같은 차라도 조건은 다릅니다.비교하고 더 좋은 조건을 찾으세요."
"gyeongbuk\gimcheon-si\삼락동\index.html","경북 김천시 삼락동 장기렌트·자동차리스 가격비교 | 행복한렌트몰","경북 김천시 삼락동 장기렌트와 자동차리스 이용조건을 행복한렌트몰에서 비교하고 차량별 견적과 지역별 상담 정보를 확인해보세요.","같은 차라도 조건은 다릅니다.비교하고 더 좋은 조건을 찾으세요."
"gyeongbuk\gimcheon-si\성내동\index.html","경북 김천시 성내동 장기렌트·자동차리스 가격비교 | 행복한렌트몰","경북 김천시 성내동 장기렌트와 자동차리스 이용조건을 행복한렌트몰에서 비교하고 차량별 견적과 지역별 상담 정보를 확인해보세요.","같은 차라도 조건은 다릅니다.비교하고 더 좋은 조건을 찾으세요."
"gyeongbuk\gimcheon-si\신음동\index.html","경북 김천시 신음동 장기렌트·자동차리스 가격비교 | 행복한렌트몰","경북 김천시 신음동 장기렌트와 자동차리스 이용조건을 행복한렌트몰에서 비교하고 차량별 견적과 지역별 상담 정보를 확인해보세요.","같은 차라도 조건은 다릅니다.비교하고 더 좋은 조건을 찾으세요."
"gyeongbuk\gimcheon-si\아포읍\index.html","경북 김천시 아포읍 장기렌트·자동차리스 가격비교 | 행복한렌트몰","경북 김천시 아포읍 장기렌트와 자동차리스 이용조건을 행복한렌트몰에서 비교하고 차량별 견적과 지역별 상담 정보를 확인해보세요.","같은 차라도 조건은 다릅니다.비교하고 더 좋은 조건을 찾으세요."
"gyeongbuk\gimcheon-si\양천동\index.html","경북 김천시 양천동 장기렌트·자동차리스 가격비교 | 행복한렌트몰","경북 김천시 양천동 장기렌트와 자동차리스 이용조건을 행복한렌트몰에서 비교하고 차량별 견적과 지역별 상담 정보를 확인해보세요.","같은 차라도 조건은 다릅니다.비교하고 더 좋은 조건을 찾으세요."
"gyeongbuk\gimcheon-si\어모면\index.html","경북 김천시 어모면 장기렌트·자동차리스 가격비교 | 행복한렌트몰","경북 김천시 어모면 장기렌트와 자동차리스 이용조건을 행복한렌트몰에서 비교하고 차량별 견적과 지역별 상담 정보를 확인해보세요.","같은 차라도 조건은 다릅니다.비교하고 더 좋은 조건을 찾으세요."
"gyeongbuk\gimcheon-si\용두동\index.html","경북 김천시 용두동 장기렌트·자동차리스 가격비교 | 행복한렌트몰","경북 김천시 용두동 장기렌트와 자동차리스 이용조건을 행복한렌트몰에서 비교하고 차량별 견적과 지역별 상담 정보를 확인해보세요.","같은 차라도 조건은 다릅니다.비교하고 더 좋은 조건을 찾으세요."
"gyeongbuk\gimcheon-si\율곡동\index.html","경북 김천시 율곡동 장기렌트·자동차리스 가격비교 | 행복한렌트몰","경북 김천시 율곡동 장기렌트와 자동차리스 이용조건을 행복한렌트몰에서 비교하고 차량별 견적과 지역별 상담 정보를 확인해보세요.","같은 차라도 조건은 다릅니다.비교하고 더 좋은 조건을 찾으세요."
"gyeongbuk\gimcheon-si\응명동\index.html","경북 김천시 응명동 장기렌트·자동차리스 가격비교 | 행복한렌트몰","경북 김천시 응명동 장기렌트와 자동차리스 이용조건을 행복한렌트몰에서 비교하고 차량별 견적과 지역별 상담 정보를 확인해보세요.","같은 차라도 조건은 다릅니다.비교하고 더 좋은 조건을 찾으세요."
"gyeongbuk\gimcheon-si\조마면\index.html","경북 김천시 조마면 장기렌트·자동차리스 가격비교 | 행복한렌트몰","경북 김천시 조마면 장기렌트와 자동차리스 이용조건을 행복한렌트몰에서 비교하고 차량별 견적과 지역별 상담 정보를 확인해보세요.","같은 차라도 조건은 다릅니다.비교하고 더 좋은 조건을 찾으세요."
"gyeongbuk\gimcheon-si\증산면\index.html","경북 김천시 증산면 장기렌트·자동차리스 가격비교 | 행복한렌트몰","경북 김천시 증산면 장기렌트와 자동차리스 이용조건을 행복한렌트몰에서 비교하고 차량별 견적과 지역별 상담 정보를 확인해보세요.","같은 차라도 조건은 다릅니다.비교하고 더 좋은 조건을 찾으세요."
"gyeongbuk\gimcheon-si\지례면\index.html","경북 김천시 지례면 장기렌트·자동차리스 가격비교 | 행복한렌트몰","경북 김천시 지례면 장기렌트와 자동차리스 이용조건을 행복한렌트몰에서 비교하고 차량별 견적과 지역별 상담 정보를 확인해보세요.","같은 차라도 조건은 다릅니다.비교하고 더 좋은 조건을 찾으세요."
"gyeongbuk\gimcheon-si\지좌동\index.html","경북 김천시 지좌동 장기렌트·자동차리스 가격비교 | 행복한렌트몰","경북 김천시 지좌동 장기렌트와 자동차리스 이용조건을 행복한렌트몰에서 비교하고 차량별 견적과 지역별 상담 정보를 확인해보세요.","같은 차라도 조건은 다릅니다.비교하고 더 좋은 조건을 찾으세요."
"gyeongbuk\gimcheon-si\평화동\index.html","경북 김천시 평화동 장기렌트·자동차리스 가격비교 | 행복한렌트몰","경북 김천시 평화동 장기렌트와 자동차리스 이용조건을 행복한렌트몰에서 비교하고 차량별 견적과 지역별 상담 정보를 확인해보세요.","같은 차라도 조건은 다릅니다.비교하고 더 좋은 조건을 찾으세요."
"gyeongbuk\gimcheon-si\황금동\index.html","경북 김천시 황금동 장기렌트·자동차리스 가격비교 | 행복한렌트몰","경북 김천시 황금동 장기렌트와 자동차리스 이용조건을 행복한렌트몰에서 비교하고 차량별 견적과 지역별 상담 정보를 확인해보세요.","같은 차라도 조건은 다릅니다.비교하고 더 좋은 조건을 찾으세요."
"gyeongbuk\goryeong-gun\index.html","경북 고령군 장기렌트·자동차리스 가격비교 | 행복한렌트몰","경북 고령군 장기렌트와 자동차리스 조건을 행복한렌트몰에서 비교하고 지역별 상담 정보를 확인해보세요.","같은 차라도 조건은 다릅니다.비교하고 더 좋은 조건을 찾으세요."
"gyeongbuk\goryeong-gun\개진면\index.html","경북 고령군 개진면 장기렌트·자동차리스 가격비교 | 행복한렌트몰","경북 고령군 개진면 장기렌트와 자동차리스 이용조건을 행복한렌트몰에서 비교하고 차량별 견적과 지역별 상담 정보를 확인해보세요.","같은 차라도 조건은 다릅니다.비교하고 더 좋은 조건을 찾으세요."
"gyeongbuk\goryeong-gun\다산면\index.html","경북 고령군 다산면 장기렌트·자동차리스 가격비교 | 행복한렌트몰","경북 고령군 다산면 장기렌트와 자동차리스 이용조건을 행복한렌트몰에서 비교하고 차량별 견적과 지역별 상담 정보를 확인해보세요.","같은 차라도 조건은 다릅니다.비교하고 더 좋은 조건을 찾으세요."
"gyeongbuk\goryeong-gun\대가야읍\index.html","경북 고령군 대가야읍 장기렌트·자동차리스 가격비교 | 행복한렌트몰","경북 고령군 대가야읍 장기렌트와 자동차리스 이용조건을 행복한렌트몰에서 비교하고 차량별 견적과 지역별 상담 정보를 확인해보세요.","같은 차라도 조건은 다릅니다.비교하고 더 좋은 조건을 찾으세요."
"gyeongbuk\goryeong-gun\덕곡면\index.html","경북 고령군 덕곡면 장기렌트·자동차리스 가격비교 | 행복한렌트몰","경북 고령군 덕곡면 장기렌트와 자동차리스 이용조건을 행복한렌트몰에서 비교하고 차량별 견적과 지역별 상담 정보를 확인해보세요.","같은 차라도 조건은 다릅니다.비교하고 더 좋은 조건을 찾으세요."
"gyeongbuk\goryeong-gun\성산면\index.html","경북 고령군 성산면 장기렌트·자동차리스 가격비교 | 행복한렌트몰","경북 고령군 성산면 장기렌트와 자동차리스 이용조건을 행복한렌트몰에서 비교하고 차량별 견적과 지역별 상담 정보를 확인해보세요.","같은 차라도 조건은 다릅니다.비교하고 더 좋은 조건을 찾으세요."
"gyeongbuk\goryeong-gun\쌍림면\index.html","경북 고령군 쌍림면 장기렌트·자동차리스 가격비교 | 행복한렌트몰","경북 고령군 쌍림면 장기렌트와 자동차리스 이용조건을 행복한렌트몰에서 비교하고 차량별 견적과 지역별 상담 정보를 확인해보세요.","같은 차라도 조건은 다릅니다.비교하고 더 좋은 조건을 찾으세요."
"gyeongbuk\goryeong-gun\우곡면\index.html","경북 고령군 우곡면 장기렌트·자동차리스 가격비교 | 행복한렌트몰","경북 고령군 우곡면 장기렌트와 자동차리스 이용조건을 행복한렌트몰에서 비교하고 차량별 견적과 지역별 상담 정보를 확인해보세요.","같은 차라도 조건은 다릅니다.비교하고 더 좋은 조건을 찾으세요."
"gyeongbuk\goryeong-gun\운수면\index.html","경북 고령군 운수면 장기렌트·자동차리스 가격비교 | 행복한렌트몰","경북 고령군 운수면 장기렌트와 자동차리스 이용조건을 행복한렌트몰에서 비교하고 차량별 견적과 지역별 상담 정보를 확인해보세요.","같은 차라도 조건은 다릅니다.비교하고 더 좋은 조건을 찾으세요."
"gyeongbuk\gumi-si\index.html","경북 구미시 장기렌트·자동차리스 가격비교 | 행복한렌트몰","경북 구미시 장기렌트와 자동차리스 조건을 행복한렌트몰에서 비교하고 지역별 상담 정보를 확인해보세요.","같은 차라도 조건은 다릅니다.비교하고 더 좋은 조건을 찾으세요."
"gyeongbuk\gumi-si\거의동\index.html","경북 구미시 거의동 장기렌트·자동차리스 가격비교 | 행복한렌트몰","경북 구미시 거의동 장기렌트와 자동차리스 이용조건을 행복한렌트몰에서 비교하고 차량별 견적과 지역별 상담 정보를 확인해보세요.","같은 차라도 조건은 다릅니다.비교하고 더 좋은 조건을 찾으세요."
"gyeongbuk\gumi-si\고아읍\index.html","경북 구미시 고아읍 장기렌트·자동차리스 가격비교 | 행복한렌트몰","경북 구미시 고아읍 장기렌트와 자동차리스 이용조건을 행복한렌트몰에서 비교하고 차량별 견적과 지역별 상담 정보를 확인해보세요.","같은 차라도 조건은 다릅니다.비교하고 더 좋은 조건을 찾으세요."
"gyeongbuk\gumi-si\공단동\index.html","경북 구미시 공단동 장기렌트·자동차리스 가격비교 | 행복한렌트몰","경북 구미시 공단동 장기렌트와 자동차리스 이용조건을 행복한렌트몰에서 비교하고 차량별 견적과 지역별 상담 정보를 확인해보세요.","같은 차라도 조건은 다릅니다.비교하고 더 좋은 조건을 찾으세요."
"gyeongbuk\gumi-si\광평동\index.html","경북 구미시 광평동 장기렌트·자동차리스 가격비교 | 행복한렌트몰","경북 구미시 광평동 장기렌트와 자동차리스 이용조건을 행복한렌트몰에서 비교하고 차량별 견적과 지역별 상담 정보를 확인해보세요.","같은 차라도 조건은 다릅니다.비교하고 더 좋은 조건을 찾으세요."
"gyeongbuk\gumi-si\구평동\index.html","경북 구미시 구평동 장기렌트·자동차리스 가격비교 | 행복한렌트몰","경북 구미시 구평동 장기렌트와 자동차리스 이용조건을 행복한렌트몰에서 비교하고 차량별 견적과 지역별 상담 정보를 확인해보세요.","같은 차라도 조건은 다릅니다.비교하고 더 좋은 조건을 찾으세요."
"gyeongbuk\gumi-si\구포동\index.html","경북 구미시 구포동 장기렌트·자동차리스 가격비교 | 행복한렌트몰","경북 구미시 구포동 장기렌트와 자동차리스 이용조건을 행복한렌트몰에서 비교하고 차량별 견적과 지역별 상담 정보를 확인해보세요.","같은 차라도 조건은 다릅니다.비교하고 더 좋은 조건을 찾으세요."
"gyeongbuk\gumi-si\금전동\index.html","경북 구미시 금전동 장기렌트·자동차리스 가격비교 | 행복한렌트몰","경북 구미시 금전동 장기렌트와 자동차리스 이용조건을 행복한렌트몰에서 비교하고 차량별 견적과 지역별 상담 정보를 확인해보세요.","같은 차라도 조건은 다릅니다.비교하고 더 좋은 조건을 찾으세요."
"gyeongbuk\gumi-si\남통동\index.html","경북 구미시 남통동 장기렌트·자동차리스 가격비교 | 행복한렌트몰","경북 구미시 남통동 장기렌트와 자동차리스 이용조건을 행복한렌트몰에서 비교하고 차량별 견적과 지역별 상담 정보를 확인해보세요.","같은 차라도 조건은 다릅니다.비교하고 더 좋은 조건을 찾으세요."
"gyeongbuk\gumi-si\도개면\index.html","경북 구미시 도개면 장기렌트·자동차리스 가격비교 | 행복한렌트몰","경북 구미시 도개면 장기렌트와 자동차리스 이용조건을 행복한렌트몰에서 비교하고 차량별 견적과 지역별 상담 정보를 확인해보세요.","같은 차라도 조건은 다릅니다.비교하고 더 좋은 조건을 찾으세요."
"gyeongbuk\gumi-si\도량동\index.html","경북 구미시 도량동 장기렌트·자동차리스 가격비교 | 행복한렌트몰","경북 구미시 도량동 장기렌트와 자동차리스 이용조건을 행복한렌트몰에서 비교하고 차량별 견적과 지역별 상담 정보를 확인해보세요.","같은 차라도 조건은 다릅니다.비교하고 더 좋은 조건을 찾으세요."
"gyeongbuk\gumi-si\무을면\index.html","경북 구미시 무을면 장기렌트·자동차리스 가격비교 | 행복한렌트몰","경북 구미시 무을면 장기렌트와 자동차리스 이용조건을 행복한렌트몰에서 비교하고 차량별 견적과 지역별 상담 정보를 확인해보세요.","같은 차라도 조건은 다릅니다.비교하고 더 좋은 조건을 찾으세요."
"gyeongbuk\gumi-si\봉곡동\index.html","경북 구미시 봉곡동 장기렌트·자동차리스 가격비교 | 행복한렌트몰","경북 구미시 봉곡동 장기렌트와 자동차리스 이용조건을 행복한렌트몰에서 비교하고 차량별 견적과 지역별 상담 정보를 확인해보세요.","같은 차라도 조건은 다릅니다.비교하고 더 좋은 조건을 찾으세요."
"gyeongbuk\gumi-si\부곡동\index.html","경북 구미시 부곡동 장기렌트·자동차리스 가격비교 | 행복한렌트몰","경북 구미시 부곡동 장기렌트와 자동차리스 이용조건을 행복한렌트몰에서 비교하고 차량별 견적과 지역별 상담 정보를 확인해보세요.","같은 차라도 조건은 다릅니다.비교하고 더 좋은 조건을 찾으세요."
"gyeongbuk\gumi-si\비산동\index.html","경북 구미시 비산동 장기렌트·자동차리스 가격비교 | 행복한렌트몰","경북 구미시 비산동 장기렌트와 자동차리스 이용조건을 행복한렌트몰에서 비교하고 차량별 견적과 지역별 상담 정보를 확인해보세요.","같은 차라도 조건은 다릅니다.비교하고 더 좋은 조건을 찾으세요."
"gyeongbuk\gumi-si\사곡동\index.html","경북 구미시 사곡동 장기렌트·자동차리스 가격비교 | 행복한렌트몰","경북 구미시 사곡동 장기렌트와 자동차리스 이용조건을 행복한렌트몰에서 비교하고 차량별 견적과 지역별 상담 정보를 확인해보세요.","같은 차라도 조건은 다릅니다.비교하고 더 좋은 조건을 찾으세요."
"gyeongbuk\gumi-si\산동읍\index.html","경북 구미시 산동읍 장기렌트·자동차리스 가격비교 | 행복한렌트몰","경북 구미시 산동읍 장기렌트와 자동차리스 이용조건을 행복한렌트몰에서 비교하고 차량별 견적과 지역별 상담 정보를 확인해보세요.","같은 차라도 조건은 다릅니다.비교하고 더 좋은 조건을 찾으세요."
"gyeongbuk\gumi-si\상모동\index.html","경북 구미시 상모동 장기렌트·자동차리스 가격비교 | 행복한렌트몰","경북 구미시 상모동 장기렌트와 자동차리스 이용조건을 행복한렌트몰에서 비교하고 차량별 견적과 지역별 상담 정보를 확인해보세요.","같은 차라도 조건은 다릅니다.비교하고 더 좋은 조건을 찾으세요."
"gyeongbuk\gumi-si\선기동\index.html","경북 구미시 선기동 장기렌트·자동차리스 가격비교 | 행복한렌트몰","경북 구미시 선기동 장기렌트와 자동차리스 이용조건을 행복한렌트몰에서 비교하고 차량별 견적과 지역별 상담 정보를 확인해보세요.","같은 차라도 조건은 다릅니다.비교하고 더 좋은 조건을 찾으세요."
"gyeongbuk\gumi-si\선산읍\index.html","경북 구미시 선산읍 장기렌트·자동차리스 가격비교 | 행복한렌트몰","경북 구미시 선산읍 장기렌트와 자동차리스 이용조건을 행복한렌트몰에서 비교하고 차량별 견적과 지역별 상담 정보를 확인해보세요.","같은 차라도 조건은 다릅니다.비교하고 더 좋은 조건을 찾으세요."
"gyeongbuk\gumi-si\송정동\index.html","경북 구미시 송정동 장기렌트·자동차리스 가격비교 | 행복한렌트몰","경북 구미시 송정동 장기렌트와 자동차리스 이용조건을 행복한렌트몰에서 비교하고 차량별 견적과 지역별 상담 정보를 확인해보세요.","같은 차라도 조건은 다릅니다.비교하고 더 좋은 조건을 찾으세요."
"gyeongbuk\gumi-si\수점동\index.html","경북 구미시 수점동 장기렌트·자동차리스 가격비교 | 행복한렌트몰","경북 구미시 수점동 장기렌트와 자동차리스 이용조건을 행복한렌트몰에서 비교하고 차량별 견적과 지역별 상담 정보를 확인해보세요.","같은 차라도 조건은 다릅니다.비교하고 더 좋은 조건을 찾으세요."
"gyeongbuk\gumi-si\시미동\index.html","경북 구미시 시미동 장기렌트·자동차리스 가격비교 | 행복한렌트몰","경북 구미시 시미동 장기렌트와 자동차리스 이용조건을 행복한렌트몰에서 비교하고 차량별 견적과 지역별 상담 정보를 확인해보세요.","같은 차라도 조건은 다릅니다.비교하고 더 좋은 조건을 찾으세요."
"gyeongbuk\gumi-si\신동\index.html","경북 구미시 신동 장기렌트·자동차리스 가격비교 | 행복한렌트몰","경북 구미시 신동 장기렌트와 자동차리스 이용조건을 행복한렌트몰에서 비교하고 차량별 견적과 지역별 상담 정보를 확인해보세요.","같은 차라도 조건은 다릅니다.비교하고 더 좋은 조건을 찾으세요."
"gyeongbuk\gumi-si\신평동\index.html","경북 구미시 신평동 장기렌트·자동차리스 가격비교 | 행복한렌트몰","경북 구미시 신평동 장기렌트와 자동차리스 이용조건을 행복한렌트몰에서 비교하고 차량별 견적과 지역별 상담 정보를 확인해보세요.","같은 차라도 조건은 다릅니다.비교하고 더 좋은 조건을 찾으세요."
"gyeongbuk\gumi-si\양호동\index.html","경북 구미시 양호동 장기렌트·자동차리스 가격비교 | 행복한렌트몰","경북 구미시 양호동 장기렌트와 자동차리스 이용조건을 행복한렌트몰에서 비교하고 차량별 견적과 지역별 상담 정보를 확인해보세요.","같은 차라도 조건은 다릅니다.비교하고 더 좋은 조건을 찾으세요."
"gyeongbuk\gumi-si\오태동\index.html","경북 구미시 오태동 장기렌트·자동차리스 가격비교 | 행복한렌트몰","경북 구미시 오태동 장기렌트와 자동차리스 이용조건을 행복한렌트몰에서 비교하고 차량별 견적과 지역별 상담 정보를 확인해보세요.","같은 차라도 조건은 다릅니다.비교하고 더 좋은 조건을 찾으세요."
"gyeongbuk\gumi-si\옥계동\index.html","경북 구미시 옥계동 장기렌트·자동차리스 가격비교 | 행복한렌트몰","경북 구미시 옥계동 장기렌트와 자동차리스 이용조건을 행복한렌트몰에서 비교하고 차량별 견적과 지역별 상담 정보를 확인해보세요.","같은 차라도 조건은 다릅니다.비교하고 더 좋은 조건을 찾으세요."
"gyeongbuk\gumi-si\옥성면\index.html","경북 구미시 옥성면 장기렌트·자동차리스 가격비교 | 행복한렌트몰","경북 구미시 옥성면 장기렌트와 자동차리스 이용조건을 행복한렌트몰에서 비교하고 차량별 견적과 지역별 상담 정보를 확인해보세요.","같은 차라도 조건은 다릅니다.비교하고 더 좋은 조건을 찾으세요."
"gyeongbuk\gumi-si\원평동\index.html","경북 구미시 원평동 장기렌트·자동차리스 가격비교 | 행복한렌트몰","경북 구미시 원평동 장기렌트와 자동차리스 이용조건을 행복한렌트몰에서 비교하고 차량별 견적과 지역별 상담 정보를 확인해보세요.","같은 차라도 조건은 다릅니다.비교하고 더 좋은 조건을 찾으세요."
"gyeongbuk\gumi-si\인의동\index.html","경북 구미시 인의동 장기렌트·자동차리스 가격비교 | 행복한렌트몰","경북 구미시 인의동 장기렌트와 자동차리스 이용조건을 행복한렌트몰에서 비교하고 차량별 견적과 지역별 상담 정보를 확인해보세요.","같은 차라도 조건은 다릅니다.비교하고 더 좋은 조건을 찾으세요."
"gyeongbuk\gumi-si\임수동\index.html","경북 구미시 임수동 장기렌트·자동차리스 가격비교 | 행복한렌트몰","경북 구미시 임수동 장기렌트와 자동차리스 이용조건을 행복한렌트몰에서 비교하고 차량별 견적과 지역별 상담 정보를 확인해보세요.","같은 차라도 조건은 다릅니다.비교하고 더 좋은 조건을 찾으세요."
"gyeongbuk\gumi-si\임은동\index.html","경북 구미시 임은동 장기렌트·자동차리스 가격비교 | 행복한렌트몰","경북 구미시 임은동 장기렌트와 자동차리스 이용조건을 행복한렌트몰에서 비교하고 차량별 견적과 지역별 상담 정보를 확인해보세요.","같은 차라도 조건은 다릅니다.비교하고 더 좋은 조건을 찾으세요."
"gyeongbuk\gumi-si\장천면\index.html","경북 구미시 장천면 장기렌트·자동차리스 가격비교 | 행복한렌트몰","경북 구미시 장천면 장기렌트와 자동차리스 이용조건을 행복한렌트몰에서 비교하고 차량별 견적과 지역별 상담 정보를 확인해보세요.","같은 차라도 조건은 다릅니다.비교하고 더 좋은 조건을 찾으세요."
"gyeongbuk\gumi-si\지산동\index.html","경북 구미시 지산동 장기렌트·자동차리스 가격비교 | 행복한렌트몰","경북 구미시 지산동 장기렌트와 자동차리스 이용조건을 행복한렌트몰에서 비교하고 차량별 견적과 지역별 상담 정보를 확인해보세요.","같은 차라도 조건은 다릅니다.비교하고 더 좋은 조건을 찾으세요."
"gyeongbuk\gumi-si\진평동\index.html","경북 구미시 진평동 장기렌트·자동차리스 가격비교 | 행복한렌트몰","경북 구미시 진평동 장기렌트와 자동차리스 이용조건을 행복한렌트몰에서 비교하고 차량별 견적과 지역별 상담 정보를 확인해보세요.","같은 차라도 조건은 다릅니다.비교하고 더 좋은 조건을 찾으세요."
"gyeongbuk\gumi-si\해평면\index.html","경북 구미시 해평면 장기렌트·자동차리스 가격비교 | 행복한렌트몰","경북 구미시 해평면 장기렌트와 자동차리스 이용조건을 행복한렌트몰에서 비교하고 차량별 견적과 지역별 상담 정보를 확인해보세요.","같은 차라도 조건은 다릅니다.비교하고 더 좋은 조건을 찾으세요."
"gyeongbuk\gumi-si\형곡동\index.html","경북 구미시 형곡동 장기렌트·자동차리스 가격비교 | 행복한렌트몰","경북 구미시 형곡동 장기렌트와 자동차리스 이용조건을 행복한렌트몰에서 비교하고 차량별 견적과 지역별 상담 정보를 확인해보세요.","같은 차라도 조건은 다릅니다.비교하고 더 좋은 조건을 찾으세요."
"gyeongbuk\gumi-si\황상동\index.html","경북 구미시 황상동 장기렌트·자동차리스 가격비교 | 행복한렌트몰","경북 구미시 황상동 장기렌트와 자동차리스 이용조건을 행복한렌트몰에서 비교하고 차량별 견적과 지역별 상담 정보를 확인해보세요.","같은 차라도 조건은 다릅니다.비교하고 더 좋은 조건을 찾으세요."
"gyeongbuk\gyeongju-si\index.html","경북 경주시 장기렌트·자동차리스 가격비교 | 행복한렌트몰","경북 경주시 장기렌트와 자동차리스 조건을 행복한렌트몰에서 비교하고 지역별 상담 정보를 확인해보세요.","같은 차라도 조건은 다릅니다.비교하고 더 좋은 조건을 찾으세요."
"gyeongbuk\gyeongju-si\감포읍\index.html","경북 경주시 감포읍 장기렌트·자동차리스 가격비교 | 행복한렌트몰","경북 경주시 감포읍 장기렌트와 자동차리스 이용조건을 행복한렌트몰에서 비교하고 차량별 견적과 지역별 상담 정보를 확인해보세요.","같은 차라도 조건은 다릅니다.비교하고 더 좋은 조건을 찾으세요."
"gyeongbuk\gyeongju-si\강동면\index.html","경북 경주시 강동면 장기렌트·자동차리스 가격비교 | 행복한렌트몰","경북 경주시 강동면 장기렌트와 자동차리스 이용조건을 행복한렌트몰에서 비교하고 차량별 견적과 지역별 상담 정보를 확인해보세요.","같은 차라도 조건은 다릅니다.비교하고 더 좋은 조건을 찾으세요."
"gyeongbuk\gyeongju-si\건천읍\index.html","경북 경주시 건천읍 장기렌트·자동차리스 가격비교 | 행복한렌트몰","경북 경주시 건천읍 장기렌트와 자동차리스 이용조건을 행복한렌트몰에서 비교하고 차량별 견적과 지역별 상담 정보를 확인해보세요.","같은 차라도 조건은 다릅니다.비교하고 더 좋은 조건을 찾으세요."
"gyeongbuk\gyeongju-si\광명동\index.html","경북 경주시 광명동 장기렌트·자동차리스 가격비교 | 행복한렌트몰","경북 경주시 광명동 장기렌트와 자동차리스 이용조건을 행복한렌트몰에서 비교하고 차량별 견적과 지역별 상담 정보를 확인해보세요.","같은 차라도 조건은 다릅니다.비교하고 더 좋은 조건을 찾으세요."
"gyeongbuk\gyeongju-si\교동\index.html","경북 경주시 교동 장기렌트·자동차리스 가격비교 | 행복한렌트몰","경북 경주시 교동 장기렌트와 자동차리스 이용조건을 행복한렌트몰에서 비교하고 차량별 견적과 지역별 상담 정보를 확인해보세요.","같은 차라도 조건은 다릅니다.비교하고 더 좋은 조건을 찾으세요."
"gyeongbuk\gyeongju-si\구정동\index.html","경북 경주시 구정동 장기렌트·자동차리스 가격비교 | 행복한렌트몰","경북 경주시 구정동 장기렌트와 자동차리스 이용조건을 행복한렌트몰에서 비교하고 차량별 견적과 지역별 상담 정보를 확인해보세요.","같은 차라도 조건은 다릅니다.비교하고 더 좋은 조건을 찾으세요."
"gyeongbuk\gyeongju-si\구황동\index.html","경북 경주시 구황동 장기렌트·자동차리스 가격비교 | 행복한렌트몰","경북 경주시 구황동 장기렌트와 자동차리스 이용조건을 행복한렌트몰에서 비교하고 차량별 견적과 지역별 상담 정보를 확인해보세요.","같은 차라도 조건은 다릅니다.비교하고 더 좋은 조건을 찾으세요."
"gyeongbuk\gyeongju-si\남산동\index.html","경북 경주시 남산동 장기렌트·자동차리스 가격비교 | 행복한렌트몰","경북 경주시 남산동 장기렌트와 자동차리스 이용조건을 행복한렌트몰에서 비교하고 차량별 견적과 지역별 상담 정보를 확인해보세요.","같은 차라도 조건은 다릅니다.비교하고 더 좋은 조건을 찾으세요."
"gyeongbuk\gyeongju-si\내남면\index.html","경북 경주시 내남면 장기렌트·자동차리스 가격비교 | 행복한렌트몰","경북 경주시 내남면 장기렌트와 자동차리스 이용조건을 행복한렌트몰에서 비교하고 차량별 견적과 지역별 상담 정보를 확인해보세요.","같은 차라도 조건은 다릅니다.비교하고 더 좋은 조건을 찾으세요."
"gyeongbuk\gyeongju-si\노동동\index.html","경북 경주시 노동동 장기렌트·자동차리스 가격비교 | 행복한렌트몰","경북 경주시 노동동 장기렌트와 자동차리스 이용조건을 행복한렌트몰에서 비교하고 차량별 견적과 지역별 상담 정보를 확인해보세요.","같은 차라도 조건은 다릅니다.비교하고 더 좋은 조건을 찾으세요."
"gyeongbuk\gyeongju-si\노서동\index.html","경북 경주시 노서동 장기렌트·자동차리스 가격비교 | 행복한렌트몰","경북 경주시 노서동 장기렌트와 자동차리스 이용조건을 행복한렌트몰에서 비교하고 차량별 견적과 지역별 상담 정보를 확인해보세요.","같은 차라도 조건은 다릅니다.비교하고 더 좋은 조건을 찾으세요."
"gyeongbuk\gyeongju-si\덕동\index.html","경북 경주시 덕동 장기렌트·자동차리스 가격비교 | 행복한렌트몰","경북 경주시 덕동 장기렌트와 자동차리스 이용조건을 행복한렌트몰에서 비교하고 차량별 견적과 지역별 상담 정보를 확인해보세요.","같은 차라도 조건은 다릅니다.비교하고 더 좋은 조건을 찾으세요."
"gyeongbuk\gyeongju-si\도지동\index.html","경북 경주시 도지동 장기렌트·자동차리스 가격비교 | 행복한렌트몰","경북 경주시 도지동 장기렌트와 자동차리스 이용조건을 행복한렌트몰에서 비교하고 차량별 견적과 지역별 상담 정보를 확인해보세요.","같은 차라도 조건은 다릅니다.비교하고 더 좋은 조건을 찾으세요."
"gyeongbuk\gyeongju-si\동방동\index.html","경북 경주시 동방동 장기렌트·자동차리스 가격비교 | 행복한렌트몰","경북 경주시 동방동 장기렌트와 자동차리스 이용조건을 행복한렌트몰에서 비교하고 차량별 견적과 지역별 상담 정보를 확인해보세요.","같은 차라도 조건은 다릅니다.비교하고 더 좋은 조건을 찾으세요."
"gyeongbuk\gyeongju-si\동부동\index.html","경북 경주시 동부동 장기렌트·자동차리스 가격비교 | 행복한렌트몰","경북 경주시 동부동 장기렌트와 자동차리스 이용조건을 행복한렌트몰에서 비교하고 차량별 견적과 지역별 상담 정보를 확인해보세요.","같은 차라도 조건은 다릅니다.비교하고 더 좋은 조건을 찾으세요."
"gyeongbuk\gyeongju-si\동천동\index.html","경북 경주시 동천동 장기렌트·자동차리스 가격비교 | 행복한렌트몰","경북 경주시 동천동 장기렌트와 자동차리스 이용조건을 행복한렌트몰에서 비교하고 차량별 견적과 지역별 상담 정보를 확인해보세요.","같은 차라도 조건은 다릅니다.비교하고 더 좋은 조건을 찾으세요."
"gyeongbuk\gyeongju-si\마동\index.html","경북 경주시 마동 장기렌트·자동차리스 가격비교 | 행복한렌트몰","경북 경주시 마동 장기렌트와 자동차리스 이용조건을 행복한렌트몰에서 비교하고 차량별 견적과 지역별 상담 정보를 확인해보세요.","같은 차라도 조건은 다릅니다.비교하고 더 좋은 조건을 찾으세요."
"gyeongbuk\gyeongju-si\문무대왕면\index.html","경북 경주시 문무대왕면 장기렌트·자동차리스 가격비교 | 행복한렌트몰","경북 경주시 문무대왕면 장기렌트와 자동차리스 이용조건을 행복한렌트몰에서 비교하고 차량별 견적과 지역별 상담 정보를 확인해보세요.","같은 차라도 조건은 다릅니다.비교하고 더 좋은 조건을 찾으세요."
"gyeongbuk\gyeongju-si\배동\index.html","경북 경주시 배동 장기렌트·자동차리스 가격비교 | 행복한렌트몰","경북 경주시 배동 장기렌트와 자동차리스 이용조건을 행복한렌트몰에서 비교하고 차량별 견적과 지역별 상담 정보를 확인해보세요.","같은 차라도 조건은 다릅니다.비교하고 더 좋은 조건을 찾으세요."
"gyeongbuk\gyeongju-si\배반동\index.html","경북 경주시 배반동 장기렌트·자동차리스 가격비교 | 행복한렌트몰","경북 경주시 배반동 장기렌트와 자동차리스 이용조건을 행복한렌트몰에서 비교하고 차량별 견적과 지역별 상담 정보를 확인해보세요.","같은 차라도 조건은 다릅니다.비교하고 더 좋은 조건을 찾으세요."
"gyeongbuk\gyeongju-si\보문동\index.html","경북 경주시 보문동 장기렌트·자동차리스 가격비교 | 행복한렌트몰","경북 경주시 보문동 장기렌트와 자동차리스 이용조건을 행복한렌트몰에서 비교하고 차량별 견적과 지역별 상담 정보를 확인해보세요.","같은 차라도 조건은 다릅니다.비교하고 더 좋은 조건을 찾으세요."
"gyeongbuk\gyeongju-si\북군동\index.html","경북 경주시 북군동 장기렌트·자동차리스 가격비교 | 행복한렌트몰","경북 경주시 북군동 장기렌트와 자동차리스 이용조건을 행복한렌트몰에서 비교하고 차량별 견적과 지역별 상담 정보를 확인해보세요.","같은 차라도 조건은 다릅니다.비교하고 더 좋은 조건을 찾으세요."
"gyeongbuk\gyeongju-si\북부동\index.html","경북 경주시 북부동 장기렌트·자동차리스 가격비교 | 행복한렌트몰","경북 경주시 북부동 장기렌트와 자동차리스 이용조건을 행복한렌트몰에서 비교하고 차량별 견적과 지역별 상담 정보를 확인해보세요.","같은 차라도 조건은 다릅니다.비교하고 더 좋은 조건을 찾으세요."
"gyeongbuk\gyeongju-si\사정동\index.html","경북 경주시 사정동 장기렌트·자동차리스 가격비교 | 행복한렌트몰","경북 경주시 사정동 장기렌트와 자동차리스 이용조건을 행복한렌트몰에서 비교하고 차량별 견적과 지역별 상담 정보를 확인해보세요.","같은 차라도 조건은 다릅니다.비교하고 더 좋은 조건을 찾으세요."
"gyeongbuk\gyeongju-si\산내면\index.html","경북 경주시 산내면 장기렌트·자동차리스 가격비교 | 행복한렌트몰","경북 경주시 산내면 장기렌트와 자동차리스 이용조건을 행복한렌트몰에서 비교하고 차량별 견적과 지역별 상담 정보를 확인해보세요.","같은 차라도 조건은 다릅니다.비교하고 더 좋은 조건을 찾으세요."
"gyeongbuk\gyeongju-si\서면\index.html","경북 경주시 서면 장기렌트·자동차리스 가격비교 | 행복한렌트몰","경북 경주시 서면 장기렌트와 자동차리스 이용조건을 행복한렌트몰에서 비교하고 차량별 견적과 지역별 상담 정보를 확인해보세요.","같은 차라도 조건은 다릅니다.비교하고 더 좋은 조건을 찾으세요."
"gyeongbuk\gyeongju-si\서부동\index.html","경북 경주시 서부동 장기렌트·자동차리스 가격비교 | 행복한렌트몰","경북 경주시 서부동 장기렌트와 자동차리스 이용조건을 행복한렌트몰에서 비교하고 차량별 견적과 지역별 상담 정보를 확인해보세요.","같은 차라도 조건은 다릅니다.비교하고 더 좋은 조건을 찾으세요."
"gyeongbuk\gyeongju-si\서악동\index.html","경북 경주시 서악동 장기렌트·자동차리스 가격비교 | 행복한렌트몰","경북 경주시 서악동 장기렌트와 자동차리스 이용조건을 행복한렌트몰에서 비교하고 차량별 견적과 지역별 상담 정보를 확인해보세요.","같은 차라도 조건은 다릅니다.비교하고 더 좋은 조건을 찾으세요."
"gyeongbuk\gyeongju-si\석장동\index.html","경북 경주시 석장동 장기렌트·자동차리스 가격비교 | 행복한렌트몰","경북 경주시 석장동 장기렌트와 자동차리스 이용조건을 행복한렌트몰에서 비교하고 차량별 견적과 지역별 상담 정보를 확인해보세요.","같은 차라도 조건은 다릅니다.비교하고 더 좋은 조건을 찾으세요."
"gyeongbuk\gyeongju-si\성건동\index.html","경북 경주시 성건동 장기렌트·자동차리스 가격비교 | 행복한렌트몰","경북 경주시 성건동 장기렌트와 자동차리스 이용조건을 행복한렌트몰에서 비교하고 차량별 견적과 지역별 상담 정보를 확인해보세요.","같은 차라도 조건은 다릅니다.비교하고 더 좋은 조건을 찾으세요."
"gyeongbuk\gyeongju-si\성동동\index.html","경북 경주시 성동동 장기렌트·자동차리스 가격비교 | 행복한렌트몰","경북 경주시 성동동 장기렌트와 자동차리스 이용조건을 행복한렌트몰에서 비교하고 차량별 견적과 지역별 상담 정보를 확인해보세요.","같은 차라도 조건은 다릅니다.비교하고 더 좋은 조건을 찾으세요."
"gyeongbuk\gyeongju-si\손곡동\index.html","경북 경주시 손곡동 장기렌트·자동차리스 가격비교 | 행복한렌트몰","경북 경주시 손곡동 장기렌트와 자동차리스 이용조건을 행복한렌트몰에서 비교하고 차량별 견적과 지역별 상담 정보를 확인해보세요.","같은 차라도 조건은 다릅니다.비교하고 더 좋은 조건을 찾으세요."
"gyeongbuk\gyeongju-si\시동\index.html","경북 경주시 시동 장기렌트·자동차리스 가격비교 | 행복한렌트몰","경북 경주시 시동 장기렌트와 자동차리스 이용조건을 행복한렌트몰에서 비교하고 차량별 견적과 지역별 상담 정보를 확인해보세요.","같은 차라도 조건은 다릅니다.비교하고 더 좋은 조건을 찾으세요."
"gyeongbuk\gyeongju-si\시래동\index.html","경북 경주시 시래동 장기렌트·자동차리스 가격비교 | 행복한렌트몰","경북 경주시 시래동 장기렌트와 자동차리스 이용조건을 행복한렌트몰에서 비교하고 차량별 견적과 지역별 상담 정보를 확인해보세요.","같은 차라도 조건은 다릅니다.비교하고 더 좋은 조건을 찾으세요."
"gyeongbuk\gyeongju-si\신평동\index.html","경북 경주시 신평동 장기렌트·자동차리스 가격비교 | 행복한렌트몰","경북 경주시 신평동 장기렌트와 자동차리스 이용조건을 행복한렌트몰에서 비교하고 차량별 견적과 지역별 상담 정보를 확인해보세요.","같은 차라도 조건은 다릅니다.비교하고 더 좋은 조건을 찾으세요."
"gyeongbuk\gyeongju-si\안강읍\index.html","경북 경주시 안강읍 장기렌트·자동차리스 가격비교 | 행복한렌트몰","경북 경주시 안강읍 장기렌트와 자동차리스 이용조건을 행복한렌트몰에서 비교하고 차량별 견적과 지역별 상담 정보를 확인해보세요.","같은 차라도 조건은 다릅니다.비교하고 더 좋은 조건을 찾으세요."
"gyeongbuk\gyeongju-si\암곡동\index.html","경북 경주시 암곡동 장기렌트·자동차리스 가격비교 | 행복한렌트몰","경북 경주시 암곡동 장기렌트와 자동차리스 이용조건을 행복한렌트몰에서 비교하고 차량별 견적과 지역별 상담 정보를 확인해보세요.","같은 차라도 조건은 다릅니다.비교하고 더 좋은 조건을 찾으세요."
"gyeongbuk\gyeongju-si\양남면\index.html","경북 경주시 양남면 장기렌트·자동차리스 가격비교 | 행복한렌트몰","경북 경주시 양남면 장기렌트와 자동차리스 이용조건을 행복한렌트몰에서 비교하고 차량별 견적과 지역별 상담 정보를 확인해보세요.","같은 차라도 조건은 다릅니다.비교하고 더 좋은 조건을 찾으세요."
"gyeongbuk\gyeongju-si\외동읍\index.html","경북 경주시 외동읍 장기렌트·자동차리스 가격비교 | 행복한렌트몰","경북 경주시 외동읍 장기렌트와 자동차리스 이용조건을 행복한렌트몰에서 비교하고 차량별 견적과 지역별 상담 정보를 확인해보세요.","같은 차라도 조건은 다릅니다.비교하고 더 좋은 조건을 찾으세요."
"gyeongbuk\gyeongju-si\용강동\index.html","경북 경주시 용강동 장기렌트·자동차리스 가격비교 | 행복한렌트몰","경북 경주시 용강동 장기렌트와 자동차리스 이용조건을 행복한렌트몰에서 비교하고 차량별 견적과 지역별 상담 정보를 확인해보세요.","같은 차라도 조건은 다릅니다.비교하고 더 좋은 조건을 찾으세요."
"gyeongbuk\gyeongju-si\율동\index.html","경북 경주시 율동 장기렌트·자동차리스 가격비교 | 행복한렌트몰","경북 경주시 율동 장기렌트와 자동차리스 이용조건을 행복한렌트몰에서 비교하고 차량별 견적과 지역별 상담 정보를 확인해보세요.","같은 차라도 조건은 다릅니다.비교하고 더 좋은 조건을 찾으세요."
"gyeongbuk\gyeongju-si\인왕동\index.html","경북 경주시 인왕동 장기렌트·자동차리스 가격비교 | 행복한렌트몰","경북 경주시 인왕동 장기렌트와 자동차리스 이용조건을 행복한렌트몰에서 비교하고 차량별 견적과 지역별 상담 정보를 확인해보세요.","같은 차라도 조건은 다릅니다.비교하고 더 좋은 조건을 찾으세요."
"gyeongbuk\gyeongju-si\조양동\index.html","경북 경주시 조양동 장기렌트·자동차리스 가격비교 | 행복한렌트몰","경북 경주시 조양동 장기렌트와 자동차리스 이용조건을 행복한렌트몰에서 비교하고 차량별 견적과 지역별 상담 정보를 확인해보세요.","같은 차라도 조건은 다릅니다.비교하고 더 좋은 조건을 찾으세요."
"gyeongbuk\gyeongju-si\진현동\index.html","경북 경주시 진현동 장기렌트·자동차리스 가격비교 | 행복한렌트몰","경북 경주시 진현동 장기렌트와 자동차리스 이용조건을 행복한렌트몰에서 비교하고 차량별 견적과 지역별 상담 정보를 확인해보세요.","같은 차라도 조건은 다릅니다.비교하고 더 좋은 조건을 찾으세요."
"gyeongbuk\gyeongju-si\천군동\index.html","경북 경주시 천군동 장기렌트·자동차리스 가격비교 | 행복한렌트몰","경북 경주시 천군동 장기렌트와 자동차리스 이용조건을 행복한렌트몰에서 비교하고 차량별 견적과 지역별 상담 정보를 확인해보세요.","같은 차라도 조건은 다릅니다.비교하고 더 좋은 조건을 찾으세요."
"gyeongbuk\gyeongju-si\천북면\index.html","경북 경주시 천북면 장기렌트·자동차리스 가격비교 | 행복한렌트몰","경북 경주시 천북면 장기렌트와 자동차리스 이용조건을 행복한렌트몰에서 비교하고 차량별 견적과 지역별 상담 정보를 확인해보세요.","같은 차라도 조건은 다릅니다.비교하고 더 좋은 조건을 찾으세요."
"gyeongbuk\gyeongju-si\충효동\index.html","경북 경주시 충효동 장기렌트·자동차리스 가격비교 | 행복한렌트몰","경북 경주시 충효동 장기렌트와 자동차리스 이용조건을 행복한렌트몰에서 비교하고 차량별 견적과 지역별 상담 정보를 확인해보세요.","같은 차라도 조건은 다릅니다.비교하고 더 좋은 조건을 찾으세요."
"gyeongbuk\gyeongju-si\탑동\index.html","경북 경주시 탑동 장기렌트·자동차리스 가격비교 | 행복한렌트몰","경북 경주시 탑동 장기렌트와 자동차리스 이용조건을 행복한렌트몰에서 비교하고 차량별 견적과 지역별 상담 정보를 확인해보세요.","같은 차라도 조건은 다릅니다.비교하고 더 좋은 조건을 찾으세요."
"gyeongbuk\gyeongju-si\평동\index.html","경북 경주시 평동 장기렌트·자동차리스 가격비교 | 행복한렌트몰","경북 경주시 평동 장기렌트와 자동차리스 이용조건을 행복한렌트몰에서 비교하고 차량별 견적과 지역별 상담 정보를 확인해보세요.","같은 차라도 조건은 다릅니다.비교하고 더 좋은 조건을 찾으세요."
"gyeongbuk\gyeongju-si\하동\index.html","경북 경주시 하동 장기렌트·자동차리스 가격비교 | 행복한렌트몰","경북 경주시 하동 장기렌트와 자동차리스 이용조건을 행복한렌트몰에서 비교하고 차량별 견적과 지역별 상담 정보를 확인해보세요.","같은 차라도 조건은 다릅니다.비교하고 더 좋은 조건을 찾으세요."
"gyeongbuk\gyeongju-si\현곡면\index.html","경북 경주시 현곡면 장기렌트·자동차리스 가격비교 | 행복한렌트몰","경북 경주시 현곡면 장기렌트와 자동차리스 이용조건을 행복한렌트몰에서 비교하고 차량별 견적과 지역별 상담 정보를 확인해보세요.","같은 차라도 조건은 다릅니다.비교하고 더 좋은 조건을 찾으세요."
"gyeongbuk\gyeongju-si\황남동\index.html","경북 경주시 황남동 장기렌트·자동차리스 가격비교 | 행복한렌트몰","경북 경주시 황남동 장기렌트와 자동차리스 이용조건을 행복한렌트몰에서 비교하고 차량별 견적과 지역별 상담 정보를 확인해보세요.","같은 차라도 조건은 다릅니다.비교하고 더 좋은 조건을 찾으세요."
"gyeongbuk\gyeongju-si\황성동\index.html","경북 경주시 황성동 장기렌트·자동차리스 가격비교 | 행복한렌트몰","경북 경주시 황성동 장기렌트와 자동차리스 이용조건을 행복한렌트몰에서 비교하고 차량별 견적과 지역별 상담 정보를 확인해보세요.","같은 차라도 조건은 다릅니다.비교하고 더 좋은 조건을 찾으세요."
"gyeongbuk\gyeongju-si\황오동\index.html","경북 경주시 황오동 장기렌트·자동차리스 가격비교 | 행복한렌트몰","경북 경주시 황오동 장기렌트와 자동차리스 이용조건을 행복한렌트몰에서 비교하고 차량별 견적과 지역별 상담 정보를 확인해보세요.","같은 차라도 조건은 다릅니다.비교하고 더 좋은 조건을 찾으세요."
"gyeongbuk\gyeongju-si\황용동\index.html","경북 경주시 황용동 장기렌트·자동차리스 가격비교 | 행복한렌트몰","경북 경주시 황용동 장기렌트와 자동차리스 이용조건을 행복한렌트몰에서 비교하고 차량별 견적과 지역별 상담 정보를 확인해보세요.","같은 차라도 조건은 다릅니다.비교하고 더 좋은 조건을 찾으세요."
"gyeongbuk\gyeongju-si\효현동\index.html","경북 경주시 효현동 장기렌트·자동차리스 가격비교 | 행복한렌트몰","경북 경주시 효현동 장기렌트와 자동차리스 이용조건을 행복한렌트몰에서 비교하고 차량별 견적과 지역별 상담 정보를 확인해보세요.","같은 차라도 조건은 다릅니다.비교하고 더 좋은 조건을 찾으세요."
"gyeongbuk\gyeongsan-si\index.html","경북 경산시 장기렌트·자동차리스 가격비교 | 행복한렌트몰","경북 경산시 장기렌트와 자동차리스 조건을 행복한렌트몰에서 비교하고 지역별 상담 정보를 확인해보세요.","같은 차라도 조건은 다릅니다.비교하고 더 좋은 조건을 찾으세요."
"gyeongbuk\gyeongsan-si\갑제동\index.html","경북 경산시 갑제동 장기렌트·자동차리스 가격비교 | 행복한렌트몰","경북 경산시 갑제동 장기렌트와 자동차리스 이용조건을 행복한렌트몰에서 비교하고 차량별 견적과 지역별 상담 정보를 확인해보세요.","같은 차라도 조건은 다릅니다.비교하고 더 좋은 조건을 찾으세요."
"gyeongbuk\gyeongsan-si\계양동\index.html","경북 경산시 계양동 장기렌트·자동차리스 가격비교 | 행복한렌트몰","경북 경산시 계양동 장기렌트와 자동차리스 이용조건을 행복한렌트몰에서 비교하고 차량별 견적과 지역별 상담 정보를 확인해보세요.","같은 차라도 조건은 다릅니다.비교하고 더 좋은 조건을 찾으세요."
"gyeongbuk\gyeongsan-si\남방동\index.html","경북 경산시 남방동 장기렌트·자동차리스 가격비교 | 행복한렌트몰","경북 경산시 남방동 장기렌트와 자동차리스 이용조건을 행복한렌트몰에서 비교하고 차량별 견적과 지역별 상담 정보를 확인해보세요.","같은 차라도 조건은 다릅니다.비교하고 더 좋은 조건을 찾으세요."
"gyeongbuk\gyeongsan-si\남산면\index.html","경북 경산시 남산면 장기렌트·자동차리스 가격비교 | 행복한렌트몰","경북 경산시 남산면 장기렌트와 자동차리스 이용조건을 행복한렌트몰에서 비교하고 차량별 견적과 지역별 상담 정보를 확인해보세요.","같은 차라도 조건은 다릅니다.비교하고 더 좋은 조건을 찾으세요."
"gyeongbuk\gyeongsan-si\남천면\index.html","경북 경산시 남천면 장기렌트·자동차리스 가격비교 | 행복한렌트몰","경북 경산시 남천면 장기렌트와 자동차리스 이용조건을 행복한렌트몰에서 비교하고 차량별 견적과 지역별 상담 정보를 확인해보세요.","같은 차라도 조건은 다릅니다.비교하고 더 좋은 조건을 찾으세요."
"gyeongbuk\gyeongsan-si\내동\index.html","경북 경산시 내동 장기렌트·자동차리스 가격비교 | 행복한렌트몰","경북 경산시 내동 장기렌트와 자동차리스 이용조건을 행복한렌트몰에서 비교하고 차량별 견적과 지역별 상담 정보를 확인해보세요.","같은 차라도 조건은 다릅니다.비교하고 더 좋은 조건을 찾으세요."
"gyeongbuk\gyeongsan-si\대동\index.html","경북 경산시 대동 장기렌트·자동차리스 가격비교 | 행복한렌트몰","경북 경산시 대동 장기렌트와 자동차리스 이용조건을 행복한렌트몰에서 비교하고 차량별 견적과 지역별 상담 정보를 확인해보세요.","같은 차라도 조건은 다릅니다.비교하고 더 좋은 조건을 찾으세요."
"gyeongbuk\gyeongsan-si\대정동\index.html","경북 경산시 대정동 장기렌트·자동차리스 가격비교 | 행복한렌트몰","경북 경산시 대정동 장기렌트와 자동차리스 이용조건을 행복한렌트몰에서 비교하고 차량별 견적과 지역별 상담 정보를 확인해보세요.","같은 차라도 조건은 다릅니다.비교하고 더 좋은 조건을 찾으세요."
"gyeongbuk\gyeongsan-si\대평동\index.html","경북 경산시 대평동 장기렌트·자동차리스 가격비교 | 행복한렌트몰","경북 경산시 대평동 장기렌트와 자동차리스 이용조건을 행복한렌트몰에서 비교하고 차량별 견적과 지역별 상담 정보를 확인해보세요.","같은 차라도 조건은 다릅니다.비교하고 더 좋은 조건을 찾으세요."
"gyeongbuk\gyeongsan-si\백천동\index.html","경북 경산시 백천동 장기렌트·자동차리스 가격비교 | 행복한렌트몰","경북 경산시 백천동 장기렌트와 자동차리스 이용조건을 행복한렌트몰에서 비교하고 차량별 견적과 지역별 상담 정보를 확인해보세요.","같은 차라도 조건은 다릅니다.비교하고 더 좋은 조건을 찾으세요."
"gyeongbuk\gyeongsan-si\사동\index.html","경북 경산시 사동 장기렌트·자동차리스 가격비교 | 행복한렌트몰","경북 경산시 사동 장기렌트와 자동차리스 이용조건을 행복한렌트몰에서 비교하고 차량별 견적과 지역별 상담 정보를 확인해보세요.","같은 차라도 조건은 다릅니다.비교하고 더 좋은 조건을 찾으세요."
"gyeongbuk\gyeongsan-si\사정동\index.html","경북 경산시 사정동 장기렌트·자동차리스 가격비교 | 행복한렌트몰","경북 경산시 사정동 장기렌트와 자동차리스 이용조건을 행복한렌트몰에서 비교하고 차량별 견적과 지역별 상담 정보를 확인해보세요.","같은 차라도 조건은 다릅니다.비교하고 더 좋은 조건을 찾으세요."
"gyeongbuk\gyeongsan-si\삼남동\index.html","경북 경산시 삼남동 장기렌트·자동차리스 가격비교 | 행복한렌트몰","경북 경산시 삼남동 장기렌트와 자동차리스 이용조건을 행복한렌트몰에서 비교하고 차량별 견적과 지역별 상담 정보를 확인해보세요.","같은 차라도 조건은 다릅니다.비교하고 더 좋은 조건을 찾으세요."
"gyeongbuk\gyeongsan-si\삼북동\index.html","경북 경산시 삼북동 장기렌트·자동차리스 가격비교 | 행복한렌트몰","경북 경산시 삼북동 장기렌트와 자동차리스 이용조건을 행복한렌트몰에서 비교하고 차량별 견적과 지역별 상담 정보를 확인해보세요.","같은 차라도 조건은 다릅니다.비교하고 더 좋은 조건을 찾으세요."
"gyeongbuk\gyeongsan-si\삼풍동\index.html","경북 경산시 삼풍동 장기렌트·자동차리스 가격비교 | 행복한렌트몰","경북 경산시 삼풍동 장기렌트와 자동차리스 이용조건을 행복한렌트몰에서 비교하고 차량별 견적과 지역별 상담 정보를 확인해보세요.","같은 차라도 조건은 다릅니다.비교하고 더 좋은 조건을 찾으세요."
"gyeongbuk\gyeongsan-si\상방동\index.html","경북 경산시 상방동 장기렌트·자동차리스 가격비교 | 행복한렌트몰","경북 경산시 상방동 장기렌트와 자동차리스 이용조건을 행복한렌트몰에서 비교하고 차량별 견적과 지역별 상담 정보를 확인해보세요.","같은 차라도 조건은 다릅니다.비교하고 더 좋은 조건을 찾으세요."
"gyeongbuk\gyeongsan-si\서상동\index.html","경북 경산시 서상동 장기렌트·자동차리스 가격비교 | 행복한렌트몰","경북 경산시 서상동 장기렌트와 자동차리스 이용조건을 행복한렌트몰에서 비교하고 차량별 견적과 지역별 상담 정보를 확인해보세요.","같은 차라도 조건은 다릅니다.비교하고 더 좋은 조건을 찾으세요."
"gyeongbuk\gyeongsan-si\신교동\index.html","경북 경산시 신교동 장기렌트·자동차리스 가격비교 | 행복한렌트몰","경북 경산시 신교동 장기렌트와 자동차리스 이용조건을 행복한렌트몰에서 비교하고 차량별 견적과 지역별 상담 정보를 확인해보세요.","같은 차라도 조건은 다릅니다.비교하고 더 좋은 조건을 찾으세요."
"gyeongbuk\gyeongsan-si\신천동\index.html","경북 경산시 신천동 장기렌트·자동차리스 가격비교 | 행복한렌트몰","경북 경산시 신천동 장기렌트와 자동차리스 이용조건을 행복한렌트몰에서 비교하고 차량별 견적과 지역별 상담 정보를 확인해보세요.","같은 차라도 조건은 다릅니다.비교하고 더 좋은 조건을 찾으세요."
"gyeongbuk\gyeongsan-si\압량읍\index.html","경북 경산시 압량읍 장기렌트·자동차리스 가격비교 | 행복한렌트몰","경북 경산시 압량읍 장기렌트와 자동차리스 이용조건을 행복한렌트몰에서 비교하고 차량별 견적과 지역별 상담 정보를 확인해보세요.","같은 차라도 조건은 다릅니다.비교하고 더 좋은 조건을 찾으세요."
"gyeongbuk\gyeongsan-si\여천동\index.html","경북 경산시 여천동 장기렌트·자동차리스 가격비교 | 행복한렌트몰","경북 경산시 여천동 장기렌트와 자동차리스 이용조건을 행복한렌트몰에서 비교하고 차량별 견적과 지역별 상담 정보를 확인해보세요.","같은 차라도 조건은 다릅니다.비교하고 더 좋은 조건을 찾으세요."
"gyeongbuk\gyeongsan-si\옥곡동\index.html","경북 경산시 옥곡동 장기렌트·자동차리스 가격비교 | 행복한렌트몰","경북 경산시 옥곡동 장기렌트와 자동차리스 이용조건을 행복한렌트몰에서 비교하고 차량별 견적과 지역별 상담 정보를 확인해보세요.","같은 차라도 조건은 다릅니다.비교하고 더 좋은 조건을 찾으세요."
"gyeongbuk\gyeongsan-si\옥산동\index.html","경북 경산시 옥산동 장기렌트·자동차리스 가격비교 | 행복한렌트몰","경북 경산시 옥산동 장기렌트와 자동차리스 이용조건을 행복한렌트몰에서 비교하고 차량별 견적과 지역별 상담 정보를 확인해보세요.","같은 차라도 조건은 다릅니다.비교하고 더 좋은 조건을 찾으세요."
"gyeongbuk\gyeongsan-si\와촌면\index.html","경북 경산시 와촌면 장기렌트·자동차리스 가격비교 | 행복한렌트몰","경북 경산시 와촌면 장기렌트와 자동차리스 이용조건을 행복한렌트몰에서 비교하고 차량별 견적과 지역별 상담 정보를 확인해보세요.","같은 차라도 조건은 다릅니다.비교하고 더 좋은 조건을 찾으세요."
"gyeongbuk\gyeongsan-si\용성면\index.html","경북 경산시 용성면 장기렌트·자동차리스 가격비교 | 행복한렌트몰","경북 경산시 용성면 장기렌트와 자동차리스 이용조건을 행복한렌트몰에서 비교하고 차량별 견적과 지역별 상담 정보를 확인해보세요.","같은 차라도 조건은 다릅니다.비교하고 더 좋은 조건을 찾으세요."
"gyeongbuk\gyeongsan-si\유곡동\index.html","경북 경산시 유곡동 장기렌트·자동차리스 가격비교 | 행복한렌트몰","경북 경산시 유곡동 장기렌트와 자동차리스 이용조건을 행복한렌트몰에서 비교하고 차량별 견적과 지역별 상담 정보를 확인해보세요.","같은 차라도 조건은 다릅니다.비교하고 더 좋은 조건을 찾으세요."
"gyeongbuk\gyeongsan-si\임당동\index.html","경북 경산시 임당동 장기렌트·자동차리스 가격비교 | 행복한렌트몰","경북 경산시 임당동 장기렌트와 자동차리스 이용조건을 행복한렌트몰에서 비교하고 차량별 견적과 지역별 상담 정보를 확인해보세요.","같은 차라도 조건은 다릅니다.비교하고 더 좋은 조건을 찾으세요."
"gyeongbuk\gyeongsan-si\자인면\index.html","경북 경산시 자인면 장기렌트·자동차리스 가격비교 | 행복한렌트몰","경북 경산시 자인면 장기렌트와 자동차리스 이용조건을 행복한렌트몰에서 비교하고 차량별 견적과 지역별 상담 정보를 확인해보세요.","같은 차라도 조건은 다릅니다.비교하고 더 좋은 조건을 찾으세요."
"gyeongbuk\gyeongsan-si\점촌동\index.html","경북 경산시 점촌동 장기렌트·자동차리스 가격비교 | 행복한렌트몰","경북 경산시 점촌동 장기렌트와 자동차리스 이용조건을 행복한렌트몰에서 비교하고 차량별 견적과 지역별 상담 정보를 확인해보세요.","같은 차라도 조건은 다릅니다.비교하고 더 좋은 조건을 찾으세요."
"gyeongbuk\gyeongsan-si\정평동\index.html","경북 경산시 정평동 장기렌트·자동차리스 가격비교 | 행복한렌트몰","경북 경산시 정평동 장기렌트와 자동차리스 이용조건을 행복한렌트몰에서 비교하고 차량별 견적과 지역별 상담 정보를 확인해보세요.","같은 차라도 조건은 다릅니다.비교하고 더 좋은 조건을 찾으세요."
"gyeongbuk\gyeongsan-si\조영동\index.html","경북 경산시 조영동 장기렌트·자동차리스 가격비교 | 행복한렌트몰","경북 경산시 조영동 장기렌트와 자동차리스 이용조건을 행복한렌트몰에서 비교하고 차량별 견적과 지역별 상담 정보를 확인해보세요.","같은 차라도 조건은 다릅니다.비교하고 더 좋은 조건을 찾으세요."
"gyeongbuk\gyeongsan-si\중방동\index.html","경북 경산시 중방동 장기렌트·자동차리스 가격비교 | 행복한렌트몰","경북 경산시 중방동 장기렌트와 자동차리스 이용조건을 행복한렌트몰에서 비교하고 차량별 견적과 지역별 상담 정보를 확인해보세요.","같은 차라도 조건은 다릅니다.비교하고 더 좋은 조건을 찾으세요."
"gyeongbuk\gyeongsan-si\중산동\index.html","경북 경산시 중산동 장기렌트·자동차리스 가격비교 | 행복한렌트몰","경북 경산시 중산동 장기렌트와 자동차리스 이용조건을 행복한렌트몰에서 비교하고 차량별 견적과 지역별 상담 정보를 확인해보세요.","같은 차라도 조건은 다릅니다.비교하고 더 좋은 조건을 찾으세요."
"gyeongbuk\gyeongsan-si\진량읍\index.html","경북 경산시 진량읍 장기렌트·자동차리스 가격비교 | 행복한렌트몰","경북 경산시 진량읍 장기렌트와 자동차리스 이용조건을 행복한렌트몰에서 비교하고 차량별 견적과 지역별 상담 정보를 확인해보세요.","같은 차라도 조건은 다릅니다.비교하고 더 좋은 조건을 찾으세요."
"gyeongbuk\gyeongsan-si\평산동\index.html","경북 경산시 평산동 장기렌트·자동차리스 가격비교 | 행복한렌트몰","경북 경산시 평산동 장기렌트와 자동차리스 이용조건을 행복한렌트몰에서 비교하고 차량별 견적과 지역별 상담 정보를 확인해보세요.","같은 차라도 조건은 다릅니다.비교하고 더 좋은 조건을 찾으세요."
"gyeongbuk\gyeongsan-si\하양읍\index.html","경북 경산시 하양읍 장기렌트·자동차리스 가격비교 | 행복한렌트몰","경북 경산시 하양읍 장기렌트와 자동차리스 이용조건을 행복한렌트몰에서 비교하고 차량별 견적과 지역별 상담 정보를 확인해보세요.","같은 차라도 조건은 다릅니다.비교하고 더 좋은 조건을 찾으세요."
"gyeongbuk\mungyeong-si\index.html","경북 문경시 장기렌트·자동차리스 가격비교 | 행복한렌트몰","경북 문경시 장기렌트와 자동차리스 조건을 행복한렌트몰에서 비교하고 지역별 상담 정보를 확인해보세요.","같은 차라도 조건은 다릅니다.비교하고 더 좋은 조건을 찾으세요."
"gyeongbuk\mungyeong-si\가은읍\index.html","경북 문경시 가은읍 장기렌트·자동차리스 가격비교 | 행복한렌트몰","경북 문경시 가은읍 장기렌트와 자동차리스 이용조건을 행복한렌트몰에서 비교하고 차량별 견적과 지역별 상담 정보를 확인해보세요.","같은 차라도 조건은 다릅니다.비교하고 더 좋은 조건을 찾으세요."
"gyeongbuk\mungyeong-si\공평동\index.html","경북 문경시 공평동 장기렌트·자동차리스 가격비교 | 행복한렌트몰","경북 문경시 공평동 장기렌트와 자동차리스 이용조건을 행복한렌트몰에서 비교하고 차량별 견적과 지역별 상담 정보를 확인해보세요.","같은 차라도 조건은 다릅니다.비교하고 더 좋은 조건을 찾으세요."
"gyeongbuk\mungyeong-si\농암면\index.html","경북 문경시 농암면 장기렌트·자동차리스 가격비교 | 행복한렌트몰","경북 문경시 농암면 장기렌트와 자동차리스 이용조건을 행복한렌트몰에서 비교하고 차량별 견적과 지역별 상담 정보를 확인해보세요.","같은 차라도 조건은 다릅니다.비교하고 더 좋은 조건을 찾으세요."
"gyeongbuk\mungyeong-si\동로면\index.html","경북 문경시 동로면 장기렌트·자동차리스 가격비교 | 행복한렌트몰","경북 문경시 동로면 장기렌트와 자동차리스 이용조건을 행복한렌트몰에서 비교하고 차량별 견적과 지역별 상담 정보를 확인해보세요.","같은 차라도 조건은 다릅니다.비교하고 더 좋은 조건을 찾으세요."
"gyeongbuk\mungyeong-si\마성면\index.html","경북 문경시 마성면 장기렌트·자동차리스 가격비교 | 행복한렌트몰","경북 문경시 마성면 장기렌트와 자동차리스 이용조건을 행복한렌트몰에서 비교하고 차량별 견적과 지역별 상담 정보를 확인해보세요.","같은 차라도 조건은 다릅니다.비교하고 더 좋은 조건을 찾으세요."
"gyeongbuk\mungyeong-si\모전동\index.html","경북 문경시 모전동 장기렌트·자동차리스 가격비교 | 행복한렌트몰","경북 문경시 모전동 장기렌트와 자동차리스 이용조건을 행복한렌트몰에서 비교하고 차량별 견적과 지역별 상담 정보를 확인해보세요.","같은 차라도 조건은 다릅니다.비교하고 더 좋은 조건을 찾으세요."
"gyeongbuk\mungyeong-si\문경읍\index.html","경북 문경시 문경읍 장기렌트·자동차리스 가격비교 | 행복한렌트몰","경북 문경시 문경읍 장기렌트와 자동차리스 이용조건을 행복한렌트몰에서 비교하고 차량별 견적과 지역별 상담 정보를 확인해보세요.","같은 차라도 조건은 다릅니다.비교하고 더 좋은 조건을 찾으세요."
"gyeongbuk\mungyeong-si\불정동\index.html","경북 문경시 불정동 장기렌트·자동차리스 가격비교 | 행복한렌트몰","경북 문경시 불정동 장기렌트와 자동차리스 이용조건을 행복한렌트몰에서 비교하고 차량별 견적과 지역별 상담 정보를 확인해보세요.","같은 차라도 조건은 다릅니다.비교하고 더 좋은 조건을 찾으세요."
"gyeongbuk\mungyeong-si\산북면\index.html","경북 문경시 산북면 장기렌트·자동차리스 가격비교 | 행복한렌트몰","경북 문경시 산북면 장기렌트와 자동차리스 이용조건을 행복한렌트몰에서 비교하고 차량별 견적과 지역별 상담 정보를 확인해보세요.","같은 차라도 조건은 다릅니다.비교하고 더 좋은 조건을 찾으세요."
"gyeongbuk\mungyeong-si\산양면\index.html","경북 문경시 산양면 장기렌트·자동차리스 가격비교 | 행복한렌트몰","경북 문경시 산양면 장기렌트와 자동차리스 이용조건을 행복한렌트몰에서 비교하고 차량별 견적과 지역별 상담 정보를 확인해보세요.","같은 차라도 조건은 다릅니다.비교하고 더 좋은 조건을 찾으세요."
"gyeongbuk\mungyeong-si\신기동\index.html","경북 문경시 신기동 장기렌트·자동차리스 가격비교 | 행복한렌트몰","경북 문경시 신기동 장기렌트와 자동차리스 이용조건을 행복한렌트몰에서 비교하고 차량별 견적과 지역별 상담 정보를 확인해보세요.","같은 차라도 조건은 다릅니다.비교하고 더 좋은 조건을 찾으세요."
"gyeongbuk\mungyeong-si\영순면\index.html","경북 문경시 영순면 장기렌트·자동차리스 가격비교 | 행복한렌트몰","경북 문경시 영순면 장기렌트와 자동차리스 이용조건을 행복한렌트몰에서 비교하고 차량별 견적과 지역별 상담 정보를 확인해보세요.","같은 차라도 조건은 다릅니다.비교하고 더 좋은 조건을 찾으세요."
"gyeongbuk\mungyeong-si\영신동\index.html","경북 문경시 영신동 장기렌트·자동차리스 가격비교 | 행복한렌트몰","경북 문경시 영신동 장기렌트와 자동차리스 이용조건을 행복한렌트몰에서 비교하고 차량별 견적과 지역별 상담 정보를 확인해보세요.","같은 차라도 조건은 다릅니다.비교하고 더 좋은 조건을 찾으세요."
"gyeongbuk\mungyeong-si\우지동\index.html","경북 문경시 우지동 장기렌트·자동차리스 가격비교 | 행복한렌트몰","경북 문경시 우지동 장기렌트와 자동차리스 이용조건을 행복한렌트몰에서 비교하고 차량별 견적과 지역별 상담 정보를 확인해보세요.","같은 차라도 조건은 다릅니다.비교하고 더 좋은 조건을 찾으세요."
"gyeongbuk\mungyeong-si\유곡동\index.html","경북 문경시 유곡동 장기렌트·자동차리스 가격비교 | 행복한렌트몰","경북 문경시 유곡동 장기렌트와 자동차리스 이용조건을 행복한렌트몰에서 비교하고 차량별 견적과 지역별 상담 정보를 확인해보세요.","같은 차라도 조건은 다릅니다.비교하고 더 좋은 조건을 찾으세요."
"gyeongbuk\mungyeong-si\윤직동\index.html","경북 문경시 윤직동 장기렌트·자동차리스 가격비교 | 행복한렌트몰","경북 문경시 윤직동 장기렌트와 자동차리스 이용조건을 행복한렌트몰에서 비교하고 차량별 견적과 지역별 상담 정보를 확인해보세요.","같은 차라도 조건은 다릅니다.비교하고 더 좋은 조건을 찾으세요."
"gyeongbuk\mungyeong-si\점촌동\index.html","경북 문경시 점촌동 장기렌트·자동차리스 가격비교 | 행복한렌트몰","경북 문경시 점촌동 장기렌트와 자동차리스 이용조건을 행복한렌트몰에서 비교하고 차량별 견적과 지역별 상담 정보를 확인해보세요.","같은 차라도 조건은 다릅니다.비교하고 더 좋은 조건을 찾으세요."
"gyeongbuk\mungyeong-si\창동\index.html","경북 문경시 창동 장기렌트·자동차리스 가격비교 | 행복한렌트몰","경북 문경시 창동 장기렌트와 자동차리스 이용조건을 행복한렌트몰에서 비교하고 차량별 견적과 지역별 상담 정보를 확인해보세요.","같은 차라도 조건은 다릅니다.비교하고 더 좋은 조건을 찾으세요."
"gyeongbuk\mungyeong-si\호계면\index.html","경북 문경시 호계면 장기렌트·자동차리스 가격비교 | 행복한렌트몰","경북 문경시 호계면 장기렌트와 자동차리스 이용조건을 행복한렌트몰에서 비교하고 차량별 견적과 지역별 상담 정보를 확인해보세요.","같은 차라도 조건은 다릅니다.비교하고 더 좋은 조건을 찾으세요."
"gyeongbuk\mungyeong-si\흥덕동\index.html","경북 문경시 흥덕동 장기렌트·자동차리스 가격비교 | 행복한렌트몰","경북 문경시 흥덕동 장기렌트와 자동차리스 이용조건을 행복한렌트몰에서 비교하고 차량별 견적과 지역별 상담 정보를 확인해보세요.","같은 차라도 조건은 다릅니다.비교하고 더 좋은 조건을 찾으세요."
"gyeongbuk\pohang-si\index.html","경북 포항시 장기렌트·자동차리스 가격비교 | 행복한렌트몰","경북 포항시 장기렌트와 자동차리스 조건을 행복한렌트몰에서 비교하고 지역별 상담 정보를 확인해보세요.","같은 차라도 조건은 다릅니다.비교하고 더 좋은 조건을 찾으세요."
"gyeongbuk\pohang-si\남구\index.html","경북 포항시 남구 장기렌트·자동차리스 가격비교 | 행복한렌트몰","경북 포항시 남구 장기렌트와 자동차리스 이용조건을 행복한렌트몰에서 비교하고 차량별 견적과 지역별 상담 정보를 확인해보세요.","같은 차라도 조건은 다릅니다.비교하고 더 좋은 조건을 찾으세요."
"gyeongbuk\pohang-si\남구\괴동동\index.html","경북 포항시 남구 괴동동 장기렌트·자동차리스 가격비교 | 행복한렌트몰","경북 포항시 남구 괴동동 장기렌트와 자동차리스 이용조건을 행복한렌트몰에서 비교하고 차량별 견적과 지역별 상담 정보를 확인해보세요.","같은 차라도 조건은 다릅니다.비교하고 더 좋은 조건을 찾으세요."
"gyeongbuk\pohang-si\남구\구룡포읍\index.html","경북 포항시 남구 구룡포읍 장기렌트·자동차리스 가격비교 | 행복한렌트몰","경북 포항시 남구 구룡포읍 장기렌트와 자동차리스 이용조건을 행복한렌트몰에서 비교하고 차량별 견적과 지역별 상담 정보를 확인해보세요.","같은 차라도 조건은 다릅니다.비교하고 더 좋은 조건을 찾으세요."
"gyeongbuk\pohang-si\남구\대도동\index.html","경북 포항시 남구 대도동 장기렌트·자동차리스 가격비교 | 행복한렌트몰","경북 포항시 남구 대도동 장기렌트와 자동차리스 이용조건을 행복한렌트몰에서 비교하고 차량별 견적과 지역별 상담 정보를 확인해보세요.","같은 차라도 조건은 다릅니다.비교하고 더 좋은 조건을 찾으세요."
"gyeongbuk\pohang-si\남구\대송면\index.html","경북 포항시 남구 대송면 장기렌트·자동차리스 가격비교 | 행복한렌트몰","경북 포항시 남구 대송면 장기렌트와 자동차리스 이용조건을 행복한렌트몰에서 비교하고 차량별 견적과 지역별 상담 정보를 확인해보세요.","같은 차라도 조건은 다릅니다.비교하고 더 좋은 조건을 찾으세요."
"gyeongbuk\pohang-si\남구\대잠동\index.html","경북 포항시 남구 대잠동 장기렌트·자동차리스 가격비교 | 행복한렌트몰","경북 포항시 남구 대잠동 장기렌트와 자동차리스 이용조건을 행복한렌트몰에서 비교하고 차량별 견적과 지역별 상담 정보를 확인해보세요.","같은 차라도 조건은 다릅니다.비교하고 더 좋은 조건을 찾으세요."
"gyeongbuk\pohang-si\남구\동촌동\index.html","경북 포항시 남구 동촌동 장기렌트·자동차리스 가격비교 | 행복한렌트몰","경북 포항시 남구 동촌동 장기렌트와 자동차리스 이용조건을 행복한렌트몰에서 비교하고 차량별 견적과 지역별 상담 정보를 확인해보세요.","같은 차라도 조건은 다릅니다.비교하고 더 좋은 조건을 찾으세요."
"gyeongbuk\pohang-si\남구\동해면\index.html","경북 포항시 남구 동해면 장기렌트·자동차리스 가격비교 | 행복한렌트몰","경북 포항시 남구 동해면 장기렌트와 자동차리스 이용조건을 행복한렌트몰에서 비교하고 차량별 견적과 지역별 상담 정보를 확인해보세요.","같은 차라도 조건은 다릅니다.비교하고 더 좋은 조건을 찾으세요."
"gyeongbuk\pohang-si\남구\상도동\index.html","경북 포항시 남구 상도동 장기렌트·자동차리스 가격비교 | 행복한렌트몰","경북 포항시 남구 상도동 장기렌트와 자동차리스 이용조건을 행복한렌트몰에서 비교하고 차량별 견적과 지역별 상담 정보를 확인해보세요.","같은 차라도 조건은 다릅니다.비교하고 더 좋은 조건을 찾으세요."
"gyeongbuk\pohang-si\남구\송내동\index.html","경북 포항시 남구 송내동 장기렌트·자동차리스 가격비교 | 행복한렌트몰","경북 포항시 남구 송내동 장기렌트와 자동차리스 이용조건을 행복한렌트몰에서 비교하고 차량별 견적과 지역별 상담 정보를 확인해보세요.","같은 차라도 조건은 다릅니다.비교하고 더 좋은 조건을 찾으세요."
"gyeongbuk\pohang-si\남구\송도동\index.html","경북 포항시 남구 송도동 장기렌트·자동차리스 가격비교 | 행복한렌트몰","경북 포항시 남구 송도동 장기렌트와 자동차리스 이용조건을 행복한렌트몰에서 비교하고 차량별 견적과 지역별 상담 정보를 확인해보세요.","같은 차라도 조건은 다릅니다.비교하고 더 좋은 조건을 찾으세요."
"gyeongbuk\pohang-si\남구\송정동\index.html","경북 포항시 남구 송정동 장기렌트·자동차리스 가격비교 | 행복한렌트몰","경북 포항시 남구 송정동 장기렌트와 자동차리스 이용조건을 행복한렌트몰에서 비교하고 차량별 견적과 지역별 상담 정보를 확인해보세요.","같은 차라도 조건은 다릅니다.비교하고 더 좋은 조건을 찾으세요."
"gyeongbuk\pohang-si\남구\연일읍\index.html","경북 포항시 남구 연일읍 장기렌트·자동차리스 가격비교 | 행복한렌트몰","경북 포항시 남구 연일읍 장기렌트와 자동차리스 이용조건을 행복한렌트몰에서 비교하고 차량별 견적과 지역별 상담 정보를 확인해보세요.","같은 차라도 조건은 다릅니다.비교하고 더 좋은 조건을 찾으세요."
"gyeongbuk\pohang-si\남구\오천읍\index.html","경북 포항시 남구 오천읍 장기렌트·자동차리스 가격비교 | 행복한렌트몰","경북 포항시 남구 오천읍 장기렌트와 자동차리스 이용조건을 행복한렌트몰에서 비교하고 차량별 견적과 지역별 상담 정보를 확인해보세요.","같은 차라도 조건은 다릅니다.비교하고 더 좋은 조건을 찾으세요."
"gyeongbuk\pohang-si\남구\이동\index.html","경북 포항시 남구 이동 장기렌트·자동차리스 가격비교 | 행복한렌트몰","경북 포항시 남구 이동 장기렌트와 자동차리스 이용조건을 행복한렌트몰에서 비교하고 차량별 견적과 지역별 상담 정보를 확인해보세요.","같은 차라도 조건은 다릅니다.비교하고 더 좋은 조건을 찾으세요."
"gyeongbuk\pohang-si\남구\인덕동\index.html","경북 포항시 남구 인덕동 장기렌트·자동차리스 가격비교 | 행복한렌트몰","경북 포항시 남구 인덕동 장기렌트와 자동차리스 이용조건을 행복한렌트몰에서 비교하고 차량별 견적과 지역별 상담 정보를 확인해보세요.","같은 차라도 조건은 다릅니다.비교하고 더 좋은 조건을 찾으세요."
"gyeongbuk\pohang-si\남구\일월동\index.html","경북 포항시 남구 일월동 장기렌트·자동차리스 가격비교 | 행복한렌트몰","경북 포항시 남구 일월동 장기렌트와 자동차리스 이용조건을 행복한렌트몰에서 비교하고 차량별 견적과 지역별 상담 정보를 확인해보세요.","같은 차라도 조건은 다릅니다.비교하고 더 좋은 조건을 찾으세요."
"gyeongbuk\pohang-si\남구\장기면\index.html","경북 포항시 남구 장기면 장기렌트·자동차리스 가격비교 | 행복한렌트몰","경북 포항시 남구 장기면 장기렌트와 자동차리스 이용조건을 행복한렌트몰에서 비교하고 차량별 견적과 지역별 상담 정보를 확인해보세요.","같은 차라도 조건은 다릅니다.비교하고 더 좋은 조건을 찾으세요."
"gyeongbuk\pohang-si\남구\장흥동\index.html","경북 포항시 남구 장흥동 장기렌트·자동차리스 가격비교 | 행복한렌트몰","경북 포항시 남구 장흥동 장기렌트와 자동차리스 이용조건을 행복한렌트몰에서 비교하고 차량별 견적과 지역별 상담 정보를 확인해보세요.","같은 차라도 조건은 다릅니다.비교하고 더 좋은 조건을 찾으세요."
"gyeongbuk\pohang-si\남구\지곡동\index.html","경북 포항시 남구 지곡동 장기렌트·자동차리스 가격비교 | 행복한렌트몰","경북 포항시 남구 지곡동 장기렌트와 자동차리스 이용조건을 행복한렌트몰에서 비교하고 차량별 견적과 지역별 상담 정보를 확인해보세요.","같은 차라도 조건은 다릅니다.비교하고 더 좋은 조건을 찾으세요."
"gyeongbuk\pohang-si\남구\청림동\index.html","경북 포항시 남구 청림동 장기렌트·자동차리스 가격비교 | 행복한렌트몰","경북 포항시 남구 청림동 장기렌트와 자동차리스 이용조건을 행복한렌트몰에서 비교하고 차량별 견적과 지역별 상담 정보를 확인해보세요.","같은 차라도 조건은 다릅니다.비교하고 더 좋은 조건을 찾으세요."
"gyeongbuk\pohang-si\남구\해도동\index.html","경북 포항시 남구 해도동 장기렌트·자동차리스 가격비교 | 행복한렌트몰","경북 포항시 남구 해도동 장기렌트와 자동차리스 이용조건을 행복한렌트몰에서 비교하고 차량별 견적과 지역별 상담 정보를 확인해보세요.","같은 차라도 조건은 다릅니다.비교하고 더 좋은 조건을 찾으세요."
"gyeongbuk\pohang-si\남구\호동\index.html","경북 포항시 남구 호동 장기렌트·자동차리스 가격비교 | 행복한렌트몰","경북 포항시 남구 호동 장기렌트와 자동차리스 이용조건을 행복한렌트몰에서 비교하고 차량별 견적과 지역별 상담 정보를 확인해보세요.","같은 차라도 조건은 다릅니다.비교하고 더 좋은 조건을 찾으세요."
"gyeongbuk\pohang-si\남구\호미곶면\index.html","경북 포항시 남구 호미곶면 장기렌트·자동차리스 가격비교 | 행복한렌트몰","경북 포항시 남구 호미곶면 장기렌트와 자동차리스 이용조건을 행복한렌트몰에서 비교하고 차량별 견적과 지역별 상담 정보를 확인해보세요.","같은 차라도 조건은 다릅니다.비교하고 더 좋은 조건을 찾으세요."
"gyeongbuk\pohang-si\남구\효자동\index.html","경북 포항시 남구 효자동 장기렌트·자동차리스 가격비교 | 행복한렌트몰","경북 포항시 남구 효자동 장기렌트와 자동차리스 이용조건을 행복한렌트몰에서 비교하고 차량별 견적과 지역별 상담 정보를 확인해보세요.","같은 차라도 조건은 다릅니다.비교하고 더 좋은 조건을 찾으세요."
"gyeongbuk\pohang-si\북구\index.html","경북 포항시 북구 장기렌트·자동차리스 가격비교 | 행복한렌트몰","경북 포항시 북구 장기렌트와 자동차리스 이용조건을 행복한렌트몰에서 비교하고 차량별 견적과 지역별 상담 정보를 확인해보세요.","같은 차라도 조건은 다릅니다.비교하고 더 좋은 조건을 찾으세요."
"gyeongbuk\pohang-si\북구\기계면\index.html","경북 포항시 북구 기계면 장기렌트·자동차리스 가격비교 | 행복한렌트몰","경북 포항시 북구 기계면 장기렌트와 자동차리스 이용조건을 행복한렌트몰에서 비교하고 차량별 견적과 지역별 상담 정보를 확인해보세요.","같은 차라도 조건은 다릅니다.비교하고 더 좋은 조건을 찾으세요."
"gyeongbuk\pohang-si\북구\기북면\index.html","경북 포항시 북구 기북면 장기렌트·자동차리스 가격비교 | 행복한렌트몰","경북 포항시 북구 기북면 장기렌트와 자동차리스 이용조건을 행복한렌트몰에서 비교하고 차량별 견적과 지역별 상담 정보를 확인해보세요.","같은 차라도 조건은 다릅니다.비교하고 더 좋은 조건을 찾으세요."
"gyeongbuk\pohang-si\북구\남빈동\index.html","경북 포항시 북구 남빈동 장기렌트·자동차리스 가격비교 | 행복한렌트몰","경북 포항시 북구 남빈동 장기렌트와 자동차리스 이용조건을 행복한렌트몰에서 비교하고 차량별 견적과 지역별 상담 정보를 확인해보세요.","같은 차라도 조건은 다릅니다.비교하고 더 좋은 조건을 찾으세요."
"gyeongbuk\pohang-si\북구\대신동\index.html","경북 포항시 북구 대신동 장기렌트·자동차리스 가격비교 | 행복한렌트몰","경북 포항시 북구 대신동 장기렌트와 자동차리스 이용조건을 행복한렌트몰에서 비교하고 차량별 견적과 지역별 상담 정보를 확인해보세요.","같은 차라도 조건은 다릅니다.비교하고 더 좋은 조건을 찾으세요."
"gyeongbuk\pohang-si\북구\대흥동\index.html","경북 포항시 북구 대흥동 장기렌트·자동차리스 가격비교 | 행복한렌트몰","경북 포항시 북구 대흥동 장기렌트와 자동차리스 이용조건을 행복한렌트몰에서 비교하고 차량별 견적과 지역별 상담 정보를 확인해보세요.","같은 차라도 조건은 다릅니다.비교하고 더 좋은 조건을 찾으세요."
"gyeongbuk\pohang-si\북구\덕산동\index.html","경북 포항시 북구 덕산동 장기렌트·자동차리스 가격비교 | 행복한렌트몰","경북 포항시 북구 덕산동 장기렌트와 자동차리스 이용조건을 행복한렌트몰에서 비교하고 차량별 견적과 지역별 상담 정보를 확인해보세요.","같은 차라도 조건은 다릅니다.비교하고 더 좋은 조건을 찾으세요."
"gyeongbuk\pohang-si\북구\덕수동\index.html","경북 포항시 북구 덕수동 장기렌트·자동차리스 가격비교 | 행복한렌트몰","경북 포항시 북구 덕수동 장기렌트와 자동차리스 이용조건을 행복한렌트몰에서 비교하고 차량별 견적과 지역별 상담 정보를 확인해보세요.","같은 차라도 조건은 다릅니다.비교하고 더 좋은 조건을 찾으세요."
"gyeongbuk\pohang-si\북구\두호동\index.html","경북 포항시 북구 두호동 장기렌트·자동차리스 가격비교 | 행복한렌트몰","경북 포항시 북구 두호동 장기렌트와 자동차리스 이용조건을 행복한렌트몰에서 비교하고 차량별 견적과 지역별 상담 정보를 확인해보세요.","같은 차라도 조건은 다릅니다.비교하고 더 좋은 조건을 찾으세요."
"gyeongbuk\pohang-si\북구\득량동\index.html","경북 포항시 북구 득량동 장기렌트·자동차리스 가격비교 | 행복한렌트몰","경북 포항시 북구 득량동 장기렌트와 자동차리스 이용조건을 행복한렌트몰에서 비교하고 차량별 견적과 지역별 상담 정보를 확인해보세요.","같은 차라도 조건은 다릅니다.비교하고 더 좋은 조건을 찾으세요."
"gyeongbuk\pohang-si\북구\상원동\index.html","경북 포항시 북구 상원동 장기렌트·자동차리스 가격비교 | 행복한렌트몰","경북 포항시 북구 상원동 장기렌트와 자동차리스 이용조건을 행복한렌트몰에서 비교하고 차량별 견적과 지역별 상담 정보를 확인해보세요.","같은 차라도 조건은 다릅니다.비교하고 더 좋은 조건을 찾으세요."
"gyeongbuk\pohang-si\북구\송라면\index.html","경북 포항시 북구 송라면 장기렌트·자동차리스 가격비교 | 행복한렌트몰","경북 포항시 북구 송라면 장기렌트와 자동차리스 이용조건을 행복한렌트몰에서 비교하고 차량별 견적과 지역별 상담 정보를 확인해보세요.","같은 차라도 조건은 다릅니다.비교하고 더 좋은 조건을 찾으세요."
"gyeongbuk\pohang-si\북구\신광면\index.html","경북 포항시 북구 신광면 장기렌트·자동차리스 가격비교 | 행복한렌트몰","경북 포항시 북구 신광면 장기렌트와 자동차리스 이용조건을 행복한렌트몰에서 비교하고 차량별 견적과 지역별 상담 정보를 확인해보세요.","같은 차라도 조건은 다릅니다.비교하고 더 좋은 조건을 찾으세요."
"gyeongbuk\pohang-si\북구\신흥동\index.html","경북 포항시 북구 신흥동 장기렌트·자동차리스 가격비교 | 행복한렌트몰","경북 포항시 북구 신흥동 장기렌트와 자동차리스 이용조건을 행복한렌트몰에서 비교하고 차량별 견적과 지역별 상담 정보를 확인해보세요.","같은 차라도 조건은 다릅니다.비교하고 더 좋은 조건을 찾으세요."
"gyeongbuk\pohang-si\북구\양덕동\index.html","경북 포항시 북구 양덕동 장기렌트·자동차리스 가격비교 | 행복한렌트몰","경북 포항시 북구 양덕동 장기렌트와 자동차리스 이용조건을 행복한렌트몰에서 비교하고 차량별 견적과 지역별 상담 정보를 확인해보세요.","같은 차라도 조건은 다릅니다.비교하고 더 좋은 조건을 찾으세요."
"gyeongbuk\pohang-si\북구\여남동\index.html","경북 포항시 북구 여남동 장기렌트·자동차리스 가격비교 | 행복한렌트몰","경북 포항시 북구 여남동 장기렌트와 자동차리스 이용조건을 행복한렌트몰에서 비교하고 차량별 견적과 지역별 상담 정보를 확인해보세요.","같은 차라도 조건은 다릅니다.비교하고 더 좋은 조건을 찾으세요."
"gyeongbuk\pohang-si\북구\여천동\index.html","경북 포항시 북구 여천동 장기렌트·자동차리스 가격비교 | 행복한렌트몰","경북 포항시 북구 여천동 장기렌트와 자동차리스 이용조건을 행복한렌트몰에서 비교하고 차량별 견적과 지역별 상담 정보를 확인해보세요.","같은 차라도 조건은 다릅니다.비교하고 더 좋은 조건을 찾으세요."
"gyeongbuk\pohang-si\북구\용흥동\index.html","경북 포항시 북구 용흥동 장기렌트·자동차리스 가격비교 | 행복한렌트몰","경북 포항시 북구 용흥동 장기렌트와 자동차리스 이용조건을 행복한렌트몰에서 비교하고 차량별 견적과 지역별 상담 정보를 확인해보세요.","같은 차라도 조건은 다릅니다.비교하고 더 좋은 조건을 찾으세요."
"gyeongbuk\pohang-si\북구\우현동\index.html","경북 포항시 북구 우현동 장기렌트·자동차리스 가격비교 | 행복한렌트몰","경북 포항시 북구 우현동 장기렌트와 자동차리스 이용조건을 행복한렌트몰에서 비교하고 차량별 견적과 지역별 상담 정보를 확인해보세요.","같은 차라도 조건은 다릅니다.비교하고 더 좋은 조건을 찾으세요."
"gyeongbuk\pohang-si\북구\장성동\index.html","경북 포항시 북구 장성동 장기렌트·자동차리스 가격비교 | 행복한렌트몰","경북 포항시 북구 장성동 장기렌트와 자동차리스 이용조건을 행복한렌트몰에서 비교하고 차량별 견적과 지역별 상담 정보를 확인해보세요.","같은 차라도 조건은 다릅니다.비교하고 더 좋은 조건을 찾으세요."
"gyeongbuk\pohang-si\북구\죽도동\index.html","경북 포항시 북구 죽도동 장기렌트·자동차리스 가격비교 | 행복한렌트몰","경북 포항시 북구 죽도동 장기렌트와 자동차리스 이용조건을 행복한렌트몰에서 비교하고 차량별 견적과 지역별 상담 정보를 확인해보세요.","같은 차라도 조건은 다릅니다.비교하고 더 좋은 조건을 찾으세요."
"gyeongbuk\pohang-si\북구\죽장면\index.html","경북 포항시 북구 죽장면 장기렌트·자동차리스 가격비교 | 행복한렌트몰","경북 포항시 북구 죽장면 장기렌트와 자동차리스 이용조건을 행복한렌트몰에서 비교하고 차량별 견적과 지역별 상담 정보를 확인해보세요.","같은 차라도 조건은 다릅니다.비교하고 더 좋은 조건을 찾으세요."
"gyeongbuk\pohang-si\북구\중앙동\index.html","경북 포항시 북구 중앙동 장기렌트·자동차리스 가격비교 | 행복한렌트몰","경북 포항시 북구 중앙동 장기렌트와 자동차리스 이용조건을 행복한렌트몰에서 비교하고 차량별 견적과 지역별 상담 정보를 확인해보세요.","같은 차라도 조건은 다릅니다.비교하고 더 좋은 조건을 찾으세요."
"gyeongbuk\pohang-si\북구\창포동\index.html","경북 포항시 북구 창포동 장기렌트·자동차리스 가격비교 | 행복한렌트몰","경북 포항시 북구 창포동 장기렌트와 자동차리스 이용조건을 행복한렌트몰에서 비교하고 차량별 견적과 지역별 상담 정보를 확인해보세요.","같은 차라도 조건은 다릅니다.비교하고 더 좋은 조건을 찾으세요."
"gyeongbuk\pohang-si\북구\청하면\index.html","경북 포항시 북구 청하면 장기렌트·자동차리스 가격비교 | 행복한렌트몰","경북 포항시 북구 청하면 장기렌트와 자동차리스 이용조건을 행복한렌트몰에서 비교하고 차량별 견적과 지역별 상담 정보를 확인해보세요.","같은 차라도 조건은 다릅니다.비교하고 더 좋은 조건을 찾으세요."
"gyeongbuk\pohang-si\북구\학산동\index.html","경북 포항시 북구 학산동 장기렌트·자동차리스 가격비교 | 행복한렌트몰","경북 포항시 북구 학산동 장기렌트와 자동차리스 이용조건을 행복한렌트몰에서 비교하고 차량별 견적과 지역별 상담 정보를 확인해보세요.","같은 차라도 조건은 다릅니다.비교하고 더 좋은 조건을 찾으세요."
"gyeongbuk\pohang-si\북구\학잠동\index.html","경북 포항시 북구 학잠동 장기렌트·자동차리스 가격비교 | 행복한렌트몰","경북 포항시 북구 학잠동 장기렌트와 자동차리스 이용조건을 행복한렌트몰에서 비교하고 차량별 견적과 지역별 상담 정보를 확인해보세요.","같은 차라도 조건은 다릅니다.비교하고 더 좋은 조건을 찾으세요."
"gyeongbuk\pohang-si\북구\항구동\index.html","경북 포항시 북구 항구동 장기렌트·자동차리스 가격비교 | 행복한렌트몰","경북 포항시 북구 항구동 장기렌트와 자동차리스 이용조건을 행복한렌트몰에서 비교하고 차량별 견적과 지역별 상담 정보를 확인해보세요.","같은 차라도 조건은 다릅니다.비교하고 더 좋은 조건을 찾으세요."
"gyeongbuk\pohang-si\북구\환호동\index.html","경북 포항시 북구 환호동 장기렌트·자동차리스 가격비교 | 행복한렌트몰","경북 포항시 북구 환호동 장기렌트와 자동차리스 이용조건을 행복한렌트몰에서 비교하고 차량별 견적과 지역별 상담 정보를 확인해보세요.","같은 차라도 조건은 다릅니다.비교하고 더 좋은 조건을 찾으세요."
"gyeongbuk\pohang-si\북구\흥해읍\index.html","경북 포항시 북구 흥해읍 장기렌트·자동차리스 가격비교 | 행복한렌트몰","경북 포항시 북구 흥해읍 장기렌트와 자동차리스 이용조건을 행복한렌트몰에서 비교하고 차량별 견적과 지역별 상담 정보를 확인해보세요.","같은 차라도 조건은 다릅니다.비교하고 더 좋은 조건을 찾으세요."
"gyeongbuk\sangju-si\index.html","경북 상주시 장기렌트·자동차리스 가격비교 | 행복한렌트몰","경북 상주시 장기렌트와 자동차리스 조건을 행복한렌트몰에서 비교하고 지역별 상담 정보를 확인해보세요.","같은 차라도 조건은 다릅니다.비교하고 더 좋은 조건을 찾으세요."
"gyeongbuk\sangju-si\가장동\index.html","경북 상주시 가장동 장기렌트·자동차리스 가격비교 | 행복한렌트몰","경북 상주시 가장동 장기렌트와 자동차리스 이용조건을 행복한렌트몰에서 비교하고 차량별 견적과 지역별 상담 정보를 확인해보세요.","같은 차라도 조건은 다릅니다.비교하고 더 좋은 조건을 찾으세요."
"gyeongbuk\sangju-si\개운동\index.html","경북 상주시 개운동 장기렌트·자동차리스 가격비교 | 행복한렌트몰","경북 상주시 개운동 장기렌트와 자동차리스 이용조건을 행복한렌트몰에서 비교하고 차량별 견적과 지역별 상담 정보를 확인해보세요.","같은 차라도 조건은 다릅니다.비교하고 더 좋은 조건을 찾으세요."
"gyeongbuk\sangju-si\거동동\index.html","경북 상주시 거동동 장기렌트·자동차리스 가격비교 | 행복한렌트몰","경북 상주시 거동동 장기렌트와 자동차리스 이용조건을 행복한렌트몰에서 비교하고 차량별 견적과 지역별 상담 정보를 확인해보세요.","같은 차라도 조건은 다릅니다.비교하고 더 좋은 조건을 찾으세요."
"gyeongbuk\sangju-si\계산동\index.html","경북 상주시 계산동 장기렌트·자동차리스 가격비교 | 행복한렌트몰","경북 상주시 계산동 장기렌트와 자동차리스 이용조건을 행복한렌트몰에서 비교하고 차량별 견적과 지역별 상담 정보를 확인해보세요.","같은 차라도 조건은 다릅니다.비교하고 더 좋은 조건을 찾으세요."
"gyeongbuk\sangju-si\공검면\index.html","경북 상주시 공검면 장기렌트·자동차리스 가격비교 | 행복한렌트몰","경북 상주시 공검면 장기렌트와 자동차리스 이용조건을 행복한렌트몰에서 비교하고 차량별 견적과 지역별 상담 정보를 확인해보세요.","같은 차라도 조건은 다릅니다.비교하고 더 좋은 조건을 찾으세요."
"gyeongbuk\sangju-si\공성면\index.html","경북 상주시 공성면 장기렌트·자동차리스 가격비교 | 행복한렌트몰","경북 상주시 공성면 장기렌트와 자동차리스 이용조건을 행복한렌트몰에서 비교하고 차량별 견적과 지역별 상담 정보를 확인해보세요.","같은 차라도 조건은 다릅니다.비교하고 더 좋은 조건을 찾으세요."
"gyeongbuk\sangju-si\낙동면\index.html","경북 상주시 낙동면 장기렌트·자동차리스 가격비교 | 행복한렌트몰","경북 상주시 낙동면 장기렌트와 자동차리스 이용조건을 행복한렌트몰에서 비교하고 차량별 견적과 지역별 상담 정보를 확인해보세요.","같은 차라도 조건은 다릅니다.비교하고 더 좋은 조건을 찾으세요."
"gyeongbuk\sangju-si\낙상동\index.html","경북 상주시 낙상동 장기렌트·자동차리스 가격비교 | 행복한렌트몰","경북 상주시 낙상동 장기렌트와 자동차리스 이용조건을 행복한렌트몰에서 비교하고 차량별 견적과 지역별 상담 정보를 확인해보세요.","같은 차라도 조건은 다릅니다.비교하고 더 좋은 조건을 찾으세요."
"gyeongbuk\sangju-si\낙양동\index.html","경북 상주시 낙양동 장기렌트·자동차리스 가격비교 | 행복한렌트몰","경북 상주시 낙양동 장기렌트와 자동차리스 이용조건을 행복한렌트몰에서 비교하고 차량별 견적과 지역별 상담 정보를 확인해보세요.","같은 차라도 조건은 다릅니다.비교하고 더 좋은 조건을 찾으세요."
"gyeongbuk\sangju-si\남성동\index.html","경북 상주시 남성동 장기렌트·자동차리스 가격비교 | 행복한렌트몰","경북 상주시 남성동 장기렌트와 자동차리스 이용조건을 행복한렌트몰에서 비교하고 차량별 견적과 지역별 상담 정보를 확인해보세요.","같은 차라도 조건은 다릅니다.비교하고 더 좋은 조건을 찾으세요."
"gyeongbuk\sangju-si\남장동\index.html","경북 상주시 남장동 장기렌트·자동차리스 가격비교 | 행복한렌트몰","경북 상주시 남장동 장기렌트와 자동차리스 이용조건을 행복한렌트몰에서 비교하고 차량별 견적과 지역별 상담 정보를 확인해보세요.","같은 차라도 조건은 다릅니다.비교하고 더 좋은 조건을 찾으세요."
"gyeongbuk\sangju-si\남적동\index.html","경북 상주시 남적동 장기렌트·자동차리스 가격비교 | 행복한렌트몰","경북 상주시 남적동 장기렌트와 자동차리스 이용조건을 행복한렌트몰에서 비교하고 차량별 견적과 지역별 상담 정보를 확인해보세요.","같은 차라도 조건은 다릅니다.비교하고 더 좋은 조건을 찾으세요."
"gyeongbuk\sangju-si\내서면\index.html","경북 상주시 내서면 장기렌트·자동차리스 가격비교 | 행복한렌트몰","경북 상주시 내서면 장기렌트와 자동차리스 이용조건을 행복한렌트몰에서 비교하고 차량별 견적과 지역별 상담 정보를 확인해보세요.","같은 차라도 조건은 다릅니다.비교하고 더 좋은 조건을 찾으세요."
"gyeongbuk\sangju-si\냉림동\index.html","경북 상주시 냉림동 장기렌트·자동차리스 가격비교 | 행복한렌트몰","경북 상주시 냉림동 장기렌트와 자동차리스 이용조건을 행복한렌트몰에서 비교하고 차량별 견적과 지역별 상담 정보를 확인해보세요.","같은 차라도 조건은 다릅니다.비교하고 더 좋은 조건을 찾으세요."
"gyeongbuk\sangju-si\도남동\index.html","경북 상주시 도남동 장기렌트·자동차리스 가격비교 | 행복한렌트몰","경북 상주시 도남동 장기렌트와 자동차리스 이용조건을 행복한렌트몰에서 비교하고 차량별 견적과 지역별 상담 정보를 확인해보세요.","같은 차라도 조건은 다릅니다.비교하고 더 좋은 조건을 찾으세요."
"gyeongbuk\sangju-si\만산동\index.html","경북 상주시 만산동 장기렌트·자동차리스 가격비교 | 행복한렌트몰","경북 상주시 만산동 장기렌트와 자동차리스 이용조건을 행복한렌트몰에서 비교하고 차량별 견적과 지역별 상담 정보를 확인해보세요.","같은 차라도 조건은 다릅니다.비교하고 더 좋은 조건을 찾으세요."
"gyeongbuk\sangju-si\모동면\index.html","경북 상주시 모동면 장기렌트·자동차리스 가격비교 | 행복한렌트몰","경북 상주시 모동면 장기렌트와 자동차리스 이용조건을 행복한렌트몰에서 비교하고 차량별 견적과 지역별 상담 정보를 확인해보세요.","같은 차라도 조건은 다릅니다.비교하고 더 좋은 조건을 찾으세요."
"gyeongbuk\sangju-si\모서면\index.html","경북 상주시 모서면 장기렌트·자동차리스 가격비교 | 행복한렌트몰","경북 상주시 모서면 장기렌트와 자동차리스 이용조건을 행복한렌트몰에서 비교하고 차량별 견적과 지역별 상담 정보를 확인해보세요.","같은 차라도 조건은 다릅니다.비교하고 더 좋은 조건을 찾으세요."
"gyeongbuk\sangju-si\무양동\index.html","경북 상주시 무양동 장기렌트·자동차리스 가격비교 | 행복한렌트몰","경북 상주시 무양동 장기렌트와 자동차리스 이용조건을 행복한렌트몰에서 비교하고 차량별 견적과 지역별 상담 정보를 확인해보세요.","같은 차라도 조건은 다릅니다.비교하고 더 좋은 조건을 찾으세요."
"gyeongbuk\sangju-si\병성동\index.html","경북 상주시 병성동 장기렌트·자동차리스 가격비교 | 행복한렌트몰","경북 상주시 병성동 장기렌트와 자동차리스 이용조건을 행복한렌트몰에서 비교하고 차량별 견적과 지역별 상담 정보를 확인해보세요.","같은 차라도 조건은 다릅니다.비교하고 더 좋은 조건을 찾으세요."
"gyeongbuk\sangju-si\복룡동\index.html","경북 상주시 복룡동 장기렌트·자동차리스 가격비교 | 행복한렌트몰","경북 상주시 복룡동 장기렌트와 자동차리스 이용조건을 행복한렌트몰에서 비교하고 차량별 견적과 지역별 상담 정보를 확인해보세요.","같은 차라도 조건은 다릅니다.비교하고 더 좋은 조건을 찾으세요."
"gyeongbuk\sangju-si\부원동\index.html","경북 상주시 부원동 장기렌트·자동차리스 가격비교 | 행복한렌트몰","경북 상주시 부원동 장기렌트와 자동차리스 이용조건을 행복한렌트몰에서 비교하고 차량별 견적과 지역별 상담 정보를 확인해보세요.","같은 차라도 조건은 다릅니다.비교하고 더 좋은 조건을 찾으세요."
"gyeongbuk\sangju-si\사벌국면\index.html","경북 상주시 사벌국면 장기렌트·자동차리스 가격비교 | 행복한렌트몰","경북 상주시 사벌국면 장기렌트와 자동차리스 이용조건을 행복한렌트몰에서 비교하고 차량별 견적과 지역별 상담 정보를 확인해보세요.","같은 차라도 조건은 다릅니다.비교하고 더 좋은 조건을 찾으세요."
"gyeongbuk\sangju-si\서곡동\index.html","경북 상주시 서곡동 장기렌트·자동차리스 가격비교 | 행복한렌트몰","경북 상주시 서곡동 장기렌트와 자동차리스 이용조건을 행복한렌트몰에서 비교하고 차량별 견적과 지역별 상담 정보를 확인해보세요.","같은 차라도 조건은 다릅니다.비교하고 더 좋은 조건을 찾으세요."
"gyeongbuk\sangju-si\서문동\index.html","경북 상주시 서문동 장기렌트·자동차리스 가격비교 | 행복한렌트몰","경북 상주시 서문동 장기렌트와 자동차리스 이용조건을 행복한렌트몰에서 비교하고 차량별 견적과 지역별 상담 정보를 확인해보세요.","같은 차라도 조건은 다릅니다.비교하고 더 좋은 조건을 찾으세요."
"gyeongbuk\sangju-si\서성동\index.html","경북 상주시 서성동 장기렌트·자동차리스 가격비교 | 행복한렌트몰","경북 상주시 서성동 장기렌트와 자동차리스 이용조건을 행복한렌트몰에서 비교하고 차량별 견적과 지역별 상담 정보를 확인해보세요.","같은 차라도 조건은 다릅니다.비교하고 더 좋은 조건을 찾으세요."
"gyeongbuk\sangju-si\성동동\index.html","경북 상주시 성동동 장기렌트·자동차리스 가격비교 | 행복한렌트몰","경북 상주시 성동동 장기렌트와 자동차리스 이용조건을 행복한렌트몰에서 비교하고 차량별 견적과 지역별 상담 정보를 확인해보세요.","같은 차라도 조건은 다릅니다.비교하고 더 좋은 조건을 찾으세요."
"gyeongbuk\sangju-si\성하동\index.html","경북 상주시 성하동 장기렌트·자동차리스 가격비교 | 행복한렌트몰","경북 상주시 성하동 장기렌트와 자동차리스 이용조건을 행복한렌트몰에서 비교하고 차량별 견적과 지역별 상담 정보를 확인해보세요.","같은 차라도 조건은 다릅니다.비교하고 더 좋은 조건을 찾으세요."
"gyeongbuk\sangju-si\신봉동\index.html","경북 상주시 신봉동 장기렌트·자동차리스 가격비교 | 행복한렌트몰","경북 상주시 신봉동 장기렌트와 자동차리스 이용조건을 행복한렌트몰에서 비교하고 차량별 견적과 지역별 상담 정보를 확인해보세요.","같은 차라도 조건은 다릅니다.비교하고 더 좋은 조건을 찾으세요."
"gyeongbuk\sangju-si\양촌동\index.html","경북 상주시 양촌동 장기렌트·자동차리스 가격비교 | 행복한렌트몰","경북 상주시 양촌동 장기렌트와 자동차리스 이용조건을 행복한렌트몰에서 비교하고 차량별 견적과 지역별 상담 정보를 확인해보세요.","같은 차라도 조건은 다릅니다.비교하고 더 좋은 조건을 찾으세요."
"gyeongbuk\sangju-si\연원동\index.html","경북 상주시 연원동 장기렌트·자동차리스 가격비교 | 행복한렌트몰","경북 상주시 연원동 장기렌트와 자동차리스 이용조건을 행복한렌트몰에서 비교하고 차량별 견적과 지역별 상담 정보를 확인해보세요.","같은 차라도 조건은 다릅니다.비교하고 더 좋은 조건을 찾으세요."
"gyeongbuk\sangju-si\오대동\index.html","경북 상주시 오대동 장기렌트·자동차리스 가격비교 | 행복한렌트몰","경북 상주시 오대동 장기렌트와 자동차리스 이용조건을 행복한렌트몰에서 비교하고 차량별 견적과 지역별 상담 정보를 확인해보세요.","같은 차라도 조건은 다릅니다.비교하고 더 좋은 조건을 찾으세요."
"gyeongbuk\sangju-si\외남면\index.html","경북 상주시 외남면 장기렌트·자동차리스 가격비교 | 행복한렌트몰","경북 상주시 외남면 장기렌트와 자동차리스 이용조건을 행복한렌트몰에서 비교하고 차량별 견적과 지역별 상담 정보를 확인해보세요.","같은 차라도 조건은 다릅니다.비교하고 더 좋은 조건을 찾으세요."
"gyeongbuk\sangju-si\외답동\index.html","경북 상주시 외답동 장기렌트·자동차리스 가격비교 | 행복한렌트몰","경북 상주시 외답동 장기렌트와 자동차리스 이용조건을 행복한렌트몰에서 비교하고 차량별 견적과 지역별 상담 정보를 확인해보세요.","같은 차라도 조건은 다릅니다.비교하고 더 좋은 조건을 찾으세요."
"gyeongbuk\sangju-si\외서면\index.html","경북 상주시 외서면 장기렌트·자동차리스 가격비교 | 행복한렌트몰","경북 상주시 외서면 장기렌트와 자동차리스 이용조건을 행복한렌트몰에서 비교하고 차량별 견적과 지역별 상담 정보를 확인해보세요.","같은 차라도 조건은 다릅니다.비교하고 더 좋은 조건을 찾으세요."
"gyeongbuk\sangju-si\은척면\index.html","경북 상주시 은척면 장기렌트·자동차리스 가격비교 | 행복한렌트몰","경북 상주시 은척면 장기렌트와 자동차리스 이용조건을 행복한렌트몰에서 비교하고 차량별 견적과 지역별 상담 정보를 확인해보세요.","같은 차라도 조건은 다릅니다.비교하고 더 좋은 조건을 찾으세요."
"gyeongbuk\sangju-si\이안면\index.html","경북 상주시 이안면 장기렌트·자동차리스 가격비교 | 행복한렌트몰","경북 상주시 이안면 장기렌트와 자동차리스 이용조건을 행복한렌트몰에서 비교하고 차량별 견적과 지역별 상담 정보를 확인해보세요.","같은 차라도 조건은 다릅니다.비교하고 더 좋은 조건을 찾으세요."
"gyeongbuk\sangju-si\인봉동\index.html","경북 상주시 인봉동 장기렌트·자동차리스 가격비교 | 행복한렌트몰","경북 상주시 인봉동 장기렌트와 자동차리스 이용조건을 행복한렌트몰에서 비교하고 차량별 견적과 지역별 상담 정보를 확인해보세요.","같은 차라도 조건은 다릅니다.비교하고 더 좋은 조건을 찾으세요."
"gyeongbuk\sangju-si\인평동\index.html","경북 상주시 인평동 장기렌트·자동차리스 가격비교 | 행복한렌트몰","경북 상주시 인평동 장기렌트와 자동차리스 이용조건을 행복한렌트몰에서 비교하고 차량별 견적과 지역별 상담 정보를 확인해보세요.","같은 차라도 조건은 다릅니다.비교하고 더 좋은 조건을 찾으세요."
"gyeongbuk\sangju-si\죽전동\index.html","경북 상주시 죽전동 장기렌트·자동차리스 가격비교 | 행복한렌트몰","경북 상주시 죽전동 장기렌트와 자동차리스 이용조건을 행복한렌트몰에서 비교하고 차량별 견적과 지역별 상담 정보를 확인해보세요.","같은 차라도 조건은 다릅니다.비교하고 더 좋은 조건을 찾으세요."
"gyeongbuk\sangju-si\중덕동\index.html","경북 상주시 중덕동 장기렌트·자동차리스 가격비교 | 행복한렌트몰","경북 상주시 중덕동 장기렌트와 자동차리스 이용조건을 행복한렌트몰에서 비교하고 차량별 견적과 지역별 상담 정보를 확인해보세요.","같은 차라도 조건은 다릅니다.비교하고 더 좋은 조건을 찾으세요."
"gyeongbuk\sangju-si\중동면\index.html","경북 상주시 중동면 장기렌트·자동차리스 가격비교 | 행복한렌트몰","경북 상주시 중동면 장기렌트와 자동차리스 이용조건을 행복한렌트몰에서 비교하고 차량별 견적과 지역별 상담 정보를 확인해보세요.","같은 차라도 조건은 다릅니다.비교하고 더 좋은 조건을 찾으세요."
"gyeongbuk\sangju-si\지천동\index.html","경북 상주시 지천동 장기렌트·자동차리스 가격비교 | 행복한렌트몰","경북 상주시 지천동 장기렌트와 자동차리스 이용조건을 행복한렌트몰에서 비교하고 차량별 견적과 지역별 상담 정보를 확인해보세요.","같은 차라도 조건은 다릅니다.비교하고 더 좋은 조건을 찾으세요."
"gyeongbuk\sangju-si\청리면\index.html","경북 상주시 청리면 장기렌트·자동차리스 가격비교 | 행복한렌트몰","경북 상주시 청리면 장기렌트와 자동차리스 이용조건을 행복한렌트몰에서 비교하고 차량별 견적과 지역별 상담 정보를 확인해보세요.","같은 차라도 조건은 다릅니다.비교하고 더 좋은 조건을 찾으세요."
"gyeongbuk\sangju-si\초산동\index.html","경북 상주시 초산동 장기렌트·자동차리스 가격비교 | 행복한렌트몰","경북 상주시 초산동 장기렌트와 자동차리스 이용조건을 행복한렌트몰에서 비교하고 차량별 견적과 지역별 상담 정보를 확인해보세요.","같은 차라도 조건은 다릅니다.비교하고 더 좋은 조건을 찾으세요."
"gyeongbuk\sangju-si\함창읍\index.html","경북 상주시 함창읍 장기렌트·자동차리스 가격비교 | 행복한렌트몰","경북 상주시 함창읍 장기렌트와 자동차리스 이용조건을 행복한렌트몰에서 비교하고 차량별 견적과 지역별 상담 정보를 확인해보세요.","같은 차라도 조건은 다릅니다.비교하고 더 좋은 조건을 찾으세요."
"gyeongbuk\sangju-si\헌신동\index.html","경북 상주시 헌신동 장기렌트·자동차리스 가격비교 | 행복한렌트몰","경북 상주시 헌신동 장기렌트와 자동차리스 이용조건을 행복한렌트몰에서 비교하고 차량별 견적과 지역별 상담 정보를 확인해보세요.","같은 차라도 조건은 다릅니다.비교하고 더 좋은 조건을 찾으세요."
"gyeongbuk\sangju-si\화개동\index.html","경북 상주시 화개동 장기렌트·자동차리스 가격비교 | 행복한렌트몰","경북 상주시 화개동 장기렌트와 자동차리스 이용조건을 행복한렌트몰에서 비교하고 차량별 견적과 지역별 상담 정보를 확인해보세요.","같은 차라도 조건은 다릅니다.비교하고 더 좋은 조건을 찾으세요."
"gyeongbuk\sangju-si\화남면\index.html","경북 상주시 화남면 장기렌트·자동차리스 가격비교 | 행복한렌트몰","경북 상주시 화남면 장기렌트와 자동차리스 이용조건을 행복한렌트몰에서 비교하고 차량별 견적과 지역별 상담 정보를 확인해보세요.","같은 차라도 조건은 다릅니다.비교하고 더 좋은 조건을 찾으세요."
"gyeongbuk\sangju-si\화동면\index.html","경북 상주시 화동면 장기렌트·자동차리스 가격비교 | 행복한렌트몰","경북 상주시 화동면 장기렌트와 자동차리스 이용조건을 행복한렌트몰에서 비교하고 차량별 견적과 지역별 상담 정보를 확인해보세요.","같은 차라도 조건은 다릅니다.비교하고 더 좋은 조건을 찾으세요."
"gyeongbuk\sangju-si\화북면\index.html","경북 상주시 화북면 장기렌트·자동차리스 가격비교 | 행복한렌트몰","경북 상주시 화북면 장기렌트와 자동차리스 이용조건을 행복한렌트몰에서 비교하고 차량별 견적과 지역별 상담 정보를 확인해보세요.","같은 차라도 조건은 다릅니다.비교하고 더 좋은 조건을 찾으세요."
"gyeongbuk\sangju-si\화산동\index.html","경북 상주시 화산동 장기렌트·자동차리스 가격비교 | 행복한렌트몰","경북 상주시 화산동 장기렌트와 자동차리스 이용조건을 행복한렌트몰에서 비교하고 차량별 견적과 지역별 상담 정보를 확인해보세요.","같은 차라도 조건은 다릅니다.비교하고 더 좋은 조건을 찾으세요."
"gyeongbuk\sangju-si\화서면\index.html","경북 상주시 화서면 장기렌트·자동차리스 가격비교 | 행복한렌트몰","경북 상주시 화서면 장기렌트와 자동차리스 이용조건을 행복한렌트몰에서 비교하고 차량별 견적과 지역별 상담 정보를 확인해보세요.","같은 차라도 조건은 다릅니다.비교하고 더 좋은 조건을 찾으세요."
"gyeongbuk\sangju-si\흥각동\index.html","경북 상주시 흥각동 장기렌트·자동차리스 가격비교 | 행복한렌트몰","경북 상주시 흥각동 장기렌트와 자동차리스 이용조건을 행복한렌트몰에서 비교하고 차량별 견적과 지역별 상담 정보를 확인해보세요.","같은 차라도 조건은 다릅니다.비교하고 더 좋은 조건을 찾으세요."
"gyeongbuk\seongju-gun\index.html","경북 성주군 장기렌트·자동차리스 가격비교 | 행복한렌트몰","경북 성주군 장기렌트와 자동차리스 조건을 행복한렌트몰에서 비교하고 지역별 상담 정보를 확인해보세요.","같은 차라도 조건은 다릅니다.비교하고 더 좋은 조건을 찾으세요."
"gyeongbuk\seongju-gun\가천면\index.html","경북 성주군 가천면 장기렌트·자동차리스 가격비교 | 행복한렌트몰","경북 성주군 가천면 장기렌트와 자동차리스 이용조건을 행복한렌트몰에서 비교하고 차량별 견적과 지역별 상담 정보를 확인해보세요.","같은 차라도 조건은 다릅니다.비교하고 더 좋은 조건을 찾으세요."
"gyeongbuk\seongju-gun\금수강산면\index.html","경북 성주군 금수강산면 장기렌트·자동차리스 가격비교 | 행복한렌트몰","경북 성주군 금수강산면 장기렌트와 자동차리스 이용조건을 행복한렌트몰에서 비교하고 차량별 견적과 지역별 상담 정보를 확인해보세요.","같은 차라도 조건은 다릅니다.비교하고 더 좋은 조건을 찾으세요."
"gyeongbuk\seongju-gun\대가면\index.html","경북 성주군 대가면 장기렌트·자동차리스 가격비교 | 행복한렌트몰","경북 성주군 대가면 장기렌트와 자동차리스 이용조건을 행복한렌트몰에서 비교하고 차량별 견적과 지역별 상담 정보를 확인해보세요.","같은 차라도 조건은 다릅니다.비교하고 더 좋은 조건을 찾으세요."
"gyeongbuk\seongju-gun\벽진면\index.html","경북 성주군 벽진면 장기렌트·자동차리스 가격비교 | 행복한렌트몰","경북 성주군 벽진면 장기렌트와 자동차리스 이용조건을 행복한렌트몰에서 비교하고 차량별 견적과 지역별 상담 정보를 확인해보세요.","같은 차라도 조건은 다릅니다.비교하고 더 좋은 조건을 찾으세요."
"gyeongbuk\seongju-gun\선남면\index.html","경북 성주군 선남면 장기렌트·자동차리스 가격비교 | 행복한렌트몰","경북 성주군 선남면 장기렌트와 자동차리스 이용조건을 행복한렌트몰에서 비교하고 차량별 견적과 지역별 상담 정보를 확인해보세요.","같은 차라도 조건은 다릅니다.비교하고 더 좋은 조건을 찾으세요."
"gyeongbuk\seongju-gun\성주읍\index.html","경북 성주군 성주읍 장기렌트·자동차리스 가격비교 | 행복한렌트몰","경북 성주군 성주읍 장기렌트와 자동차리스 이용조건을 행복한렌트몰에서 비교하고 차량별 견적과 지역별 상담 정보를 확인해보세요.","같은 차라도 조건은 다릅니다.비교하고 더 좋은 조건을 찾으세요."
"gyeongbuk\seongju-gun\수륜면\index.html","경북 성주군 수륜면 장기렌트·자동차리스 가격비교 | 행복한렌트몰","경북 성주군 수륜면 장기렌트와 자동차리스 이용조건을 행복한렌트몰에서 비교하고 차량별 견적과 지역별 상담 정보를 확인해보세요.","같은 차라도 조건은 다릅니다.비교하고 더 좋은 조건을 찾으세요."
"gyeongbuk\seongju-gun\용암면\index.html","경북 성주군 용암면 장기렌트·자동차리스 가격비교 | 행복한렌트몰","경북 성주군 용암면 장기렌트와 자동차리스 이용조건을 행복한렌트몰에서 비교하고 차량별 견적과 지역별 상담 정보를 확인해보세요.","같은 차라도 조건은 다릅니다.비교하고 더 좋은 조건을 찾으세요."
"gyeongbuk\seongju-gun\월항면\index.html","경북 성주군 월항면 장기렌트·자동차리스 가격비교 | 행복한렌트몰","경북 성주군 월항면 장기렌트와 자동차리스 이용조건을 행복한렌트몰에서 비교하고 차량별 견적과 지역별 상담 정보를 확인해보세요.","같은 차라도 조건은 다릅니다.비교하고 더 좋은 조건을 찾으세요."
"gyeongbuk\seongju-gun\초전면\index.html","경북 성주군 초전면 장기렌트·자동차리스 가격비교 | 행복한렌트몰","경북 성주군 초전면 장기렌트와 자동차리스 이용조건을 행복한렌트몰에서 비교하고 차량별 견적과 지역별 상담 정보를 확인해보세요.","같은 차라도 조건은 다릅니다.비교하고 더 좋은 조건을 찾으세요."
"gyeongbuk\uiseong-gun\index.html","경북 의성군 장기렌트·자동차리스 가격비교 | 행복한렌트몰","경북 의성군 장기렌트와 자동차리스 조건을 행복한렌트몰에서 비교하고 지역별 상담 정보를 확인해보세요.","같은 차라도 조건은 다릅니다.비교하고 더 좋은 조건을 찾으세요."
"gyeongbuk\uiseong-gun\가음면\index.html","경북 의성군 가음면 장기렌트·자동차리스 가격비교 | 행복한렌트몰","경북 의성군 가음면 장기렌트와 자동차리스 이용조건을 행복한렌트몰에서 비교하고 차량별 견적과 지역별 상담 정보를 확인해보세요.","같은 차라도 조건은 다릅니다.비교하고 더 좋은 조건을 찾으세요."
"gyeongbuk\uiseong-gun\구천면\index.html","경북 의성군 구천면 장기렌트·자동차리스 가격비교 | 행복한렌트몰","경북 의성군 구천면 장기렌트와 자동차리스 이용조건을 행복한렌트몰에서 비교하고 차량별 견적과 지역별 상담 정보를 확인해보세요.","같은 차라도 조건은 다릅니다.비교하고 더 좋은 조건을 찾으세요."
"gyeongbuk\uiseong-gun\금성면\index.html","경북 의성군 금성면 장기렌트·자동차리스 가격비교 | 행복한렌트몰","경북 의성군 금성면 장기렌트와 자동차리스 이용조건을 행복한렌트몰에서 비교하고 차량별 견적과 지역별 상담 정보를 확인해보세요.","같은 차라도 조건은 다릅니다.비교하고 더 좋은 조건을 찾으세요."
"gyeongbuk\uiseong-gun\다인면\index.html","경북 의성군 다인면 장기렌트·자동차리스 가격비교 | 행복한렌트몰","경북 의성군 다인면 장기렌트와 자동차리스 이용조건을 행복한렌트몰에서 비교하고 차량별 견적과 지역별 상담 정보를 확인해보세요.","같은 차라도 조건은 다릅니다.비교하고 더 좋은 조건을 찾으세요."
"gyeongbuk\uiseong-gun\단밀면\index.html","경북 의성군 단밀면 장기렌트·자동차리스 가격비교 | 행복한렌트몰","경북 의성군 단밀면 장기렌트와 자동차리스 이용조건을 행복한렌트몰에서 비교하고 차량별 견적과 지역별 상담 정보를 확인해보세요.","같은 차라도 조건은 다릅니다.비교하고 더 좋은 조건을 찾으세요."
"gyeongbuk\uiseong-gun\단북면\index.html","경북 의성군 단북면 장기렌트·자동차리스 가격비교 | 행복한렌트몰","경북 의성군 단북면 장기렌트와 자동차리스 이용조건을 행복한렌트몰에서 비교하고 차량별 견적과 지역별 상담 정보를 확인해보세요.","같은 차라도 조건은 다릅니다.비교하고 더 좋은 조건을 찾으세요."
"gyeongbuk\uiseong-gun\단촌면\index.html","경북 의성군 단촌면 장기렌트·자동차리스 가격비교 | 행복한렌트몰","경북 의성군 단촌면 장기렌트와 자동차리스 이용조건을 행복한렌트몰에서 비교하고 차량별 견적과 지역별 상담 정보를 확인해보세요.","같은 차라도 조건은 다릅니다.비교하고 더 좋은 조건을 찾으세요."
"gyeongbuk\uiseong-gun\봉양면\index.html","경북 의성군 봉양면 장기렌트·자동차리스 가격비교 | 행복한렌트몰","경북 의성군 봉양면 장기렌트와 자동차리스 이용조건을 행복한렌트몰에서 비교하고 차량별 견적과 지역별 상담 정보를 확인해보세요.","같은 차라도 조건은 다릅니다.비교하고 더 좋은 조건을 찾으세요."
"gyeongbuk\uiseong-gun\비안면\index.html","경북 의성군 비안면 장기렌트·자동차리스 가격비교 | 행복한렌트몰","경북 의성군 비안면 장기렌트와 자동차리스 이용조건을 행복한렌트몰에서 비교하고 차량별 견적과 지역별 상담 정보를 확인해보세요.","같은 차라도 조건은 다릅니다.비교하고 더 좋은 조건을 찾으세요."
"gyeongbuk\uiseong-gun\사곡면\index.html","경북 의성군 사곡면 장기렌트·자동차리스 가격비교 | 행복한렌트몰","경북 의성군 사곡면 장기렌트와 자동차리스 이용조건을 행복한렌트몰에서 비교하고 차량별 견적과 지역별 상담 정보를 확인해보세요.","같은 차라도 조건은 다릅니다.비교하고 더 좋은 조건을 찾으세요."
"gyeongbuk\uiseong-gun\신평면\index.html","경북 의성군 신평면 장기렌트·자동차리스 가격비교 | 행복한렌트몰","경북 의성군 신평면 장기렌트와 자동차리스 이용조건을 행복한렌트몰에서 비교하고 차량별 견적과 지역별 상담 정보를 확인해보세요.","같은 차라도 조건은 다릅니다.비교하고 더 좋은 조건을 찾으세요."
"gyeongbuk\uiseong-gun\안계면\index.html","경북 의성군 안계면 장기렌트·자동차리스 가격비교 | 행복한렌트몰","경북 의성군 안계면 장기렌트와 자동차리스 이용조건을 행복한렌트몰에서 비교하고 차량별 견적과 지역별 상담 정보를 확인해보세요.","같은 차라도 조건은 다릅니다.비교하고 더 좋은 조건을 찾으세요."
"gyeongbuk\uiseong-gun\안사면\index.html","경북 의성군 안사면 장기렌트·자동차리스 가격비교 | 행복한렌트몰","경북 의성군 안사면 장기렌트와 자동차리스 이용조건을 행복한렌트몰에서 비교하고 차량별 견적과 지역별 상담 정보를 확인해보세요.","같은 차라도 조건은 다릅니다.비교하고 더 좋은 조건을 찾으세요."
"gyeongbuk\uiseong-gun\안평면\index.html","경북 의성군 안평면 장기렌트·자동차리스 가격비교 | 행복한렌트몰","경북 의성군 안평면 장기렌트와 자동차리스 이용조건을 행복한렌트몰에서 비교하고 차량별 견적과 지역별 상담 정보를 확인해보세요.","같은 차라도 조건은 다릅니다.비교하고 더 좋은 조건을 찾으세요."
"gyeongbuk\uiseong-gun\옥산면\index.html","경북 의성군 옥산면 장기렌트·자동차리스 가격비교 | 행복한렌트몰","경북 의성군 옥산면 장기렌트와 자동차리스 이용조건을 행복한렌트몰에서 비교하고 차량별 견적과 지역별 상담 정보를 확인해보세요.","같은 차라도 조건은 다릅니다.비교하고 더 좋은 조건을 찾으세요."
"gyeongbuk\uiseong-gun\의성읍\index.html","경북 의성군 의성읍 장기렌트·자동차리스 가격비교 | 행복한렌트몰","경북 의성군 의성읍 장기렌트와 자동차리스 이용조건을 행복한렌트몰에서 비교하고 차량별 견적과 지역별 상담 정보를 확인해보세요.","같은 차라도 조건은 다릅니다.비교하고 더 좋은 조건을 찾으세요."
"gyeongbuk\uiseong-gun\점곡면\index.html","경북 의성군 점곡면 장기렌트·자동차리스 가격비교 | 행복한렌트몰","경북 의성군 점곡면 장기렌트와 자동차리스 이용조건을 행복한렌트몰에서 비교하고 차량별 견적과 지역별 상담 정보를 확인해보세요.","같은 차라도 조건은 다릅니다.비교하고 더 좋은 조건을 찾으세요."
"gyeongbuk\uiseong-gun\춘산면\index.html","경북 의성군 춘산면 장기렌트·자동차리스 가격비교 | 행복한렌트몰","경북 의성군 춘산면 장기렌트와 자동차리스 이용조건을 행복한렌트몰에서 비교하고 차량별 견적과 지역별 상담 정보를 확인해보세요.","같은 차라도 조건은 다릅니다.비교하고 더 좋은 조건을 찾으세요."
"gyeongbuk\uljin-gun\index.html","경북 울진군 장기렌트·자동차리스 가격비교 | 행복한렌트몰","경북 울진군 장기렌트와 자동차리스 조건을 행복한렌트몰에서 비교하고 지역별 상담 정보를 확인해보세요.","같은 차라도 조건은 다릅니다.비교하고 더 좋은 조건을 찾으세요."
"gyeongbuk\uljin-gun\근남면\index.html","경북 울진군 근남면 장기렌트·자동차리스 가격비교 | 행복한렌트몰","경북 울진군 근남면 장기렌트와 자동차리스 이용조건을 행복한렌트몰에서 비교하고 차량별 견적과 지역별 상담 정보를 확인해보세요.","같은 차라도 조건은 다릅니다.비교하고 더 좋은 조건을 찾으세요."
"gyeongbuk\uljin-gun\금강송면\index.html","경북 울진군 금강송면 장기렌트·자동차리스 가격비교 | 행복한렌트몰","경북 울진군 금강송면 장기렌트와 자동차리스 이용조건을 행복한렌트몰에서 비교하고 차량별 견적과 지역별 상담 정보를 확인해보세요.","같은 차라도 조건은 다릅니다.비교하고 더 좋은 조건을 찾으세요."
"gyeongbuk\uljin-gun\기성면\index.html","경북 울진군 기성면 장기렌트·자동차리스 가격비교 | 행복한렌트몰","경북 울진군 기성면 장기렌트와 자동차리스 이용조건을 행복한렌트몰에서 비교하고 차량별 견적과 지역별 상담 정보를 확인해보세요.","같은 차라도 조건은 다릅니다.비교하고 더 좋은 조건을 찾으세요."
"gyeongbuk\uljin-gun\매화면\index.html","경북 울진군 매화면 장기렌트·자동차리스 가격비교 | 행복한렌트몰","경북 울진군 매화면 장기렌트와 자동차리스 이용조건을 행복한렌트몰에서 비교하고 차량별 견적과 지역별 상담 정보를 확인해보세요.","같은 차라도 조건은 다릅니다.비교하고 더 좋은 조건을 찾으세요."
"gyeongbuk\uljin-gun\북면\index.html","경북 울진군 북면 장기렌트·자동차리스 가격비교 | 행복한렌트몰","경북 울진군 북면 장기렌트와 자동차리스 이용조건을 행복한렌트몰에서 비교하고 차량별 견적과 지역별 상담 정보를 확인해보세요.","같은 차라도 조건은 다릅니다.비교하고 더 좋은 조건을 찾으세요."
"gyeongbuk\uljin-gun\온정면\index.html","경북 울진군 온정면 장기렌트·자동차리스 가격비교 | 행복한렌트몰","경북 울진군 온정면 장기렌트와 자동차리스 이용조건을 행복한렌트몰에서 비교하고 차량별 견적과 지역별 상담 정보를 확인해보세요.","같은 차라도 조건은 다릅니다.비교하고 더 좋은 조건을 찾으세요."
"gyeongbuk\uljin-gun\울진읍\index.html","경북 울진군 울진읍 장기렌트·자동차리스 가격비교 | 행복한렌트몰","경북 울진군 울진읍 장기렌트와 자동차리스 이용조건을 행복한렌트몰에서 비교하고 차량별 견적과 지역별 상담 정보를 확인해보세요.","같은 차라도 조건은 다릅니다.비교하고 더 좋은 조건을 찾으세요."
"gyeongbuk\uljin-gun\죽변면\index.html","경북 울진군 죽변면 장기렌트·자동차리스 가격비교 | 행복한렌트몰","경북 울진군 죽변면 장기렌트와 자동차리스 이용조건을 행복한렌트몰에서 비교하고 차량별 견적과 지역별 상담 정보를 확인해보세요.","같은 차라도 조건은 다릅니다.비교하고 더 좋은 조건을 찾으세요."
"gyeongbuk\uljin-gun\평해읍\index.html","경북 울진군 평해읍 장기렌트·자동차리스 가격비교 | 행복한렌트몰","경북 울진군 평해읍 장기렌트와 자동차리스 이용조건을 행복한렌트몰에서 비교하고 차량별 견적과 지역별 상담 정보를 확인해보세요.","같은 차라도 조건은 다릅니다.비교하고 더 좋은 조건을 찾으세요."
"gyeongbuk\uljin-gun\후포면\index.html","경북 울진군 후포면 장기렌트·자동차리스 가격비교 | 행복한렌트몰","경북 울진군 후포면 장기렌트와 자동차리스 이용조건을 행복한렌트몰에서 비교하고 차량별 견적과 지역별 상담 정보를 확인해보세요.","같은 차라도 조건은 다릅니다.비교하고 더 좋은 조건을 찾으세요."
"gyeongbuk\ulleung-gun\index.html","경북 울릉군 장기렌트·자동차리스 가격비교 | 행복한렌트몰","경북 울릉군 장기렌트와 자동차리스 조건을 행복한렌트몰에서 비교하고 지역별 상담 정보를 확인해보세요.","같은 차라도 조건은 다릅니다.비교하고 더 좋은 조건을 찾으세요."
"gyeongbuk\ulleung-gun\북면\index.html","경북 울릉군 북면 장기렌트·자동차리스 가격비교 | 행복한렌트몰","경북 울릉군 북면 장기렌트와 자동차리스 이용조건을 행복한렌트몰에서 비교하고 차량별 견적과 지역별 상담 정보를 확인해보세요.","같은 차라도 조건은 다릅니다.비교하고 더 좋은 조건을 찾으세요."
"gyeongbuk\ulleung-gun\서면\index.html","경북 울릉군 서면 장기렌트·자동차리스 가격비교 | 행복한렌트몰","경북 울릉군 서면 장기렌트와 자동차리스 이용조건을 행복한렌트몰에서 비교하고 차량별 견적과 지역별 상담 정보를 확인해보세요.","같은 차라도 조건은 다릅니다.비교하고 더 좋은 조건을 찾으세요."
"gyeongbuk\ulleung-gun\울릉읍\index.html","경북 울릉군 울릉읍 장기렌트·자동차리스 가격비교 | 행복한렌트몰","경북 울릉군 울릉읍 장기렌트와 자동차리스 이용조건을 행복한렌트몰에서 비교하고 차량별 견적과 지역별 상담 정보를 확인해보세요.","같은 차라도 조건은 다릅니다.비교하고 더 좋은 조건을 찾으세요."
"gyeongbuk\yecheon-gun\index.html","경북 예천군 장기렌트·자동차리스 가격비교 | 행복한렌트몰","경북 예천군 장기렌트와 자동차리스 조건을 행복한렌트몰에서 비교하고 지역별 상담 정보를 확인해보세요.","같은 차라도 조건은 다릅니다.비교하고 더 좋은 조건을 찾으세요."
"gyeongbuk\yecheon-gun\감천면\index.html","경북 예천군 감천면 장기렌트·자동차리스 가격비교 | 행복한렌트몰","경북 예천군 감천면 장기렌트와 자동차리스 이용조건을 행복한렌트몰에서 비교하고 차량별 견적과 지역별 상담 정보를 확인해보세요.","같은 차라도 조건은 다릅니다.비교하고 더 좋은 조건을 찾으세요."
"gyeongbuk\yecheon-gun\개포면\index.html","경북 예천군 개포면 장기렌트·자동차리스 가격비교 | 행복한렌트몰","경북 예천군 개포면 장기렌트와 자동차리스 이용조건을 행복한렌트몰에서 비교하고 차량별 견적과 지역별 상담 정보를 확인해보세요.","같은 차라도 조건은 다릅니다.비교하고 더 좋은 조건을 찾으세요."
"gyeongbuk\yecheon-gun\보문면\index.html","경북 예천군 보문면 장기렌트·자동차리스 가격비교 | 행복한렌트몰","경북 예천군 보문면 장기렌트와 자동차리스 이용조건을 행복한렌트몰에서 비교하고 차량별 견적과 지역별 상담 정보를 확인해보세요.","같은 차라도 조건은 다릅니다.비교하고 더 좋은 조건을 찾으세요."
"gyeongbuk\yecheon-gun\예천읍\index.html","경북 예천군 예천읍 장기렌트·자동차리스 가격비교 | 행복한렌트몰","경북 예천군 예천읍 장기렌트와 자동차리스 이용조건을 행복한렌트몰에서 비교하고 차량별 견적과 지역별 상담 정보를 확인해보세요.","같은 차라도 조건은 다릅니다.비교하고 더 좋은 조건을 찾으세요."
"gyeongbuk\yecheon-gun\용궁면\index.html","경북 예천군 용궁면 장기렌트·자동차리스 가격비교 | 행복한렌트몰","경북 예천군 용궁면 장기렌트와 자동차리스 이용조건을 행복한렌트몰에서 비교하고 차량별 견적과 지역별 상담 정보를 확인해보세요.","같은 차라도 조건은 다릅니다.비교하고 더 좋은 조건을 찾으세요."
"gyeongbuk\yecheon-gun\용문면\index.html","경북 예천군 용문면 장기렌트·자동차리스 가격비교 | 행복한렌트몰","경북 예천군 용문면 장기렌트와 자동차리스 이용조건을 행복한렌트몰에서 비교하고 차량별 견적과 지역별 상담 정보를 확인해보세요.","같은 차라도 조건은 다릅니다.비교하고 더 좋은 조건을 찾으세요."
"gyeongbuk\yecheon-gun\유천면\index.html","경북 예천군 유천면 장기렌트·자동차리스 가격비교 | 행복한렌트몰","경북 예천군 유천면 장기렌트와 자동차리스 이용조건을 행복한렌트몰에서 비교하고 차량별 견적과 지역별 상담 정보를 확인해보세요.","같은 차라도 조건은 다릅니다.비교하고 더 좋은 조건을 찾으세요."
"gyeongbuk\yecheon-gun\은풍면\index.html","경북 예천군 은풍면 장기렌트·자동차리스 가격비교 | 행복한렌트몰","경북 예천군 은풍면 장기렌트와 자동차리스 이용조건을 행복한렌트몰에서 비교하고 차량별 견적과 지역별 상담 정보를 확인해보세요.","같은 차라도 조건은 다릅니다.비교하고 더 좋은 조건을 찾으세요."
"gyeongbuk\yecheon-gun\지보면\index.html","경북 예천군 지보면 장기렌트·자동차리스 가격비교 | 행복한렌트몰","경북 예천군 지보면 장기렌트와 자동차리스 이용조건을 행복한렌트몰에서 비교하고 차량별 견적과 지역별 상담 정보를 확인해보세요.","같은 차라도 조건은 다릅니다.비교하고 더 좋은 조건을 찾으세요."
"gyeongbuk\yecheon-gun\풍양면\index.html","경북 예천군 풍양면 장기렌트·자동차리스 가격비교 | 행복한렌트몰","경북 예천군 풍양면 장기렌트와 자동차리스 이용조건을 행복한렌트몰에서 비교하고 차량별 견적과 지역별 상담 정보를 확인해보세요.","같은 차라도 조건은 다릅니다.비교하고 더 좋은 조건을 찾으세요."
"gyeongbuk\yecheon-gun\호명읍\index.html","경북 예천군 호명읍 장기렌트·자동차리스 가격비교 | 행복한렌트몰","경북 예천군 호명읍 장기렌트와 자동차리스 이용조건을 행복한렌트몰에서 비교하고 차량별 견적과 지역별 상담 정보를 확인해보세요.","같은 차라도 조건은 다릅니다.비교하고 더 좋은 조건을 찾으세요."
"gyeongbuk\yecheon-gun\효자면\index.html","경북 예천군 효자면 장기렌트·자동차리스 가격비교 | 행복한렌트몰","경북 예천군 효자면 장기렌트와 자동차리스 이용조건을 행복한렌트몰에서 비교하고 차량별 견적과 지역별 상담 정보를 확인해보세요.","같은 차라도 조건은 다릅니다.비교하고 더 좋은 조건을 찾으세요."
"gyeongbuk\yeongcheon-si\index.html","경북 영천시 장기렌트·자동차리스 가격비교 | 행복한렌트몰","경북 영천시 장기렌트와 자동차리스 조건을 행복한렌트몰에서 비교하고 지역별 상담 정보를 확인해보세요.","같은 차라도 조건은 다릅니다.비교하고 더 좋은 조건을 찾으세요."
"gyeongbuk\yeongcheon-si\고경면\index.html","경북 영천시 고경면 장기렌트·자동차리스 가격비교 | 행복한렌트몰","경북 영천시 고경면 장기렌트와 자동차리스 이용조건을 행복한렌트몰에서 비교하고 차량별 견적과 지역별 상담 정보를 확인해보세요.","같은 차라도 조건은 다릅니다.비교하고 더 좋은 조건을 찾으세요."
"gyeongbuk\yeongcheon-si\과전동\index.html","경북 영천시 과전동 장기렌트·자동차리스 가격비교 | 행복한렌트몰","경북 영천시 과전동 장기렌트와 자동차리스 이용조건을 행복한렌트몰에서 비교하고 차량별 견적과 지역별 상담 정보를 확인해보세요.","같은 차라도 조건은 다릅니다.비교하고 더 좋은 조건을 찾으세요."
"gyeongbuk\yeongcheon-si\괴연동\index.html","경북 영천시 괴연동 장기렌트·자동차리스 가격비교 | 행복한렌트몰","경북 영천시 괴연동 장기렌트와 자동차리스 이용조건을 행복한렌트몰에서 비교하고 차량별 견적과 지역별 상담 정보를 확인해보세요.","같은 차라도 조건은 다릅니다.비교하고 더 좋은 조건을 찾으세요."
"gyeongbuk\yeongcheon-si\교촌동\index.html","경북 영천시 교촌동 장기렌트·자동차리스 가격비교 | 행복한렌트몰","경북 영천시 교촌동 장기렌트와 자동차리스 이용조건을 행복한렌트몰에서 비교하고 차량별 견적과 지역별 상담 정보를 확인해보세요.","같은 차라도 조건은 다릅니다.비교하고 더 좋은 조건을 찾으세요."
"gyeongbuk\yeongcheon-si\금노동\index.html","경북 영천시 금노동 장기렌트·자동차리스 가격비교 | 행복한렌트몰","경북 영천시 금노동 장기렌트와 자동차리스 이용조건을 행복한렌트몰에서 비교하고 차량별 견적과 지역별 상담 정보를 확인해보세요.","같은 차라도 조건은 다릅니다.비교하고 더 좋은 조건을 찾으세요."
"gyeongbuk\yeongcheon-si\금호읍\index.html","경북 영천시 금호읍 장기렌트·자동차리스 가격비교 | 행복한렌트몰","경북 영천시 금호읍 장기렌트와 자동차리스 이용조건을 행복한렌트몰에서 비교하고 차량별 견적과 지역별 상담 정보를 확인해보세요.","같은 차라도 조건은 다릅니다.비교하고 더 좋은 조건을 찾으세요."
"gyeongbuk\yeongcheon-si\녹전동\index.html","경북 영천시 녹전동 장기렌트·자동차리스 가격비교 | 행복한렌트몰","경북 영천시 녹전동 장기렌트와 자동차리스 이용조건을 행복한렌트몰에서 비교하고 차량별 견적과 지역별 상담 정보를 확인해보세요.","같은 차라도 조건은 다릅니다.비교하고 더 좋은 조건을 찾으세요."
"gyeongbuk\yeongcheon-si\대전동\index.html","경북 영천시 대전동 장기렌트·자동차리스 가격비교 | 행복한렌트몰","경북 영천시 대전동 장기렌트와 자동차리스 이용조건을 행복한렌트몰에서 비교하고 차량별 견적과 지역별 상담 정보를 확인해보세요.","같은 차라도 조건은 다릅니다.비교하고 더 좋은 조건을 찾으세요."
"gyeongbuk\yeongcheon-si\대창면\index.html","경북 영천시 대창면 장기렌트·자동차리스 가격비교 | 행복한렌트몰","경북 영천시 대창면 장기렌트와 자동차리스 이용조건을 행복한렌트몰에서 비교하고 차량별 견적과 지역별 상담 정보를 확인해보세요.","같은 차라도 조건은 다릅니다.비교하고 더 좋은 조건을 찾으세요."
"gyeongbuk\yeongcheon-si\도남동\index.html","경북 영천시 도남동 장기렌트·자동차리스 가격비교 | 행복한렌트몰","경북 영천시 도남동 장기렌트와 자동차리스 이용조건을 행복한렌트몰에서 비교하고 차량별 견적과 지역별 상담 정보를 확인해보세요.","같은 차라도 조건은 다릅니다.비교하고 더 좋은 조건을 찾으세요."
"gyeongbuk\yeongcheon-si\도동\index.html","경북 영천시 도동 장기렌트·자동차리스 가격비교 | 행복한렌트몰","경북 영천시 도동 장기렌트와 자동차리스 이용조건을 행복한렌트몰에서 비교하고 차량별 견적과 지역별 상담 정보를 확인해보세요.","같은 차라도 조건은 다릅니다.비교하고 더 좋은 조건을 찾으세요."
"gyeongbuk\yeongcheon-si\도림동\index.html","경북 영천시 도림동 장기렌트·자동차리스 가격비교 | 행복한렌트몰","경북 영천시 도림동 장기렌트와 자동차리스 이용조건을 행복한렌트몰에서 비교하고 차량별 견적과 지역별 상담 정보를 확인해보세요.","같은 차라도 조건은 다릅니다.비교하고 더 좋은 조건을 찾으세요."
"gyeongbuk\yeongcheon-si\망정동\index.html","경북 영천시 망정동 장기렌트·자동차리스 가격비교 | 행복한렌트몰","경북 영천시 망정동 장기렌트와 자동차리스 이용조건을 행복한렌트몰에서 비교하고 차량별 견적과 지역별 상담 정보를 확인해보세요.","같은 차라도 조건은 다릅니다.비교하고 더 좋은 조건을 찾으세요."
"gyeongbuk\yeongcheon-si\매산동\index.html","경북 영천시 매산동 장기렌트·자동차리스 가격비교 | 행복한렌트몰","경북 영천시 매산동 장기렌트와 자동차리스 이용조건을 행복한렌트몰에서 비교하고 차량별 견적과 지역별 상담 정보를 확인해보세요.","같은 차라도 조건은 다릅니다.비교하고 더 좋은 조건을 찾으세요."
"gyeongbuk\yeongcheon-si\문내동\index.html","경북 영천시 문내동 장기렌트·자동차리스 가격비교 | 행복한렌트몰","경북 영천시 문내동 장기렌트와 자동차리스 이용조건을 행복한렌트몰에서 비교하고 차량별 견적과 지역별 상담 정보를 확인해보세요.","같은 차라도 조건은 다릅니다.비교하고 더 좋은 조건을 찾으세요."
"gyeongbuk\yeongcheon-si\문외동\index.html","경북 영천시 문외동 장기렌트·자동차리스 가격비교 | 행복한렌트몰","경북 영천시 문외동 장기렌트와 자동차리스 이용조건을 행복한렌트몰에서 비교하고 차량별 견적과 지역별 상담 정보를 확인해보세요.","같은 차라도 조건은 다릅니다.비교하고 더 좋은 조건을 찾으세요."
"gyeongbuk\yeongcheon-si\범어동\index.html","경북 영천시 범어동 장기렌트·자동차리스 가격비교 | 행복한렌트몰","경북 영천시 범어동 장기렌트와 자동차리스 이용조건을 행복한렌트몰에서 비교하고 차량별 견적과 지역별 상담 정보를 확인해보세요.","같은 차라도 조건은 다릅니다.비교하고 더 좋은 조건을 찾으세요."
"gyeongbuk\yeongcheon-si\본촌동\index.html","경북 영천시 본촌동 장기렌트·자동차리스 가격비교 | 행복한렌트몰","경북 영천시 본촌동 장기렌트와 자동차리스 이용조건을 행복한렌트몰에서 비교하고 차량별 견적과 지역별 상담 정보를 확인해보세요.","같은 차라도 조건은 다릅니다.비교하고 더 좋은 조건을 찾으세요."
"gyeongbuk\yeongcheon-si\봉동\index.html","경북 영천시 봉동 장기렌트·자동차리스 가격비교 | 행복한렌트몰","경북 영천시 봉동 장기렌트와 자동차리스 이용조건을 행복한렌트몰에서 비교하고 차량별 견적과 지역별 상담 정보를 확인해보세요.","같은 차라도 조건은 다릅니다.비교하고 더 좋은 조건을 찾으세요."
"gyeongbuk\yeongcheon-si\북안면\index.html","경북 영천시 북안면 장기렌트·자동차리스 가격비교 | 행복한렌트몰","경북 영천시 북안면 장기렌트와 자동차리스 이용조건을 행복한렌트몰에서 비교하고 차량별 견적과 지역별 상담 정보를 확인해보세요.","같은 차라도 조건은 다릅니다.비교하고 더 좋은 조건을 찾으세요."
"gyeongbuk\yeongcheon-si\서산동\index.html","경북 영천시 서산동 장기렌트·자동차리스 가격비교 | 행복한렌트몰","경북 영천시 서산동 장기렌트와 자동차리스 이용조건을 행복한렌트몰에서 비교하고 차량별 견적과 지역별 상담 정보를 확인해보세요.","같은 차라도 조건은 다릅니다.비교하고 더 좋은 조건을 찾으세요."
"gyeongbuk\yeongcheon-si\성내동\index.html","경북 영천시 성내동 장기렌트·자동차리스 가격비교 | 행복한렌트몰","경북 영천시 성내동 장기렌트와 자동차리스 이용조건을 행복한렌트몰에서 비교하고 차량별 견적과 지역별 상담 정보를 확인해보세요.","같은 차라도 조건은 다릅니다.비교하고 더 좋은 조건을 찾으세요."
"gyeongbuk\yeongcheon-si\신기동\index.html","경북 영천시 신기동 장기렌트·자동차리스 가격비교 | 행복한렌트몰","경북 영천시 신기동 장기렌트와 자동차리스 이용조건을 행복한렌트몰에서 비교하고 차량별 견적과 지역별 상담 정보를 확인해보세요.","같은 차라도 조건은 다릅니다.비교하고 더 좋은 조건을 찾으세요."
"gyeongbuk\yeongcheon-si\신녕면\index.html","경북 영천시 신녕면 장기렌트·자동차리스 가격비교 | 행복한렌트몰","경북 영천시 신녕면 장기렌트와 자동차리스 이용조건을 행복한렌트몰에서 비교하고 차량별 견적과 지역별 상담 정보를 확인해보세요.","같은 차라도 조건은 다릅니다.비교하고 더 좋은 조건을 찾으세요."
"gyeongbuk\yeongcheon-si\쌍계동\index.html","경북 영천시 쌍계동 장기렌트·자동차리스 가격비교 | 행복한렌트몰","경북 영천시 쌍계동 장기렌트와 자동차리스 이용조건을 행복한렌트몰에서 비교하고 차량별 견적과 지역별 상담 정보를 확인해보세요.","같은 차라도 조건은 다릅니다.비교하고 더 좋은 조건을 찾으세요."
"gyeongbuk\yeongcheon-si\야사동\index.html","경북 영천시 야사동 장기렌트·자동차리스 가격비교 | 행복한렌트몰","경북 영천시 야사동 장기렌트와 자동차리스 이용조건을 행복한렌트몰에서 비교하고 차량별 견적과 지역별 상담 정보를 확인해보세요.","같은 차라도 조건은 다릅니다.비교하고 더 좋은 조건을 찾으세요."
"gyeongbuk\yeongcheon-si\언하동\index.html","경북 영천시 언하동 장기렌트·자동차리스 가격비교 | 행복한렌트몰","경북 영천시 언하동 장기렌트와 자동차리스 이용조건을 행복한렌트몰에서 비교하고 차량별 견적과 지역별 상담 정보를 확인해보세요.","같은 차라도 조건은 다릅니다.비교하고 더 좋은 조건을 찾으세요."
"gyeongbuk\yeongcheon-si\오미동\index.html","경북 영천시 오미동 장기렌트·자동차리스 가격비교 | 행복한렌트몰","경북 영천시 오미동 장기렌트와 자동차리스 이용조건을 행복한렌트몰에서 비교하고 차량별 견적과 지역별 상담 정보를 확인해보세요.","같은 차라도 조건은 다릅니다.비교하고 더 좋은 조건을 찾으세요."
"gyeongbuk\yeongcheon-si\오수동\index.html","경북 영천시 오수동 장기렌트·자동차리스 가격비교 | 행복한렌트몰","경북 영천시 오수동 장기렌트와 자동차리스 이용조건을 행복한렌트몰에서 비교하고 차량별 견적과 지역별 상담 정보를 확인해보세요.","같은 차라도 조건은 다릅니다.비교하고 더 좋은 조건을 찾으세요."
"gyeongbuk\yeongcheon-si\완산동\index.html","경북 영천시 완산동 장기렌트·자동차리스 가격비교 | 행복한렌트몰","경북 영천시 완산동 장기렌트와 자동차리스 이용조건을 행복한렌트몰에서 비교하고 차량별 견적과 지역별 상담 정보를 확인해보세요.","같은 차라도 조건은 다릅니다.비교하고 더 좋은 조건을 찾으세요."
"gyeongbuk\yeongcheon-si\임고면\index.html","경북 영천시 임고면 장기렌트·자동차리스 가격비교 | 행복한렌트몰","경북 영천시 임고면 장기렌트와 자동차리스 이용조건을 행복한렌트몰에서 비교하고 차량별 견적과 지역별 상담 정보를 확인해보세요.","같은 차라도 조건은 다릅니다.비교하고 더 좋은 조건을 찾으세요."
"gyeongbuk\yeongcheon-si\자양면\index.html","경북 영천시 자양면 장기렌트·자동차리스 가격비교 | 행복한렌트몰","경북 영천시 자양면 장기렌트와 자동차리스 이용조건을 행복한렌트몰에서 비교하고 차량별 견적과 지역별 상담 정보를 확인해보세요.","같은 차라도 조건은 다릅니다.비교하고 더 좋은 조건을 찾으세요."
"gyeongbuk\yeongcheon-si\작산동\index.html","경북 영천시 작산동 장기렌트·자동차리스 가격비교 | 행복한렌트몰","경북 영천시 작산동 장기렌트와 자동차리스 이용조건을 행복한렌트몰에서 비교하고 차량별 견적과 지역별 상담 정보를 확인해보세요.","같은 차라도 조건은 다릅니다.비교하고 더 좋은 조건을 찾으세요."
"gyeongbuk\yeongcheon-si\조교동\index.html","경북 영천시 조교동 장기렌트·자동차리스 가격비교 | 행복한렌트몰","경북 영천시 조교동 장기렌트와 자동차리스 이용조건을 행복한렌트몰에서 비교하고 차량별 견적과 지역별 상담 정보를 확인해보세요.","같은 차라도 조건은 다릅니다.비교하고 더 좋은 조건을 찾으세요."
"gyeongbuk\yeongcheon-si\창구동\index.html","경북 영천시 창구동 장기렌트·자동차리스 가격비교 | 행복한렌트몰","경북 영천시 창구동 장기렌트와 자동차리스 이용조건을 행복한렌트몰에서 비교하고 차량별 견적과 지역별 상담 정보를 확인해보세요.","같은 차라도 조건은 다릅니다.비교하고 더 좋은 조건을 찾으세요."
"gyeongbuk\yeongcheon-si\채신동\index.html","경북 영천시 채신동 장기렌트·자동차리스 가격비교 | 행복한렌트몰","경북 영천시 채신동 장기렌트와 자동차리스 이용조건을 행복한렌트몰에서 비교하고 차량별 견적과 지역별 상담 정보를 확인해보세요.","같은 차라도 조건은 다릅니다.비교하고 더 좋은 조건을 찾으세요."
"gyeongbuk\yeongcheon-si\청통면\index.html","경북 영천시 청통면 장기렌트·자동차리스 가격비교 | 행복한렌트몰","경북 영천시 청통면 장기렌트와 자동차리스 이용조건을 행복한렌트몰에서 비교하고 차량별 견적과 지역별 상담 정보를 확인해보세요.","같은 차라도 조건은 다릅니다.비교하고 더 좋은 조건을 찾으세요."
"gyeongbuk\yeongcheon-si\화남면\index.html","경북 영천시 화남면 장기렌트·자동차리스 가격비교 | 행복한렌트몰","경북 영천시 화남면 장기렌트와 자동차리스 이용조건을 행복한렌트몰에서 비교하고 차량별 견적과 지역별 상담 정보를 확인해보세요.","같은 차라도 조건은 다릅니다.비교하고 더 좋은 조건을 찾으세요."
"gyeongbuk\yeongcheon-si\화룡동\index.html","경북 영천시 화룡동 장기렌트·자동차리스 가격비교 | 행복한렌트몰","경북 영천시 화룡동 장기렌트와 자동차리스 이용조건을 행복한렌트몰에서 비교하고 차량별 견적과 지역별 상담 정보를 확인해보세요.","같은 차라도 조건은 다릅니다.비교하고 더 좋은 조건을 찾으세요."
"gyeongbuk\yeongcheon-si\화북면\index.html","경북 영천시 화북면 장기렌트·자동차리스 가격비교 | 행복한렌트몰","경북 영천시 화북면 장기렌트와 자동차리스 이용조건을 행복한렌트몰에서 비교하고 차량별 견적과 지역별 상담 정보를 확인해보세요.","같은 차라도 조건은 다릅니다.비교하고 더 좋은 조건을 찾으세요."
"gyeongbuk\yeongcheon-si\화산면\index.html","경북 영천시 화산면 장기렌트·자동차리스 가격비교 | 행복한렌트몰","경북 영천시 화산면 장기렌트와 자동차리스 이용조건을 행복한렌트몰에서 비교하고 차량별 견적과 지역별 상담 정보를 확인해보세요.","같은 차라도 조건은 다릅니다.비교하고 더 좋은 조건을 찾으세요."
"gyeongbuk\yeongdeok-gun\index.html","경북 영덕군 장기렌트·자동차리스 가격비교 | 행복한렌트몰","경북 영덕군 장기렌트와 자동차리스 조건을 행복한렌트몰에서 비교하고 지역별 상담 정보를 확인해보세요.","같은 차라도 조건은 다릅니다.비교하고 더 좋은 조건을 찾으세요."
"gyeongbuk\yeongdeok-gun\강구면\index.html","경북 영덕군 강구면 장기렌트·자동차리스 가격비교 | 행복한렌트몰","경북 영덕군 강구면 장기렌트와 자동차리스 이용조건을 행복한렌트몰에서 비교하고 차량별 견적과 지역별 상담 정보를 확인해보세요.","같은 차라도 조건은 다릅니다.비교하고 더 좋은 조건을 찾으세요."
"gyeongbuk\yeongdeok-gun\남정면\index.html","경북 영덕군 남정면 장기렌트·자동차리스 가격비교 | 행복한렌트몰","경북 영덕군 남정면 장기렌트와 자동차리스 이용조건을 행복한렌트몰에서 비교하고 차량별 견적과 지역별 상담 정보를 확인해보세요.","같은 차라도 조건은 다릅니다.비교하고 더 좋은 조건을 찾으세요."
"gyeongbuk\yeongdeok-gun\달산면\index.html","경북 영덕군 달산면 장기렌트·자동차리스 가격비교 | 행복한렌트몰","경북 영덕군 달산면 장기렌트와 자동차리스 이용조건을 행복한렌트몰에서 비교하고 차량별 견적과 지역별 상담 정보를 확인해보세요.","같은 차라도 조건은 다릅니다.비교하고 더 좋은 조건을 찾으세요."
"gyeongbuk\yeongdeok-gun\병곡면\index.html","경북 영덕군 병곡면 장기렌트·자동차리스 가격비교 | 행복한렌트몰","경북 영덕군 병곡면 장기렌트와 자동차리스 이용조건을 행복한렌트몰에서 비교하고 차량별 견적과 지역별 상담 정보를 확인해보세요.","같은 차라도 조건은 다릅니다.비교하고 더 좋은 조건을 찾으세요."
"gyeongbuk\yeongdeok-gun\영덕읍\index.html","경북 영덕군 영덕읍 장기렌트·자동차리스 가격비교 | 행복한렌트몰","경북 영덕군 영덕읍 장기렌트와 자동차리스 이용조건을 행복한렌트몰에서 비교하고 차량별 견적과 지역별 상담 정보를 확인해보세요.","같은 차라도 조건은 다릅니다.비교하고 더 좋은 조건을 찾으세요."
"gyeongbuk\yeongdeok-gun\영해면\index.html","경북 영덕군 영해면 장기렌트·자동차리스 가격비교 | 행복한렌트몰","경북 영덕군 영해면 장기렌트와 자동차리스 이용조건을 행복한렌트몰에서 비교하고 차량별 견적과 지역별 상담 정보를 확인해보세요.","같은 차라도 조건은 다릅니다.비교하고 더 좋은 조건을 찾으세요."
"gyeongbuk\yeongdeok-gun\지품면\index.html","경북 영덕군 지품면 장기렌트·자동차리스 가격비교 | 행복한렌트몰","경북 영덕군 지품면 장기렌트와 자동차리스 이용조건을 행복한렌트몰에서 비교하고 차량별 견적과 지역별 상담 정보를 확인해보세요.","같은 차라도 조건은 다릅니다.비교하고 더 좋은 조건을 찾으세요."
"gyeongbuk\yeongdeok-gun\창수면\index.html","경북 영덕군 창수면 장기렌트·자동차리스 가격비교 | 행복한렌트몰","경북 영덕군 창수면 장기렌트와 자동차리스 이용조건을 행복한렌트몰에서 비교하고 차량별 견적과 지역별 상담 정보를 확인해보세요.","같은 차라도 조건은 다릅니다.비교하고 더 좋은 조건을 찾으세요."
"gyeongbuk\yeongdeok-gun\축산면\index.html","경북 영덕군 축산면 장기렌트·자동차리스 가격비교 | 행복한렌트몰","경북 영덕군 축산면 장기렌트와 자동차리스 이용조건을 행복한렌트몰에서 비교하고 차량별 견적과 지역별 상담 정보를 확인해보세요.","같은 차라도 조건은 다릅니다.비교하고 더 좋은 조건을 찾으세요."
"gyeongbuk\yeongju-si\index.html","경북 영주시 장기렌트·자동차리스 가격비교 | 행복한렌트몰","경북 영주시 장기렌트와 자동차리스 조건을 행복한렌트몰에서 비교하고 지역별 상담 정보를 확인해보세요.","같은 차라도 조건은 다릅니다.비교하고 더 좋은 조건을 찾으세요."
"gyeongbuk\yeongju-si\가흥동\index.html","경북 영주시 가흥동 장기렌트·자동차리스 가격비교 | 행복한렌트몰","경북 영주시 가흥동 장기렌트와 자동차리스 이용조건을 행복한렌트몰에서 비교하고 차량별 견적과 지역별 상담 정보를 확인해보세요.","같은 차라도 조건은 다릅니다.비교하고 더 좋은 조건을 찾으세요."
"gyeongbuk\yeongju-si\고현동\index.html","경북 영주시 고현동 장기렌트·자동차리스 가격비교 | 행복한렌트몰","경북 영주시 고현동 장기렌트와 자동차리스 이용조건을 행복한렌트몰에서 비교하고 차량별 견적과 지역별 상담 정보를 확인해보세요.","같은 차라도 조건은 다릅니다.비교하고 더 좋은 조건을 찾으세요."
"gyeongbuk\yeongju-si\단산면\index.html","경북 영주시 단산면 장기렌트·자동차리스 가격비교 | 행복한렌트몰","경북 영주시 단산면 장기렌트와 자동차리스 이용조건을 행복한렌트몰에서 비교하고 차량별 견적과 지역별 상담 정보를 확인해보세요.","같은 차라도 조건은 다릅니다.비교하고 더 좋은 조건을 찾으세요."
"gyeongbuk\yeongju-si\문수면\index.html","경북 영주시 문수면 장기렌트·자동차리스 가격비교 | 행복한렌트몰","경북 영주시 문수면 장기렌트와 자동차리스 이용조건을 행복한렌트몰에서 비교하고 차량별 견적과 지역별 상담 정보를 확인해보세요.","같은 차라도 조건은 다릅니다.비교하고 더 좋은 조건을 찾으세요."
"gyeongbuk\yeongju-si\문정동\index.html","경북 영주시 문정동 장기렌트·자동차리스 가격비교 | 행복한렌트몰","경북 영주시 문정동 장기렌트와 자동차리스 이용조건을 행복한렌트몰에서 비교하고 차량별 견적과 지역별 상담 정보를 확인해보세요.","같은 차라도 조건은 다릅니다.비교하고 더 좋은 조건을 찾으세요."
"gyeongbuk\yeongju-si\봉현면\index.html","경북 영주시 봉현면 장기렌트·자동차리스 가격비교 | 행복한렌트몰","경북 영주시 봉현면 장기렌트와 자동차리스 이용조건을 행복한렌트몰에서 비교하고 차량별 견적과 지역별 상담 정보를 확인해보세요.","같은 차라도 조건은 다릅니다.비교하고 더 좋은 조건을 찾으세요."
"gyeongbuk\yeongju-si\부석면\index.html","경북 영주시 부석면 장기렌트·자동차리스 가격비교 | 행복한렌트몰","경북 영주시 부석면 장기렌트와 자동차리스 이용조건을 행복한렌트몰에서 비교하고 차량별 견적과 지역별 상담 정보를 확인해보세요.","같은 차라도 조건은 다릅니다.비교하고 더 좋은 조건을 찾으세요."
"gyeongbuk\yeongju-si\상망동\index.html","경북 영주시 상망동 장기렌트·자동차리스 가격비교 | 행복한렌트몰","경북 영주시 상망동 장기렌트와 자동차리스 이용조건을 행복한렌트몰에서 비교하고 차량별 견적과 지역별 상담 정보를 확인해보세요.","같은 차라도 조건은 다릅니다.비교하고 더 좋은 조건을 찾으세요."
"gyeongbuk\yeongju-si\상줄동\index.html","경북 영주시 상줄동 장기렌트·자동차리스 가격비교 | 행복한렌트몰","경북 영주시 상줄동 장기렌트와 자동차리스 이용조건을 행복한렌트몰에서 비교하고 차량별 견적과 지역별 상담 정보를 확인해보세요.","같은 차라도 조건은 다릅니다.비교하고 더 좋은 조건을 찾으세요."
"gyeongbuk\yeongju-si\순흥면\index.html","경북 영주시 순흥면 장기렌트·자동차리스 가격비교 | 행복한렌트몰","경북 영주시 순흥면 장기렌트와 자동차리스 이용조건을 행복한렌트몰에서 비교하고 차량별 견적과 지역별 상담 정보를 확인해보세요.","같은 차라도 조건은 다릅니다.비교하고 더 좋은 조건을 찾으세요."
"gyeongbuk\yeongju-si\아지동\index.html","경북 영주시 아지동 장기렌트·자동차리스 가격비교 | 행복한렌트몰","경북 영주시 아지동 장기렌트와 자동차리스 이용조건을 행복한렌트몰에서 비교하고 차량별 견적과 지역별 상담 정보를 확인해보세요.","같은 차라도 조건은 다릅니다.비교하고 더 좋은 조건을 찾으세요."
"gyeongbuk\yeongju-si\안정면\index.html","경북 영주시 안정면 장기렌트·자동차리스 가격비교 | 행복한렌트몰","경북 영주시 안정면 장기렌트와 자동차리스 이용조건을 행복한렌트몰에서 비교하고 차량별 견적과 지역별 상담 정보를 확인해보세요.","같은 차라도 조건은 다릅니다.비교하고 더 좋은 조건을 찾으세요."
"gyeongbuk\yeongju-si\영주동\index.html","경북 영주시 영주동 장기렌트·자동차리스 가격비교 | 행복한렌트몰","경북 영주시 영주동 장기렌트와 자동차리스 이용조건을 행복한렌트몰에서 비교하고 차량별 견적과 지역별 상담 정보를 확인해보세요.","같은 차라도 조건은 다릅니다.비교하고 더 좋은 조건을 찾으세요."
"gyeongbuk\yeongju-si\이산면\index.html","경북 영주시 이산면 장기렌트·자동차리스 가격비교 | 행복한렌트몰","경북 영주시 이산면 장기렌트와 자동차리스 이용조건을 행복한렌트몰에서 비교하고 차량별 견적과 지역별 상담 정보를 확인해보세요.","같은 차라도 조건은 다릅니다.비교하고 더 좋은 조건을 찾으세요."
"gyeongbuk\yeongju-si\장수면\index.html","경북 영주시 장수면 장기렌트·자동차리스 가격비교 | 행복한렌트몰","경북 영주시 장수면 장기렌트와 자동차리스 이용조건을 행복한렌트몰에서 비교하고 차량별 견적과 지역별 상담 정보를 확인해보세요.","같은 차라도 조건은 다릅니다.비교하고 더 좋은 조건을 찾으세요."
"gyeongbuk\yeongju-si\적서동\index.html","경북 영주시 적서동 장기렌트·자동차리스 가격비교 | 행복한렌트몰","경북 영주시 적서동 장기렌트와 자동차리스 이용조건을 행복한렌트몰에서 비교하고 차량별 견적과 지역별 상담 정보를 확인해보세요.","같은 차라도 조건은 다릅니다.비교하고 더 좋은 조건을 찾으세요."
"gyeongbuk\yeongju-si\조암동\index.html","경북 영주시 조암동 장기렌트·자동차리스 가격비교 | 행복한렌트몰","경북 영주시 조암동 장기렌트와 자동차리스 이용조건을 행복한렌트몰에서 비교하고 차량별 견적과 지역별 상담 정보를 확인해보세요.","같은 차라도 조건은 다릅니다.비교하고 더 좋은 조건을 찾으세요."
"gyeongbuk\yeongju-si\조와동\index.html","경북 영주시 조와동 장기렌트·자동차리스 가격비교 | 행복한렌트몰","경북 영주시 조와동 장기렌트와 자동차리스 이용조건을 행복한렌트몰에서 비교하고 차량별 견적과 지역별 상담 정보를 확인해보세요.","같은 차라도 조건은 다릅니다.비교하고 더 좋은 조건을 찾으세요."
"gyeongbuk\yeongju-si\창진동\index.html","경북 영주시 창진동 장기렌트·자동차리스 가격비교 | 행복한렌트몰","경북 영주시 창진동 장기렌트와 자동차리스 이용조건을 행복한렌트몰에서 비교하고 차량별 견적과 지역별 상담 정보를 확인해보세요.","같은 차라도 조건은 다릅니다.비교하고 더 좋은 조건을 찾으세요."
"gyeongbuk\yeongju-si\평은면\index.html","경북 영주시 평은면 장기렌트·자동차리스 가격비교 | 행복한렌트몰","경북 영주시 평은면 장기렌트와 자동차리스 이용조건을 행복한렌트몰에서 비교하고 차량별 견적과 지역별 상담 정보를 확인해보세요.","같은 차라도 조건은 다릅니다.비교하고 더 좋은 조건을 찾으세요."
"gyeongbuk\yeongju-si\풍기읍\index.html","경북 영주시 풍기읍 장기렌트·자동차리스 가격비교 | 행복한렌트몰","경북 영주시 풍기읍 장기렌트와 자동차리스 이용조건을 행복한렌트몰에서 비교하고 차량별 견적과 지역별 상담 정보를 확인해보세요.","같은 차라도 조건은 다릅니다.비교하고 더 좋은 조건을 찾으세요."
"gyeongbuk\yeongju-si\하망동\index.html","경북 영주시 하망동 장기렌트·자동차리스 가격비교 | 행복한렌트몰","경북 영주시 하망동 장기렌트와 자동차리스 이용조건을 행복한렌트몰에서 비교하고 차량별 견적과 지역별 상담 정보를 확인해보세요.","같은 차라도 조건은 다릅니다.비교하고 더 좋은 조건을 찾으세요."
"gyeongbuk\yeongju-si\휴천동\index.html","경북 영주시 휴천동 장기렌트·자동차리스 가격비교 | 행복한렌트몰","경북 영주시 휴천동 장기렌트와 자동차리스 이용조건을 행복한렌트몰에서 비교하고 차량별 견적과 지역별 상담 정보를 확인해보세요.","같은 차라도 조건은 다릅니다.비교하고 더 좋은 조건을 찾으세요."
"gyeongbuk\yeongyang-gun\index.html","경북 영양군 장기렌트·자동차리스 가격비교 | 행복한렌트몰","경북 영양군 장기렌트와 자동차리스 조건을 행복한렌트몰에서 비교하고 지역별 상담 정보를 확인해보세요.","같은 차라도 조건은 다릅니다.비교하고 더 좋은 조건을 찾으세요."
"gyeongbuk\yeongyang-gun\석보면\index.html","경북 영양군 석보면 장기렌트·자동차리스 가격비교 | 행복한렌트몰","경북 영양군 석보면 장기렌트와 자동차리스 이용조건을 행복한렌트몰에서 비교하고 차량별 견적과 지역별 상담 정보를 확인해보세요.","같은 차라도 조건은 다릅니다.비교하고 더 좋은 조건을 찾으세요."
"gyeongbuk\yeongyang-gun\수비면\index.html","경북 영양군 수비면 장기렌트·자동차리스 가격비교 | 행복한렌트몰","경북 영양군 수비면 장기렌트와 자동차리스 이용조건을 행복한렌트몰에서 비교하고 차량별 견적과 지역별 상담 정보를 확인해보세요.","같은 차라도 조건은 다릅니다.비교하고 더 좋은 조건을 찾으세요."
"gyeongbuk\yeongyang-gun\영양읍\index.html","경북 영양군 영양읍 장기렌트·자동차리스 가격비교 | 행복한렌트몰","경북 영양군 영양읍 장기렌트와 자동차리스 이용조건을 행복한렌트몰에서 비교하고 차량별 견적과 지역별 상담 정보를 확인해보세요.","같은 차라도 조건은 다릅니다.비교하고 더 좋은 조건을 찾으세요."
"gyeongbuk\yeongyang-gun\일월면\index.html","경북 영양군 일월면 장기렌트·자동차리스 가격비교 | 행복한렌트몰","경북 영양군 일월면 장기렌트와 자동차리스 이용조건을 행복한렌트몰에서 비교하고 차량별 견적과 지역별 상담 정보를 확인해보세요.","같은 차라도 조건은 다릅니다.비교하고 더 좋은 조건을 찾으세요."
"gyeongbuk\yeongyang-gun\입암면\index.html","경북 영양군 입암면 장기렌트·자동차리스 가격비교 | 행복한렌트몰","경북 영양군 입암면 장기렌트와 자동차리스 이용조건을 행복한렌트몰에서 비교하고 차량별 견적과 지역별 상담 정보를 확인해보세요.","같은 차라도 조건은 다릅니다.비교하고 더 좋은 조건을 찾으세요."
"gyeongbuk\yeongyang-gun\청기면\index.html","경북 영양군 청기면 장기렌트·자동차리스 가격비교 | 행복한렌트몰","경북 영양군 청기면 장기렌트와 자동차리스 이용조건을 행복한렌트몰에서 비교하고 차량별 견적과 지역별 상담 정보를 확인해보세요.","같은 차라도 조건은 다릅니다.비교하고 더 좋은 조건을 찾으세요."
"gyeonggi\index.html","경기 장기렌트·자동차리스 가격비교 | 행복한렌트몰","경기 지역 장기렌트와 자동차리스 조건을 행복한렌트몰에서 비교하고 지역별 바로상담 정보를 확인해보세요.","같은 차라도 조건은 다릅니다.비교하고 더 좋은 조건을 찾으세요."
"gyeonggi\ansan-si\index.html","경기 안산시 장기렌트·자동차리스 가격비교 | 행복한렌트몰","경기 안산시 장기렌트와 자동차리스 조건을 행복한렌트몰에서 비교하고 지역별 상담 정보를 확인해보세요.","같은 차라도 조건은 다릅니다.비교하고 더 좋은 조건을 찾으세요."
"gyeonggi\ansan-si\단원구\index.html","경기 안산시 단원구 장기렌트·자동차리스 가격비교 | 행복한렌트몰","경기 안산시 단원구 장기렌트와 자동차리스 이용조건을 행복한렌트몰에서 비교하고 차량별 견적과 지역별 상담 정보를 확인해보세요.","같은 차라도 조건은 다릅니다.비교하고 더 좋은 조건을 찾으세요."
"gyeonggi\ansan-si\단원구\고잔동\index.html","경기 안산시 단원구 고잔동 장기렌트·자동차리스 가격비교 | 행복한렌트몰","경기 안산시 단원구 고잔동 장기렌트와 자동차리스 이용조건을 행복한렌트몰에서 비교하고 차량별 견적과 지역별 상담 정보를 확인해보세요.","같은 차라도 조건은 다릅니다.비교하고 더 좋은 조건을 찾으세요."
"gyeonggi\ansan-si\단원구\대부남동\index.html","경기 안산시 단원구 대부남동 장기렌트·자동차리스 가격비교 | 행복한렌트몰","경기 안산시 단원구 대부남동 장기렌트와 자동차리스 이용조건을 행복한렌트몰에서 비교하고 차량별 견적과 지역별 상담 정보를 확인해보세요.","같은 차라도 조건은 다릅니다.비교하고 더 좋은 조건을 찾으세요."
"gyeonggi\ansan-si\단원구\대부동동\index.html","경기 안산시 단원구 대부동동 장기렌트·자동차리스 가격비교 | 행복한렌트몰","경기 안산시 단원구 대부동동 장기렌트와 자동차리스 이용조건을 행복한렌트몰에서 비교하고 차량별 견적과 지역별 상담 정보를 확인해보세요.","같은 차라도 조건은 다릅니다.비교하고 더 좋은 조건을 찾으세요."
"gyeonggi\ansan-si\단원구\대부북동\index.html","경기 안산시 단원구 대부북동 장기렌트·자동차리스 가격비교 | 행복한렌트몰","경기 안산시 단원구 대부북동 장기렌트와 자동차리스 이용조건을 행복한렌트몰에서 비교하고 차량별 견적과 지역별 상담 정보를 확인해보세요.","같은 차라도 조건은 다릅니다.비교하고 더 좋은 조건을 찾으세요."
"gyeonggi\ansan-si\단원구\목내동\index.html","경기 안산시 단원구 목내동 장기렌트·자동차리스 가격비교 | 행복한렌트몰","경기 안산시 단원구 목내동 장기렌트와 자동차리스 이용조건을 행복한렌트몰에서 비교하고 차량별 견적과 지역별 상담 정보를 확인해보세요.","같은 차라도 조건은 다릅니다.비교하고 더 좋은 조건을 찾으세요."
"gyeonggi\ansan-si\단원구\선감동\index.html","경기 안산시 단원구 선감동 장기렌트·자동차리스 가격비교 | 행복한렌트몰","경기 안산시 단원구 선감동 장기렌트와 자동차리스 이용조건을 행복한렌트몰에서 비교하고 차량별 견적과 지역별 상담 정보를 확인해보세요.","같은 차라도 조건은 다릅니다.비교하고 더 좋은 조건을 찾으세요."
"gyeonggi\ansan-si\단원구\선부동\index.html","경기 안산시 단원구 선부동 장기렌트·자동차리스 가격비교 | 행복한렌트몰","경기 안산시 단원구 선부동 장기렌트와 자동차리스 이용조건을 행복한렌트몰에서 비교하고 차량별 견적과 지역별 상담 정보를 확인해보세요.","같은 차라도 조건은 다릅니다.비교하고 더 좋은 조건을 찾으세요."
"gyeonggi\ansan-si\단원구\성곡동\index.html","경기 안산시 단원구 성곡동 장기렌트·자동차리스 가격비교 | 행복한렌트몰","경기 안산시 단원구 성곡동 장기렌트와 자동차리스 이용조건을 행복한렌트몰에서 비교하고 차량별 견적과 지역별 상담 정보를 확인해보세요.","같은 차라도 조건은 다릅니다.비교하고 더 좋은 조건을 찾으세요."
"gyeonggi\ansan-si\단원구\신길동\index.html","경기 안산시 단원구 신길동 장기렌트·자동차리스 가격비교 | 행복한렌트몰","경기 안산시 단원구 신길동 장기렌트와 자동차리스 이용조건을 행복한렌트몰에서 비교하고 차량별 견적과 지역별 상담 정보를 확인해보세요.","같은 차라도 조건은 다릅니다.비교하고 더 좋은 조건을 찾으세요."
"gyeonggi\ansan-si\단원구\와동\index.html","경기 안산시 단원구 와동 장기렌트·자동차리스 가격비교 | 행복한렌트몰","경기 안산시 단원구 와동 장기렌트와 자동차리스 이용조건을 행복한렌트몰에서 비교하고 차량별 견적과 지역별 상담 정보를 확인해보세요.","같은 차라도 조건은 다릅니다.비교하고 더 좋은 조건을 찾으세요."
"gyeonggi\ansan-si\단원구\원곡동\index.html","경기 안산시 단원구 원곡동 장기렌트·자동차리스 가격비교 | 행복한렌트몰","경기 안산시 단원구 원곡동 장기렌트와 자동차리스 이용조건을 행복한렌트몰에서 비교하고 차량별 견적과 지역별 상담 정보를 확인해보세요.","같은 차라도 조건은 다릅니다.비교하고 더 좋은 조건을 찾으세요."
"gyeonggi\ansan-si\단원구\원시동\index.html","경기 안산시 단원구 원시동 장기렌트·자동차리스 가격비교 | 행복한렌트몰","경기 안산시 단원구 원시동 장기렌트와 자동차리스 이용조건을 행복한렌트몰에서 비교하고 차량별 견적과 지역별 상담 정보를 확인해보세요.","같은 차라도 조건은 다릅니다.비교하고 더 좋은 조건을 찾으세요."
"gyeonggi\ansan-si\단원구\초지동\index.html","경기 안산시 단원구 초지동 장기렌트·자동차리스 가격비교 | 행복한렌트몰","경기 안산시 단원구 초지동 장기렌트와 자동차리스 이용조건을 행복한렌트몰에서 비교하고 차량별 견적과 지역별 상담 정보를 확인해보세요.","같은 차라도 조건은 다릅니다.비교하고 더 좋은 조건을 찾으세요."
"gyeonggi\ansan-si\단원구\풍도동\index.html","경기 안산시 단원구 풍도동 장기렌트·자동차리스 가격비교 | 행복한렌트몰","경기 안산시 단원구 풍도동 장기렌트와 자동차리스 이용조건을 행복한렌트몰에서 비교하고 차량별 견적과 지역별 상담 정보를 확인해보세요.","같은 차라도 조건은 다릅니다.비교하고 더 좋은 조건을 찾으세요."
"gyeonggi\ansan-si\단원구\화정동\index.html","경기 안산시 단원구 화정동 장기렌트·자동차리스 가격비교 | 행복한렌트몰","경기 안산시 단원구 화정동 장기렌트와 자동차리스 이용조건을 행복한렌트몰에서 비교하고 차량별 견적과 지역별 상담 정보를 확인해보세요.","같은 차라도 조건은 다릅니다.비교하고 더 좋은 조건을 찾으세요."
"gyeonggi\ansan-si\상록구\index.html","경기 안산시 상록구 장기렌트·자동차리스 가격비교 | 행복한렌트몰","경기 안산시 상록구 장기렌트와 자동차리스 이용조건을 행복한렌트몰에서 비교하고 차량별 견적과 지역별 상담 정보를 확인해보세요.","같은 차라도 조건은 다릅니다.비교하고 더 좋은 조건을 찾으세요."
"gyeonggi\ansan-si\상록구\건건동\index.html","경기 안산시 상록구 건건동 장기렌트·자동차리스 가격비교 | 행복한렌트몰","경기 안산시 상록구 건건동 장기렌트와 자동차리스 이용조건을 행복한렌트몰에서 비교하고 차량별 견적과 지역별 상담 정보를 확인해보세요.","같은 차라도 조건은 다릅니다.비교하고 더 좋은 조건을 찾으세요."
"gyeonggi\ansan-si\상록구\본오동\index.html","경기 안산시 상록구 본오동 장기렌트·자동차리스 가격비교 | 행복한렌트몰","경기 안산시 상록구 본오동 장기렌트와 자동차리스 이용조건을 행복한렌트몰에서 비교하고 차량별 견적과 지역별 상담 정보를 확인해보세요.","같은 차라도 조건은 다릅니다.비교하고 더 좋은 조건을 찾으세요."
"gyeonggi\ansan-si\상록구\부곡동\index.html","경기 안산시 상록구 부곡동 장기렌트·자동차리스 가격비교 | 행복한렌트몰","경기 안산시 상록구 부곡동 장기렌트와 자동차리스 이용조건을 행복한렌트몰에서 비교하고 차량별 견적과 지역별 상담 정보를 확인해보세요.","같은 차라도 조건은 다릅니다.비교하고 더 좋은 조건을 찾으세요."
"gyeonggi\ansan-si\상록구\사동\index.html","경기 안산시 상록구 사동 장기렌트·자동차리스 가격비교 | 행복한렌트몰","경기 안산시 상록구 사동 장기렌트와 자동차리스 이용조건을 행복한렌트몰에서 비교하고 차량별 견적과 지역별 상담 정보를 확인해보세요.","같은 차라도 조건은 다릅니다.비교하고 더 좋은 조건을 찾으세요."
"gyeonggi\ansan-si\상록구\사사동\index.html","경기 안산시 상록구 사사동 장기렌트·자동차리스 가격비교 | 행복한렌트몰","경기 안산시 상록구 사사동 장기렌트와 자동차리스 이용조건을 행복한렌트몰에서 비교하고 차량별 견적과 지역별 상담 정보를 확인해보세요.","같은 차라도 조건은 다릅니다.비교하고 더 좋은 조건을 찾으세요."
"gyeonggi\ansan-si\상록구\성포동\index.html","경기 안산시 상록구 성포동 장기렌트·자동차리스 가격비교 | 행복한렌트몰","경기 안산시 상록구 성포동 장기렌트와 자동차리스 이용조건을 행복한렌트몰에서 비교하고 차량별 견적과 지역별 상담 정보를 확인해보세요.","같은 차라도 조건은 다릅니다.비교하고 더 좋은 조건을 찾으세요."
"gyeonggi\ansan-si\상록구\수암동\index.html","경기 안산시 상록구 수암동 장기렌트·자동차리스 가격비교 | 행복한렌트몰","경기 안산시 상록구 수암동 장기렌트와 자동차리스 이용조건을 행복한렌트몰에서 비교하고 차량별 견적과 지역별 상담 정보를 확인해보세요.","같은 차라도 조건은 다릅니다.비교하고 더 좋은 조건을 찾으세요."
"gyeonggi\ansan-si\상록구\양상동\index.html","경기 안산시 상록구 양상동 장기렌트·자동차리스 가격비교 | 행복한렌트몰","경기 안산시 상록구 양상동 장기렌트와 자동차리스 이용조건을 행복한렌트몰에서 비교하고 차량별 견적과 지역별 상담 정보를 확인해보세요.","같은 차라도 조건은 다릅니다.비교하고 더 좋은 조건을 찾으세요."
"gyeonggi\ansan-si\상록구\월피동\index.html","경기 안산시 상록구 월피동 장기렌트·자동차리스 가격비교 | 행복한렌트몰","경기 안산시 상록구 월피동 장기렌트와 자동차리스 이용조건을 행복한렌트몰에서 비교하고 차량별 견적과 지역별 상담 정보를 확인해보세요.","같은 차라도 조건은 다릅니다.비교하고 더 좋은 조건을 찾으세요."
"gyeonggi\ansan-si\상록구\이동\index.html","경기 안산시 상록구 이동 장기렌트·자동차리스 가격비교 | 행복한렌트몰","경기 안산시 상록구 이동 장기렌트와 자동차리스 이용조건을 행복한렌트몰에서 비교하고 차량별 견적과 지역별 상담 정보를 확인해보세요.","같은 차라도 조건은 다릅니다.비교하고 더 좋은 조건을 찾으세요."
"gyeonggi\ansan-si\상록구\일동\index.html","경기 안산시 상록구 일동 장기렌트·자동차리스 가격비교 | 행복한렌트몰","경기 안산시 상록구 일동 장기렌트와 자동차리스 이용조건을 행복한렌트몰에서 비교하고 차량별 견적과 지역별 상담 정보를 확인해보세요.","같은 차라도 조건은 다릅니다.비교하고 더 좋은 조건을 찾으세요."
"gyeonggi\ansan-si\상록구\장상동\index.html","경기 안산시 상록구 장상동 장기렌트·자동차리스 가격비교 | 행복한렌트몰","경기 안산시 상록구 장상동 장기렌트와 자동차리스 이용조건을 행복한렌트몰에서 비교하고 차량별 견적과 지역별 상담 정보를 확인해보세요.","같은 차라도 조건은 다릅니다.비교하고 더 좋은 조건을 찾으세요."
"gyeonggi\ansan-si\상록구\장하동\index.html","경기 안산시 상록구 장하동 장기렌트·자동차리스 가격비교 | 행복한렌트몰","경기 안산시 상록구 장하동 장기렌트와 자동차리스 이용조건을 행복한렌트몰에서 비교하고 차량별 견적과 지역별 상담 정보를 확인해보세요.","같은 차라도 조건은 다릅니다.비교하고 더 좋은 조건을 찾으세요."
"gyeonggi\ansan-si\상록구\팔곡이동\index.html","경기 안산시 상록구 팔곡이동 장기렌트·자동차리스 가격비교 | 행복한렌트몰","경기 안산시 상록구 팔곡이동 장기렌트와 자동차리스 이용조건을 행복한렌트몰에서 비교하고 차량별 견적과 지역별 상담 정보를 확인해보세요.","같은 차라도 조건은 다릅니다.비교하고 더 좋은 조건을 찾으세요."
"gyeonggi\ansan-si\상록구\팔곡일동\index.html","경기 안산시 상록구 팔곡일동 장기렌트·자동차리스 가격비교 | 행복한렌트몰","경기 안산시 상록구 팔곡일동 장기렌트와 자동차리스 이용조건을 행복한렌트몰에서 비교하고 차량별 견적과 지역별 상담 정보를 확인해보세요.","같은 차라도 조건은 다릅니다.비교하고 더 좋은 조건을 찾으세요."
"gyeonggi\anseong-si\index.html","경기 안성시 장기렌트·자동차리스 가격비교 | 행복한렌트몰","경기 안성시 장기렌트와 자동차리스 조건을 행복한렌트몰에서 비교하고 지역별 상담 정보를 확인해보세요.","같은 차라도 조건은 다릅니다.비교하고 더 좋은 조건을 찾으세요."
"gyeonggi\anseong-si\가사동\index.html","경기 안성시 가사동 장기렌트·자동차리스 가격비교 | 행복한렌트몰","경기 안성시 가사동 장기렌트와 자동차리스 이용조건을 행복한렌트몰에서 비교하고 차량별 견적과 지역별 상담 정보를 확인해보세요.","같은 차라도 조건은 다릅니다.비교하고 더 좋은 조건을 찾으세요."
"gyeonggi\anseong-si\가현동\index.html","경기 안성시 가현동 장기렌트·자동차리스 가격비교 | 행복한렌트몰","경기 안성시 가현동 장기렌트와 자동차리스 이용조건을 행복한렌트몰에서 비교하고 차량별 견적과 지역별 상담 정보를 확인해보세요.","같은 차라도 조건은 다릅니다.비교하고 더 좋은 조건을 찾으세요."
"gyeonggi\anseong-si\계동\index.html","경기 안성시 계동 장기렌트·자동차리스 가격비교 | 행복한렌트몰","경기 안성시 계동 장기렌트와 자동차리스 이용조건을 행복한렌트몰에서 비교하고 차량별 견적과 지역별 상담 정보를 확인해보세요.","같은 차라도 조건은 다릅니다.비교하고 더 좋은 조건을 찾으세요."
"gyeonggi\anseong-si\고삼면\index.html","경기 안성시 고삼면 장기렌트·자동차리스 가격비교 | 행복한렌트몰","경기 안성시 고삼면 장기렌트와 자동차리스 이용조건을 행복한렌트몰에서 비교하고 차량별 견적과 지역별 상담 정보를 확인해보세요.","같은 차라도 조건은 다릅니다.비교하고 더 좋은 조건을 찾으세요."
"gyeonggi\anseong-si\공도읍\index.html","경기 안성시 공도읍 장기렌트·자동차리스 가격비교 | 행복한렌트몰","경기 안성시 공도읍 장기렌트와 자동차리스 이용조건을 행복한렌트몰에서 비교하고 차량별 견적과 지역별 상담 정보를 확인해보세요.","같은 차라도 조건은 다릅니다.비교하고 더 좋은 조건을 찾으세요."
"gyeonggi\anseong-si\구포동\index.html","경기 안성시 구포동 장기렌트·자동차리스 가격비교 | 행복한렌트몰","경기 안성시 구포동 장기렌트와 자동차리스 이용조건을 행복한렌트몰에서 비교하고 차량별 견적과 지역별 상담 정보를 확인해보세요.","같은 차라도 조건은 다릅니다.비교하고 더 좋은 조건을 찾으세요."
"gyeonggi\anseong-si\금광면\index.html","경기 안성시 금광면 장기렌트·자동차리스 가격비교 | 행복한렌트몰","경기 안성시 금광면 장기렌트와 자동차리스 이용조건을 행복한렌트몰에서 비교하고 차량별 견적과 지역별 상담 정보를 확인해보세요.","같은 차라도 조건은 다릅니다.비교하고 더 좋은 조건을 찾으세요."
"gyeonggi\anseong-si\금산동\index.html","경기 안성시 금산동 장기렌트·자동차리스 가격비교 | 행복한렌트몰","경기 안성시 금산동 장기렌트와 자동차리스 이용조건을 행복한렌트몰에서 비교하고 차량별 견적과 지역별 상담 정보를 확인해보세요.","같은 차라도 조건은 다릅니다.비교하고 더 좋은 조건을 찾으세요."
"gyeonggi\anseong-si\금석동\index.html","경기 안성시 금석동 장기렌트·자동차리스 가격비교 | 행복한렌트몰","경기 안성시 금석동 장기렌트와 자동차리스 이용조건을 행복한렌트몰에서 비교하고 차량별 견적과 지역별 상담 정보를 확인해보세요.","같은 차라도 조건은 다릅니다.비교하고 더 좋은 조건을 찾으세요."
"gyeonggi\anseong-si\낙원동\index.html","경기 안성시 낙원동 장기렌트·자동차리스 가격비교 | 행복한렌트몰","경기 안성시 낙원동 장기렌트와 자동차리스 이용조건을 행복한렌트몰에서 비교하고 차량별 견적과 지역별 상담 정보를 확인해보세요.","같은 차라도 조건은 다릅니다.비교하고 더 좋은 조건을 찾으세요."
"gyeonggi\anseong-si\당왕동\index.html","경기 안성시 당왕동 장기렌트·자동차리스 가격비교 | 행복한렌트몰","경기 안성시 당왕동 장기렌트와 자동차리스 이용조건을 행복한렌트몰에서 비교하고 차량별 견적과 지역별 상담 정보를 확인해보세요.","같은 차라도 조건은 다릅니다.비교하고 더 좋은 조건을 찾으세요."
"gyeonggi\anseong-si\대덕면\index.html","경기 안성시 대덕면 장기렌트·자동차리스 가격비교 | 행복한렌트몰","경기 안성시 대덕면 장기렌트와 자동차리스 이용조건을 행복한렌트몰에서 비교하고 차량별 견적과 지역별 상담 정보를 확인해보세요.","같은 차라도 조건은 다릅니다.비교하고 더 좋은 조건을 찾으세요."
"gyeonggi\anseong-si\대천동\index.html","경기 안성시 대천동 장기렌트·자동차리스 가격비교 | 행복한렌트몰","경기 안성시 대천동 장기렌트와 자동차리스 이용조건을 행복한렌트몰에서 비교하고 차량별 견적과 지역별 상담 정보를 확인해보세요.","같은 차라도 조건은 다릅니다.비교하고 더 좋은 조건을 찾으세요."
"gyeonggi\anseong-si\도기동\index.html","경기 안성시 도기동 장기렌트·자동차리스 가격비교 | 행복한렌트몰","경기 안성시 도기동 장기렌트와 자동차리스 이용조건을 행복한렌트몰에서 비교하고 차량별 견적과 지역별 상담 정보를 확인해보세요.","같은 차라도 조건은 다릅니다.비교하고 더 좋은 조건을 찾으세요."
"gyeonggi\anseong-si\동본동\index.html","경기 안성시 동본동 장기렌트·자동차리스 가격비교 | 행복한렌트몰","경기 안성시 동본동 장기렌트와 자동차리스 이용조건을 행복한렌트몰에서 비교하고 차량별 견적과 지역별 상담 정보를 확인해보세요.","같은 차라도 조건은 다릅니다.비교하고 더 좋은 조건을 찾으세요."
"gyeonggi\anseong-si\명륜동\index.html","경기 안성시 명륜동 장기렌트·자동차리스 가격비교 | 행복한렌트몰","경기 안성시 명륜동 장기렌트와 자동차리스 이용조건을 행복한렌트몰에서 비교하고 차량별 견적과 지역별 상담 정보를 확인해보세요.","같은 차라도 조건은 다릅니다.비교하고 더 좋은 조건을 찾으세요."
"gyeonggi\anseong-si\미양면\index.html","경기 안성시 미양면 장기렌트·자동차리스 가격비교 | 행복한렌트몰","경기 안성시 미양면 장기렌트와 자동차리스 이용조건을 행복한렌트몰에서 비교하고 차량별 견적과 지역별 상담 정보를 확인해보세요.","같은 차라도 조건은 다릅니다.비교하고 더 좋은 조건을 찾으세요."
"gyeonggi\anseong-si\발화동\index.html","경기 안성시 발화동 장기렌트·자동차리스 가격비교 | 행복한렌트몰","경기 안성시 발화동 장기렌트와 자동차리스 이용조건을 행복한렌트몰에서 비교하고 차량별 견적과 지역별 상담 정보를 확인해보세요.","같은 차라도 조건은 다릅니다.비교하고 더 좋은 조건을 찾으세요."
"gyeonggi\anseong-si\보개면\index.html","경기 안성시 보개면 장기렌트·자동차리스 가격비교 | 행복한렌트몰","경기 안성시 보개면 장기렌트와 자동차리스 이용조건을 행복한렌트몰에서 비교하고 차량별 견적과 지역별 상담 정보를 확인해보세요.","같은 차라도 조건은 다릅니다.비교하고 더 좋은 조건을 찾으세요."
"gyeonggi\anseong-si\봉남동\index.html","경기 안성시 봉남동 장기렌트·자동차리스 가격비교 | 행복한렌트몰","경기 안성시 봉남동 장기렌트와 자동차리스 이용조건을 행복한렌트몰에서 비교하고 차량별 견적과 지역별 상담 정보를 확인해보세요.","같은 차라도 조건은 다릅니다.비교하고 더 좋은 조건을 찾으세요."
"gyeonggi\anseong-si\봉산동\index.html","경기 안성시 봉산동 장기렌트·자동차리스 가격비교 | 행복한렌트몰","경기 안성시 봉산동 장기렌트와 자동차리스 이용조건을 행복한렌트몰에서 비교하고 차량별 견적과 지역별 상담 정보를 확인해보세요.","같은 차라도 조건은 다릅니다.비교하고 더 좋은 조건을 찾으세요."
"gyeonggi\anseong-si\사곡동\index.html","경기 안성시 사곡동 장기렌트·자동차리스 가격비교 | 행복한렌트몰","경기 안성시 사곡동 장기렌트와 자동차리스 이용조건을 행복한렌트몰에서 비교하고 차량별 견적과 지역별 상담 정보를 확인해보세요.","같은 차라도 조건은 다릅니다.비교하고 더 좋은 조건을 찾으세요."
"gyeonggi\anseong-si\삼죽면\index.html","경기 안성시 삼죽면 장기렌트·자동차리스 가격비교 | 행복한렌트몰","경기 안성시 삼죽면 장기렌트와 자동차리스 이용조건을 행복한렌트몰에서 비교하고 차량별 견적과 지역별 상담 정보를 확인해보세요.","같은 차라도 조건은 다릅니다.비교하고 더 좋은 조건을 찾으세요."
"gyeonggi\anseong-si\서운면\index.html","경기 안성시 서운면 장기렌트·자동차리스 가격비교 | 행복한렌트몰","경기 안성시 서운면 장기렌트와 자동차리스 이용조건을 행복한렌트몰에서 비교하고 차량별 견적과 지역별 상담 정보를 확인해보세요.","같은 차라도 조건은 다릅니다.비교하고 더 좋은 조건을 찾으세요."
"gyeonggi\anseong-si\서인동\index.html","경기 안성시 서인동 장기렌트·자동차리스 가격비교 | 행복한렌트몰","경기 안성시 서인동 장기렌트와 자동차리스 이용조건을 행복한렌트몰에서 비교하고 차량별 견적과 지역별 상담 정보를 확인해보세요.","같은 차라도 조건은 다릅니다.비교하고 더 좋은 조건을 찾으세요."
"gyeonggi\anseong-si\석정동\index.html","경기 안성시 석정동 장기렌트·자동차리스 가격비교 | 행복한렌트몰","경기 안성시 석정동 장기렌트와 자동차리스 이용조건을 행복한렌트몰에서 비교하고 차량별 견적과 지역별 상담 정보를 확인해보세요.","같은 차라도 조건은 다릅니다.비교하고 더 좋은 조건을 찾으세요."
"gyeonggi\anseong-si\성남동\index.html","경기 안성시 성남동 장기렌트·자동차리스 가격비교 | 행복한렌트몰","경기 안성시 성남동 장기렌트와 자동차리스 이용조건을 행복한렌트몰에서 비교하고 차량별 견적과 지역별 상담 정보를 확인해보세요.","같은 차라도 조건은 다릅니다.비교하고 더 좋은 조건을 찾으세요."
"gyeonggi\anseong-si\숭인동\index.html","경기 안성시 숭인동 장기렌트·자동차리스 가격비교 | 행복한렌트몰","경기 안성시 숭인동 장기렌트와 자동차리스 이용조건을 행복한렌트몰에서 비교하고 차량별 견적과 지역별 상담 정보를 확인해보세요.","같은 차라도 조건은 다릅니다.비교하고 더 좋은 조건을 찾으세요."
"gyeonggi\anseong-si\신건지동\index.html","경기 안성시 신건지동 장기렌트·자동차리스 가격비교 | 행복한렌트몰","경기 안성시 신건지동 장기렌트와 자동차리스 이용조건을 행복한렌트몰에서 비교하고 차량별 견적과 지역별 상담 정보를 확인해보세요.","같은 차라도 조건은 다릅니다.비교하고 더 좋은 조건을 찾으세요."
"gyeonggi\anseong-si\신모산동\index.html","경기 안성시 신모산동 장기렌트·자동차리스 가격비교 | 행복한렌트몰","경기 안성시 신모산동 장기렌트와 자동차리스 이용조건을 행복한렌트몰에서 비교하고 차량별 견적과 지역별 상담 정보를 확인해보세요.","같은 차라도 조건은 다릅니다.비교하고 더 좋은 조건을 찾으세요."
"gyeonggi\anseong-si\신소현동\index.html","경기 안성시 신소현동 장기렌트·자동차리스 가격비교 | 행복한렌트몰","경기 안성시 신소현동 장기렌트와 자동차리스 이용조건을 행복한렌트몰에서 비교하고 차량별 견적과 지역별 상담 정보를 확인해보세요.","같은 차라도 조건은 다릅니다.비교하고 더 좋은 조건을 찾으세요."
"gyeonggi\anseong-si\신흥동\index.html","경기 안성시 신흥동 장기렌트·자동차리스 가격비교 | 행복한렌트몰","경기 안성시 신흥동 장기렌트와 자동차리스 이용조건을 행복한렌트몰에서 비교하고 차량별 견적과 지역별 상담 정보를 확인해보세요.","같은 차라도 조건은 다릅니다.비교하고 더 좋은 조건을 찾으세요."
"gyeonggi\anseong-si\아양동\index.html","경기 안성시 아양동 장기렌트·자동차리스 가격비교 | 행복한렌트몰","경기 안성시 아양동 장기렌트와 자동차리스 이용조건을 행복한렌트몰에서 비교하고 차량별 견적과 지역별 상담 정보를 확인해보세요.","같은 차라도 조건은 다릅니다.비교하고 더 좋은 조건을 찾으세요."
"gyeonggi\anseong-si\양성면\index.html","경기 안성시 양성면 장기렌트·자동차리스 가격비교 | 행복한렌트몰","경기 안성시 양성면 장기렌트와 자동차리스 이용조건을 행복한렌트몰에서 비교하고 차량별 견적과 지역별 상담 정보를 확인해보세요.","같은 차라도 조건은 다릅니다.비교하고 더 좋은 조건을 찾으세요."
"gyeonggi\anseong-si\연지동\index.html","경기 안성시 연지동 장기렌트·자동차리스 가격비교 | 행복한렌트몰","경기 안성시 연지동 장기렌트와 자동차리스 이용조건을 행복한렌트몰에서 비교하고 차량별 견적과 지역별 상담 정보를 확인해보세요.","같은 차라도 조건은 다릅니다.비교하고 더 좋은 조건을 찾으세요."
"gyeonggi\anseong-si\영동\index.html","경기 안성시 영동 장기렌트·자동차리스 가격비교 | 행복한렌트몰","경기 안성시 영동 장기렌트와 자동차리스 이용조건을 행복한렌트몰에서 비교하고 차량별 견적과 지역별 상담 정보를 확인해보세요.","같은 차라도 조건은 다릅니다.비교하고 더 좋은 조건을 찾으세요."
"gyeonggi\anseong-si\옥산동\index.html","경기 안성시 옥산동 장기렌트·자동차리스 가격비교 | 행복한렌트몰","경기 안성시 옥산동 장기렌트와 자동차리스 이용조건을 행복한렌트몰에서 비교하고 차량별 견적과 지역별 상담 정보를 확인해보세요.","같은 차라도 조건은 다릅니다.비교하고 더 좋은 조건을 찾으세요."
"gyeonggi\anseong-si\옥천동\index.html","경기 안성시 옥천동 장기렌트·자동차리스 가격비교 | 행복한렌트몰","경기 안성시 옥천동 장기렌트와 자동차리스 이용조건을 행복한렌트몰에서 비교하고 차량별 견적과 지역별 상담 정보를 확인해보세요.","같은 차라도 조건은 다릅니다.비교하고 더 좋은 조건을 찾으세요."
"gyeonggi\anseong-si\원곡면\index.html","경기 안성시 원곡면 장기렌트·자동차리스 가격비교 | 행복한렌트몰","경기 안성시 원곡면 장기렌트와 자동차리스 이용조건을 행복한렌트몰에서 비교하고 차량별 견적과 지역별 상담 정보를 확인해보세요.","같은 차라도 조건은 다릅니다.비교하고 더 좋은 조건을 찾으세요."
"gyeonggi\anseong-si\인지동\index.html","경기 안성시 인지동 장기렌트·자동차리스 가격비교 | 행복한렌트몰","경기 안성시 인지동 장기렌트와 자동차리스 이용조건을 행복한렌트몰에서 비교하고 차량별 견적과 지역별 상담 정보를 확인해보세요.","같은 차라도 조건은 다릅니다.비교하고 더 좋은 조건을 찾으세요."
"gyeonggi\anseong-si\일죽면\index.html","경기 안성시 일죽면 장기렌트·자동차리스 가격비교 | 행복한렌트몰","경기 안성시 일죽면 장기렌트와 자동차리스 이용조건을 행복한렌트몰에서 비교하고 차량별 견적과 지역별 상담 정보를 확인해보세요.","같은 차라도 조건은 다릅니다.비교하고 더 좋은 조건을 찾으세요."
"gyeonggi\anseong-si\죽산면\index.html","경기 안성시 죽산면 장기렌트·자동차리스 가격비교 | 행복한렌트몰","경기 안성시 죽산면 장기렌트와 자동차리스 이용조건을 행복한렌트몰에서 비교하고 차량별 견적과 지역별 상담 정보를 확인해보세요.","같은 차라도 조건은 다릅니다.비교하고 더 좋은 조건을 찾으세요."
"gyeonggi\anseong-si\중리동\index.html","경기 안성시 중리동 장기렌트·자동차리스 가격비교 | 행복한렌트몰","경기 안성시 중리동 장기렌트와 자동차리스 이용조건을 행복한렌트몰에서 비교하고 차량별 견적과 지역별 상담 정보를 확인해보세요.","같은 차라도 조건은 다릅니다.비교하고 더 좋은 조건을 찾으세요."
"gyeonggi\anseong-si\창전동\index.html","경기 안성시 창전동 장기렌트·자동차리스 가격비교 | 행복한렌트몰","경기 안성시 창전동 장기렌트와 자동차리스 이용조건을 행복한렌트몰에서 비교하고 차량별 견적과 지역별 상담 정보를 확인해보세요.","같은 차라도 조건은 다릅니다.비교하고 더 좋은 조건을 찾으세요."
"gyeonggi\anseong-si\현수동\index.html","경기 안성시 현수동 장기렌트·자동차리스 가격비교 | 행복한렌트몰","경기 안성시 현수동 장기렌트와 자동차리스 이용조건을 행복한렌트몰에서 비교하고 차량별 견적과 지역별 상담 정보를 확인해보세요.","같은 차라도 조건은 다릅니다.비교하고 더 좋은 조건을 찾으세요."
"gyeonggi\anyang-si\index.html","경기 안양시 장기렌트·자동차리스 가격비교 | 행복한렌트몰","경기 안양시 장기렌트와 자동차리스 조건을 행복한렌트몰에서 비교하고 지역별 상담 정보를 확인해보세요.","같은 차라도 조건은 다릅니다.비교하고 더 좋은 조건을 찾으세요."
"gyeonggi\anyang-si\동안구\index.html","경기 안양시 동안구 장기렌트·자동차리스 가격비교 | 행복한렌트몰","경기 안양시 동안구 장기렌트와 자동차리스 이용조건을 행복한렌트몰에서 비교하고 차량별 견적과 지역별 상담 정보를 확인해보세요.","같은 차라도 조건은 다릅니다.비교하고 더 좋은 조건을 찾으세요."
"gyeonggi\anyang-si\동안구\관양동\index.html","경기 안양시 동안구 관양동 장기렌트·자동차리스 가격비교 | 행복한렌트몰","경기 안양시 동안구 관양동 장기렌트와 자동차리스 이용조건을 행복한렌트몰에서 비교하고 차량별 견적과 지역별 상담 정보를 확인해보세요.","같은 차라도 조건은 다릅니다.비교하고 더 좋은 조건을 찾으세요."
"gyeonggi\anyang-si\동안구\비산동\index.html","경기 안양시 동안구 비산동 장기렌트·자동차리스 가격비교 | 행복한렌트몰","경기 안양시 동안구 비산동 장기렌트와 자동차리스 이용조건을 행복한렌트몰에서 비교하고 차량별 견적과 지역별 상담 정보를 확인해보세요.","같은 차라도 조건은 다릅니다.비교하고 더 좋은 조건을 찾으세요."
"gyeonggi\anyang-si\동안구\평촌동\index.html","경기 안양시 동안구 평촌동 장기렌트·자동차리스 가격비교 | 행복한렌트몰","경기 안양시 동안구 평촌동 장기렌트와 자동차리스 이용조건을 행복한렌트몰에서 비교하고 차량별 견적과 지역별 상담 정보를 확인해보세요.","같은 차라도 조건은 다릅니다.비교하고 더 좋은 조건을 찾으세요."
"gyeonggi\anyang-si\동안구\호계동\index.html","경기 안양시 동안구 호계동 장기렌트·자동차리스 가격비교 | 행복한렌트몰","경기 안양시 동안구 호계동 장기렌트와 자동차리스 이용조건을 행복한렌트몰에서 비교하고 차량별 견적과 지역별 상담 정보를 확인해보세요.","같은 차라도 조건은 다릅니다.비교하고 더 좋은 조건을 찾으세요."
"gyeonggi\anyang-si\만안구\index.html","경기 안양시 만안구 장기렌트·자동차리스 가격비교 | 행복한렌트몰","경기 안양시 만안구 장기렌트와 자동차리스 이용조건을 행복한렌트몰에서 비교하고 차량별 견적과 지역별 상담 정보를 확인해보세요.","같은 차라도 조건은 다릅니다.비교하고 더 좋은 조건을 찾으세요."
"gyeonggi\anyang-si\만안구\박달동\index.html","경기 안양시 만안구 박달동 장기렌트·자동차리스 가격비교 | 행복한렌트몰","경기 안양시 만안구 박달동 장기렌트와 자동차리스 이용조건을 행복한렌트몰에서 비교하고 차량별 견적과 지역별 상담 정보를 확인해보세요.","같은 차라도 조건은 다릅니다.비교하고 더 좋은 조건을 찾으세요."
"gyeonggi\anyang-si\만안구\석수동\index.html","경기 안양시 만안구 석수동 장기렌트·자동차리스 가격비교 | 행복한렌트몰","경기 안양시 만안구 석수동 장기렌트와 자동차리스 이용조건을 행복한렌트몰에서 비교하고 차량별 견적과 지역별 상담 정보를 확인해보세요.","같은 차라도 조건은 다릅니다.비교하고 더 좋은 조건을 찾으세요."
"gyeonggi\anyang-si\만안구\안양동\index.html","경기 안양시 만안구 안양동 장기렌트·자동차리스 가격비교 | 행복한렌트몰","경기 안양시 만안구 안양동 장기렌트와 자동차리스 이용조건을 행복한렌트몰에서 비교하고 차량별 견적과 지역별 상담 정보를 확인해보세요.","같은 차라도 조건은 다릅니다.비교하고 더 좋은 조건을 찾으세요."
"gyeonggi\bucheon-si\index.html","경기 부천시 장기렌트·자동차리스 가격비교 | 행복한렌트몰","경기 부천시 장기렌트와 자동차리스 조건을 행복한렌트몰에서 비교하고 지역별 상담 정보를 확인해보세요.","같은 차라도 조건은 다릅니다.비교하고 더 좋은 조건을 찾으세요."
"gyeonggi\dongducheon-si\index.html","경기 동두천시 장기렌트·자동차리스 가격비교 | 행복한렌트몰","경기 동두천시 장기렌트와 자동차리스 조건을 행복한렌트몰에서 비교하고 지역별 상담 정보를 확인해보세요.","같은 차라도 조건은 다릅니다.비교하고 더 좋은 조건을 찾으세요."
"gyeonggi\dongducheon-si\걸산동\index.html","경기 동두천시 걸산동 장기렌트·자동차리스 가격비교 | 행복한렌트몰","경기 동두천시 걸산동 장기렌트와 자동차리스 이용조건을 행복한렌트몰에서 비교하고 차량별 견적과 지역별 상담 정보를 확인해보세요.","같은 차라도 조건은 다릅니다.비교하고 더 좋은 조건을 찾으세요."
"gyeonggi\dongducheon-si\광암동\index.html","경기 동두천시 광암동 장기렌트·자동차리스 가격비교 | 행복한렌트몰","경기 동두천시 광암동 장기렌트와 자동차리스 이용조건을 행복한렌트몰에서 비교하고 차량별 견적과 지역별 상담 정보를 확인해보세요.","같은 차라도 조건은 다릅니다.비교하고 더 좋은 조건을 찾으세요."
"gyeonggi\dongducheon-si\동두천동\index.html","경기 동두천시 동두천동 장기렌트·자동차리스 가격비교 | 행복한렌트몰","경기 동두천시 동두천동 장기렌트와 자동차리스 이용조건을 행복한렌트몰에서 비교하고 차량별 견적과 지역별 상담 정보를 확인해보세요.","같은 차라도 조건은 다릅니다.비교하고 더 좋은 조건을 찾으세요."
"gyeonggi\dongducheon-si\보산동\index.html","경기 동두천시 보산동 장기렌트·자동차리스 가격비교 | 행복한렌트몰","경기 동두천시 보산동 장기렌트와 자동차리스 이용조건을 행복한렌트몰에서 비교하고 차량별 견적과 지역별 상담 정보를 확인해보세요.","같은 차라도 조건은 다릅니다.비교하고 더 좋은 조건을 찾으세요."
"gyeonggi\dongducheon-si\상봉암동\index.html","경기 동두천시 상봉암동 장기렌트·자동차리스 가격비교 | 행복한렌트몰","경기 동두천시 상봉암동 장기렌트와 자동차리스 이용조건을 행복한렌트몰에서 비교하고 차량별 견적과 지역별 상담 정보를 확인해보세요.","같은 차라도 조건은 다릅니다.비교하고 더 좋은 조건을 찾으세요."
"gyeonggi\dongducheon-si\상패동\index.html","경기 동두천시 상패동 장기렌트·자동차리스 가격비교 | 행복한렌트몰","경기 동두천시 상패동 장기렌트와 자동차리스 이용조건을 행복한렌트몰에서 비교하고 차량별 견적과 지역별 상담 정보를 확인해보세요.","같은 차라도 조건은 다릅니다.비교하고 더 좋은 조건을 찾으세요."
"gyeonggi\dongducheon-si\생연동\index.html","경기 동두천시 생연동 장기렌트·자동차리스 가격비교 | 행복한렌트몰","경기 동두천시 생연동 장기렌트와 자동차리스 이용조건을 행복한렌트몰에서 비교하고 차량별 견적과 지역별 상담 정보를 확인해보세요.","같은 차라도 조건은 다릅니다.비교하고 더 좋은 조건을 찾으세요."
"gyeonggi\dongducheon-si\송내동\index.html","경기 동두천시 송내동 장기렌트·자동차리스 가격비교 | 행복한렌트몰","경기 동두천시 송내동 장기렌트와 자동차리스 이용조건을 행복한렌트몰에서 비교하고 차량별 견적과 지역별 상담 정보를 확인해보세요.","같은 차라도 조건은 다릅니다.비교하고 더 좋은 조건을 찾으세요."
"gyeonggi\dongducheon-si\안흥동\index.html","경기 동두천시 안흥동 장기렌트·자동차리스 가격비교 | 행복한렌트몰","경기 동두천시 안흥동 장기렌트와 자동차리스 이용조건을 행복한렌트몰에서 비교하고 차량별 견적과 지역별 상담 정보를 확인해보세요.","같은 차라도 조건은 다릅니다.비교하고 더 좋은 조건을 찾으세요."
"gyeonggi\dongducheon-si\지행동\index.html","경기 동두천시 지행동 장기렌트·자동차리스 가격비교 | 행복한렌트몰","경기 동두천시 지행동 장기렌트와 자동차리스 이용조건을 행복한렌트몰에서 비교하고 차량별 견적과 지역별 상담 정보를 확인해보세요.","같은 차라도 조건은 다릅니다.비교하고 더 좋은 조건을 찾으세요."
"gyeonggi\dongducheon-si\탑동동\index.html","경기 동두천시 탑동동 장기렌트·자동차리스 가격비교 | 행복한렌트몰","경기 동두천시 탑동동 장기렌트와 자동차리스 이용조건을 행복한렌트몰에서 비교하고 차량별 견적과 지역별 상담 정보를 확인해보세요.","같은 차라도 조건은 다릅니다.비교하고 더 좋은 조건을 찾으세요."
"gyeonggi\dongducheon-si\하봉암동\index.html","경기 동두천시 하봉암동 장기렌트·자동차리스 가격비교 | 행복한렌트몰","경기 동두천시 하봉암동 장기렌트와 자동차리스 이용조건을 행복한렌트몰에서 비교하고 차량별 견적과 지역별 상담 정보를 확인해보세요.","같은 차라도 조건은 다릅니다.비교하고 더 좋은 조건을 찾으세요."
"gyeonggi\gapyeong-gun\index.html","경기 가평군 장기렌트·자동차리스 가격비교 | 행복한렌트몰","경기 가평군 장기렌트와 자동차리스 조건을 행복한렌트몰에서 비교하고 지역별 상담 정보를 확인해보세요.","같은 차라도 조건은 다릅니다.비교하고 더 좋은 조건을 찾으세요."
"gyeonggi\gapyeong-gun\가평읍\index.html","경기 가평군 가평읍 장기렌트·자동차리스 가격비교 | 행복한렌트몰","경기 가평군 가평읍 장기렌트와 자동차리스 이용조건을 행복한렌트몰에서 비교하고 차량별 견적과 지역별 상담 정보를 확인해보세요.","같은 차라도 조건은 다릅니다.비교하고 더 좋은 조건을 찾으세요."
"gyeonggi\gapyeong-gun\북면\index.html","경기 가평군 북면 장기렌트·자동차리스 가격비교 | 행복한렌트몰","경기 가평군 북면 장기렌트와 자동차리스 이용조건을 행복한렌트몰에서 비교하고 차량별 견적과 지역별 상담 정보를 확인해보세요.","같은 차라도 조건은 다릅니다.비교하고 더 좋은 조건을 찾으세요."
"gyeonggi\gapyeong-gun\상면\index.html","경기 가평군 상면 장기렌트·자동차리스 가격비교 | 행복한렌트몰","경기 가평군 상면 장기렌트와 자동차리스 이용조건을 행복한렌트몰에서 비교하고 차량별 견적과 지역별 상담 정보를 확인해보세요.","같은 차라도 조건은 다릅니다.비교하고 더 좋은 조건을 찾으세요."
"gyeonggi\gapyeong-gun\설악면\index.html","경기 가평군 설악면 장기렌트·자동차리스 가격비교 | 행복한렌트몰","경기 가평군 설악면 장기렌트와 자동차리스 이용조건을 행복한렌트몰에서 비교하고 차량별 견적과 지역별 상담 정보를 확인해보세요.","같은 차라도 조건은 다릅니다.비교하고 더 좋은 조건을 찾으세요."
"gyeonggi\gapyeong-gun\조종면\index.html","경기 가평군 조종면 장기렌트·자동차리스 가격비교 | 행복한렌트몰","경기 가평군 조종면 장기렌트와 자동차리스 이용조건을 행복한렌트몰에서 비교하고 차량별 견적과 지역별 상담 정보를 확인해보세요.","같은 차라도 조건은 다릅니다.비교하고 더 좋은 조건을 찾으세요."
"gyeonggi\gapyeong-gun\청평면\index.html","경기 가평군 청평면 장기렌트·자동차리스 가격비교 | 행복한렌트몰","경기 가평군 청평면 장기렌트와 자동차리스 이용조건을 행복한렌트몰에서 비교하고 차량별 견적과 지역별 상담 정보를 확인해보세요.","같은 차라도 조건은 다릅니다.비교하고 더 좋은 조건을 찾으세요."
"gyeonggi\gimpo-si\index.html","경기 김포시 장기렌트·자동차리스 가격비교 | 행복한렌트몰","경기 김포시 장기렌트와 자동차리스 조건을 행복한렌트몰에서 비교하고 지역별 상담 정보를 확인해보세요.","같은 차라도 조건은 다릅니다.비교하고 더 좋은 조건을 찾으세요."
"gyeonggi\gimpo-si\감정동\index.html","경기 김포시 감정동 장기렌트·자동차리스 가격비교 | 행복한렌트몰","경기 김포시 감정동 장기렌트와 자동차리스 이용조건을 행복한렌트몰에서 비교하고 차량별 견적과 지역별 상담 정보를 확인해보세요.","같은 차라도 조건은 다릅니다.비교하고 더 좋은 조건을 찾으세요."
"gyeonggi\gimpo-si\걸포동\index.html","경기 김포시 걸포동 장기렌트·자동차리스 가격비교 | 행복한렌트몰","경기 김포시 걸포동 장기렌트와 자동차리스 이용조건을 행복한렌트몰에서 비교하고 차량별 견적과 지역별 상담 정보를 확인해보세요.","같은 차라도 조건은 다릅니다.비교하고 더 좋은 조건을 찾으세요."
"gyeonggi\gimpo-si\고촌읍\index.html","경기 김포시 고촌읍 장기렌트·자동차리스 가격비교 | 행복한렌트몰","경기 김포시 고촌읍 장기렌트와 자동차리스 이용조건을 행복한렌트몰에서 비교하고 차량별 견적과 지역별 상담 정보를 확인해보세요.","같은 차라도 조건은 다릅니다.비교하고 더 좋은 조건을 찾으세요."
"gyeonggi\gimpo-si\구래동\index.html","경기 김포시 구래동 장기렌트·자동차리스 가격비교 | 행복한렌트몰","경기 김포시 구래동 장기렌트와 자동차리스 이용조건을 행복한렌트몰에서 비교하고 차량별 견적과 지역별 상담 정보를 확인해보세요.","같은 차라도 조건은 다릅니다.비교하고 더 좋은 조건을 찾으세요."
"gyeonggi\gimpo-si\대곶면\index.html","경기 김포시 대곶면 장기렌트·자동차리스 가격비교 | 행복한렌트몰","경기 김포시 대곶면 장기렌트와 자동차리스 이용조건을 행복한렌트몰에서 비교하고 차량별 견적과 지역별 상담 정보를 확인해보세요.","같은 차라도 조건은 다릅니다.비교하고 더 좋은 조건을 찾으세요."
"gyeonggi\gimpo-si\마산동\index.html","경기 김포시 마산동 장기렌트·자동차리스 가격비교 | 행복한렌트몰","경기 김포시 마산동 장기렌트와 자동차리스 이용조건을 행복한렌트몰에서 비교하고 차량별 견적과 지역별 상담 정보를 확인해보세요.","같은 차라도 조건은 다릅니다.비교하고 더 좋은 조건을 찾으세요."
"gyeonggi\gimpo-si\북변동\index.html","경기 김포시 북변동 장기렌트·자동차리스 가격비교 | 행복한렌트몰","경기 김포시 북변동 장기렌트와 자동차리스 이용조건을 행복한렌트몰에서 비교하고 차량별 견적과 지역별 상담 정보를 확인해보세요.","같은 차라도 조건은 다릅니다.비교하고 더 좋은 조건을 찾으세요."
"gyeonggi\gimpo-si\사우동\index.html","경기 김포시 사우동 장기렌트·자동차리스 가격비교 | 행복한렌트몰","경기 김포시 사우동 장기렌트와 자동차리스 이용조건을 행복한렌트몰에서 비교하고 차량별 견적과 지역별 상담 정보를 확인해보세요.","같은 차라도 조건은 다릅니다.비교하고 더 좋은 조건을 찾으세요."
"gyeonggi\gimpo-si\양촌읍\index.html","경기 김포시 양촌읍 장기렌트·자동차리스 가격비교 | 행복한렌트몰","경기 김포시 양촌읍 장기렌트와 자동차리스 이용조건을 행복한렌트몰에서 비교하고 차량별 견적과 지역별 상담 정보를 확인해보세요.","같은 차라도 조건은 다릅니다.비교하고 더 좋은 조건을 찾으세요."
"gyeonggi\gimpo-si\운양동\index.html","경기 김포시 운양동 장기렌트·자동차리스 가격비교 | 행복한렌트몰","경기 김포시 운양동 장기렌트와 자동차리스 이용조건을 행복한렌트몰에서 비교하고 차량별 견적과 지역별 상담 정보를 확인해보세요.","같은 차라도 조건은 다릅니다.비교하고 더 좋은 조건을 찾으세요."
"gyeonggi\gimpo-si\월곶면\index.html","경기 김포시 월곶면 장기렌트·자동차리스 가격비교 | 행복한렌트몰","경기 김포시 월곶면 장기렌트와 자동차리스 이용조건을 행복한렌트몰에서 비교하고 차량별 견적과 지역별 상담 정보를 확인해보세요.","같은 차라도 조건은 다릅니다.비교하고 더 좋은 조건을 찾으세요."
"gyeonggi\gimpo-si\장기동\index.html","경기 김포시 장기동 장기렌트·자동차리스 가격비교 | 행복한렌트몰","경기 김포시 장기동 장기렌트와 자동차리스 이용조건을 행복한렌트몰에서 비교하고 차량별 견적과 지역별 상담 정보를 확인해보세요.","같은 차라도 조건은 다릅니다.비교하고 더 좋은 조건을 찾으세요."
"gyeonggi\gimpo-si\통진읍\index.html","경기 김포시 통진읍 장기렌트·자동차리스 가격비교 | 행복한렌트몰","경기 김포시 통진읍 장기렌트와 자동차리스 이용조건을 행복한렌트몰에서 비교하고 차량별 견적과 지역별 상담 정보를 확인해보세요.","같은 차라도 조건은 다릅니다.비교하고 더 좋은 조건을 찾으세요."
"gyeonggi\gimpo-si\풍무동\index.html","경기 김포시 풍무동 장기렌트·자동차리스 가격비교 | 행복한렌트몰","경기 김포시 풍무동 장기렌트와 자동차리스 이용조건을 행복한렌트몰에서 비교하고 차량별 견적과 지역별 상담 정보를 확인해보세요.","같은 차라도 조건은 다릅니다.비교하고 더 좋은 조건을 찾으세요."
"gyeonggi\gimpo-si\하성면\index.html","경기 김포시 하성면 장기렌트·자동차리스 가격비교 | 행복한렌트몰","경기 김포시 하성면 장기렌트와 자동차리스 이용조건을 행복한렌트몰에서 비교하고 차량별 견적과 지역별 상담 정보를 확인해보세요.","같은 차라도 조건은 다릅니다.비교하고 더 좋은 조건을 찾으세요."
"gyeonggi\goyang-si\index.html","경기 고양시 장기렌트·자동차리스 가격비교 | 행복한렌트몰","경기 고양시 장기렌트와 자동차리스 조건을 행복한렌트몰에서 비교하고 지역별 상담 정보를 확인해보세요.","같은 차라도 조건은 다릅니다.비교하고 더 좋은 조건을 찾으세요."
"gyeonggi\goyang-si\덕양구\index.html","경기 고양시 덕양구 장기렌트·자동차리스 가격비교 | 행복한렌트몰","경기 고양시 덕양구 장기렌트와 자동차리스 이용조건을 행복한렌트몰에서 비교하고 차량별 견적과 지역별 상담 정보를 확인해보세요.","같은 차라도 조건은 다릅니다.비교하고 더 좋은 조건을 찾으세요."
"gyeonggi\goyang-si\덕양구\강매동\index.html","경기 고양시 덕양구 강매동 장기렌트·자동차리스 가격비교 | 행복한렌트몰","경기 고양시 덕양구 강매동 장기렌트와 자동차리스 이용조건을 행복한렌트몰에서 비교하고 차량별 견적과 지역별 상담 정보를 확인해보세요.","같은 차라도 조건은 다릅니다.비교하고 더 좋은 조건을 찾으세요."
"gyeonggi\goyang-si\덕양구\고양동\index.html","경기 고양시 덕양구 고양동 장기렌트·자동차리스 가격비교 | 행복한렌트몰","경기 고양시 덕양구 고양동 장기렌트와 자동차리스 이용조건을 행복한렌트몰에서 비교하고 차량별 견적과 지역별 상담 정보를 확인해보세요.","같은 차라도 조건은 다릅니다.비교하고 더 좋은 조건을 찾으세요."
"gyeonggi\goyang-si\덕양구\관산동\index.html","경기 고양시 덕양구 관산동 장기렌트·자동차리스 가격비교 | 행복한렌트몰","경기 고양시 덕양구 관산동 장기렌트와 자동차리스 이용조건을 행복한렌트몰에서 비교하고 차량별 견적과 지역별 상담 정보를 확인해보세요.","같은 차라도 조건은 다릅니다.비교하고 더 좋은 조건을 찾으세요."
"gyeonggi\goyang-si\덕양구\내곡동\index.html","경기 고양시 덕양구 내곡동 장기렌트·자동차리스 가격비교 | 행복한렌트몰","경기 고양시 덕양구 내곡동 장기렌트와 자동차리스 이용조건을 행복한렌트몰에서 비교하고 차량별 견적과 지역별 상담 정보를 확인해보세요.","같은 차라도 조건은 다릅니다.비교하고 더 좋은 조건을 찾으세요."
"gyeonggi\goyang-si\덕양구\내유동\index.html","경기 고양시 덕양구 내유동 장기렌트·자동차리스 가격비교 | 행복한렌트몰","경기 고양시 덕양구 내유동 장기렌트와 자동차리스 이용조건을 행복한렌트몰에서 비교하고 차량별 견적과 지역별 상담 정보를 확인해보세요.","같은 차라도 조건은 다릅니다.비교하고 더 좋은 조건을 찾으세요."
"gyeonggi\goyang-si\덕양구\대자동\index.html","경기 고양시 덕양구 대자동 장기렌트·자동차리스 가격비교 | 행복한렌트몰","경기 고양시 덕양구 대자동 장기렌트와 자동차리스 이용조건을 행복한렌트몰에서 비교하고 차량별 견적과 지역별 상담 정보를 확인해보세요.","같은 차라도 조건은 다릅니다.비교하고 더 좋은 조건을 찾으세요."
"gyeonggi\goyang-si\덕양구\대장동\index.html","경기 고양시 덕양구 대장동 장기렌트·자동차리스 가격비교 | 행복한렌트몰","경기 고양시 덕양구 대장동 장기렌트와 자동차리스 이용조건을 행복한렌트몰에서 비교하고 차량별 견적과 지역별 상담 정보를 확인해보세요.","같은 차라도 조건은 다릅니다.비교하고 더 좋은 조건을 찾으세요."
"gyeonggi\goyang-si\덕양구\덕은동\index.html","경기 고양시 덕양구 덕은동 장기렌트·자동차리스 가격비교 | 행복한렌트몰","경기 고양시 덕양구 덕은동 장기렌트와 자동차리스 이용조건을 행복한렌트몰에서 비교하고 차량별 견적과 지역별 상담 정보를 확인해보세요.","같은 차라도 조건은 다릅니다.비교하고 더 좋은 조건을 찾으세요."
"gyeonggi\goyang-si\덕양구\도내동\index.html","경기 고양시 덕양구 도내동 장기렌트·자동차리스 가격비교 | 행복한렌트몰","경기 고양시 덕양구 도내동 장기렌트와 자동차리스 이용조건을 행복한렌트몰에서 비교하고 차량별 견적과 지역별 상담 정보를 확인해보세요.","같은 차라도 조건은 다릅니다.비교하고 더 좋은 조건을 찾으세요."
"gyeonggi\goyang-si\덕양구\동산동\index.html","경기 고양시 덕양구 동산동 장기렌트·자동차리스 가격비교 | 행복한렌트몰","경기 고양시 덕양구 동산동 장기렌트와 자동차리스 이용조건을 행복한렌트몰에서 비교하고 차량별 견적과 지역별 상담 정보를 확인해보세요.","같은 차라도 조건은 다릅니다.비교하고 더 좋은 조건을 찾으세요."
"gyeonggi\goyang-si\덕양구\벽제동\index.html","경기 고양시 덕양구 벽제동 장기렌트·자동차리스 가격비교 | 행복한렌트몰","경기 고양시 덕양구 벽제동 장기렌트와 자동차리스 이용조건을 행복한렌트몰에서 비교하고 차량별 견적과 지역별 상담 정보를 확인해보세요.","같은 차라도 조건은 다릅니다.비교하고 더 좋은 조건을 찾으세요."
"gyeonggi\goyang-si\덕양구\북한동\index.html","경기 고양시 덕양구 북한동 장기렌트·자동차리스 가격비교 | 행복한렌트몰","경기 고양시 덕양구 북한동 장기렌트와 자동차리스 이용조건을 행복한렌트몰에서 비교하고 차량별 견적과 지역별 상담 정보를 확인해보세요.","같은 차라도 조건은 다릅니다.비교하고 더 좋은 조건을 찾으세요."
"gyeonggi\goyang-si\덕양구\삼송동\index.html","경기 고양시 덕양구 삼송동 장기렌트·자동차리스 가격비교 | 행복한렌트몰","경기 고양시 덕양구 삼송동 장기렌트와 자동차리스 이용조건을 행복한렌트몰에서 비교하고 차량별 견적과 지역별 상담 정보를 확인해보세요.","같은 차라도 조건은 다릅니다.비교하고 더 좋은 조건을 찾으세요."
"gyeonggi\goyang-si\덕양구\선유동\index.html","경기 고양시 덕양구 선유동 장기렌트·자동차리스 가격비교 | 행복한렌트몰","경기 고양시 덕양구 선유동 장기렌트와 자동차리스 이용조건을 행복한렌트몰에서 비교하고 차량별 견적과 지역별 상담 정보를 확인해보세요.","같은 차라도 조건은 다릅니다.비교하고 더 좋은 조건을 찾으세요."
"gyeonggi\goyang-si\덕양구\성사동\index.html","경기 고양시 덕양구 성사동 장기렌트·자동차리스 가격비교 | 행복한렌트몰","경기 고양시 덕양구 성사동 장기렌트와 자동차리스 이용조건을 행복한렌트몰에서 비교하고 차량별 견적과 지역별 상담 정보를 확인해보세요.","같은 차라도 조건은 다릅니다.비교하고 더 좋은 조건을 찾으세요."
"gyeonggi\goyang-si\덕양구\신원동\index.html","경기 고양시 덕양구 신원동 장기렌트·자동차리스 가격비교 | 행복한렌트몰","경기 고양시 덕양구 신원동 장기렌트와 자동차리스 이용조건을 행복한렌트몰에서 비교하고 차량별 견적과 지역별 상담 정보를 확인해보세요.","같은 차라도 조건은 다릅니다.비교하고 더 좋은 조건을 찾으세요."
"gyeonggi\goyang-si\덕양구\신평동\index.html","경기 고양시 덕양구 신평동 장기렌트·자동차리스 가격비교 | 행복한렌트몰","경기 고양시 덕양구 신평동 장기렌트와 자동차리스 이용조건을 행복한렌트몰에서 비교하고 차량별 견적과 지역별 상담 정보를 확인해보세요.","같은 차라도 조건은 다릅니다.비교하고 더 좋은 조건을 찾으세요."
"gyeonggi\goyang-si\덕양구\오금동\index.html","경기 고양시 덕양구 오금동 장기렌트·자동차리스 가격비교 | 행복한렌트몰","경기 고양시 덕양구 오금동 장기렌트와 자동차리스 이용조건을 행복한렌트몰에서 비교하고 차량별 견적과 지역별 상담 정보를 확인해보세요.","같은 차라도 조건은 다릅니다.비교하고 더 좋은 조건을 찾으세요."
"gyeonggi\goyang-si\덕양구\용두동\index.html","경기 고양시 덕양구 용두동 장기렌트·자동차리스 가격비교 | 행복한렌트몰","경기 고양시 덕양구 용두동 장기렌트와 자동차리스 이용조건을 행복한렌트몰에서 비교하고 차량별 견적과 지역별 상담 정보를 확인해보세요.","같은 차라도 조건은 다릅니다.비교하고 더 좋은 조건을 찾으세요."
"gyeonggi\goyang-si\덕양구\원당동\index.html","경기 고양시 덕양구 원당동 장기렌트·자동차리스 가격비교 | 행복한렌트몰","경기 고양시 덕양구 원당동 장기렌트와 자동차리스 이용조건을 행복한렌트몰에서 비교하고 차량별 견적과 지역별 상담 정보를 확인해보세요.","같은 차라도 조건은 다릅니다.비교하고 더 좋은 조건을 찾으세요."
"gyeonggi\goyang-si\덕양구\원흥동\index.html","경기 고양시 덕양구 원흥동 장기렌트·자동차리스 가격비교 | 행복한렌트몰","경기 고양시 덕양구 원흥동 장기렌트와 자동차리스 이용조건을 행복한렌트몰에서 비교하고 차량별 견적과 지역별 상담 정보를 확인해보세요.","같은 차라도 조건은 다릅니다.비교하고 더 좋은 조건을 찾으세요."
"gyeonggi\goyang-si\덕양구\주교동\index.html","경기 고양시 덕양구 주교동 장기렌트·자동차리스 가격비교 | 행복한렌트몰","경기 고양시 덕양구 주교동 장기렌트와 자동차리스 이용조건을 행복한렌트몰에서 비교하고 차량별 견적과 지역별 상담 정보를 확인해보세요.","같은 차라도 조건은 다릅니다.비교하고 더 좋은 조건을 찾으세요."
"gyeonggi\goyang-si\덕양구\지축동\index.html","경기 고양시 덕양구 지축동 장기렌트·자동차리스 가격비교 | 행복한렌트몰","경기 고양시 덕양구 지축동 장기렌트와 자동차리스 이용조건을 행복한렌트몰에서 비교하고 차량별 견적과 지역별 상담 정보를 확인해보세요.","같은 차라도 조건은 다릅니다.비교하고 더 좋은 조건을 찾으세요."
"gyeonggi\goyang-si\덕양구\토당동\index.html","경기 고양시 덕양구 토당동 장기렌트·자동차리스 가격비교 | 행복한렌트몰","경기 고양시 덕양구 토당동 장기렌트와 자동차리스 이용조건을 행복한렌트몰에서 비교하고 차량별 견적과 지역별 상담 정보를 확인해보세요.","같은 차라도 조건은 다릅니다.비교하고 더 좋은 조건을 찾으세요."
"gyeonggi\goyang-si\덕양구\행신동\index.html","경기 고양시 덕양구 행신동 장기렌트·자동차리스 가격비교 | 행복한렌트몰","경기 고양시 덕양구 행신동 장기렌트와 자동차리스 이용조건을 행복한렌트몰에서 비교하고 차량별 견적과 지역별 상담 정보를 확인해보세요.","같은 차라도 조건은 다릅니다.비교하고 더 좋은 조건을 찾으세요."
"gyeonggi\goyang-si\덕양구\행주내동\index.html","경기 고양시 덕양구 행주내동 장기렌트·자동차리스 가격비교 | 행복한렌트몰","경기 고양시 덕양구 행주내동 장기렌트와 자동차리스 이용조건을 행복한렌트몰에서 비교하고 차량별 견적과 지역별 상담 정보를 확인해보세요.","같은 차라도 조건은 다릅니다.비교하고 더 좋은 조건을 찾으세요."
"gyeonggi\goyang-si\덕양구\행주외동\index.html","경기 고양시 덕양구 행주외동 장기렌트·자동차리스 가격비교 | 행복한렌트몰","경기 고양시 덕양구 행주외동 장기렌트와 자동차리스 이용조건을 행복한렌트몰에서 비교하고 차량별 견적과 지역별 상담 정보를 확인해보세요.","같은 차라도 조건은 다릅니다.비교하고 더 좋은 조건을 찾으세요."
"gyeonggi\goyang-si\덕양구\향동동\index.html","경기 고양시 덕양구 향동동 장기렌트·자동차리스 가격비교 | 행복한렌트몰","경기 고양시 덕양구 향동동 장기렌트와 자동차리스 이용조건을 행복한렌트몰에서 비교하고 차량별 견적과 지역별 상담 정보를 확인해보세요.","같은 차라도 조건은 다릅니다.비교하고 더 좋은 조건을 찾으세요."
"gyeonggi\goyang-si\덕양구\현천동\index.html","경기 고양시 덕양구 현천동 장기렌트·자동차리스 가격비교 | 행복한렌트몰","경기 고양시 덕양구 현천동 장기렌트와 자동차리스 이용조건을 행복한렌트몰에서 비교하고 차량별 견적과 지역별 상담 정보를 확인해보세요.","같은 차라도 조건은 다릅니다.비교하고 더 좋은 조건을 찾으세요."
"gyeonggi\goyang-si\덕양구\화전동\index.html","경기 고양시 덕양구 화전동 장기렌트·자동차리스 가격비교 | 행복한렌트몰","경기 고양시 덕양구 화전동 장기렌트와 자동차리스 이용조건을 행복한렌트몰에서 비교하고 차량별 견적과 지역별 상담 정보를 확인해보세요.","같은 차라도 조건은 다릅니다.비교하고 더 좋은 조건을 찾으세요."
"gyeonggi\goyang-si\덕양구\화정동\index.html","경기 고양시 덕양구 화정동 장기렌트·자동차리스 가격비교 | 행복한렌트몰","경기 고양시 덕양구 화정동 장기렌트와 자동차리스 이용조건을 행복한렌트몰에서 비교하고 차량별 견적과 지역별 상담 정보를 확인해보세요.","같은 차라도 조건은 다릅니다.비교하고 더 좋은 조건을 찾으세요."
"gyeonggi\goyang-si\덕양구\효자동\index.html","경기 고양시 덕양구 효자동 장기렌트·자동차리스 가격비교 | 행복한렌트몰","경기 고양시 덕양구 효자동 장기렌트와 자동차리스 이용조건을 행복한렌트몰에서 비교하고 차량별 견적과 지역별 상담 정보를 확인해보세요.","같은 차라도 조건은 다릅니다.비교하고 더 좋은 조건을 찾으세요."
"gyeonggi\goyang-si\일산동구\index.html","경기 고양시 일산동구 장기렌트·자동차리스 가격비교 | 행복한렌트몰","경기 고양시 일산동구 장기렌트와 자동차리스 이용조건을 행복한렌트몰에서 비교하고 차량별 견적과 지역별 상담 정보를 확인해보세요.","같은 차라도 조건은 다릅니다.비교하고 더 좋은 조건을 찾으세요."
"gyeonggi\goyang-si\일산동구\마두동\index.html","경기 고양시 일산동구 마두동 장기렌트·자동차리스 가격비교 | 행복한렌트몰","경기 고양시 일산동구 마두동 장기렌트와 자동차리스 이용조건을 행복한렌트몰에서 비교하고 차량별 견적과 지역별 상담 정보를 확인해보세요.","같은 차라도 조건은 다릅니다.비교하고 더 좋은 조건을 찾으세요."
"gyeonggi\goyang-si\일산동구\문봉동\index.html","경기 고양시 일산동구 문봉동 장기렌트·자동차리스 가격비교 | 행복한렌트몰","경기 고양시 일산동구 문봉동 장기렌트와 자동차리스 이용조건을 행복한렌트몰에서 비교하고 차량별 견적과 지역별 상담 정보를 확인해보세요.","같은 차라도 조건은 다릅니다.비교하고 더 좋은 조건을 찾으세요."
"gyeonggi\goyang-si\일산동구\백석동\index.html","경기 고양시 일산동구 백석동 장기렌트·자동차리스 가격비교 | 행복한렌트몰","경기 고양시 일산동구 백석동 장기렌트와 자동차리스 이용조건을 행복한렌트몰에서 비교하고 차량별 견적과 지역별 상담 정보를 확인해보세요.","같은 차라도 조건은 다릅니다.비교하고 더 좋은 조건을 찾으세요."
"gyeonggi\goyang-si\일산동구\사리현동\index.html","경기 고양시 일산동구 사리현동 장기렌트·자동차리스 가격비교 | 행복한렌트몰","경기 고양시 일산동구 사리현동 장기렌트와 자동차리스 이용조건을 행복한렌트몰에서 비교하고 차량별 견적과 지역별 상담 정보를 확인해보세요.","같은 차라도 조건은 다릅니다.비교하고 더 좋은 조건을 찾으세요."
"gyeonggi\goyang-si\일산동구\산황동\index.html","경기 고양시 일산동구 산황동 장기렌트·자동차리스 가격비교 | 행복한렌트몰","경기 고양시 일산동구 산황동 장기렌트와 자동차리스 이용조건을 행복한렌트몰에서 비교하고 차량별 견적과 지역별 상담 정보를 확인해보세요.","같은 차라도 조건은 다릅니다.비교하고 더 좋은 조건을 찾으세요."
"gyeonggi\goyang-si\일산동구\설문동\index.html","경기 고양시 일산동구 설문동 장기렌트·자동차리스 가격비교 | 행복한렌트몰","경기 고양시 일산동구 설문동 장기렌트와 자동차리스 이용조건을 행복한렌트몰에서 비교하고 차량별 견적과 지역별 상담 정보를 확인해보세요.","같은 차라도 조건은 다릅니다.비교하고 더 좋은 조건을 찾으세요."
"gyeonggi\goyang-si\일산동구\성석동\index.html","경기 고양시 일산동구 성석동 장기렌트·자동차리스 가격비교 | 행복한렌트몰","경기 고양시 일산동구 성석동 장기렌트와 자동차리스 이용조건을 행복한렌트몰에서 비교하고 차량별 견적과 지역별 상담 정보를 확인해보세요.","같은 차라도 조건은 다릅니다.비교하고 더 좋은 조건을 찾으세요."
"gyeonggi\goyang-si\일산동구\식사동\index.html","경기 고양시 일산동구 식사동 장기렌트·자동차리스 가격비교 | 행복한렌트몰","경기 고양시 일산동구 식사동 장기렌트와 자동차리스 이용조건을 행복한렌트몰에서 비교하고 차량별 견적과 지역별 상담 정보를 확인해보세요.","같은 차라도 조건은 다릅니다.비교하고 더 좋은 조건을 찾으세요."
"gyeonggi\goyang-si\일산동구\장항동\index.html","경기 고양시 일산동구 장항동 장기렌트·자동차리스 가격비교 | 행복한렌트몰","경기 고양시 일산동구 장항동 장기렌트와 자동차리스 이용조건을 행복한렌트몰에서 비교하고 차량별 견적과 지역별 상담 정보를 확인해보세요.","같은 차라도 조건은 다릅니다.비교하고 더 좋은 조건을 찾으세요."
"gyeonggi\goyang-si\일산동구\정발산동\index.html","경기 고양시 일산동구 정발산동 장기렌트·자동차리스 가격비교 | 행복한렌트몰","경기 고양시 일산동구 정발산동 장기렌트와 자동차리스 이용조건을 행복한렌트몰에서 비교하고 차량별 견적과 지역별 상담 정보를 확인해보세요.","같은 차라도 조건은 다릅니다.비교하고 더 좋은 조건을 찾으세요."
"gyeonggi\goyang-si\일산동구\중산동\index.html","경기 고양시 일산동구 중산동 장기렌트·자동차리스 가격비교 | 행복한렌트몰","경기 고양시 일산동구 중산동 장기렌트와 자동차리스 이용조건을 행복한렌트몰에서 비교하고 차량별 견적과 지역별 상담 정보를 확인해보세요.","같은 차라도 조건은 다릅니다.비교하고 더 좋은 조건을 찾으세요."
"gyeonggi\goyang-si\일산동구\지영동\index.html","경기 고양시 일산동구 지영동 장기렌트·자동차리스 가격비교 | 행복한렌트몰","경기 고양시 일산동구 지영동 장기렌트와 자동차리스 이용조건을 행복한렌트몰에서 비교하고 차량별 견적과 지역별 상담 정보를 확인해보세요.","같은 차라도 조건은 다릅니다.비교하고 더 좋은 조건을 찾으세요."
"gyeonggi\goyang-si\일산동구\풍동\index.html","경기 고양시 일산동구 풍동 장기렌트·자동차리스 가격비교 | 행복한렌트몰","경기 고양시 일산동구 풍동 장기렌트와 자동차리스 이용조건을 행복한렌트몰에서 비교하고 차량별 견적과 지역별 상담 정보를 확인해보세요.","같은 차라도 조건은 다릅니다.비교하고 더 좋은 조건을 찾으세요."
"gyeonggi\goyang-si\일산서구\index.html","경기 고양시 일산서구 장기렌트·자동차리스 가격비교 | 행복한렌트몰","경기 고양시 일산서구 장기렌트와 자동차리스 이용조건을 행복한렌트몰에서 비교하고 차량별 견적과 지역별 상담 정보를 확인해보세요.","같은 차라도 조건은 다릅니다.비교하고 더 좋은 조건을 찾으세요."
"gyeonggi\goyang-si\일산서구\가좌동\index.html","경기 고양시 일산서구 가좌동 장기렌트·자동차리스 가격비교 | 행복한렌트몰","경기 고양시 일산서구 가좌동 장기렌트와 자동차리스 이용조건을 행복한렌트몰에서 비교하고 차량별 견적과 지역별 상담 정보를 확인해보세요.","같은 차라도 조건은 다릅니다.비교하고 더 좋은 조건을 찾으세요."
"gyeonggi\goyang-si\일산서구\구산동\index.html","경기 고양시 일산서구 구산동 장기렌트·자동차리스 가격비교 | 행복한렌트몰","경기 고양시 일산서구 구산동 장기렌트와 자동차리스 이용조건을 행복한렌트몰에서 비교하고 차량별 견적과 지역별 상담 정보를 확인해보세요.","같은 차라도 조건은 다릅니다.비교하고 더 좋은 조건을 찾으세요."
"gyeonggi\goyang-si\일산서구\대화동\index.html","경기 고양시 일산서구 대화동 장기렌트·자동차리스 가격비교 | 행복한렌트몰","경기 고양시 일산서구 대화동 장기렌트와 자동차리스 이용조건을 행복한렌트몰에서 비교하고 차량별 견적과 지역별 상담 정보를 확인해보세요.","같은 차라도 조건은 다릅니다.비교하고 더 좋은 조건을 찾으세요."
"gyeonggi\goyang-si\일산서구\덕이동\index.html","경기 고양시 일산서구 덕이동 장기렌트·자동차리스 가격비교 | 행복한렌트몰","경기 고양시 일산서구 덕이동 장기렌트와 자동차리스 이용조건을 행복한렌트몰에서 비교하고 차량별 견적과 지역별 상담 정보를 확인해보세요.","같은 차라도 조건은 다릅니다.비교하고 더 좋은 조건을 찾으세요."
"gyeonggi\goyang-si\일산서구\법곳동\index.html","경기 고양시 일산서구 법곳동 장기렌트·자동차리스 가격비교 | 행복한렌트몰","경기 고양시 일산서구 법곳동 장기렌트와 자동차리스 이용조건을 행복한렌트몰에서 비교하고 차량별 견적과 지역별 상담 정보를 확인해보세요.","같은 차라도 조건은 다릅니다.비교하고 더 좋은 조건을 찾으세요."
"gyeonggi\goyang-si\일산서구\일산동\index.html","경기 고양시 일산서구 일산동 장기렌트·자동차리스 가격비교 | 행복한렌트몰","경기 고양시 일산서구 일산동 장기렌트와 자동차리스 이용조건을 행복한렌트몰에서 비교하고 차량별 견적과 지역별 상담 정보를 확인해보세요.","같은 차라도 조건은 다릅니다.비교하고 더 좋은 조건을 찾으세요."
"gyeonggi\goyang-si\일산서구\주엽동\index.html","경기 고양시 일산서구 주엽동 장기렌트·자동차리스 가격비교 | 행복한렌트몰","경기 고양시 일산서구 주엽동 장기렌트와 자동차리스 이용조건을 행복한렌트몰에서 비교하고 차량별 견적과 지역별 상담 정보를 확인해보세요.","같은 차라도 조건은 다릅니다.비교하고 더 좋은 조건을 찾으세요."
"gyeonggi\goyang-si\일산서구\탄현동\index.html","경기 고양시 일산서구 탄현동 장기렌트·자동차리스 가격비교 | 행복한렌트몰","경기 고양시 일산서구 탄현동 장기렌트와 자동차리스 이용조건을 행복한렌트몰에서 비교하고 차량별 견적과 지역별 상담 정보를 확인해보세요.","같은 차라도 조건은 다릅니다.비교하고 더 좋은 조건을 찾으세요."
"gyeonggi\gunpo-si\index.html","경기 군포시 장기렌트·자동차리스 가격비교 | 행복한렌트몰","경기 군포시 장기렌트와 자동차리스 조건을 행복한렌트몰에서 비교하고 지역별 상담 정보를 확인해보세요.","같은 차라도 조건은 다릅니다.비교하고 더 좋은 조건을 찾으세요."
"gyeonggi\gunpo-si\금정동\index.html","경기 군포시 금정동 장기렌트·자동차리스 가격비교 | 행복한렌트몰","경기 군포시 금정동 장기렌트와 자동차리스 이용조건을 행복한렌트몰에서 비교하고 차량별 견적과 지역별 상담 정보를 확인해보세요.","같은 차라도 조건은 다릅니다.비교하고 더 좋은 조건을 찾으세요."
"gyeonggi\gunpo-si\당동\index.html","경기 군포시 당동 장기렌트·자동차리스 가격비교 | 행복한렌트몰","경기 군포시 당동 장기렌트와 자동차리스 이용조건을 행복한렌트몰에서 비교하고 차량별 견적과 지역별 상담 정보를 확인해보세요.","같은 차라도 조건은 다릅니다.비교하고 더 좋은 조건을 찾으세요."
"gyeonggi\gunpo-si\당정동\index.html","경기 군포시 당정동 장기렌트·자동차리스 가격비교 | 행복한렌트몰","경기 군포시 당정동 장기렌트와 자동차리스 이용조건을 행복한렌트몰에서 비교하고 차량별 견적과 지역별 상담 정보를 확인해보세요.","같은 차라도 조건은 다릅니다.비교하고 더 좋은 조건을 찾으세요."
"gyeonggi\gunpo-si\대야미동\index.html","경기 군포시 대야미동 장기렌트·자동차리스 가격비교 | 행복한렌트몰","경기 군포시 대야미동 장기렌트와 자동차리스 이용조건을 행복한렌트몰에서 비교하고 차량별 견적과 지역별 상담 정보를 확인해보세요.","같은 차라도 조건은 다릅니다.비교하고 더 좋은 조건을 찾으세요."
"gyeonggi\gunpo-si\도마교동\index.html","경기 군포시 도마교동 장기렌트·자동차리스 가격비교 | 행복한렌트몰","경기 군포시 도마교동 장기렌트와 자동차리스 이용조건을 행복한렌트몰에서 비교하고 차량별 견적과 지역별 상담 정보를 확인해보세요.","같은 차라도 조건은 다릅니다.비교하고 더 좋은 조건을 찾으세요."
"gyeonggi\gunpo-si\둔대동\index.html","경기 군포시 둔대동 장기렌트·자동차리스 가격비교 | 행복한렌트몰","경기 군포시 둔대동 장기렌트와 자동차리스 이용조건을 행복한렌트몰에서 비교하고 차량별 견적과 지역별 상담 정보를 확인해보세요.","같은 차라도 조건은 다릅니다.비교하고 더 좋은 조건을 찾으세요."
"gyeonggi\gunpo-si\부곡동\index.html","경기 군포시 부곡동 장기렌트·자동차리스 가격비교 | 행복한렌트몰","경기 군포시 부곡동 장기렌트와 자동차리스 이용조건을 행복한렌트몰에서 비교하고 차량별 견적과 지역별 상담 정보를 확인해보세요.","같은 차라도 조건은 다릅니다.비교하고 더 좋은 조건을 찾으세요."
"gyeonggi\gunpo-si\산본동\index.html","경기 군포시 산본동 장기렌트·자동차리스 가격비교 | 행복한렌트몰","경기 군포시 산본동 장기렌트와 자동차리스 이용조건을 행복한렌트몰에서 비교하고 차량별 견적과 지역별 상담 정보를 확인해보세요.","같은 차라도 조건은 다릅니다.비교하고 더 좋은 조건을 찾으세요."
"gyeonggi\gunpo-si\속달동\index.html","경기 군포시 속달동 장기렌트·자동차리스 가격비교 | 행복한렌트몰","경기 군포시 속달동 장기렌트와 자동차리스 이용조건을 행복한렌트몰에서 비교하고 차량별 견적과 지역별 상담 정보를 확인해보세요.","같은 차라도 조건은 다릅니다.비교하고 더 좋은 조건을 찾으세요."
"gyeonggi\guri-si\index.html","경기 구리시 장기렌트·자동차리스 가격비교 | 행복한렌트몰","경기 구리시 장기렌트와 자동차리스 조건을 행복한렌트몰에서 비교하고 지역별 상담 정보를 확인해보세요.","같은 차라도 조건은 다릅니다.비교하고 더 좋은 조건을 찾으세요."
"gyeonggi\guri-si\갈매동\index.html","경기 구리시 갈매동 장기렌트·자동차리스 가격비교 | 행복한렌트몰","경기 구리시 갈매동 장기렌트와 자동차리스 이용조건을 행복한렌트몰에서 비교하고 차량별 견적과 지역별 상담 정보를 확인해보세요.","같은 차라도 조건은 다릅니다.비교하고 더 좋은 조건을 찾으세요."
"gyeonggi\guri-si\교문동\index.html","경기 구리시 교문동 장기렌트·자동차리스 가격비교 | 행복한렌트몰","경기 구리시 교문동 장기렌트와 자동차리스 이용조건을 행복한렌트몰에서 비교하고 차량별 견적과 지역별 상담 정보를 확인해보세요.","같은 차라도 조건은 다릅니다.비교하고 더 좋은 조건을 찾으세요."
"gyeonggi\guri-si\사노동\index.html","경기 구리시 사노동 장기렌트·자동차리스 가격비교 | 행복한렌트몰","경기 구리시 사노동 장기렌트와 자동차리스 이용조건을 행복한렌트몰에서 비교하고 차량별 견적과 지역별 상담 정보를 확인해보세요.","같은 차라도 조건은 다릅니다.비교하고 더 좋은 조건을 찾으세요."
"gyeonggi\guri-si\수택동\index.html","경기 구리시 수택동 장기렌트·자동차리스 가격비교 | 행복한렌트몰","경기 구리시 수택동 장기렌트와 자동차리스 이용조건을 행복한렌트몰에서 비교하고 차량별 견적과 지역별 상담 정보를 확인해보세요.","같은 차라도 조건은 다릅니다.비교하고 더 좋은 조건을 찾으세요."
"gyeonggi\guri-si\아천동\index.html","경기 구리시 아천동 장기렌트·자동차리스 가격비교 | 행복한렌트몰","경기 구리시 아천동 장기렌트와 자동차리스 이용조건을 행복한렌트몰에서 비교하고 차량별 견적과 지역별 상담 정보를 확인해보세요.","같은 차라도 조건은 다릅니다.비교하고 더 좋은 조건을 찾으세요."
"gyeonggi\guri-si\인창동\index.html","경기 구리시 인창동 장기렌트·자동차리스 가격비교 | 행복한렌트몰","경기 구리시 인창동 장기렌트와 자동차리스 이용조건을 행복한렌트몰에서 비교하고 차량별 견적과 지역별 상담 정보를 확인해보세요.","같은 차라도 조건은 다릅니다.비교하고 더 좋은 조건을 찾으세요."
"gyeonggi\guri-si\토평동\index.html","경기 구리시 토평동 장기렌트·자동차리스 가격비교 | 행복한렌트몰","경기 구리시 토평동 장기렌트와 자동차리스 이용조건을 행복한렌트몰에서 비교하고 차량별 견적과 지역별 상담 정보를 확인해보세요.","같은 차라도 조건은 다릅니다.비교하고 더 좋은 조건을 찾으세요."
"gyeonggi\gwacheon-si\index.html","경기 과천시 장기렌트·자동차리스 가격비교 | 행복한렌트몰","경기 과천시 장기렌트와 자동차리스 조건을 행복한렌트몰에서 비교하고 지역별 상담 정보를 확인해보세요.","같은 차라도 조건은 다릅니다.비교하고 더 좋은 조건을 찾으세요."
"gyeonggi\gwacheon-si\갈현동\index.html","경기 과천시 갈현동 장기렌트·자동차리스 가격비교 | 행복한렌트몰","경기 과천시 갈현동 장기렌트와 자동차리스 이용조건을 행복한렌트몰에서 비교하고 차량별 견적과 지역별 상담 정보를 확인해보세요.","같은 차라도 조건은 다릅니다.비교하고 더 좋은 조건을 찾으세요."
"gyeonggi\gwacheon-si\과천동\index.html","경기 과천시 과천동 장기렌트·자동차리스 가격비교 | 행복한렌트몰","경기 과천시 과천동 장기렌트와 자동차리스 이용조건을 행복한렌트몰에서 비교하고 차량별 견적과 지역별 상담 정보를 확인해보세요.","같은 차라도 조건은 다릅니다.비교하고 더 좋은 조건을 찾으세요."
"gyeonggi\gwacheon-si\관문동\index.html","경기 과천시 관문동 장기렌트·자동차리스 가격비교 | 행복한렌트몰","경기 과천시 관문동 장기렌트와 자동차리스 이용조건을 행복한렌트몰에서 비교하고 차량별 견적과 지역별 상담 정보를 확인해보세요.","같은 차라도 조건은 다릅니다.비교하고 더 좋은 조건을 찾으세요."
"gyeonggi\gwacheon-si\막계동\index.html","경기 과천시 막계동 장기렌트·자동차리스 가격비교 | 행복한렌트몰","경기 과천시 막계동 장기렌트와 자동차리스 이용조건을 행복한렌트몰에서 비교하고 차량별 견적과 지역별 상담 정보를 확인해보세요.","같은 차라도 조건은 다릅니다.비교하고 더 좋은 조건을 찾으세요."
"gyeonggi\gwacheon-si\문원동\index.html","경기 과천시 문원동 장기렌트·자동차리스 가격비교 | 행복한렌트몰","경기 과천시 문원동 장기렌트와 자동차리스 이용조건을 행복한렌트몰에서 비교하고 차량별 견적과 지역별 상담 정보를 확인해보세요.","같은 차라도 조건은 다릅니다.비교하고 더 좋은 조건을 찾으세요."
"gyeonggi\gwacheon-si\별양동\index.html","경기 과천시 별양동 장기렌트·자동차리스 가격비교 | 행복한렌트몰","경기 과천시 별양동 장기렌트와 자동차리스 이용조건을 행복한렌트몰에서 비교하고 차량별 견적과 지역별 상담 정보를 확인해보세요.","같은 차라도 조건은 다릅니다.비교하고 더 좋은 조건을 찾으세요."
"gyeonggi\gwacheon-si\부림동\index.html","경기 과천시 부림동 장기렌트·자동차리스 가격비교 | 행복한렌트몰","경기 과천시 부림동 장기렌트와 자동차리스 이용조건을 행복한렌트몰에서 비교하고 차량별 견적과 지역별 상담 정보를 확인해보세요.","같은 차라도 조건은 다릅니다.비교하고 더 좋은 조건을 찾으세요."
"gyeonggi\gwacheon-si\원문동\index.html","경기 과천시 원문동 장기렌트·자동차리스 가격비교 | 행복한렌트몰","경기 과천시 원문동 장기렌트와 자동차리스 이용조건을 행복한렌트몰에서 비교하고 차량별 견적과 지역별 상담 정보를 확인해보세요.","같은 차라도 조건은 다릅니다.비교하고 더 좋은 조건을 찾으세요."
"gyeonggi\gwacheon-si\주암동\index.html","경기 과천시 주암동 장기렌트·자동차리스 가격비교 | 행복한렌트몰","경기 과천시 주암동 장기렌트와 자동차리스 이용조건을 행복한렌트몰에서 비교하고 차량별 견적과 지역별 상담 정보를 확인해보세요.","같은 차라도 조건은 다릅니다.비교하고 더 좋은 조건을 찾으세요."
"gyeonggi\gwacheon-si\중앙동\index.html","경기 과천시 중앙동 장기렌트·자동차리스 가격비교 | 행복한렌트몰","경기 과천시 중앙동 장기렌트와 자동차리스 이용조건을 행복한렌트몰에서 비교하고 차량별 견적과 지역별 상담 정보를 확인해보세요.","같은 차라도 조건은 다릅니다.비교하고 더 좋은 조건을 찾으세요."
"gyeonggi\gwangju-si\index.html","경기 광주시 장기렌트·자동차리스 가격비교 | 행복한렌트몰","경기 광주시 장기렌트와 자동차리스 조건을 행복한렌트몰에서 비교하고 지역별 상담 정보를 확인해보세요.","같은 차라도 조건은 다릅니다.비교하고 더 좋은 조건을 찾으세요."
"gyeonggi\gwangju-si\경안동\index.html","경기 광주시 경안동 장기렌트·자동차리스 가격비교 | 행복한렌트몰","경기 광주시 경안동 장기렌트와 자동차리스 이용조건을 행복한렌트몰에서 비교하고 차량별 견적과 지역별 상담 정보를 확인해보세요.","같은 차라도 조건은 다릅니다.비교하고 더 좋은 조건을 찾으세요."
"gyeonggi\gwangju-si\고산동\index.html","경기 광주시 고산동 장기렌트·자동차리스 가격비교 | 행복한렌트몰","경기 광주시 고산동 장기렌트와 자동차리스 이용조건을 행복한렌트몰에서 비교하고 차량별 견적과 지역별 상담 정보를 확인해보세요.","같은 차라도 조건은 다릅니다.비교하고 더 좋은 조건을 찾으세요."
"gyeonggi\gwangju-si\곤지암읍\index.html","경기 광주시 곤지암읍 장기렌트·자동차리스 가격비교 | 행복한렌트몰","경기 광주시 곤지암읍 장기렌트와 자동차리스 이용조건을 행복한렌트몰에서 비교하고 차량별 견적과 지역별 상담 정보를 확인해보세요.","같은 차라도 조건은 다릅니다.비교하고 더 좋은 조건을 찾으세요."
"gyeonggi\gwangju-si\남종면\index.html","경기 광주시 남종면 장기렌트·자동차리스 가격비교 | 행복한렌트몰","경기 광주시 남종면 장기렌트와 자동차리스 이용조건을 행복한렌트몰에서 비교하고 차량별 견적과 지역별 상담 정보를 확인해보세요.","같은 차라도 조건은 다릅니다.비교하고 더 좋은 조건을 찾으세요."
"gyeonggi\gwangju-si\남한산성면\index.html","경기 광주시 남한산성면 장기렌트·자동차리스 가격비교 | 행복한렌트몰","경기 광주시 남한산성면 장기렌트와 자동차리스 이용조건을 행복한렌트몰에서 비교하고 차량별 견적과 지역별 상담 정보를 확인해보세요.","같은 차라도 조건은 다릅니다.비교하고 더 좋은 조건을 찾으세요."
"gyeonggi\gwangju-si\능평동\index.html","경기 광주시 능평동 장기렌트·자동차리스 가격비교 | 행복한렌트몰","경기 광주시 능평동 장기렌트와 자동차리스 이용조건을 행복한렌트몰에서 비교하고 차량별 견적과 지역별 상담 정보를 확인해보세요.","같은 차라도 조건은 다릅니다.비교하고 더 좋은 조건을 찾으세요."
"gyeonggi\gwangju-si\도척면\index.html","경기 광주시 도척면 장기렌트·자동차리스 가격비교 | 행복한렌트몰","경기 광주시 도척면 장기렌트와 자동차리스 이용조건을 행복한렌트몰에서 비교하고 차량별 견적과 지역별 상담 정보를 확인해보세요.","같은 차라도 조건은 다릅니다.비교하고 더 좋은 조건을 찾으세요."
"gyeonggi\gwangju-si\매산동\index.html","경기 광주시 매산동 장기렌트·자동차리스 가격비교 | 행복한렌트몰","경기 광주시 매산동 장기렌트와 자동차리스 이용조건을 행복한렌트몰에서 비교하고 차량별 견적과 지역별 상담 정보를 확인해보세요.","같은 차라도 조건은 다릅니다.비교하고 더 좋은 조건을 찾으세요."
"gyeonggi\gwangju-si\목동\index.html","경기 광주시 목동 장기렌트·자동차리스 가격비교 | 행복한렌트몰","경기 광주시 목동 장기렌트와 자동차리스 이용조건을 행복한렌트몰에서 비교하고 차량별 견적과 지역별 상담 정보를 확인해보세요.","같은 차라도 조건은 다릅니다.비교하고 더 좋은 조건을 찾으세요."
"gyeonggi\gwangju-si\목현동\index.html","경기 광주시 목현동 장기렌트·자동차리스 가격비교 | 행복한렌트몰","경기 광주시 목현동 장기렌트와 자동차리스 이용조건을 행복한렌트몰에서 비교하고 차량별 견적과 지역별 상담 정보를 확인해보세요.","같은 차라도 조건은 다릅니다.비교하고 더 좋은 조건을 찾으세요."
"gyeonggi\gwangju-si\문형동\index.html","경기 광주시 문형동 장기렌트·자동차리스 가격비교 | 행복한렌트몰","경기 광주시 문형동 장기렌트와 자동차리스 이용조건을 행복한렌트몰에서 비교하고 차량별 견적과 지역별 상담 정보를 확인해보세요.","같은 차라도 조건은 다릅니다.비교하고 더 좋은 조건을 찾으세요."
"gyeonggi\gwangju-si\삼동\index.html","경기 광주시 삼동 장기렌트·자동차리스 가격비교 | 행복한렌트몰","경기 광주시 삼동 장기렌트와 자동차리스 이용조건을 행복한렌트몰에서 비교하고 차량별 견적과 지역별 상담 정보를 확인해보세요.","같은 차라도 조건은 다릅니다.비교하고 더 좋은 조건을 찾으세요."
"gyeonggi\gwangju-si\송정동\index.html","경기 광주시 송정동 장기렌트·자동차리스 가격비교 | 행복한렌트몰","경기 광주시 송정동 장기렌트와 자동차리스 이용조건을 행복한렌트몰에서 비교하고 차량별 견적과 지역별 상담 정보를 확인해보세요.","같은 차라도 조건은 다릅니다.비교하고 더 좋은 조건을 찾으세요."
"gyeonggi\gwangju-si\신현동\index.html","경기 광주시 신현동 장기렌트·자동차리스 가격비교 | 행복한렌트몰","경기 광주시 신현동 장기렌트와 자동차리스 이용조건을 행복한렌트몰에서 비교하고 차량별 견적과 지역별 상담 정보를 확인해보세요.","같은 차라도 조건은 다릅니다.비교하고 더 좋은 조건을 찾으세요."
"gyeonggi\gwangju-si\쌍령동\index.html","경기 광주시 쌍령동 장기렌트·자동차리스 가격비교 | 행복한렌트몰","경기 광주시 쌍령동 장기렌트와 자동차리스 이용조건을 행복한렌트몰에서 비교하고 차량별 견적과 지역별 상담 정보를 확인해보세요.","같은 차라도 조건은 다릅니다.비교하고 더 좋은 조건을 찾으세요."
"gyeonggi\gwangju-si\양벌동\index.html","경기 광주시 양벌동 장기렌트·자동차리스 가격비교 | 행복한렌트몰","경기 광주시 양벌동 장기렌트와 자동차리스 이용조건을 행복한렌트몰에서 비교하고 차량별 견적과 지역별 상담 정보를 확인해보세요.","같은 차라도 조건은 다릅니다.비교하고 더 좋은 조건을 찾으세요."
"gyeonggi\gwangju-si\역동\index.html","경기 광주시 역동 장기렌트·자동차리스 가격비교 | 행복한렌트몰","경기 광주시 역동 장기렌트와 자동차리스 이용조건을 행복한렌트몰에서 비교하고 차량별 견적과 지역별 상담 정보를 확인해보세요.","같은 차라도 조건은 다릅니다.비교하고 더 좋은 조건을 찾으세요."
"gyeonggi\gwangju-si\장지동\index.html","경기 광주시 장지동 장기렌트·자동차리스 가격비교 | 행복한렌트몰","경기 광주시 장지동 장기렌트와 자동차리스 이용조건을 행복한렌트몰에서 비교하고 차량별 견적과 지역별 상담 정보를 확인해보세요.","같은 차라도 조건은 다릅니다.비교하고 더 좋은 조건을 찾으세요."
"gyeonggi\gwangju-si\중대동\index.html","경기 광주시 중대동 장기렌트·자동차리스 가격비교 | 행복한렌트몰","경기 광주시 중대동 장기렌트와 자동차리스 이용조건을 행복한렌트몰에서 비교하고 차량별 견적과 지역별 상담 정보를 확인해보세요.","같은 차라도 조건은 다릅니다.비교하고 더 좋은 조건을 찾으세요."
"gyeonggi\gwangju-si\직동\index.html","경기 광주시 직동 장기렌트·자동차리스 가격비교 | 행복한렌트몰","경기 광주시 직동 장기렌트와 자동차리스 이용조건을 행복한렌트몰에서 비교하고 차량별 견적과 지역별 상담 정보를 확인해보세요.","같은 차라도 조건은 다릅니다.비교하고 더 좋은 조건을 찾으세요."
"gyeonggi\gwangju-si\초월읍\index.html","경기 광주시 초월읍 장기렌트·자동차리스 가격비교 | 행복한렌트몰","경기 광주시 초월읍 장기렌트와 자동차리스 이용조건을 행복한렌트몰에서 비교하고 차량별 견적과 지역별 상담 정보를 확인해보세요.","같은 차라도 조건은 다릅니다.비교하고 더 좋은 조건을 찾으세요."
"gyeonggi\gwangju-si\추자동\index.html","경기 광주시 추자동 장기렌트·자동차리스 가격비교 | 행복한렌트몰","경기 광주시 추자동 장기렌트와 자동차리스 이용조건을 행복한렌트몰에서 비교하고 차량별 견적과 지역별 상담 정보를 확인해보세요.","같은 차라도 조건은 다릅니다.비교하고 더 좋은 조건을 찾으세요."
"gyeonggi\gwangju-si\탄벌동\index.html","경기 광주시 탄벌동 장기렌트·자동차리스 가격비교 | 행복한렌트몰","경기 광주시 탄벌동 장기렌트와 자동차리스 이용조건을 행복한렌트몰에서 비교하고 차량별 견적과 지역별 상담 정보를 확인해보세요.","같은 차라도 조건은 다릅니다.비교하고 더 좋은 조건을 찾으세요."
"gyeonggi\gwangju-si\태전동\index.html","경기 광주시 태전동 장기렌트·자동차리스 가격비교 | 행복한렌트몰","경기 광주시 태전동 장기렌트와 자동차리스 이용조건을 행복한렌트몰에서 비교하고 차량별 견적과 지역별 상담 정보를 확인해보세요.","같은 차라도 조건은 다릅니다.비교하고 더 좋은 조건을 찾으세요."
"gyeonggi\gwangju-si\퇴촌면\index.html","경기 광주시 퇴촌면 장기렌트·자동차리스 가격비교 | 행복한렌트몰","경기 광주시 퇴촌면 장기렌트와 자동차리스 이용조건을 행복한렌트몰에서 비교하고 차량별 견적과 지역별 상담 정보를 확인해보세요.","같은 차라도 조건은 다릅니다.비교하고 더 좋은 조건을 찾으세요."
"gyeonggi\gwangju-si\회덕동\index.html","경기 광주시 회덕동 장기렌트·자동차리스 가격비교 | 행복한렌트몰","경기 광주시 회덕동 장기렌트와 자동차리스 이용조건을 행복한렌트몰에서 비교하고 차량별 견적과 지역별 상담 정보를 확인해보세요.","같은 차라도 조건은 다릅니다.비교하고 더 좋은 조건을 찾으세요."
"gyeonggi\gwangmyeong-si\index.html","경기 광명시 장기렌트·자동차리스 가격비교 | 행복한렌트몰","경기 광명시 장기렌트와 자동차리스 조건을 행복한렌트몰에서 비교하고 지역별 상담 정보를 확인해보세요.","같은 차라도 조건은 다릅니다.비교하고 더 좋은 조건을 찾으세요."
"gyeonggi\gwangmyeong-si\가학동\index.html","경기 광명시 가학동 장기렌트·자동차리스 가격비교 | 행복한렌트몰","경기 광명시 가학동 장기렌트와 자동차리스 이용조건을 행복한렌트몰에서 비교하고 차량별 견적과 지역별 상담 정보를 확인해보세요.","같은 차라도 조건은 다릅니다.비교하고 더 좋은 조건을 찾으세요."
"gyeonggi\gwangmyeong-si\광명동\index.html","경기 광명시 광명동 장기렌트·자동차리스 가격비교 | 행복한렌트몰","경기 광명시 광명동 장기렌트와 자동차리스 이용조건을 행복한렌트몰에서 비교하고 차량별 견적과 지역별 상담 정보를 확인해보세요.","같은 차라도 조건은 다릅니다.비교하고 더 좋은 조건을 찾으세요."
"gyeonggi\gwangmyeong-si\노온사동\index.html","경기 광명시 노온사동 장기렌트·자동차리스 가격비교 | 행복한렌트몰","경기 광명시 노온사동 장기렌트와 자동차리스 이용조건을 행복한렌트몰에서 비교하고 차량별 견적과 지역별 상담 정보를 확인해보세요.","같은 차라도 조건은 다릅니다.비교하고 더 좋은 조건을 찾으세요."
"gyeonggi\gwangmyeong-si\소하동\index.html","경기 광명시 소하동 장기렌트·자동차리스 가격비교 | 행복한렌트몰","경기 광명시 소하동 장기렌트와 자동차리스 이용조건을 행복한렌트몰에서 비교하고 차량별 견적과 지역별 상담 정보를 확인해보세요.","같은 차라도 조건은 다릅니다.비교하고 더 좋은 조건을 찾으세요."
"gyeonggi\gwangmyeong-si\옥길동\index.html","경기 광명시 옥길동 장기렌트·자동차리스 가격비교 | 행복한렌트몰","경기 광명시 옥길동 장기렌트와 자동차리스 이용조건을 행복한렌트몰에서 비교하고 차량별 견적과 지역별 상담 정보를 확인해보세요.","같은 차라도 조건은 다릅니다.비교하고 더 좋은 조건을 찾으세요."
"gyeonggi\gwangmyeong-si\일직동\index.html","경기 광명시 일직동 장기렌트·자동차리스 가격비교 | 행복한렌트몰","경기 광명시 일직동 장기렌트와 자동차리스 이용조건을 행복한렌트몰에서 비교하고 차량별 견적과 지역별 상담 정보를 확인해보세요.","같은 차라도 조건은 다릅니다.비교하고 더 좋은 조건을 찾으세요."
"gyeonggi\gwangmyeong-si\철산동\index.html","경기 광명시 철산동 장기렌트·자동차리스 가격비교 | 행복한렌트몰","경기 광명시 철산동 장기렌트와 자동차리스 이용조건을 행복한렌트몰에서 비교하고 차량별 견적과 지역별 상담 정보를 확인해보세요.","같은 차라도 조건은 다릅니다.비교하고 더 좋은 조건을 찾으세요."
"gyeonggi\gwangmyeong-si\하안동\index.html","경기 광명시 하안동 장기렌트·자동차리스 가격비교 | 행복한렌트몰","경기 광명시 하안동 장기렌트와 자동차리스 이용조건을 행복한렌트몰에서 비교하고 차량별 견적과 지역별 상담 정보를 확인해보세요.","같은 차라도 조건은 다릅니다.비교하고 더 좋은 조건을 찾으세요."
"gyeonggi\hanam-si\index.html","경기 하남시 장기렌트·자동차리스 가격비교 | 행복한렌트몰","경기 하남시 장기렌트와 자동차리스 조건을 행복한렌트몰에서 비교하고 지역별 상담 정보를 확인해보세요.","같은 차라도 조건은 다릅니다.비교하고 더 좋은 조건을 찾으세요."
"gyeonggi\hanam-si\감북동\index.html","경기 하남시 감북동 장기렌트·자동차리스 가격비교 | 행복한렌트몰","경기 하남시 감북동 장기렌트와 자동차리스 이용조건을 행복한렌트몰에서 비교하고 차량별 견적과 지역별 상담 정보를 확인해보세요.","같은 차라도 조건은 다릅니다.비교하고 더 좋은 조건을 찾으세요."
"gyeonggi\hanam-si\감이동\index.html","경기 하남시 감이동 장기렌트·자동차리스 가격비교 | 행복한렌트몰","경기 하남시 감이동 장기렌트와 자동차리스 이용조건을 행복한렌트몰에서 비교하고 차량별 견적과 지역별 상담 정보를 확인해보세요.","같은 차라도 조건은 다릅니다.비교하고 더 좋은 조건을 찾으세요."
"gyeonggi\hanam-si\감일동\index.html","경기 하남시 감일동 장기렌트·자동차리스 가격비교 | 행복한렌트몰","경기 하남시 감일동 장기렌트와 자동차리스 이용조건을 행복한렌트몰에서 비교하고 차량별 견적과 지역별 상담 정보를 확인해보세요.","같은 차라도 조건은 다릅니다.비교하고 더 좋은 조건을 찾으세요."
"gyeonggi\hanam-si\광암동\index.html","경기 하남시 광암동 장기렌트·자동차리스 가격비교 | 행복한렌트몰","경기 하남시 광암동 장기렌트와 자동차리스 이용조건을 행복한렌트몰에서 비교하고 차량별 견적과 지역별 상담 정보를 확인해보세요.","같은 차라도 조건은 다릅니다.비교하고 더 좋은 조건을 찾으세요."
"gyeonggi\hanam-si\교산동\index.html","경기 하남시 교산동 장기렌트·자동차리스 가격비교 | 행복한렌트몰","경기 하남시 교산동 장기렌트와 자동차리스 이용조건을 행복한렌트몰에서 비교하고 차량별 견적과 지역별 상담 정보를 확인해보세요.","같은 차라도 조건은 다릅니다.비교하고 더 좋은 조건을 찾으세요."
"gyeonggi\hanam-si\당정동\index.html","경기 하남시 당정동 장기렌트·자동차리스 가격비교 | 행복한렌트몰","경기 하남시 당정동 장기렌트와 자동차리스 이용조건을 행복한렌트몰에서 비교하고 차량별 견적과 지역별 상담 정보를 확인해보세요.","같은 차라도 조건은 다릅니다.비교하고 더 좋은 조건을 찾으세요."
"gyeonggi\hanam-si\덕풍동\index.html","경기 하남시 덕풍동 장기렌트·자동차리스 가격비교 | 행복한렌트몰","경기 하남시 덕풍동 장기렌트와 자동차리스 이용조건을 행복한렌트몰에서 비교하고 차량별 견적과 지역별 상담 정보를 확인해보세요.","같은 차라도 조건은 다릅니다.비교하고 더 좋은 조건을 찾으세요."
"gyeonggi\hanam-si\망월동\index.html","경기 하남시 망월동 장기렌트·자동차리스 가격비교 | 행복한렌트몰","경기 하남시 망월동 장기렌트와 자동차리스 이용조건을 행복한렌트몰에서 비교하고 차량별 견적과 지역별 상담 정보를 확인해보세요.","같은 차라도 조건은 다릅니다.비교하고 더 좋은 조건을 찾으세요."
"gyeonggi\hanam-si\미사동\index.html","경기 하남시 미사동 장기렌트·자동차리스 가격비교 | 행복한렌트몰","경기 하남시 미사동 장기렌트와 자동차리스 이용조건을 행복한렌트몰에서 비교하고 차량별 견적과 지역별 상담 정보를 확인해보세요.","같은 차라도 조건은 다릅니다.비교하고 더 좋은 조건을 찾으세요."
"gyeonggi\hanam-si\배알미동\index.html","경기 하남시 배알미동 장기렌트·자동차리스 가격비교 | 행복한렌트몰","경기 하남시 배알미동 장기렌트와 자동차리스 이용조건을 행복한렌트몰에서 비교하고 차량별 견적과 지역별 상담 정보를 확인해보세요.","같은 차라도 조건은 다릅니다.비교하고 더 좋은 조건을 찾으세요."
"gyeonggi\hanam-si\상사창동\index.html","경기 하남시 상사창동 장기렌트·자동차리스 가격비교 | 행복한렌트몰","경기 하남시 상사창동 장기렌트와 자동차리스 이용조건을 행복한렌트몰에서 비교하고 차량별 견적과 지역별 상담 정보를 확인해보세요.","같은 차라도 조건은 다릅니다.비교하고 더 좋은 조건을 찾으세요."
"gyeonggi\hanam-si\상산곡동\index.html","경기 하남시 상산곡동 장기렌트·자동차리스 가격비교 | 행복한렌트몰","경기 하남시 상산곡동 장기렌트와 자동차리스 이용조건을 행복한렌트몰에서 비교하고 차량별 견적과 지역별 상담 정보를 확인해보세요.","같은 차라도 조건은 다릅니다.비교하고 더 좋은 조건을 찾으세요."
"gyeonggi\hanam-si\선동\index.html","경기 하남시 선동 장기렌트·자동차리스 가격비교 | 행복한렌트몰","경기 하남시 선동 장기렌트와 자동차리스 이용조건을 행복한렌트몰에서 비교하고 차량별 견적과 지역별 상담 정보를 확인해보세요.","같은 차라도 조건은 다릅니다.비교하고 더 좋은 조건을 찾으세요."
"gyeonggi\hanam-si\신장동\index.html","경기 하남시 신장동 장기렌트·자동차리스 가격비교 | 행복한렌트몰","경기 하남시 신장동 장기렌트와 자동차리스 이용조건을 행복한렌트몰에서 비교하고 차량별 견적과 지역별 상담 정보를 확인해보세요.","같은 차라도 조건은 다릅니다.비교하고 더 좋은 조건을 찾으세요."
"gyeonggi\hanam-si\창우동\index.html","경기 하남시 창우동 장기렌트·자동차리스 가격비교 | 행복한렌트몰","경기 하남시 창우동 장기렌트와 자동차리스 이용조건을 행복한렌트몰에서 비교하고 차량별 견적과 지역별 상담 정보를 확인해보세요.","같은 차라도 조건은 다릅니다.비교하고 더 좋은 조건을 찾으세요."
"gyeonggi\hanam-si\천현동\index.html","경기 하남시 천현동 장기렌트·자동차리스 가격비교 | 행복한렌트몰","경기 하남시 천현동 장기렌트와 자동차리스 이용조건을 행복한렌트몰에서 비교하고 차량별 견적과 지역별 상담 정보를 확인해보세요.","같은 차라도 조건은 다릅니다.비교하고 더 좋은 조건을 찾으세요."
"gyeonggi\hanam-si\초이동\index.html","경기 하남시 초이동 장기렌트·자동차리스 가격비교 | 행복한렌트몰","경기 하남시 초이동 장기렌트와 자동차리스 이용조건을 행복한렌트몰에서 비교하고 차량별 견적과 지역별 상담 정보를 확인해보세요.","같은 차라도 조건은 다릅니다.비교하고 더 좋은 조건을 찾으세요."
"gyeonggi\hanam-si\초일동\index.html","경기 하남시 초일동 장기렌트·자동차리스 가격비교 | 행복한렌트몰","경기 하남시 초일동 장기렌트와 자동차리스 이용조건을 행복한렌트몰에서 비교하고 차량별 견적과 지역별 상담 정보를 확인해보세요.","같은 차라도 조건은 다릅니다.비교하고 더 좋은 조건을 찾으세요."
"gyeonggi\hanam-si\춘궁동\index.html","경기 하남시 춘궁동 장기렌트·자동차리스 가격비교 | 행복한렌트몰","경기 하남시 춘궁동 장기렌트와 자동차리스 이용조건을 행복한렌트몰에서 비교하고 차량별 견적과 지역별 상담 정보를 확인해보세요.","같은 차라도 조건은 다릅니다.비교하고 더 좋은 조건을 찾으세요."
"gyeonggi\hanam-si\풍산동\index.html","경기 하남시 풍산동 장기렌트·자동차리스 가격비교 | 행복한렌트몰","경기 하남시 풍산동 장기렌트와 자동차리스 이용조건을 행복한렌트몰에서 비교하고 차량별 견적과 지역별 상담 정보를 확인해보세요.","같은 차라도 조건은 다릅니다.비교하고 더 좋은 조건을 찾으세요."
"gyeonggi\hanam-si\하사창동\index.html","경기 하남시 하사창동 장기렌트·자동차리스 가격비교 | 행복한렌트몰","경기 하남시 하사창동 장기렌트와 자동차리스 이용조건을 행복한렌트몰에서 비교하고 차량별 견적과 지역별 상담 정보를 확인해보세요.","같은 차라도 조건은 다릅니다.비교하고 더 좋은 조건을 찾으세요."
"gyeonggi\hanam-si\하산곡동\index.html","경기 하남시 하산곡동 장기렌트·자동차리스 가격비교 | 행복한렌트몰","경기 하남시 하산곡동 장기렌트와 자동차리스 이용조건을 행복한렌트몰에서 비교하고 차량별 견적과 지역별 상담 정보를 확인해보세요.","같은 차라도 조건은 다릅니다.비교하고 더 좋은 조건을 찾으세요."
"gyeonggi\hanam-si\학암동\index.html","경기 하남시 학암동 장기렌트·자동차리스 가격비교 | 행복한렌트몰","경기 하남시 학암동 장기렌트와 자동차리스 이용조건을 행복한렌트몰에서 비교하고 차량별 견적과 지역별 상담 정보를 확인해보세요.","같은 차라도 조건은 다릅니다.비교하고 더 좋은 조건을 찾으세요."
"gyeonggi\hanam-si\항동\index.html","경기 하남시 항동 장기렌트·자동차리스 가격비교 | 행복한렌트몰","경기 하남시 항동 장기렌트와 자동차리스 이용조건을 행복한렌트몰에서 비교하고 차량별 견적과 지역별 상담 정보를 확인해보세요.","같은 차라도 조건은 다릅니다.비교하고 더 좋은 조건을 찾으세요."
"gyeonggi\hwaseong-si\index.html","경기 화성시 장기렌트·자동차리스 가격비교 | 행복한렌트몰","경기 화성시 장기렌트와 자동차리스 조건을 행복한렌트몰에서 비교하고 지역별 상담 정보를 확인해보세요.","같은 차라도 조건은 다릅니다.비교하고 더 좋은 조건을 찾으세요."
"gyeonggi\hwaseong-si\동탄구\index.html","경기 화성시 동탄구 장기렌트·자동차리스 가격비교 | 행복한렌트몰","경기 화성시 동탄구 장기렌트와 자동차리스 이용조건을 행복한렌트몰에서 비교하고 차량별 견적과 지역별 상담 정보를 확인해보세요.","같은 차라도 조건은 다릅니다.비교하고 더 좋은 조건을 찾으세요."
"gyeonggi\hwaseong-si\동탄구\금곡동\index.html","경기 화성시 동탄구 금곡동 장기렌트·자동차리스 가격비교 | 행복한렌트몰","경기 화성시 동탄구 금곡동 장기렌트와 자동차리스 이용조건을 행복한렌트몰에서 비교하고 차량별 견적과 지역별 상담 정보를 확인해보세요.","같은 차라도 조건은 다릅니다.비교하고 더 좋은 조건을 찾으세요."
"gyeonggi\hwaseong-si\동탄구\능동\index.html","경기 화성시 동탄구 능동 장기렌트·자동차리스 가격비교 | 행복한렌트몰","경기 화성시 동탄구 능동 장기렌트와 자동차리스 이용조건을 행복한렌트몰에서 비교하고 차량별 견적과 지역별 상담 정보를 확인해보세요.","같은 차라도 조건은 다릅니다.비교하고 더 좋은 조건을 찾으세요."
"gyeonggi\hwaseong-si\동탄구\목동\index.html","경기 화성시 동탄구 목동 장기렌트·자동차리스 가격비교 | 행복한렌트몰","경기 화성시 동탄구 목동 장기렌트와 자동차리스 이용조건을 행복한렌트몰에서 비교하고 차량별 견적과 지역별 상담 정보를 확인해보세요.","같은 차라도 조건은 다릅니다.비교하고 더 좋은 조건을 찾으세요."
"gyeonggi\hwaseong-si\동탄구\반송동\index.html","경기 화성시 동탄구 반송동 장기렌트·자동차리스 가격비교 | 행복한렌트몰","경기 화성시 동탄구 반송동 장기렌트와 자동차리스 이용조건을 행복한렌트몰에서 비교하고 차량별 견적과 지역별 상담 정보를 확인해보세요.","같은 차라도 조건은 다릅니다.비교하고 더 좋은 조건을 찾으세요."
"gyeonggi\hwaseong-si\동탄구\방교동\index.html","경기 화성시 동탄구 방교동 장기렌트·자동차리스 가격비교 | 행복한렌트몰","경기 화성시 동탄구 방교동 장기렌트와 자동차리스 이용조건을 행복한렌트몰에서 비교하고 차량별 견적과 지역별 상담 정보를 확인해보세요.","같은 차라도 조건은 다릅니다.비교하고 더 좋은 조건을 찾으세요."
"gyeonggi\hwaseong-si\동탄구\산척동\index.html","경기 화성시 동탄구 산척동 장기렌트·자동차리스 가격비교 | 행복한렌트몰","경기 화성시 동탄구 산척동 장기렌트와 자동차리스 이용조건을 행복한렌트몰에서 비교하고 차량별 견적과 지역별 상담 정보를 확인해보세요.","같은 차라도 조건은 다릅니다.비교하고 더 좋은 조건을 찾으세요."
"gyeonggi\hwaseong-si\동탄구\석우동\index.html","경기 화성시 동탄구 석우동 장기렌트·자동차리스 가격비교 | 행복한렌트몰","경기 화성시 동탄구 석우동 장기렌트와 자동차리스 이용조건을 행복한렌트몰에서 비교하고 차량별 견적과 지역별 상담 정보를 확인해보세요.","같은 차라도 조건은 다릅니다.비교하고 더 좋은 조건을 찾으세요."
"gyeonggi\hwaseong-si\동탄구\송동\index.html","경기 화성시 동탄구 송동 장기렌트·자동차리스 가격비교 | 행복한렌트몰","경기 화성시 동탄구 송동 장기렌트와 자동차리스 이용조건을 행복한렌트몰에서 비교하고 차량별 견적과 지역별 상담 정보를 확인해보세요.","같은 차라도 조건은 다릅니다.비교하고 더 좋은 조건을 찾으세요."
"gyeonggi\hwaseong-si\동탄구\신동\index.html","경기 화성시 동탄구 신동 장기렌트·자동차리스 가격비교 | 행복한렌트몰","경기 화성시 동탄구 신동 장기렌트와 자동차리스 이용조건을 행복한렌트몰에서 비교하고 차량별 견적과 지역별 상담 정보를 확인해보세요.","같은 차라도 조건은 다릅니다.비교하고 더 좋은 조건을 찾으세요."
"gyeonggi\hwaseong-si\동탄구\여울동\index.html","경기 화성시 동탄구 여울동 장기렌트·자동차리스 가격비교 | 행복한렌트몰","경기 화성시 동탄구 여울동 장기렌트와 자동차리스 이용조건을 행복한렌트몰에서 비교하고 차량별 견적과 지역별 상담 정보를 확인해보세요.","같은 차라도 조건은 다릅니다.비교하고 더 좋은 조건을 찾으세요."
"gyeonggi\hwaseong-si\동탄구\영천동\index.html","경기 화성시 동탄구 영천동 장기렌트·자동차리스 가격비교 | 행복한렌트몰","경기 화성시 동탄구 영천동 장기렌트와 자동차리스 이용조건을 행복한렌트몰에서 비교하고 차량별 견적과 지역별 상담 정보를 확인해보세요.","같은 차라도 조건은 다릅니다.비교하고 더 좋은 조건을 찾으세요."
"gyeonggi\hwaseong-si\동탄구\장지동\index.html","경기 화성시 동탄구 장지동 장기렌트·자동차리스 가격비교 | 행복한렌트몰","경기 화성시 동탄구 장지동 장기렌트와 자동차리스 이용조건을 행복한렌트몰에서 비교하고 차량별 견적과 지역별 상담 정보를 확인해보세요.","같은 차라도 조건은 다릅니다.비교하고 더 좋은 조건을 찾으세요."
"gyeonggi\hwaseong-si\동탄구\중동\index.html","경기 화성시 동탄구 중동 장기렌트·자동차리스 가격비교 | 행복한렌트몰","경기 화성시 동탄구 중동 장기렌트와 자동차리스 이용조건을 행복한렌트몰에서 비교하고 차량별 견적과 지역별 상담 정보를 확인해보세요.","같은 차라도 조건은 다릅니다.비교하고 더 좋은 조건을 찾으세요."
"gyeonggi\hwaseong-si\동탄구\청계동\index.html","경기 화성시 동탄구 청계동 장기렌트·자동차리스 가격비교 | 행복한렌트몰","경기 화성시 동탄구 청계동 장기렌트와 자동차리스 이용조건을 행복한렌트몰에서 비교하고 차량별 견적과 지역별 상담 정보를 확인해보세요.","같은 차라도 조건은 다릅니다.비교하고 더 좋은 조건을 찾으세요."
"gyeonggi\hwaseong-si\만세구\index.html","경기 화성시 만세구 장기렌트·자동차리스 가격비교 | 행복한렌트몰","경기 화성시 만세구 장기렌트와 자동차리스 이용조건을 행복한렌트몰에서 비교하고 차량별 견적과 지역별 상담 정보를 확인해보세요.","같은 차라도 조건은 다릅니다.비교하고 더 좋은 조건을 찾으세요."
"gyeonggi\hwaseong-si\만세구\남양읍\index.html","경기 화성시 만세구 남양읍 장기렌트·자동차리스 가격비교 | 행복한렌트몰","경기 화성시 만세구 남양읍 장기렌트와 자동차리스 이용조건을 행복한렌트몰에서 비교하고 차량별 견적과 지역별 상담 정보를 확인해보세요.","같은 차라도 조건은 다릅니다.비교하고 더 좋은 조건을 찾으세요."
"gyeonggi\hwaseong-si\만세구\마도면\index.html","경기 화성시 만세구 마도면 장기렌트·자동차리스 가격비교 | 행복한렌트몰","경기 화성시 만세구 마도면 장기렌트와 자동차리스 이용조건을 행복한렌트몰에서 비교하고 차량별 견적과 지역별 상담 정보를 확인해보세요.","같은 차라도 조건은 다릅니다.비교하고 더 좋은 조건을 찾으세요."
"gyeonggi\hwaseong-si\만세구\새솔동\index.html","경기 화성시 만세구 새솔동 장기렌트·자동차리스 가격비교 | 행복한렌트몰","경기 화성시 만세구 새솔동 장기렌트와 자동차리스 이용조건을 행복한렌트몰에서 비교하고 차량별 견적과 지역별 상담 정보를 확인해보세요.","같은 차라도 조건은 다릅니다.비교하고 더 좋은 조건을 찾으세요."
"gyeonggi\hwaseong-si\만세구\서신면\index.html","경기 화성시 만세구 서신면 장기렌트·자동차리스 가격비교 | 행복한렌트몰","경기 화성시 만세구 서신면 장기렌트와 자동차리스 이용조건을 행복한렌트몰에서 비교하고 차량별 견적과 지역별 상담 정보를 확인해보세요.","같은 차라도 조건은 다릅니다.비교하고 더 좋은 조건을 찾으세요."
"gyeonggi\hwaseong-si\만세구\송산면\index.html","경기 화성시 만세구 송산면 장기렌트·자동차리스 가격비교 | 행복한렌트몰","경기 화성시 만세구 송산면 장기렌트와 자동차리스 이용조건을 행복한렌트몰에서 비교하고 차량별 견적과 지역별 상담 정보를 확인해보세요.","같은 차라도 조건은 다릅니다.비교하고 더 좋은 조건을 찾으세요."
"gyeonggi\hwaseong-si\만세구\양감면\index.html","경기 화성시 만세구 양감면 장기렌트·자동차리스 가격비교 | 행복한렌트몰","경기 화성시 만세구 양감면 장기렌트와 자동차리스 이용조건을 행복한렌트몰에서 비교하고 차량별 견적과 지역별 상담 정보를 확인해보세요.","같은 차라도 조건은 다릅니다.비교하고 더 좋은 조건을 찾으세요."
"gyeonggi\hwaseong-si\만세구\우정읍\index.html","경기 화성시 만세구 우정읍 장기렌트·자동차리스 가격비교 | 행복한렌트몰","경기 화성시 만세구 우정읍 장기렌트와 자동차리스 이용조건을 행복한렌트몰에서 비교하고 차량별 견적과 지역별 상담 정보를 확인해보세요.","같은 차라도 조건은 다릅니다.비교하고 더 좋은 조건을 찾으세요."
"gyeonggi\hwaseong-si\만세구\장안면\index.html","경기 화성시 만세구 장안면 장기렌트·자동차리스 가격비교 | 행복한렌트몰","경기 화성시 만세구 장안면 장기렌트와 자동차리스 이용조건을 행복한렌트몰에서 비교하고 차량별 견적과 지역별 상담 정보를 확인해보세요.","같은 차라도 조건은 다릅니다.비교하고 더 좋은 조건을 찾으세요."
"gyeonggi\hwaseong-si\만세구\팔탄면\index.html","경기 화성시 만세구 팔탄면 장기렌트·자동차리스 가격비교 | 행복한렌트몰","경기 화성시 만세구 팔탄면 장기렌트와 자동차리스 이용조건을 행복한렌트몰에서 비교하고 차량별 견적과 지역별 상담 정보를 확인해보세요.","같은 차라도 조건은 다릅니다.비교하고 더 좋은 조건을 찾으세요."
"gyeonggi\hwaseong-si\만세구\향남읍\index.html","경기 화성시 만세구 향남읍 장기렌트·자동차리스 가격비교 | 행복한렌트몰","경기 화성시 만세구 향남읍 장기렌트와 자동차리스 이용조건을 행복한렌트몰에서 비교하고 차량별 견적과 지역별 상담 정보를 확인해보세요.","같은 차라도 조건은 다릅니다.비교하고 더 좋은 조건을 찾으세요."
"gyeonggi\hwaseong-si\병점구\index.html","경기 화성시 병점구 장기렌트·자동차리스 가격비교 | 행복한렌트몰","경기 화성시 병점구 장기렌트와 자동차리스 이용조건을 행복한렌트몰에서 비교하고 차량별 견적과 지역별 상담 정보를 확인해보세요.","같은 차라도 조건은 다릅니다.비교하고 더 좋은 조건을 찾으세요."
"gyeonggi\hwaseong-si\병점구\기산동\index.html","경기 화성시 병점구 기산동 장기렌트·자동차리스 가격비교 | 행복한렌트몰","경기 화성시 병점구 기산동 장기렌트와 자동차리스 이용조건을 행복한렌트몰에서 비교하고 차량별 견적과 지역별 상담 정보를 확인해보세요.","같은 차라도 조건은 다릅니다.비교하고 더 좋은 조건을 찾으세요."
"gyeonggi\hwaseong-si\병점구\능동\index.html","경기 화성시 병점구 능동 장기렌트·자동차리스 가격비교 | 행복한렌트몰","경기 화성시 병점구 능동 장기렌트와 자동차리스 이용조건을 행복한렌트몰에서 비교하고 차량별 견적과 지역별 상담 정보를 확인해보세요.","같은 차라도 조건은 다릅니다.비교하고 더 좋은 조건을 찾으세요."
"gyeonggi\hwaseong-si\병점구\반월동\index.html","경기 화성시 병점구 반월동 장기렌트·자동차리스 가격비교 | 행복한렌트몰","경기 화성시 병점구 반월동 장기렌트와 자동차리스 이용조건을 행복한렌트몰에서 비교하고 차량별 견적과 지역별 상담 정보를 확인해보세요.","같은 차라도 조건은 다릅니다.비교하고 더 좋은 조건을 찾으세요."
"gyeonggi\hwaseong-si\병점구\반정동\index.html","경기 화성시 병점구 반정동 장기렌트·자동차리스 가격비교 | 행복한렌트몰","경기 화성시 병점구 반정동 장기렌트와 자동차리스 이용조건을 행복한렌트몰에서 비교하고 차량별 견적과 지역별 상담 정보를 확인해보세요.","같은 차라도 조건은 다릅니다.비교하고 더 좋은 조건을 찾으세요."
"gyeonggi\hwaseong-si\병점구\병점동\index.html","경기 화성시 병점구 병점동 장기렌트·자동차리스 가격비교 | 행복한렌트몰","경기 화성시 병점구 병점동 장기렌트와 자동차리스 이용조건을 행복한렌트몰에서 비교하고 차량별 견적과 지역별 상담 정보를 확인해보세요.","같은 차라도 조건은 다릅니다.비교하고 더 좋은 조건을 찾으세요."
"gyeonggi\hwaseong-si\병점구\송산동\index.html","경기 화성시 병점구 송산동 장기렌트·자동차리스 가격비교 | 행복한렌트몰","경기 화성시 병점구 송산동 장기렌트와 자동차리스 이용조건을 행복한렌트몰에서 비교하고 차량별 견적과 지역별 상담 정보를 확인해보세요.","같은 차라도 조건은 다릅니다.비교하고 더 좋은 조건을 찾으세요."
"gyeonggi\hwaseong-si\병점구\안녕동\index.html","경기 화성시 병점구 안녕동 장기렌트·자동차리스 가격비교 | 행복한렌트몰","경기 화성시 병점구 안녕동 장기렌트와 자동차리스 이용조건을 행복한렌트몰에서 비교하고 차량별 견적과 지역별 상담 정보를 확인해보세요.","같은 차라도 조건은 다릅니다.비교하고 더 좋은 조건을 찾으세요."
"gyeonggi\hwaseong-si\병점구\진안동\index.html","경기 화성시 병점구 진안동 장기렌트·자동차리스 가격비교 | 행복한렌트몰","경기 화성시 병점구 진안동 장기렌트와 자동차리스 이용조건을 행복한렌트몰에서 비교하고 차량별 견적과 지역별 상담 정보를 확인해보세요.","같은 차라도 조건은 다릅니다.비교하고 더 좋은 조건을 찾으세요."
"gyeonggi\hwaseong-si\병점구\황계동\index.html","경기 화성시 병점구 황계동 장기렌트·자동차리스 가격비교 | 행복한렌트몰","경기 화성시 병점구 황계동 장기렌트와 자동차리스 이용조건을 행복한렌트몰에서 비교하고 차량별 견적과 지역별 상담 정보를 확인해보세요.","같은 차라도 조건은 다릅니다.비교하고 더 좋은 조건을 찾으세요."
"gyeonggi\hwaseong-si\효행구\index.html","경기 화성시 효행구 장기렌트·자동차리스 가격비교 | 행복한렌트몰","경기 화성시 효행구 장기렌트와 자동차리스 이용조건을 행복한렌트몰에서 비교하고 차량별 견적과 지역별 상담 정보를 확인해보세요.","같은 차라도 조건은 다릅니다.비교하고 더 좋은 조건을 찾으세요."
"gyeonggi\hwaseong-si\효행구\기안동\index.html","경기 화성시 효행구 기안동 장기렌트·자동차리스 가격비교 | 행복한렌트몰","경기 화성시 효행구 기안동 장기렌트와 자동차리스 이용조건을 행복한렌트몰에서 비교하고 차량별 견적과 지역별 상담 정보를 확인해보세요.","같은 차라도 조건은 다릅니다.비교하고 더 좋은 조건을 찾으세요."
"gyeonggi\hwaseong-si\효행구\매송면\index.html","경기 화성시 효행구 매송면 장기렌트·자동차리스 가격비교 | 행복한렌트몰","경기 화성시 효행구 매송면 장기렌트와 자동차리스 이용조건을 행복한렌트몰에서 비교하고 차량별 견적과 지역별 상담 정보를 확인해보세요.","같은 차라도 조건은 다릅니다.비교하고 더 좋은 조건을 찾으세요."
"gyeonggi\hwaseong-si\효행구\배양동\index.html","경기 화성시 효행구 배양동 장기렌트·자동차리스 가격비교 | 행복한렌트몰","경기 화성시 효행구 배양동 장기렌트와 자동차리스 이용조건을 행복한렌트몰에서 비교하고 차량별 견적과 지역별 상담 정보를 확인해보세요.","같은 차라도 조건은 다릅니다.비교하고 더 좋은 조건을 찾으세요."
"gyeonggi\hwaseong-si\효행구\봉담읍\index.html","경기 화성시 효행구 봉담읍 장기렌트·자동차리스 가격비교 | 행복한렌트몰","경기 화성시 효행구 봉담읍 장기렌트와 자동차리스 이용조건을 행복한렌트몰에서 비교하고 차량별 견적과 지역별 상담 정보를 확인해보세요.","같은 차라도 조건은 다릅니다.비교하고 더 좋은 조건을 찾으세요."
"gyeonggi\hwaseong-si\효행구\비봉면\index.html","경기 화성시 효행구 비봉면 장기렌트·자동차리스 가격비교 | 행복한렌트몰","경기 화성시 효행구 비봉면 장기렌트와 자동차리스 이용조건을 행복한렌트몰에서 비교하고 차량별 견적과 지역별 상담 정보를 확인해보세요.","같은 차라도 조건은 다릅니다.비교하고 더 좋은 조건을 찾으세요."
"gyeonggi\hwaseong-si\효행구\정남면\index.html","경기 화성시 효행구 정남면 장기렌트·자동차리스 가격비교 | 행복한렌트몰","경기 화성시 효행구 정남면 장기렌트와 자동차리스 이용조건을 행복한렌트몰에서 비교하고 차량별 견적과 지역별 상담 정보를 확인해보세요.","같은 차라도 조건은 다릅니다.비교하고 더 좋은 조건을 찾으세요."
"gyeonggi\icheon-si\index.html","경기 이천시 장기렌트·자동차리스 가격비교 | 행복한렌트몰","경기 이천시 장기렌트와 자동차리스 조건을 행복한렌트몰에서 비교하고 지역별 상담 정보를 확인해보세요.","같은 차라도 조건은 다릅니다.비교하고 더 좋은 조건을 찾으세요."
"gyeonggi\icheon-si\갈산동\index.html","경기 이천시 갈산동 장기렌트·자동차리스 가격비교 | 행복한렌트몰","경기 이천시 갈산동 장기렌트와 자동차리스 이용조건을 행복한렌트몰에서 비교하고 차량별 견적과 지역별 상담 정보를 확인해보세요.","같은 차라도 조건은 다릅니다.비교하고 더 좋은 조건을 찾으세요."
"gyeonggi\icheon-si\고담동\index.html","경기 이천시 고담동 장기렌트·자동차리스 가격비교 | 행복한렌트몰","경기 이천시 고담동 장기렌트와 자동차리스 이용조건을 행복한렌트몰에서 비교하고 차량별 견적과 지역별 상담 정보를 확인해보세요.","같은 차라도 조건은 다릅니다.비교하고 더 좋은 조건을 찾으세요."
"gyeonggi\icheon-si\관고동\index.html","경기 이천시 관고동 장기렌트·자동차리스 가격비교 | 행복한렌트몰","경기 이천시 관고동 장기렌트와 자동차리스 이용조건을 행복한렌트몰에서 비교하고 차량별 견적과 지역별 상담 정보를 확인해보세요.","같은 차라도 조건은 다릅니다.비교하고 더 좋은 조건을 찾으세요."
"gyeonggi\icheon-si\단월동\index.html","경기 이천시 단월동 장기렌트·자동차리스 가격비교 | 행복한렌트몰","경기 이천시 단월동 장기렌트와 자동차리스 이용조건을 행복한렌트몰에서 비교하고 차량별 견적과 지역별 상담 정보를 확인해보세요.","같은 차라도 조건은 다릅니다.비교하고 더 좋은 조건을 찾으세요."
"gyeonggi\icheon-si\대월면\index.html","경기 이천시 대월면 장기렌트·자동차리스 가격비교 | 행복한렌트몰","경기 이천시 대월면 장기렌트와 자동차리스 이용조건을 행복한렌트몰에서 비교하고 차량별 견적과 지역별 상담 정보를 확인해보세요.","같은 차라도 조건은 다릅니다.비교하고 더 좋은 조건을 찾으세요."
"gyeonggi\icheon-si\대포동\index.html","경기 이천시 대포동 장기렌트·자동차리스 가격비교 | 행복한렌트몰","경기 이천시 대포동 장기렌트와 자동차리스 이용조건을 행복한렌트몰에서 비교하고 차량별 견적과 지역별 상담 정보를 확인해보세요.","같은 차라도 조건은 다릅니다.비교하고 더 좋은 조건을 찾으세요."
"gyeonggi\icheon-si\마장면\index.html","경기 이천시 마장면 장기렌트·자동차리스 가격비교 | 행복한렌트몰","경기 이천시 마장면 장기렌트와 자동차리스 이용조건을 행복한렌트몰에서 비교하고 차량별 견적과 지역별 상담 정보를 확인해보세요.","같은 차라도 조건은 다릅니다.비교하고 더 좋은 조건을 찾으세요."
"gyeonggi\icheon-si\모가면\index.html","경기 이천시 모가면 장기렌트·자동차리스 가격비교 | 행복한렌트몰","경기 이천시 모가면 장기렌트와 자동차리스 이용조건을 행복한렌트몰에서 비교하고 차량별 견적과 지역별 상담 정보를 확인해보세요.","같은 차라도 조건은 다릅니다.비교하고 더 좋은 조건을 찾으세요."
"gyeonggi\icheon-si\백사면\index.html","경기 이천시 백사면 장기렌트·자동차리스 가격비교 | 행복한렌트몰","경기 이천시 백사면 장기렌트와 자동차리스 이용조건을 행복한렌트몰에서 비교하고 차량별 견적과 지역별 상담 정보를 확인해보세요.","같은 차라도 조건은 다릅니다.비교하고 더 좋은 조건을 찾으세요."
"gyeonggi\icheon-si\부발읍\index.html","경기 이천시 부발읍 장기렌트·자동차리스 가격비교 | 행복한렌트몰","경기 이천시 부발읍 장기렌트와 자동차리스 이용조건을 행복한렌트몰에서 비교하고 차량별 견적과 지역별 상담 정보를 확인해보세요.","같은 차라도 조건은 다릅니다.비교하고 더 좋은 조건을 찾으세요."
"gyeonggi\icheon-si\사음동\index.html","경기 이천시 사음동 장기렌트·자동차리스 가격비교 | 행복한렌트몰","경기 이천시 사음동 장기렌트와 자동차리스 이용조건을 행복한렌트몰에서 비교하고 차량별 견적과 지역별 상담 정보를 확인해보세요.","같은 차라도 조건은 다릅니다.비교하고 더 좋은 조건을 찾으세요."
"gyeonggi\icheon-si\설성면\index.html","경기 이천시 설성면 장기렌트·자동차리스 가격비교 | 행복한렌트몰","경기 이천시 설성면 장기렌트와 자동차리스 이용조건을 행복한렌트몰에서 비교하고 차량별 견적과 지역별 상담 정보를 확인해보세요.","같은 차라도 조건은 다릅니다.비교하고 더 좋은 조건을 찾으세요."
"gyeonggi\icheon-si\송정동\index.html","경기 이천시 송정동 장기렌트·자동차리스 가격비교 | 행복한렌트몰","경기 이천시 송정동 장기렌트와 자동차리스 이용조건을 행복한렌트몰에서 비교하고 차량별 견적과 지역별 상담 정보를 확인해보세요.","같은 차라도 조건은 다릅니다.비교하고 더 좋은 조건을 찾으세요."
"gyeonggi\icheon-si\신둔면\index.html","경기 이천시 신둔면 장기렌트·자동차리스 가격비교 | 행복한렌트몰","경기 이천시 신둔면 장기렌트와 자동차리스 이용조건을 행복한렌트몰에서 비교하고 차량별 견적과 지역별 상담 정보를 확인해보세요.","같은 차라도 조건은 다릅니다.비교하고 더 좋은 조건을 찾으세요."
"gyeonggi\icheon-si\안흥동\index.html","경기 이천시 안흥동 장기렌트·자동차리스 가격비교 | 행복한렌트몰","경기 이천시 안흥동 장기렌트와 자동차리스 이용조건을 행복한렌트몰에서 비교하고 차량별 견적과 지역별 상담 정보를 확인해보세요.","같은 차라도 조건은 다릅니다.비교하고 더 좋은 조건을 찾으세요."
"gyeonggi\icheon-si\율면\index.html","경기 이천시 율면 장기렌트·자동차리스 가격비교 | 행복한렌트몰","경기 이천시 율면 장기렌트와 자동차리스 이용조건을 행복한렌트몰에서 비교하고 차량별 견적과 지역별 상담 정보를 확인해보세요.","같은 차라도 조건은 다릅니다.비교하고 더 좋은 조건을 찾으세요."
"gyeonggi\icheon-si\율현동\index.html","경기 이천시 율현동 장기렌트·자동차리스 가격비교 | 행복한렌트몰","경기 이천시 율현동 장기렌트와 자동차리스 이용조건을 행복한렌트몰에서 비교하고 차량별 견적과 지역별 상담 정보를 확인해보세요.","같은 차라도 조건은 다릅니다.비교하고 더 좋은 조건을 찾으세요."
"gyeonggi\icheon-si\장록동\index.html","경기 이천시 장록동 장기렌트·자동차리스 가격비교 | 행복한렌트몰","경기 이천시 장록동 장기렌트와 자동차리스 이용조건을 행복한렌트몰에서 비교하고 차량별 견적과 지역별 상담 정보를 확인해보세요.","같은 차라도 조건은 다릅니다.비교하고 더 좋은 조건을 찾으세요."
"gyeonggi\icheon-si\장호원읍\index.html","경기 이천시 장호원읍 장기렌트·자동차리스 가격비교 | 행복한렌트몰","경기 이천시 장호원읍 장기렌트와 자동차리스 이용조건을 행복한렌트몰에서 비교하고 차량별 견적과 지역별 상담 정보를 확인해보세요.","같은 차라도 조건은 다릅니다.비교하고 더 좋은 조건을 찾으세요."
"gyeonggi\icheon-si\중리동\index.html","경기 이천시 중리동 장기렌트·자동차리스 가격비교 | 행복한렌트몰","경기 이천시 중리동 장기렌트와 자동차리스 이용조건을 행복한렌트몰에서 비교하고 차량별 견적과 지역별 상담 정보를 확인해보세요.","같은 차라도 조건은 다릅니다.비교하고 더 좋은 조건을 찾으세요."
"gyeonggi\icheon-si\증일동\index.html","경기 이천시 증일동 장기렌트·자동차리스 가격비교 | 행복한렌트몰","경기 이천시 증일동 장기렌트와 자동차리스 이용조건을 행복한렌트몰에서 비교하고 차량별 견적과 지역별 상담 정보를 확인해보세요.","같은 차라도 조건은 다릅니다.비교하고 더 좋은 조건을 찾으세요."
"gyeonggi\icheon-si\증포동\index.html","경기 이천시 증포동 장기렌트·자동차리스 가격비교 | 행복한렌트몰","경기 이천시 증포동 장기렌트와 자동차리스 이용조건을 행복한렌트몰에서 비교하고 차량별 견적과 지역별 상담 정보를 확인해보세요.","같은 차라도 조건은 다릅니다.비교하고 더 좋은 조건을 찾으세요."
"gyeonggi\icheon-si\진리동\index.html","경기 이천시 진리동 장기렌트·자동차리스 가격비교 | 행복한렌트몰","경기 이천시 진리동 장기렌트와 자동차리스 이용조건을 행복한렌트몰에서 비교하고 차량별 견적과 지역별 상담 정보를 확인해보세요.","같은 차라도 조건은 다릅니다.비교하고 더 좋은 조건을 찾으세요."
"gyeonggi\icheon-si\창전동\index.html","경기 이천시 창전동 장기렌트·자동차리스 가격비교 | 행복한렌트몰","경기 이천시 창전동 장기렌트와 자동차리스 이용조건을 행복한렌트몰에서 비교하고 차량별 견적과 지역별 상담 정보를 확인해보세요.","같은 차라도 조건은 다릅니다.비교하고 더 좋은 조건을 찾으세요."
"gyeonggi\icheon-si\호법면\index.html","경기 이천시 호법면 장기렌트·자동차리스 가격비교 | 행복한렌트몰","경기 이천시 호법면 장기렌트와 자동차리스 이용조건을 행복한렌트몰에서 비교하고 차량별 견적과 지역별 상담 정보를 확인해보세요.","같은 차라도 조건은 다릅니다.비교하고 더 좋은 조건을 찾으세요."
"gyeonggi\namyangju-si\index.html","경기 남양주시 장기렌트·자동차리스 가격비교 | 행복한렌트몰","경기 남양주시 장기렌트와 자동차리스 조건을 행복한렌트몰에서 비교하고 지역별 상담 정보를 확인해보세요.","같은 차라도 조건은 다릅니다.비교하고 더 좋은 조건을 찾으세요."
"gyeonggi\namyangju-si\금곡동\index.html","경기 남양주시 금곡동 장기렌트·자동차리스 가격비교 | 행복한렌트몰","경기 남양주시 금곡동 장기렌트와 자동차리스 이용조건을 행복한렌트몰에서 비교하고 차량별 견적과 지역별 상담 정보를 확인해보세요.","같은 차라도 조건은 다릅니다.비교하고 더 좋은 조건을 찾으세요."
"gyeonggi\namyangju-si\다산동\index.html","경기 남양주시 다산동 장기렌트·자동차리스 가격비교 | 행복한렌트몰","경기 남양주시 다산동 장기렌트와 자동차리스 이용조건을 행복한렌트몰에서 비교하고 차량별 견적과 지역별 상담 정보를 확인해보세요.","같은 차라도 조건은 다릅니다.비교하고 더 좋은 조건을 찾으세요."
"gyeonggi\namyangju-si\도농동\index.html","경기 남양주시 도농동 장기렌트·자동차리스 가격비교 | 행복한렌트몰","경기 남양주시 도농동 장기렌트와 자동차리스 이용조건을 행복한렌트몰에서 비교하고 차량별 견적과 지역별 상담 정보를 확인해보세요.","같은 차라도 조건은 다릅니다.비교하고 더 좋은 조건을 찾으세요."
"gyeonggi\namyangju-si\별내동\index.html","경기 남양주시 별내동 장기렌트·자동차리스 가격비교 | 행복한렌트몰","경기 남양주시 별내동 장기렌트와 자동차리스 이용조건을 행복한렌트몰에서 비교하고 차량별 견적과 지역별 상담 정보를 확인해보세요.","같은 차라도 조건은 다릅니다.비교하고 더 좋은 조건을 찾으세요."
"gyeonggi\namyangju-si\별내면\index.html","경기 남양주시 별내면 장기렌트·자동차리스 가격비교 | 행복한렌트몰","경기 남양주시 별내면 장기렌트와 자동차리스 이용조건을 행복한렌트몰에서 비교하고 차량별 견적과 지역별 상담 정보를 확인해보세요.","같은 차라도 조건은 다릅니다.비교하고 더 좋은 조건을 찾으세요."
"gyeonggi\namyangju-si\삼패동\index.html","경기 남양주시 삼패동 장기렌트·자동차리스 가격비교 | 행복한렌트몰","경기 남양주시 삼패동 장기렌트와 자동차리스 이용조건을 행복한렌트몰에서 비교하고 차량별 견적과 지역별 상담 정보를 확인해보세요.","같은 차라도 조건은 다릅니다.비교하고 더 좋은 조건을 찾으세요."
"gyeonggi\namyangju-si\수동면\index.html","경기 남양주시 수동면 장기렌트·자동차리스 가격비교 | 행복한렌트몰","경기 남양주시 수동면 장기렌트와 자동차리스 이용조건을 행복한렌트몰에서 비교하고 차량별 견적과 지역별 상담 정보를 확인해보세요.","같은 차라도 조건은 다릅니다.비교하고 더 좋은 조건을 찾으세요."
"gyeonggi\namyangju-si\수석동\index.html","경기 남양주시 수석동 장기렌트·자동차리스 가격비교 | 행복한렌트몰","경기 남양주시 수석동 장기렌트와 자동차리스 이용조건을 행복한렌트몰에서 비교하고 차량별 견적과 지역별 상담 정보를 확인해보세요.","같은 차라도 조건은 다릅니다.비교하고 더 좋은 조건을 찾으세요."
"gyeonggi\namyangju-si\오남읍\index.html","경기 남양주시 오남읍 장기렌트·자동차리스 가격비교 | 행복한렌트몰","경기 남양주시 오남읍 장기렌트와 자동차리스 이용조건을 행복한렌트몰에서 비교하고 차량별 견적과 지역별 상담 정보를 확인해보세요.","같은 차라도 조건은 다릅니다.비교하고 더 좋은 조건을 찾으세요."
"gyeonggi\namyangju-si\와부읍\index.html","경기 남양주시 와부읍 장기렌트·자동차리스 가격비교 | 행복한렌트몰","경기 남양주시 와부읍 장기렌트와 자동차리스 이용조건을 행복한렌트몰에서 비교하고 차량별 견적과 지역별 상담 정보를 확인해보세요.","같은 차라도 조건은 다릅니다.비교하고 더 좋은 조건을 찾으세요."
"gyeonggi\namyangju-si\이패동\index.html","경기 남양주시 이패동 장기렌트·자동차리스 가격비교 | 행복한렌트몰","경기 남양주시 이패동 장기렌트와 자동차리스 이용조건을 행복한렌트몰에서 비교하고 차량별 견적과 지역별 상담 정보를 확인해보세요.","같은 차라도 조건은 다릅니다.비교하고 더 좋은 조건을 찾으세요."
"gyeonggi\namyangju-si\일패동\index.html","경기 남양주시 일패동 장기렌트·자동차리스 가격비교 | 행복한렌트몰","경기 남양주시 일패동 장기렌트와 자동차리스 이용조건을 행복한렌트몰에서 비교하고 차량별 견적과 지역별 상담 정보를 확인해보세요.","같은 차라도 조건은 다릅니다.비교하고 더 좋은 조건을 찾으세요."
"gyeonggi\namyangju-si\조안면\index.html","경기 남양주시 조안면 장기렌트·자동차리스 가격비교 | 행복한렌트몰","경기 남양주시 조안면 장기렌트와 자동차리스 이용조건을 행복한렌트몰에서 비교하고 차량별 견적과 지역별 상담 정보를 확인해보세요.","같은 차라도 조건은 다릅니다.비교하고 더 좋은 조건을 찾으세요."
"gyeonggi\namyangju-si\지금동\index.html","경기 남양주시 지금동 장기렌트·자동차리스 가격비교 | 행복한렌트몰","경기 남양주시 지금동 장기렌트와 자동차리스 이용조건을 행복한렌트몰에서 비교하고 차량별 견적과 지역별 상담 정보를 확인해보세요.","같은 차라도 조건은 다릅니다.비교하고 더 좋은 조건을 찾으세요."
"gyeonggi\namyangju-si\진건읍\index.html","경기 남양주시 진건읍 장기렌트·자동차리스 가격비교 | 행복한렌트몰","경기 남양주시 진건읍 장기렌트와 자동차리스 이용조건을 행복한렌트몰에서 비교하고 차량별 견적과 지역별 상담 정보를 확인해보세요.","같은 차라도 조건은 다릅니다.비교하고 더 좋은 조건을 찾으세요."
"gyeonggi\namyangju-si\진접읍\index.html","경기 남양주시 진접읍 장기렌트·자동차리스 가격비교 | 행복한렌트몰","경기 남양주시 진접읍 장기렌트와 자동차리스 이용조건을 행복한렌트몰에서 비교하고 차량별 견적과 지역별 상담 정보를 확인해보세요.","같은 차라도 조건은 다릅니다.비교하고 더 좋은 조건을 찾으세요."
"gyeonggi\namyangju-si\퇴계원읍\index.html","경기 남양주시 퇴계원읍 장기렌트·자동차리스 가격비교 | 행복한렌트몰","경기 남양주시 퇴계원읍 장기렌트와 자동차리스 이용조건을 행복한렌트몰에서 비교하고 차량별 견적과 지역별 상담 정보를 확인해보세요.","같은 차라도 조건은 다릅니다.비교하고 더 좋은 조건을 찾으세요."
"gyeonggi\namyangju-si\평내동\index.html","경기 남양주시 평내동 장기렌트·자동차리스 가격비교 | 행복한렌트몰","경기 남양주시 평내동 장기렌트와 자동차리스 이용조건을 행복한렌트몰에서 비교하고 차량별 견적과 지역별 상담 정보를 확인해보세요.","같은 차라도 조건은 다릅니다.비교하고 더 좋은 조건을 찾으세요."
"gyeonggi\namyangju-si\호평동\index.html","경기 남양주시 호평동 장기렌트·자동차리스 가격비교 | 행복한렌트몰","경기 남양주시 호평동 장기렌트와 자동차리스 이용조건을 행복한렌트몰에서 비교하고 차량별 견적과 지역별 상담 정보를 확인해보세요.","같은 차라도 조건은 다릅니다.비교하고 더 좋은 조건을 찾으세요."
"gyeonggi\namyangju-si\화도읍\index.html","경기 남양주시 화도읍 장기렌트·자동차리스 가격비교 | 행복한렌트몰","경기 남양주시 화도읍 장기렌트와 자동차리스 이용조건을 행복한렌트몰에서 비교하고 차량별 견적과 지역별 상담 정보를 확인해보세요.","같은 차라도 조건은 다릅니다.비교하고 더 좋은 조건을 찾으세요."
"gyeonggi\osan-si\index.html","경기 오산시 장기렌트·자동차리스 가격비교 | 행복한렌트몰","경기 오산시 장기렌트와 자동차리스 조건을 행복한렌트몰에서 비교하고 지역별 상담 정보를 확인해보세요.","같은 차라도 조건은 다릅니다.비교하고 더 좋은 조건을 찾으세요."
"gyeonggi\osan-si\가수동\index.html","경기 오산시 가수동 장기렌트·자동차리스 가격비교 | 행복한렌트몰","경기 오산시 가수동 장기렌트와 자동차리스 이용조건을 행복한렌트몰에서 비교하고 차량별 견적과 지역별 상담 정보를 확인해보세요.","같은 차라도 조건은 다릅니다.비교하고 더 좋은 조건을 찾으세요."
"gyeonggi\osan-si\가장동\index.html","경기 오산시 가장동 장기렌트·자동차리스 가격비교 | 행복한렌트몰","경기 오산시 가장동 장기렌트와 자동차리스 이용조건을 행복한렌트몰에서 비교하고 차량별 견적과 지역별 상담 정보를 확인해보세요.","같은 차라도 조건은 다릅니다.비교하고 더 좋은 조건을 찾으세요."
"gyeonggi\osan-si\갈곶동\index.html","경기 오산시 갈곶동 장기렌트·자동차리스 가격비교 | 행복한렌트몰","경기 오산시 갈곶동 장기렌트와 자동차리스 이용조건을 행복한렌트몰에서 비교하고 차량별 견적과 지역별 상담 정보를 확인해보세요.","같은 차라도 조건은 다릅니다.비교하고 더 좋은 조건을 찾으세요."
"gyeonggi\osan-si\고현동\index.html","경기 오산시 고현동 장기렌트·자동차리스 가격비교 | 행복한렌트몰","경기 오산시 고현동 장기렌트와 자동차리스 이용조건을 행복한렌트몰에서 비교하고 차량별 견적과 지역별 상담 정보를 확인해보세요.","같은 차라도 조건은 다릅니다.비교하고 더 좋은 조건을 찾으세요."
"gyeonggi\osan-si\궐동\index.html","경기 오산시 궐동 장기렌트·자동차리스 가격비교 | 행복한렌트몰","경기 오산시 궐동 장기렌트와 자동차리스 이용조건을 행복한렌트몰에서 비교하고 차량별 견적과 지역별 상담 정보를 확인해보세요.","같은 차라도 조건은 다릅니다.비교하고 더 좋은 조건을 찾으세요."
"gyeonggi\osan-si\금암동\index.html","경기 오산시 금암동 장기렌트·자동차리스 가격비교 | 행복한렌트몰","경기 오산시 금암동 장기렌트와 자동차리스 이용조건을 행복한렌트몰에서 비교하고 차량별 견적과 지역별 상담 정보를 확인해보세요.","같은 차라도 조건은 다릅니다.비교하고 더 좋은 조건을 찾으세요."
"gyeonggi\osan-si\내삼미동\index.html","경기 오산시 내삼미동 장기렌트·자동차리스 가격비교 | 행복한렌트몰","경기 오산시 내삼미동 장기렌트와 자동차리스 이용조건을 행복한렌트몰에서 비교하고 차량별 견적과 지역별 상담 정보를 확인해보세요.","같은 차라도 조건은 다릅니다.비교하고 더 좋은 조건을 찾으세요."
"gyeonggi\osan-si\누읍동\index.html","경기 오산시 누읍동 장기렌트·자동차리스 가격비교 | 행복한렌트몰","경기 오산시 누읍동 장기렌트와 자동차리스 이용조건을 행복한렌트몰에서 비교하고 차량별 견적과 지역별 상담 정보를 확인해보세요.","같은 차라도 조건은 다릅니다.비교하고 더 좋은 조건을 찾으세요."
"gyeonggi\osan-si\두곡동\index.html","경기 오산시 두곡동 장기렌트·자동차리스 가격비교 | 행복한렌트몰","경기 오산시 두곡동 장기렌트와 자동차리스 이용조건을 행복한렌트몰에서 비교하고 차량별 견적과 지역별 상담 정보를 확인해보세요.","같은 차라도 조건은 다릅니다.비교하고 더 좋은 조건을 찾으세요."
"gyeonggi\osan-si\벌음동\index.html","경기 오산시 벌음동 장기렌트·자동차리스 가격비교 | 행복한렌트몰","경기 오산시 벌음동 장기렌트와 자동차리스 이용조건을 행복한렌트몰에서 비교하고 차량별 견적과 지역별 상담 정보를 확인해보세요.","같은 차라도 조건은 다릅니다.비교하고 더 좋은 조건을 찾으세요."
"gyeonggi\osan-si\부산동\index.html","경기 오산시 부산동 장기렌트·자동차리스 가격비교 | 행복한렌트몰","경기 오산시 부산동 장기렌트와 자동차리스 이용조건을 행복한렌트몰에서 비교하고 차량별 견적과 지역별 상담 정보를 확인해보세요.","같은 차라도 조건은 다릅니다.비교하고 더 좋은 조건을 찾으세요."
"gyeonggi\osan-si\서동\index.html","경기 오산시 서동 장기렌트·자동차리스 가격비교 | 행복한렌트몰","경기 오산시 서동 장기렌트와 자동차리스 이용조건을 행복한렌트몰에서 비교하고 차량별 견적과 지역별 상담 정보를 확인해보세요.","같은 차라도 조건은 다릅니다.비교하고 더 좋은 조건을 찾으세요."
"gyeonggi\osan-si\서랑동\index.html","경기 오산시 서랑동 장기렌트·자동차리스 가격비교 | 행복한렌트몰","경기 오산시 서랑동 장기렌트와 자동차리스 이용조건을 행복한렌트몰에서 비교하고 차량별 견적과 지역별 상담 정보를 확인해보세요.","같은 차라도 조건은 다릅니다.비교하고 더 좋은 조건을 찾으세요."
"gyeonggi\osan-si\세교동\index.html","경기 오산시 세교동 장기렌트·자동차리스 가격비교 | 행복한렌트몰","경기 오산시 세교동 장기렌트와 자동차리스 이용조건을 행복한렌트몰에서 비교하고 차량별 견적과 지역별 상담 정보를 확인해보세요.","같은 차라도 조건은 다릅니다.비교하고 더 좋은 조건을 찾으세요."
"gyeonggi\osan-si\수청동\index.html","경기 오산시 수청동 장기렌트·자동차리스 가격비교 | 행복한렌트몰","경기 오산시 수청동 장기렌트와 자동차리스 이용조건을 행복한렌트몰에서 비교하고 차량별 견적과 지역별 상담 정보를 확인해보세요.","같은 차라도 조건은 다릅니다.비교하고 더 좋은 조건을 찾으세요."
"gyeonggi\osan-si\양산동\index.html","경기 오산시 양산동 장기렌트·자동차리스 가격비교 | 행복한렌트몰","경기 오산시 양산동 장기렌트와 자동차리스 이용조건을 행복한렌트몰에서 비교하고 차량별 견적과 지역별 상담 정보를 확인해보세요.","같은 차라도 조건은 다릅니다.비교하고 더 좋은 조건을 찾으세요."
"gyeonggi\osan-si\오산동\index.html","경기 오산시 오산동 장기렌트·자동차리스 가격비교 | 행복한렌트몰","경기 오산시 오산동 장기렌트와 자동차리스 이용조건을 행복한렌트몰에서 비교하고 차량별 견적과 지역별 상담 정보를 확인해보세요.","같은 차라도 조건은 다릅니다.비교하고 더 좋은 조건을 찾으세요."
"gyeonggi\osan-si\외삼미동\index.html","경기 오산시 외삼미동 장기렌트·자동차리스 가격비교 | 행복한렌트몰","경기 오산시 외삼미동 장기렌트와 자동차리스 이용조건을 행복한렌트몰에서 비교하고 차량별 견적과 지역별 상담 정보를 확인해보세요.","같은 차라도 조건은 다릅니다.비교하고 더 좋은 조건을 찾으세요."
"gyeonggi\osan-si\원동\index.html","경기 오산시 원동 장기렌트·자동차리스 가격비교 | 행복한렌트몰","경기 오산시 원동 장기렌트와 자동차리스 이용조건을 행복한렌트몰에서 비교하고 차량별 견적과 지역별 상담 정보를 확인해보세요.","같은 차라도 조건은 다릅니다.비교하고 더 좋은 조건을 찾으세요."
"gyeonggi\osan-si\은계동\index.html","경기 오산시 은계동 장기렌트·자동차리스 가격비교 | 행복한렌트몰","경기 오산시 은계동 장기렌트와 자동차리스 이용조건을 행복한렌트몰에서 비교하고 차량별 견적과 지역별 상담 정보를 확인해보세요.","같은 차라도 조건은 다릅니다.비교하고 더 좋은 조건을 찾으세요."
"gyeonggi\osan-si\지곶동\index.html","경기 오산시 지곶동 장기렌트·자동차리스 가격비교 | 행복한렌트몰","경기 오산시 지곶동 장기렌트와 자동차리스 이용조건을 행복한렌트몰에서 비교하고 차량별 견적과 지역별 상담 정보를 확인해보세요.","같은 차라도 조건은 다릅니다.비교하고 더 좋은 조건을 찾으세요."
"gyeonggi\osan-si\청학동\index.html","경기 오산시 청학동 장기렌트·자동차리스 가격비교 | 행복한렌트몰","경기 오산시 청학동 장기렌트와 자동차리스 이용조건을 행복한렌트몰에서 비교하고 차량별 견적과 지역별 상담 정보를 확인해보세요.","같은 차라도 조건은 다릅니다.비교하고 더 좋은 조건을 찾으세요."
"gyeonggi\osan-si\청호동\index.html","경기 오산시 청호동 장기렌트·자동차리스 가격비교 | 행복한렌트몰","경기 오산시 청호동 장기렌트와 자동차리스 이용조건을 행복한렌트몰에서 비교하고 차량별 견적과 지역별 상담 정보를 확인해보세요.","같은 차라도 조건은 다릅니다.비교하고 더 좋은 조건을 찾으세요."
"gyeonggi\osan-si\탑동\index.html","경기 오산시 탑동 장기렌트·자동차리스 가격비교 | 행복한렌트몰","경기 오산시 탑동 장기렌트와 자동차리스 이용조건을 행복한렌트몰에서 비교하고 차량별 견적과 지역별 상담 정보를 확인해보세요.","같은 차라도 조건은 다릅니다.비교하고 더 좋은 조건을 찾으세요."
"gyeonggi\paju-si\index.html","경기 파주시 장기렌트·자동차리스 가격비교 | 행복한렌트몰","경기 파주시 장기렌트와 자동차리스 조건을 행복한렌트몰에서 비교하고 지역별 상담 정보를 확인해보세요.","같은 차라도 조건은 다릅니다.비교하고 더 좋은 조건을 찾으세요."
"gyeonggi\paju-si\검산동\index.html","경기 파주시 검산동 장기렌트·자동차리스 가격비교 | 행복한렌트몰","경기 파주시 검산동 장기렌트와 자동차리스 이용조건을 행복한렌트몰에서 비교하고 차량별 견적과 지역별 상담 정보를 확인해보세요.","같은 차라도 조건은 다릅니다.비교하고 더 좋은 조건을 찾으세요."
"gyeonggi\paju-si\광탄면\index.html","경기 파주시 광탄면 장기렌트·자동차리스 가격비교 | 행복한렌트몰","경기 파주시 광탄면 장기렌트와 자동차리스 이용조건을 행복한렌트몰에서 비교하고 차량별 견적과 지역별 상담 정보를 확인해보세요.","같은 차라도 조건은 다릅니다.비교하고 더 좋은 조건을 찾으세요."
"gyeonggi\paju-si\교하동\index.html","경기 파주시 교하동 장기렌트·자동차리스 가격비교 | 행복한렌트몰","경기 파주시 교하동 장기렌트와 자동차리스 이용조건을 행복한렌트몰에서 비교하고 차량별 견적과 지역별 상담 정보를 확인해보세요.","같은 차라도 조건은 다릅니다.비교하고 더 좋은 조건을 찾으세요."
"gyeonggi\paju-si\군내면\index.html","경기 파주시 군내면 장기렌트·자동차리스 가격비교 | 행복한렌트몰","경기 파주시 군내면 장기렌트와 자동차리스 이용조건을 행복한렌트몰에서 비교하고 차량별 견적과 지역별 상담 정보를 확인해보세요.","같은 차라도 조건은 다릅니다.비교하고 더 좋은 조건을 찾으세요."
"gyeonggi\paju-si\금릉동\index.html","경기 파주시 금릉동 장기렌트·자동차리스 가격비교 | 행복한렌트몰","경기 파주시 금릉동 장기렌트와 자동차리스 이용조건을 행복한렌트몰에서 비교하고 차량별 견적과 지역별 상담 정보를 확인해보세요.","같은 차라도 조건은 다릅니다.비교하고 더 좋은 조건을 찾으세요."
"gyeonggi\paju-si\금촌동\index.html","경기 파주시 금촌동 장기렌트·자동차리스 가격비교 | 행복한렌트몰","경기 파주시 금촌동 장기렌트와 자동차리스 이용조건을 행복한렌트몰에서 비교하고 차량별 견적과 지역별 상담 정보를 확인해보세요.","같은 차라도 조건은 다릅니다.비교하고 더 좋은 조건을 찾으세요."
"gyeonggi\paju-si\다율동\index.html","경기 파주시 다율동 장기렌트·자동차리스 가격비교 | 행복한렌트몰","경기 파주시 다율동 장기렌트와 자동차리스 이용조건을 행복한렌트몰에서 비교하고 차량별 견적과 지역별 상담 정보를 확인해보세요.","같은 차라도 조건은 다릅니다.비교하고 더 좋은 조건을 찾으세요."
"gyeonggi\paju-si\당하동\index.html","경기 파주시 당하동 장기렌트·자동차리스 가격비교 | 행복한렌트몰","경기 파주시 당하동 장기렌트와 자동차리스 이용조건을 행복한렌트몰에서 비교하고 차량별 견적과 지역별 상담 정보를 확인해보세요.","같은 차라도 조건은 다릅니다.비교하고 더 좋은 조건을 찾으세요."
"gyeonggi\paju-si\동패동\index.html","경기 파주시 동패동 장기렌트·자동차리스 가격비교 | 행복한렌트몰","경기 파주시 동패동 장기렌트와 자동차리스 이용조건을 행복한렌트몰에서 비교하고 차량별 견적과 지역별 상담 정보를 확인해보세요.","같은 차라도 조건은 다릅니다.비교하고 더 좋은 조건을 찾으세요."
"gyeonggi\paju-si\맥금동\index.html","경기 파주시 맥금동 장기렌트·자동차리스 가격비교 | 행복한렌트몰","경기 파주시 맥금동 장기렌트와 자동차리스 이용조건을 행복한렌트몰에서 비교하고 차량별 견적과 지역별 상담 정보를 확인해보세요.","같은 차라도 조건은 다릅니다.비교하고 더 좋은 조건을 찾으세요."
"gyeonggi\paju-si\목동동\index.html","경기 파주시 목동동 장기렌트·자동차리스 가격비교 | 행복한렌트몰","경기 파주시 목동동 장기렌트와 자동차리스 이용조건을 행복한렌트몰에서 비교하고 차량별 견적과 지역별 상담 정보를 확인해보세요.","같은 차라도 조건은 다릅니다.비교하고 더 좋은 조건을 찾으세요."
"gyeonggi\paju-si\문발동\index.html","경기 파주시 문발동 장기렌트·자동차리스 가격비교 | 행복한렌트몰","경기 파주시 문발동 장기렌트와 자동차리스 이용조건을 행복한렌트몰에서 비교하고 차량별 견적과 지역별 상담 정보를 확인해보세요.","같은 차라도 조건은 다릅니다.비교하고 더 좋은 조건을 찾으세요."
"gyeonggi\paju-si\문산읍\index.html","경기 파주시 문산읍 장기렌트·자동차리스 가격비교 | 행복한렌트몰","경기 파주시 문산읍 장기렌트와 자동차리스 이용조건을 행복한렌트몰에서 비교하고 차량별 견적과 지역별 상담 정보를 확인해보세요.","같은 차라도 조건은 다릅니다.비교하고 더 좋은 조건을 찾으세요."
"gyeonggi\paju-si\법원읍\index.html","경기 파주시 법원읍 장기렌트·자동차리스 가격비교 | 행복한렌트몰","경기 파주시 법원읍 장기렌트와 자동차리스 이용조건을 행복한렌트몰에서 비교하고 차량별 견적과 지역별 상담 정보를 확인해보세요.","같은 차라도 조건은 다릅니다.비교하고 더 좋은 조건을 찾으세요."
"gyeonggi\paju-si\산남동\index.html","경기 파주시 산남동 장기렌트·자동차리스 가격비교 | 행복한렌트몰","경기 파주시 산남동 장기렌트와 자동차리스 이용조건을 행복한렌트몰에서 비교하고 차량별 견적과 지역별 상담 정보를 확인해보세요.","같은 차라도 조건은 다릅니다.비교하고 더 좋은 조건을 찾으세요."
"gyeonggi\paju-si\상지석동\index.html","경기 파주시 상지석동 장기렌트·자동차리스 가격비교 | 행복한렌트몰","경기 파주시 상지석동 장기렌트와 자동차리스 이용조건을 행복한렌트몰에서 비교하고 차량별 견적과 지역별 상담 정보를 확인해보세요.","같은 차라도 조건은 다릅니다.비교하고 더 좋은 조건을 찾으세요."
"gyeonggi\paju-si\서패동\index.html","경기 파주시 서패동 장기렌트·자동차리스 가격비교 | 행복한렌트몰","경기 파주시 서패동 장기렌트와 자동차리스 이용조건을 행복한렌트몰에서 비교하고 차량별 견적과 지역별 상담 정보를 확인해보세요.","같은 차라도 조건은 다릅니다.비교하고 더 좋은 조건을 찾으세요."
"gyeonggi\paju-si\송촌동\index.html","경기 파주시 송촌동 장기렌트·자동차리스 가격비교 | 행복한렌트몰","경기 파주시 송촌동 장기렌트와 자동차리스 이용조건을 행복한렌트몰에서 비교하고 차량별 견적과 지역별 상담 정보를 확인해보세요.","같은 차라도 조건은 다릅니다.비교하고 더 좋은 조건을 찾으세요."
"gyeonggi\paju-si\신촌동\index.html","경기 파주시 신촌동 장기렌트·자동차리스 가격비교 | 행복한렌트몰","경기 파주시 신촌동 장기렌트와 자동차리스 이용조건을 행복한렌트몰에서 비교하고 차량별 견적과 지역별 상담 정보를 확인해보세요.","같은 차라도 조건은 다릅니다.비교하고 더 좋은 조건을 찾으세요."
"gyeonggi\paju-si\아동동\index.html","경기 파주시 아동동 장기렌트·자동차리스 가격비교 | 행복한렌트몰","경기 파주시 아동동 장기렌트와 자동차리스 이용조건을 행복한렌트몰에서 비교하고 차량별 견적과 지역별 상담 정보를 확인해보세요.","같은 차라도 조건은 다릅니다.비교하고 더 좋은 조건을 찾으세요."
"gyeonggi\paju-si\야당동\index.html","경기 파주시 야당동 장기렌트·자동차리스 가격비교 | 행복한렌트몰","경기 파주시 야당동 장기렌트와 자동차리스 이용조건을 행복한렌트몰에서 비교하고 차량별 견적과 지역별 상담 정보를 확인해보세요.","같은 차라도 조건은 다릅니다.비교하고 더 좋은 조건을 찾으세요."
"gyeonggi\paju-si\야동동\index.html","경기 파주시 야동동 장기렌트·자동차리스 가격비교 | 행복한렌트몰","경기 파주시 야동동 장기렌트와 자동차리스 이용조건을 행복한렌트몰에서 비교하고 차량별 견적과 지역별 상담 정보를 확인해보세요.","같은 차라도 조건은 다릅니다.비교하고 더 좋은 조건을 찾으세요."
"gyeonggi\paju-si\연다산동\index.html","경기 파주시 연다산동 장기렌트·자동차리스 가격비교 | 행복한렌트몰","경기 파주시 연다산동 장기렌트와 자동차리스 이용조건을 행복한렌트몰에서 비교하고 차량별 견적과 지역별 상담 정보를 확인해보세요.","같은 차라도 조건은 다릅니다.비교하고 더 좋은 조건을 찾으세요."
"gyeonggi\paju-si\오도동\index.html","경기 파주시 오도동 장기렌트·자동차리스 가격비교 | 행복한렌트몰","경기 파주시 오도동 장기렌트와 자동차리스 이용조건을 행복한렌트몰에서 비교하고 차량별 견적과 지역별 상담 정보를 확인해보세요.","같은 차라도 조건은 다릅니다.비교하고 더 좋은 조건을 찾으세요."
"gyeonggi\paju-si\와동동\index.html","경기 파주시 와동동 장기렌트·자동차리스 가격비교 | 행복한렌트몰","경기 파주시 와동동 장기렌트와 자동차리스 이용조건을 행복한렌트몰에서 비교하고 차량별 견적과 지역별 상담 정보를 확인해보세요.","같은 차라도 조건은 다릅니다.비교하고 더 좋은 조건을 찾으세요."
"gyeonggi\paju-si\월롱면\index.html","경기 파주시 월롱면 장기렌트·자동차리스 가격비교 | 행복한렌트몰","경기 파주시 월롱면 장기렌트와 자동차리스 이용조건을 행복한렌트몰에서 비교하고 차량별 견적과 지역별 상담 정보를 확인해보세요.","같은 차라도 조건은 다릅니다.비교하고 더 좋은 조건을 찾으세요."
"gyeonggi\paju-si\장단면\index.html","경기 파주시 장단면 장기렌트·자동차리스 가격비교 | 행복한렌트몰","경기 파주시 장단면 장기렌트와 자동차리스 이용조건을 행복한렌트몰에서 비교하고 차량별 견적과 지역별 상담 정보를 확인해보세요.","같은 차라도 조건은 다릅니다.비교하고 더 좋은 조건을 찾으세요."
"gyeonggi\paju-si\적성면\index.html","경기 파주시 적성면 장기렌트·자동차리스 가격비교 | 행복한렌트몰","경기 파주시 적성면 장기렌트와 자동차리스 이용조건을 행복한렌트몰에서 비교하고 차량별 견적과 지역별 상담 정보를 확인해보세요.","같은 차라도 조건은 다릅니다.비교하고 더 좋은 조건을 찾으세요."
"gyeonggi\paju-si\조리읍\index.html","경기 파주시 조리읍 장기렌트·자동차리스 가격비교 | 행복한렌트몰","경기 파주시 조리읍 장기렌트와 자동차리스 이용조건을 행복한렌트몰에서 비교하고 차량별 견적과 지역별 상담 정보를 확인해보세요.","같은 차라도 조건은 다릅니다.비교하고 더 좋은 조건을 찾으세요."
"gyeonggi\paju-si\진동면\index.html","경기 파주시 진동면 장기렌트·자동차리스 가격비교 | 행복한렌트몰","경기 파주시 진동면 장기렌트와 자동차리스 이용조건을 행복한렌트몰에서 비교하고 차량별 견적과 지역별 상담 정보를 확인해보세요.","같은 차라도 조건은 다릅니다.비교하고 더 좋은 조건을 찾으세요."
"gyeonggi\paju-si\진서면\index.html","경기 파주시 진서면 장기렌트·자동차리스 가격비교 | 행복한렌트몰","경기 파주시 진서면 장기렌트와 자동차리스 이용조건을 행복한렌트몰에서 비교하고 차량별 견적과 지역별 상담 정보를 확인해보세요.","같은 차라도 조건은 다릅니다.비교하고 더 좋은 조건을 찾으세요."
"gyeonggi\paju-si\탄현면\index.html","경기 파주시 탄현면 장기렌트·자동차리스 가격비교 | 행복한렌트몰","경기 파주시 탄현면 장기렌트와 자동차리스 이용조건을 행복한렌트몰에서 비교하고 차량별 견적과 지역별 상담 정보를 확인해보세요.","같은 차라도 조건은 다릅니다.비교하고 더 좋은 조건을 찾으세요."
"gyeonggi\paju-si\파주읍\index.html","경기 파주시 파주읍 장기렌트·자동차리스 가격비교 | 행복한렌트몰","경기 파주시 파주읍 장기렌트와 자동차리스 이용조건을 행복한렌트몰에서 비교하고 차량별 견적과 지역별 상담 정보를 확인해보세요.","같은 차라도 조건은 다릅니다.비교하고 더 좋은 조건을 찾으세요."
"gyeonggi\paju-si\파평면\index.html","경기 파주시 파평면 장기렌트·자동차리스 가격비교 | 행복한렌트몰","경기 파주시 파평면 장기렌트와 자동차리스 이용조건을 행복한렌트몰에서 비교하고 차량별 견적과 지역별 상담 정보를 확인해보세요.","같은 차라도 조건은 다릅니다.비교하고 더 좋은 조건을 찾으세요."
"gyeonggi\paju-si\하지석동\index.html","경기 파주시 하지석동 장기렌트·자동차리스 가격비교 | 행복한렌트몰","경기 파주시 하지석동 장기렌트와 자동차리스 이용조건을 행복한렌트몰에서 비교하고 차량별 견적과 지역별 상담 정보를 확인해보세요.","같은 차라도 조건은 다릅니다.비교하고 더 좋은 조건을 찾으세요."
"gyeonggi\pocheon-si\index.html","경기 포천시 장기렌트·자동차리스 가격비교 | 행복한렌트몰","경기 포천시 장기렌트와 자동차리스 조건을 행복한렌트몰에서 비교하고 지역별 상담 정보를 확인해보세요.","같은 차라도 조건은 다릅니다.비교하고 더 좋은 조건을 찾으세요."
"gyeonggi\pocheon-si\가산면\index.html","경기 포천시 가산면 장기렌트·자동차리스 가격비교 | 행복한렌트몰","경기 포천시 가산면 장기렌트와 자동차리스 이용조건을 행복한렌트몰에서 비교하고 차량별 견적과 지역별 상담 정보를 확인해보세요.","같은 차라도 조건은 다릅니다.비교하고 더 좋은 조건을 찾으세요."
"gyeonggi\pocheon-si\관인면\index.html","경기 포천시 관인면 장기렌트·자동차리스 가격비교 | 행복한렌트몰","경기 포천시 관인면 장기렌트와 자동차리스 이용조건을 행복한렌트몰에서 비교하고 차량별 견적과 지역별 상담 정보를 확인해보세요.","같은 차라도 조건은 다릅니다.비교하고 더 좋은 조건을 찾으세요."
"gyeonggi\pocheon-si\군내면\index.html","경기 포천시 군내면 장기렌트·자동차리스 가격비교 | 행복한렌트몰","경기 포천시 군내면 장기렌트와 자동차리스 이용조건을 행복한렌트몰에서 비교하고 차량별 견적과 지역별 상담 정보를 확인해보세요.","같은 차라도 조건은 다릅니다.비교하고 더 좋은 조건을 찾으세요."
"gyeonggi\pocheon-si\내촌면\index.html","경기 포천시 내촌면 장기렌트·자동차리스 가격비교 | 행복한렌트몰","경기 포천시 내촌면 장기렌트와 자동차리스 이용조건을 행복한렌트몰에서 비교하고 차량별 견적과 지역별 상담 정보를 확인해보세요.","같은 차라도 조건은 다릅니다.비교하고 더 좋은 조건을 찾으세요."
"gyeonggi\pocheon-si\동교동\index.html","경기 포천시 동교동 장기렌트·자동차리스 가격비교 | 행복한렌트몰","경기 포천시 동교동 장기렌트와 자동차리스 이용조건을 행복한렌트몰에서 비교하고 차량별 견적과 지역별 상담 정보를 확인해보세요.","같은 차라도 조건은 다릅니다.비교하고 더 좋은 조건을 찾으세요."
"gyeonggi\pocheon-si\선단동\index.html","경기 포천시 선단동 장기렌트·자동차리스 가격비교 | 행복한렌트몰","경기 포천시 선단동 장기렌트와 자동차리스 이용조건을 행복한렌트몰에서 비교하고 차량별 견적과 지역별 상담 정보를 확인해보세요.","같은 차라도 조건은 다릅니다.비교하고 더 좋은 조건을 찾으세요."
"gyeonggi\pocheon-si\설운동\index.html","경기 포천시 설운동 장기렌트·자동차리스 가격비교 | 행복한렌트몰","경기 포천시 설운동 장기렌트와 자동차리스 이용조건을 행복한렌트몰에서 비교하고 차량별 견적과 지역별 상담 정보를 확인해보세요.","같은 차라도 조건은 다릅니다.비교하고 더 좋은 조건을 찾으세요."
"gyeonggi\pocheon-si\소흘읍\index.html","경기 포천시 소흘읍 장기렌트·자동차리스 가격비교 | 행복한렌트몰","경기 포천시 소흘읍 장기렌트와 자동차리스 이용조건을 행복한렌트몰에서 비교하고 차량별 견적과 지역별 상담 정보를 확인해보세요.","같은 차라도 조건은 다릅니다.비교하고 더 좋은 조건을 찾으세요."
"gyeonggi\pocheon-si\신북면\index.html","경기 포천시 신북면 장기렌트·자동차리스 가격비교 | 행복한렌트몰","경기 포천시 신북면 장기렌트와 자동차리스 이용조건을 행복한렌트몰에서 비교하고 차량별 견적과 지역별 상담 정보를 확인해보세요.","같은 차라도 조건은 다릅니다.비교하고 더 좋은 조건을 찾으세요."
"gyeonggi\pocheon-si\신읍동\index.html","경기 포천시 신읍동 장기렌트·자동차리스 가격비교 | 행복한렌트몰","경기 포천시 신읍동 장기렌트와 자동차리스 이용조건을 행복한렌트몰에서 비교하고 차량별 견적과 지역별 상담 정보를 확인해보세요.","같은 차라도 조건은 다릅니다.비교하고 더 좋은 조건을 찾으세요."
"gyeonggi\pocheon-si\어룡동\index.html","경기 포천시 어룡동 장기렌트·자동차리스 가격비교 | 행복한렌트몰","경기 포천시 어룡동 장기렌트와 자동차리스 이용조건을 행복한렌트몰에서 비교하고 차량별 견적과 지역별 상담 정보를 확인해보세요.","같은 차라도 조건은 다릅니다.비교하고 더 좋은 조건을 찾으세요."
"gyeonggi\pocheon-si\영북면\index.html","경기 포천시 영북면 장기렌트·자동차리스 가격비교 | 행복한렌트몰","경기 포천시 영북면 장기렌트와 자동차리스 이용조건을 행복한렌트몰에서 비교하고 차량별 견적과 지역별 상담 정보를 확인해보세요.","같은 차라도 조건은 다릅니다.비교하고 더 좋은 조건을 찾으세요."
"gyeonggi\pocheon-si\영중면\index.html","경기 포천시 영중면 장기렌트·자동차리스 가격비교 | 행복한렌트몰","경기 포천시 영중면 장기렌트와 자동차리스 이용조건을 행복한렌트몰에서 비교하고 차량별 견적과 지역별 상담 정보를 확인해보세요.","같은 차라도 조건은 다릅니다.비교하고 더 좋은 조건을 찾으세요."
"gyeonggi\pocheon-si\이동면\index.html","경기 포천시 이동면 장기렌트·자동차리스 가격비교 | 행복한렌트몰","경기 포천시 이동면 장기렌트와 자동차리스 이용조건을 행복한렌트몰에서 비교하고 차량별 견적과 지역별 상담 정보를 확인해보세요.","같은 차라도 조건은 다릅니다.비교하고 더 좋은 조건을 찾으세요."
"gyeonggi\pocheon-si\일동면\index.html","경기 포천시 일동면 장기렌트·자동차리스 가격비교 | 행복한렌트몰","경기 포천시 일동면 장기렌트와 자동차리스 이용조건을 행복한렌트몰에서 비교하고 차량별 견적과 지역별 상담 정보를 확인해보세요.","같은 차라도 조건은 다릅니다.비교하고 더 좋은 조건을 찾으세요."
"gyeonggi\pocheon-si\자작동\index.html","경기 포천시 자작동 장기렌트·자동차리스 가격비교 | 행복한렌트몰","경기 포천시 자작동 장기렌트와 자동차리스 이용조건을 행복한렌트몰에서 비교하고 차량별 견적과 지역별 상담 정보를 확인해보세요.","같은 차라도 조건은 다릅니다.비교하고 더 좋은 조건을 찾으세요."
"gyeonggi\pocheon-si\창수면\index.html","경기 포천시 창수면 장기렌트·자동차리스 가격비교 | 행복한렌트몰","경기 포천시 창수면 장기렌트와 자동차리스 이용조건을 행복한렌트몰에서 비교하고 차량별 견적과 지역별 상담 정보를 확인해보세요.","같은 차라도 조건은 다릅니다.비교하고 더 좋은 조건을 찾으세요."
"gyeonggi\pocheon-si\화현면\index.html","경기 포천시 화현면 장기렌트·자동차리스 가격비교 | 행복한렌트몰","경기 포천시 화현면 장기렌트와 자동차리스 이용조건을 행복한렌트몰에서 비교하고 차량별 견적과 지역별 상담 정보를 확인해보세요.","같은 차라도 조건은 다릅니다.비교하고 더 좋은 조건을 찾으세요."
"gyeonggi\pyeongtaek-si\index.html","경기 평택시 장기렌트·자동차리스 가격비교 | 행복한렌트몰","경기 평택시 장기렌트와 자동차리스 조건을 행복한렌트몰에서 비교하고 지역별 상담 정보를 확인해보세요.","같은 차라도 조건은 다릅니다.비교하고 더 좋은 조건을 찾으세요."
"gyeonggi\pyeongtaek-si\가재동\index.html","경기 평택시 가재동 장기렌트·자동차리스 가격비교 | 행복한렌트몰","경기 평택시 가재동 장기렌트와 자동차리스 이용조건을 행복한렌트몰에서 비교하고 차량별 견적과 지역별 상담 정보를 확인해보세요.","같은 차라도 조건은 다릅니다.비교하고 더 좋은 조건을 찾으세요."
"gyeonggi\pyeongtaek-si\고덕동\index.html","경기 평택시 고덕동 장기렌트·자동차리스 가격비교 | 행복한렌트몰","경기 평택시 고덕동 장기렌트와 자동차리스 이용조건을 행복한렌트몰에서 비교하고 차량별 견적과 지역별 상담 정보를 확인해보세요.","같은 차라도 조건은 다릅니다.비교하고 더 좋은 조건을 찾으세요."
"gyeonggi\pyeongtaek-si\고덕면\index.html","경기 평택시 고덕면 장기렌트·자동차리스 가격비교 | 행복한렌트몰","경기 평택시 고덕면 장기렌트와 자동차리스 이용조건을 행복한렌트몰에서 비교하고 차량별 견적과 지역별 상담 정보를 확인해보세요.","같은 차라도 조건은 다릅니다.비교하고 더 좋은 조건을 찾으세요."
"gyeonggi\pyeongtaek-si\군문동\index.html","경기 평택시 군문동 장기렌트·자동차리스 가격비교 | 행복한렌트몰","경기 평택시 군문동 장기렌트와 자동차리스 이용조건을 행복한렌트몰에서 비교하고 차량별 견적과 지역별 상담 정보를 확인해보세요.","같은 차라도 조건은 다릅니다.비교하고 더 좋은 조건을 찾으세요."
"gyeonggi\pyeongtaek-si\도일동\index.html","경기 평택시 도일동 장기렌트·자동차리스 가격비교 | 행복한렌트몰","경기 평택시 도일동 장기렌트와 자동차리스 이용조건을 행복한렌트몰에서 비교하고 차량별 견적과 지역별 상담 정보를 확인해보세요.","같은 차라도 조건은 다릅니다.비교하고 더 좋은 조건을 찾으세요."
"gyeonggi\pyeongtaek-si\독곡동\index.html","경기 평택시 독곡동 장기렌트·자동차리스 가격비교 | 행복한렌트몰","경기 평택시 독곡동 장기렌트와 자동차리스 이용조건을 행복한렌트몰에서 비교하고 차량별 견적과 지역별 상담 정보를 확인해보세요.","같은 차라도 조건은 다릅니다.비교하고 더 좋은 조건을 찾으세요."
"gyeonggi\pyeongtaek-si\동삭동\index.html","경기 평택시 동삭동 장기렌트·자동차리스 가격비교 | 행복한렌트몰","경기 평택시 동삭동 장기렌트와 자동차리스 이용조건을 행복한렌트몰에서 비교하고 차량별 견적과 지역별 상담 정보를 확인해보세요.","같은 차라도 조건은 다릅니다.비교하고 더 좋은 조건을 찾으세요."
"gyeonggi\pyeongtaek-si\모곡동\index.html","경기 평택시 모곡동 장기렌트·자동차리스 가격비교 | 행복한렌트몰","경기 평택시 모곡동 장기렌트와 자동차리스 이용조건을 행복한렌트몰에서 비교하고 차량별 견적과 지역별 상담 정보를 확인해보세요.","같은 차라도 조건은 다릅니다.비교하고 더 좋은 조건을 찾으세요."
"gyeonggi\pyeongtaek-si\비전동\index.html","경기 평택시 비전동 장기렌트·자동차리스 가격비교 | 행복한렌트몰","경기 평택시 비전동 장기렌트와 자동차리스 이용조건을 행복한렌트몰에서 비교하고 차량별 견적과 지역별 상담 정보를 확인해보세요.","같은 차라도 조건은 다릅니다.비교하고 더 좋은 조건을 찾으세요."
"gyeonggi\pyeongtaek-si\서정동\index.html","경기 평택시 서정동 장기렌트·자동차리스 가격비교 | 행복한렌트몰","경기 평택시 서정동 장기렌트와 자동차리스 이용조건을 행복한렌트몰에서 비교하고 차량별 견적과 지역별 상담 정보를 확인해보세요.","같은 차라도 조건은 다릅니다.비교하고 더 좋은 조건을 찾으세요."
"gyeonggi\pyeongtaek-si\서탄면\index.html","경기 평택시 서탄면 장기렌트·자동차리스 가격비교 | 행복한렌트몰","경기 평택시 서탄면 장기렌트와 자동차리스 이용조건을 행복한렌트몰에서 비교하고 차량별 견적과 지역별 상담 정보를 확인해보세요.","같은 차라도 조건은 다릅니다.비교하고 더 좋은 조건을 찾으세요."
"gyeonggi\pyeongtaek-si\세교동\index.html","경기 평택시 세교동 장기렌트·자동차리스 가격비교 | 행복한렌트몰","경기 평택시 세교동 장기렌트와 자동차리스 이용조건을 행복한렌트몰에서 비교하고 차량별 견적과 지역별 상담 정보를 확인해보세요.","같은 차라도 조건은 다릅니다.비교하고 더 좋은 조건을 찾으세요."
"gyeonggi\pyeongtaek-si\소사동\index.html","경기 평택시 소사동 장기렌트·자동차리스 가격비교 | 행복한렌트몰","경기 평택시 소사동 장기렌트와 자동차리스 이용조건을 행복한렌트몰에서 비교하고 차량별 견적과 지역별 상담 정보를 확인해보세요.","같은 차라도 조건은 다릅니다.비교하고 더 좋은 조건을 찾으세요."
"gyeonggi\pyeongtaek-si\신대동\index.html","경기 평택시 신대동 장기렌트·자동차리스 가격비교 | 행복한렌트몰","경기 평택시 신대동 장기렌트와 자동차리스 이용조건을 행복한렌트몰에서 비교하고 차량별 견적과 지역별 상담 정보를 확인해보세요.","같은 차라도 조건은 다릅니다.비교하고 더 좋은 조건을 찾으세요."
"gyeonggi\pyeongtaek-si\신장동\index.html","경기 평택시 신장동 장기렌트·자동차리스 가격비교 | 행복한렌트몰","경기 평택시 신장동 장기렌트와 자동차리스 이용조건을 행복한렌트몰에서 비교하고 차량별 견적과 지역별 상담 정보를 확인해보세요.","같은 차라도 조건은 다릅니다.비교하고 더 좋은 조건을 찾으세요."
"gyeonggi\pyeongtaek-si\안중읍\index.html","경기 평택시 안중읍 장기렌트·자동차리스 가격비교 | 행복한렌트몰","경기 평택시 안중읍 장기렌트와 자동차리스 이용조건을 행복한렌트몰에서 비교하고 차량별 견적과 지역별 상담 정보를 확인해보세요.","같은 차라도 조건은 다릅니다.비교하고 더 좋은 조건을 찾으세요."
"gyeonggi\pyeongtaek-si\오성면\index.html","경기 평택시 오성면 장기렌트·자동차리스 가격비교 | 행복한렌트몰","경기 평택시 오성면 장기렌트와 자동차리스 이용조건을 행복한렌트몰에서 비교하고 차량별 견적과 지역별 상담 정보를 확인해보세요.","같은 차라도 조건은 다릅니다.비교하고 더 좋은 조건을 찾으세요."
"gyeonggi\pyeongtaek-si\용이동\index.html","경기 평택시 용이동 장기렌트·자동차리스 가격비교 | 행복한렌트몰","경기 평택시 용이동 장기렌트와 자동차리스 이용조건을 행복한렌트몰에서 비교하고 차량별 견적과 지역별 상담 정보를 확인해보세요.","같은 차라도 조건은 다릅니다.비교하고 더 좋은 조건을 찾으세요."
"gyeonggi\pyeongtaek-si\월곡동\index.html","경기 평택시 월곡동 장기렌트·자동차리스 가격비교 | 행복한렌트몰","경기 평택시 월곡동 장기렌트와 자동차리스 이용조건을 행복한렌트몰에서 비교하고 차량별 견적과 지역별 상담 정보를 확인해보세요.","같은 차라도 조건은 다릅니다.비교하고 더 좋은 조건을 찾으세요."
"gyeonggi\pyeongtaek-si\유천동\index.html","경기 평택시 유천동 장기렌트·자동차리스 가격비교 | 행복한렌트몰","경기 평택시 유천동 장기렌트와 자동차리스 이용조건을 행복한렌트몰에서 비교하고 차량별 견적과 지역별 상담 정보를 확인해보세요.","같은 차라도 조건은 다릅니다.비교하고 더 좋은 조건을 찾으세요."
"gyeonggi\pyeongtaek-si\이충동\index.html","경기 평택시 이충동 장기렌트·자동차리스 가격비교 | 행복한렌트몰","경기 평택시 이충동 장기렌트와 자동차리스 이용조건을 행복한렌트몰에서 비교하고 차량별 견적과 지역별 상담 정보를 확인해보세요.","같은 차라도 조건은 다릅니다.비교하고 더 좋은 조건을 찾으세요."
"gyeonggi\pyeongtaek-si\장당동\index.html","경기 평택시 장당동 장기렌트·자동차리스 가격비교 | 행복한렌트몰","경기 평택시 장당동 장기렌트와 자동차리스 이용조건을 행복한렌트몰에서 비교하고 차량별 견적과 지역별 상담 정보를 확인해보세요.","같은 차라도 조건은 다릅니다.비교하고 더 좋은 조건을 찾으세요."
"gyeonggi\pyeongtaek-si\장안동\index.html","경기 평택시 장안동 장기렌트·자동차리스 가격비교 | 행복한렌트몰","경기 평택시 장안동 장기렌트와 자동차리스 이용조건을 행복한렌트몰에서 비교하고 차량별 견적과 지역별 상담 정보를 확인해보세요.","같은 차라도 조건은 다릅니다.비교하고 더 좋은 조건을 찾으세요."
"gyeonggi\pyeongtaek-si\죽백동\index.html","경기 평택시 죽백동 장기렌트·자동차리스 가격비교 | 행복한렌트몰","경기 평택시 죽백동 장기렌트와 자동차리스 이용조건을 행복한렌트몰에서 비교하고 차량별 견적과 지역별 상담 정보를 확인해보세요.","같은 차라도 조건은 다릅니다.비교하고 더 좋은 조건을 찾으세요."
"gyeonggi\pyeongtaek-si\지산동\index.html","경기 평택시 지산동 장기렌트·자동차리스 가격비교 | 행복한렌트몰","경기 평택시 지산동 장기렌트와 자동차리스 이용조건을 행복한렌트몰에서 비교하고 차량별 견적과 지역별 상담 정보를 확인해보세요.","같은 차라도 조건은 다릅니다.비교하고 더 좋은 조건을 찾으세요."
"gyeonggi\pyeongtaek-si\지제동\index.html","경기 평택시 지제동 장기렌트·자동차리스 가격비교 | 행복한렌트몰","경기 평택시 지제동 장기렌트와 자동차리스 이용조건을 행복한렌트몰에서 비교하고 차량별 견적과 지역별 상담 정보를 확인해보세요.","같은 차라도 조건은 다릅니다.비교하고 더 좋은 조건을 찾으세요."
"gyeonggi\pyeongtaek-si\진위면\index.html","경기 평택시 진위면 장기렌트·자동차리스 가격비교 | 행복한렌트몰","경기 평택시 진위면 장기렌트와 자동차리스 이용조건을 행복한렌트몰에서 비교하고 차량별 견적과 지역별 상담 정보를 확인해보세요.","같은 차라도 조건은 다릅니다.비교하고 더 좋은 조건을 찾으세요."
"gyeonggi\pyeongtaek-si\청룡동\index.html","경기 평택시 청룡동 장기렌트·자동차리스 가격비교 | 행복한렌트몰","경기 평택시 청룡동 장기렌트와 자동차리스 이용조건을 행복한렌트몰에서 비교하고 차량별 견적과 지역별 상담 정보를 확인해보세요.","같은 차라도 조건은 다릅니다.비교하고 더 좋은 조건을 찾으세요."
"gyeonggi\pyeongtaek-si\청북읍\index.html","경기 평택시 청북읍 장기렌트·자동차리스 가격비교 | 행복한렌트몰","경기 평택시 청북읍 장기렌트와 자동차리스 이용조건을 행복한렌트몰에서 비교하고 차량별 견적과 지역별 상담 정보를 확인해보세요.","같은 차라도 조건은 다릅니다.비교하고 더 좋은 조건을 찾으세요."
"gyeonggi\pyeongtaek-si\칠괴동\index.html","경기 평택시 칠괴동 장기렌트·자동차리스 가격비교 | 행복한렌트몰","경기 평택시 칠괴동 장기렌트와 자동차리스 이용조건을 행복한렌트몰에서 비교하고 차량별 견적과 지역별 상담 정보를 확인해보세요.","같은 차라도 조건은 다릅니다.비교하고 더 좋은 조건을 찾으세요."
"gyeonggi\pyeongtaek-si\칠원동\index.html","경기 평택시 칠원동 장기렌트·자동차리스 가격비교 | 행복한렌트몰","경기 평택시 칠원동 장기렌트와 자동차리스 이용조건을 행복한렌트몰에서 비교하고 차량별 견적과 지역별 상담 정보를 확인해보세요.","같은 차라도 조건은 다릅니다.비교하고 더 좋은 조건을 찾으세요."
"gyeonggi\pyeongtaek-si\통복동\index.html","경기 평택시 통복동 장기렌트·자동차리스 가격비교 | 행복한렌트몰","경기 평택시 통복동 장기렌트와 자동차리스 이용조건을 행복한렌트몰에서 비교하고 차량별 견적과 지역별 상담 정보를 확인해보세요.","같은 차라도 조건은 다릅니다.비교하고 더 좋은 조건을 찾으세요."
"gyeonggi\pyeongtaek-si\팽성읍\index.html","경기 평택시 팽성읍 장기렌트·자동차리스 가격비교 | 행복한렌트몰","경기 평택시 팽성읍 장기렌트와 자동차리스 이용조건을 행복한렌트몰에서 비교하고 차량별 견적과 지역별 상담 정보를 확인해보세요.","같은 차라도 조건은 다릅니다.비교하고 더 좋은 조건을 찾으세요."
"gyeonggi\pyeongtaek-si\평택동\index.html","경기 평택시 평택동 장기렌트·자동차리스 가격비교 | 행복한렌트몰","경기 평택시 평택동 장기렌트와 자동차리스 이용조건을 행복한렌트몰에서 비교하고 차량별 견적과 지역별 상담 정보를 확인해보세요.","같은 차라도 조건은 다릅니다.비교하고 더 좋은 조건을 찾으세요."
"gyeonggi\pyeongtaek-si\포승읍\index.html","경기 평택시 포승읍 장기렌트·자동차리스 가격비교 | 행복한렌트몰","경기 평택시 포승읍 장기렌트와 자동차리스 이용조건을 행복한렌트몰에서 비교하고 차량별 견적과 지역별 상담 정보를 확인해보세요.","같은 차라도 조건은 다릅니다.비교하고 더 좋은 조건을 찾으세요."
"gyeonggi\pyeongtaek-si\합정동\index.html","경기 평택시 합정동 장기렌트·자동차리스 가격비교 | 행복한렌트몰","경기 평택시 합정동 장기렌트와 자동차리스 이용조건을 행복한렌트몰에서 비교하고 차량별 견적과 지역별 상담 정보를 확인해보세요.","같은 차라도 조건은 다릅니다.비교하고 더 좋은 조건을 찾으세요."
"gyeonggi\pyeongtaek-si\현덕면\index.html","경기 평택시 현덕면 장기렌트·자동차리스 가격비교 | 행복한렌트몰","경기 평택시 현덕면 장기렌트와 자동차리스 이용조건을 행복한렌트몰에서 비교하고 차량별 견적과 지역별 상담 정보를 확인해보세요.","같은 차라도 조건은 다릅니다.비교하고 더 좋은 조건을 찾으세요."
"gyeonggi\seongnam-si\index.html","경기 성남시 장기렌트·자동차리스 가격비교 | 행복한렌트몰","경기 성남시 장기렌트와 자동차리스 조건을 행복한렌트몰에서 비교하고 지역별 상담 정보를 확인해보세요.","같은 차라도 조건은 다릅니다.비교하고 더 좋은 조건을 찾으세요."
"gyeonggi\seongnam-si\분당구\index.html","경기 성남시 분당구 장기렌트·자동차리스 가격비교 | 행복한렌트몰","경기 성남시 분당구 장기렌트와 자동차리스 이용조건을 행복한렌트몰에서 비교하고 차량별 견적과 지역별 상담 정보를 확인해보세요.","같은 차라도 조건은 다릅니다.비교하고 더 좋은 조건을 찾으세요."
"gyeonggi\seongnam-si\분당구\구미동\index.html","경기 성남시 분당구 구미동 장기렌트·자동차리스 가격비교 | 행복한렌트몰","경기 성남시 분당구 구미동 장기렌트와 자동차리스 이용조건을 행복한렌트몰에서 비교하고 차량별 견적과 지역별 상담 정보를 확인해보세요.","같은 차라도 조건은 다릅니다.비교하고 더 좋은 조건을 찾으세요."
"gyeonggi\seongnam-si\분당구\궁내동\index.html","경기 성남시 분당구 궁내동 장기렌트·자동차리스 가격비교 | 행복한렌트몰","경기 성남시 분당구 궁내동 장기렌트와 자동차리스 이용조건을 행복한렌트몰에서 비교하고 차량별 견적과 지역별 상담 정보를 확인해보세요.","같은 차라도 조건은 다릅니다.비교하고 더 좋은 조건을 찾으세요."
"gyeonggi\seongnam-si\분당구\금곡동\index.html","경기 성남시 분당구 금곡동 장기렌트·자동차리스 가격비교 | 행복한렌트몰","경기 성남시 분당구 금곡동 장기렌트와 자동차리스 이용조건을 행복한렌트몰에서 비교하고 차량별 견적과 지역별 상담 정보를 확인해보세요.","같은 차라도 조건은 다릅니다.비교하고 더 좋은 조건을 찾으세요."
"gyeonggi\seongnam-si\분당구\대장동\index.html","경기 성남시 분당구 대장동 장기렌트·자동차리스 가격비교 | 행복한렌트몰","경기 성남시 분당구 대장동 장기렌트와 자동차리스 이용조건을 행복한렌트몰에서 비교하고 차량별 견적과 지역별 상담 정보를 확인해보세요.","같은 차라도 조건은 다릅니다.비교하고 더 좋은 조건을 찾으세요."
"gyeonggi\seongnam-si\분당구\동원동\index.html","경기 성남시 분당구 동원동 장기렌트·자동차리스 가격비교 | 행복한렌트몰","경기 성남시 분당구 동원동 장기렌트와 자동차리스 이용조건을 행복한렌트몰에서 비교하고 차량별 견적과 지역별 상담 정보를 확인해보세요.","같은 차라도 조건은 다릅니다.비교하고 더 좋은 조건을 찾으세요."
"gyeonggi\seongnam-si\분당구\백현동\index.html","경기 성남시 분당구 백현동 장기렌트·자동차리스 가격비교 | 행복한렌트몰","경기 성남시 분당구 백현동 장기렌트와 자동차리스 이용조건을 행복한렌트몰에서 비교하고 차량별 견적과 지역별 상담 정보를 확인해보세요.","같은 차라도 조건은 다릅니다.비교하고 더 좋은 조건을 찾으세요."
"gyeonggi\seongnam-si\분당구\분당동\index.html","경기 성남시 분당구 분당동 장기렌트·자동차리스 가격비교 | 행복한렌트몰","경기 성남시 분당구 분당동 장기렌트와 자동차리스 이용조건을 행복한렌트몰에서 비교하고 차량별 견적과 지역별 상담 정보를 확인해보세요.","같은 차라도 조건은 다릅니다.비교하고 더 좋은 조건을 찾으세요."
"gyeonggi\seongnam-si\분당구\삼평동\index.html","경기 성남시 분당구 삼평동 장기렌트·자동차리스 가격비교 | 행복한렌트몰","경기 성남시 분당구 삼평동 장기렌트와 자동차리스 이용조건을 행복한렌트몰에서 비교하고 차량별 견적과 지역별 상담 정보를 확인해보세요.","같은 차라도 조건은 다릅니다.비교하고 더 좋은 조건을 찾으세요."
"gyeonggi\seongnam-si\분당구\서현동\index.html","경기 성남시 분당구 서현동 장기렌트·자동차리스 가격비교 | 행복한렌트몰","경기 성남시 분당구 서현동 장기렌트와 자동차리스 이용조건을 행복한렌트몰에서 비교하고 차량별 견적과 지역별 상담 정보를 확인해보세요.","같은 차라도 조건은 다릅니다.비교하고 더 좋은 조건을 찾으세요."
"gyeonggi\seongnam-si\분당구\석운동\index.html","경기 성남시 분당구 석운동 장기렌트·자동차리스 가격비교 | 행복한렌트몰","경기 성남시 분당구 석운동 장기렌트와 자동차리스 이용조건을 행복한렌트몰에서 비교하고 차량별 견적과 지역별 상담 정보를 확인해보세요.","같은 차라도 조건은 다릅니다.비교하고 더 좋은 조건을 찾으세요."
"gyeonggi\seongnam-si\분당구\수내동\index.html","경기 성남시 분당구 수내동 장기렌트·자동차리스 가격비교 | 행복한렌트몰","경기 성남시 분당구 수내동 장기렌트와 자동차리스 이용조건을 행복한렌트몰에서 비교하고 차량별 견적과 지역별 상담 정보를 확인해보세요.","같은 차라도 조건은 다릅니다.비교하고 더 좋은 조건을 찾으세요."
"gyeonggi\seongnam-si\분당구\야탑동\index.html","경기 성남시 분당구 야탑동 장기렌트·자동차리스 가격비교 | 행복한렌트몰","경기 성남시 분당구 야탑동 장기렌트와 자동차리스 이용조건을 행복한렌트몰에서 비교하고 차량별 견적과 지역별 상담 정보를 확인해보세요.","같은 차라도 조건은 다릅니다.비교하고 더 좋은 조건을 찾으세요."
"gyeonggi\seongnam-si\분당구\운중동\index.html","경기 성남시 분당구 운중동 장기렌트·자동차리스 가격비교 | 행복한렌트몰","경기 성남시 분당구 운중동 장기렌트와 자동차리스 이용조건을 행복한렌트몰에서 비교하고 차량별 견적과 지역별 상담 정보를 확인해보세요.","같은 차라도 조건은 다릅니다.비교하고 더 좋은 조건을 찾으세요."
"gyeonggi\seongnam-si\분당구\율동\index.html","경기 성남시 분당구 율동 장기렌트·자동차리스 가격비교 | 행복한렌트몰","경기 성남시 분당구 율동 장기렌트와 자동차리스 이용조건을 행복한렌트몰에서 비교하고 차량별 견적과 지역별 상담 정보를 확인해보세요.","같은 차라도 조건은 다릅니다.비교하고 더 좋은 조건을 찾으세요."
"gyeonggi\seongnam-si\분당구\이매동\index.html","경기 성남시 분당구 이매동 장기렌트·자동차리스 가격비교 | 행복한렌트몰","경기 성남시 분당구 이매동 장기렌트와 자동차리스 이용조건을 행복한렌트몰에서 비교하고 차량별 견적과 지역별 상담 정보를 확인해보세요.","같은 차라도 조건은 다릅니다.비교하고 더 좋은 조건을 찾으세요."
"gyeonggi\seongnam-si\분당구\정자동\index.html","경기 성남시 분당구 정자동 장기렌트·자동차리스 가격비교 | 행복한렌트몰","경기 성남시 분당구 정자동 장기렌트와 자동차리스 이용조건을 행복한렌트몰에서 비교하고 차량별 견적과 지역별 상담 정보를 확인해보세요.","같은 차라도 조건은 다릅니다.비교하고 더 좋은 조건을 찾으세요."
"gyeonggi\seongnam-si\분당구\판교동\index.html","경기 성남시 분당구 판교동 장기렌트·자동차리스 가격비교 | 행복한렌트몰","경기 성남시 분당구 판교동 장기렌트와 자동차리스 이용조건을 행복한렌트몰에서 비교하고 차량별 견적과 지역별 상담 정보를 확인해보세요.","같은 차라도 조건은 다릅니다.비교하고 더 좋은 조건을 찾으세요."
"gyeonggi\seongnam-si\분당구\하산운동\index.html","경기 성남시 분당구 하산운동 장기렌트·자동차리스 가격비교 | 행복한렌트몰","경기 성남시 분당구 하산운동 장기렌트와 자동차리스 이용조건을 행복한렌트몰에서 비교하고 차량별 견적과 지역별 상담 정보를 확인해보세요.","같은 차라도 조건은 다릅니다.비교하고 더 좋은 조건을 찾으세요."
"gyeonggi\seongnam-si\수정구\index.html","경기 성남시 수정구 장기렌트·자동차리스 가격비교 | 행복한렌트몰","경기 성남시 수정구 장기렌트와 자동차리스 이용조건을 행복한렌트몰에서 비교하고 차량별 견적과 지역별 상담 정보를 확인해보세요.","같은 차라도 조건은 다릅니다.비교하고 더 좋은 조건을 찾으세요."
"gyeonggi\seongnam-si\수정구\고등동\index.html","경기 성남시 수정구 고등동 장기렌트·자동차리스 가격비교 | 행복한렌트몰","경기 성남시 수정구 고등동 장기렌트와 자동차리스 이용조건을 행복한렌트몰에서 비교하고 차량별 견적과 지역별 상담 정보를 확인해보세요.","같은 차라도 조건은 다릅니다.비교하고 더 좋은 조건을 찾으세요."
"gyeonggi\seongnam-si\수정구\금토동\index.html","경기 성남시 수정구 금토동 장기렌트·자동차리스 가격비교 | 행복한렌트몰","경기 성남시 수정구 금토동 장기렌트와 자동차리스 이용조건을 행복한렌트몰에서 비교하고 차량별 견적과 지역별 상담 정보를 확인해보세요.","같은 차라도 조건은 다릅니다.비교하고 더 좋은 조건을 찾으세요."
"gyeonggi\seongnam-si\수정구\단대동\index.html","경기 성남시 수정구 단대동 장기렌트·자동차리스 가격비교 | 행복한렌트몰","경기 성남시 수정구 단대동 장기렌트와 자동차리스 이용조건을 행복한렌트몰에서 비교하고 차량별 견적과 지역별 상담 정보를 확인해보세요.","같은 차라도 조건은 다릅니다.비교하고 더 좋은 조건을 찾으세요."
"gyeonggi\seongnam-si\수정구\둔전동\index.html","경기 성남시 수정구 둔전동 장기렌트·자동차리스 가격비교 | 행복한렌트몰","경기 성남시 수정구 둔전동 장기렌트와 자동차리스 이용조건을 행복한렌트몰에서 비교하고 차량별 견적과 지역별 상담 정보를 확인해보세요.","같은 차라도 조건은 다릅니다.비교하고 더 좋은 조건을 찾으세요."
"gyeonggi\seongnam-si\수정구\복정동\index.html","경기 성남시 수정구 복정동 장기렌트·자동차리스 가격비교 | 행복한렌트몰","경기 성남시 수정구 복정동 장기렌트와 자동차리스 이용조건을 행복한렌트몰에서 비교하고 차량별 견적과 지역별 상담 정보를 확인해보세요.","같은 차라도 조건은 다릅니다.비교하고 더 좋은 조건을 찾으세요."
"gyeonggi\seongnam-si\수정구\사송동\index.html","경기 성남시 수정구 사송동 장기렌트·자동차리스 가격비교 | 행복한렌트몰","경기 성남시 수정구 사송동 장기렌트와 자동차리스 이용조건을 행복한렌트몰에서 비교하고 차량별 견적과 지역별 상담 정보를 확인해보세요.","같은 차라도 조건은 다릅니다.비교하고 더 좋은 조건을 찾으세요."
"gyeonggi\seongnam-si\수정구\산성동\index.html","경기 성남시 수정구 산성동 장기렌트·자동차리스 가격비교 | 행복한렌트몰","경기 성남시 수정구 산성동 장기렌트와 자동차리스 이용조건을 행복한렌트몰에서 비교하고 차량별 견적과 지역별 상담 정보를 확인해보세요.","같은 차라도 조건은 다릅니다.비교하고 더 좋은 조건을 찾으세요."
"gyeonggi\seongnam-si\수정구\상적동\index.html","경기 성남시 수정구 상적동 장기렌트·자동차리스 가격비교 | 행복한렌트몰","경기 성남시 수정구 상적동 장기렌트와 자동차리스 이용조건을 행복한렌트몰에서 비교하고 차량별 견적과 지역별 상담 정보를 확인해보세요.","같은 차라도 조건은 다릅니다.비교하고 더 좋은 조건을 찾으세요."
"gyeonggi\seongnam-si\수정구\수진동\index.html","경기 성남시 수정구 수진동 장기렌트·자동차리스 가격비교 | 행복한렌트몰","경기 성남시 수정구 수진동 장기렌트와 자동차리스 이용조건을 행복한렌트몰에서 비교하고 차량별 견적과 지역별 상담 정보를 확인해보세요.","같은 차라도 조건은 다릅니다.비교하고 더 좋은 조건을 찾으세요."
"gyeonggi\seongnam-si\수정구\시흥동\index.html","경기 성남시 수정구 시흥동 장기렌트·자동차리스 가격비교 | 행복한렌트몰","경기 성남시 수정구 시흥동 장기렌트와 자동차리스 이용조건을 행복한렌트몰에서 비교하고 차량별 견적과 지역별 상담 정보를 확인해보세요.","같은 차라도 조건은 다릅니다.비교하고 더 좋은 조건을 찾으세요."
"gyeonggi\seongnam-si\수정구\신촌동\index.html","경기 성남시 수정구 신촌동 장기렌트·자동차리스 가격비교 | 행복한렌트몰","경기 성남시 수정구 신촌동 장기렌트와 자동차리스 이용조건을 행복한렌트몰에서 비교하고 차량별 견적과 지역별 상담 정보를 확인해보세요.","같은 차라도 조건은 다릅니다.비교하고 더 좋은 조건을 찾으세요."
"gyeonggi\seongnam-si\수정구\신흥동\index.html","경기 성남시 수정구 신흥동 장기렌트·자동차리스 가격비교 | 행복한렌트몰","경기 성남시 수정구 신흥동 장기렌트와 자동차리스 이용조건을 행복한렌트몰에서 비교하고 차량별 견적과 지역별 상담 정보를 확인해보세요.","같은 차라도 조건은 다릅니다.비교하고 더 좋은 조건을 찾으세요."
"gyeonggi\seongnam-si\수정구\심곡동\index.html","경기 성남시 수정구 심곡동 장기렌트·자동차리스 가격비교 | 행복한렌트몰","경기 성남시 수정구 심곡동 장기렌트와 자동차리스 이용조건을 행복한렌트몰에서 비교하고 차량별 견적과 지역별 상담 정보를 확인해보세요.","같은 차라도 조건은 다릅니다.비교하고 더 좋은 조건을 찾으세요."
"gyeonggi\seongnam-si\수정구\양지동\index.html","경기 성남시 수정구 양지동 장기렌트·자동차리스 가격비교 | 행복한렌트몰","경기 성남시 수정구 양지동 장기렌트와 자동차리스 이용조건을 행복한렌트몰에서 비교하고 차량별 견적과 지역별 상담 정보를 확인해보세요.","같은 차라도 조건은 다릅니다.비교하고 더 좋은 조건을 찾으세요."
"gyeonggi\seongnam-si\수정구\오야동\index.html","경기 성남시 수정구 오야동 장기렌트·자동차리스 가격비교 | 행복한렌트몰","경기 성남시 수정구 오야동 장기렌트와 자동차리스 이용조건을 행복한렌트몰에서 비교하고 차량별 견적과 지역별 상담 정보를 확인해보세요.","같은 차라도 조건은 다릅니다.비교하고 더 좋은 조건을 찾으세요."
"gyeonggi\seongnam-si\수정구\창곡동\index.html","경기 성남시 수정구 창곡동 장기렌트·자동차리스 가격비교 | 행복한렌트몰","경기 성남시 수정구 창곡동 장기렌트와 자동차리스 이용조건을 행복한렌트몰에서 비교하고 차량별 견적과 지역별 상담 정보를 확인해보세요.","같은 차라도 조건은 다릅니다.비교하고 더 좋은 조건을 찾으세요."
"gyeonggi\seongnam-si\수정구\태평동\index.html","경기 성남시 수정구 태평동 장기렌트·자동차리스 가격비교 | 행복한렌트몰","경기 성남시 수정구 태평동 장기렌트와 자동차리스 이용조건을 행복한렌트몰에서 비교하고 차량별 견적과 지역별 상담 정보를 확인해보세요.","같은 차라도 조건은 다릅니다.비교하고 더 좋은 조건을 찾으세요."
"gyeonggi\seongnam-si\중원구\index.html","경기 성남시 중원구 장기렌트·자동차리스 가격비교 | 행복한렌트몰","경기 성남시 중원구 장기렌트와 자동차리스 이용조건을 행복한렌트몰에서 비교하고 차량별 견적과 지역별 상담 정보를 확인해보세요.","같은 차라도 조건은 다릅니다.비교하고 더 좋은 조건을 찾으세요."
"gyeonggi\seongnam-si\중원구\갈현동\index.html","경기 성남시 중원구 갈현동 장기렌트·자동차리스 가격비교 | 행복한렌트몰","경기 성남시 중원구 갈현동 장기렌트와 자동차리스 이용조건을 행복한렌트몰에서 비교하고 차량별 견적과 지역별 상담 정보를 확인해보세요.","같은 차라도 조건은 다릅니다.비교하고 더 좋은 조건을 찾으세요."
"gyeonggi\seongnam-si\중원구\금광동\index.html","경기 성남시 중원구 금광동 장기렌트·자동차리스 가격비교 | 행복한렌트몰","경기 성남시 중원구 금광동 장기렌트와 자동차리스 이용조건을 행복한렌트몰에서 비교하고 차량별 견적과 지역별 상담 정보를 확인해보세요.","같은 차라도 조건은 다릅니다.비교하고 더 좋은 조건을 찾으세요."
"gyeonggi\seongnam-si\중원구\도촌동\index.html","경기 성남시 중원구 도촌동 장기렌트·자동차리스 가격비교 | 행복한렌트몰","경기 성남시 중원구 도촌동 장기렌트와 자동차리스 이용조건을 행복한렌트몰에서 비교하고 차량별 견적과 지역별 상담 정보를 확인해보세요.","같은 차라도 조건은 다릅니다.비교하고 더 좋은 조건을 찾으세요."
"gyeonggi\seongnam-si\중원구\상대원동\index.html","경기 성남시 중원구 상대원동 장기렌트·자동차리스 가격비교 | 행복한렌트몰","경기 성남시 중원구 상대원동 장기렌트와 자동차리스 이용조건을 행복한렌트몰에서 비교하고 차량별 견적과 지역별 상담 정보를 확인해보세요.","같은 차라도 조건은 다릅니다.비교하고 더 좋은 조건을 찾으세요."
"gyeonggi\seongnam-si\중원구\성남동\index.html","경기 성남시 중원구 성남동 장기렌트·자동차리스 가격비교 | 행복한렌트몰","경기 성남시 중원구 성남동 장기렌트와 자동차리스 이용조건을 행복한렌트몰에서 비교하고 차량별 견적과 지역별 상담 정보를 확인해보세요.","같은 차라도 조건은 다릅니다.비교하고 더 좋은 조건을 찾으세요."
"gyeonggi\seongnam-si\중원구\여수동\index.html","경기 성남시 중원구 여수동 장기렌트·자동차리스 가격비교 | 행복한렌트몰","경기 성남시 중원구 여수동 장기렌트와 자동차리스 이용조건을 행복한렌트몰에서 비교하고 차량별 견적과 지역별 상담 정보를 확인해보세요.","같은 차라도 조건은 다릅니다.비교하고 더 좋은 조건을 찾으세요."
"gyeonggi\seongnam-si\중원구\은행동\index.html","경기 성남시 중원구 은행동 장기렌트·자동차리스 가격비교 | 행복한렌트몰","경기 성남시 중원구 은행동 장기렌트와 자동차리스 이용조건을 행복한렌트몰에서 비교하고 차량별 견적과 지역별 상담 정보를 확인해보세요.","같은 차라도 조건은 다릅니다.비교하고 더 좋은 조건을 찾으세요."
"gyeonggi\seongnam-si\중원구\중앙동\index.html","경기 성남시 중원구 중앙동 장기렌트·자동차리스 가격비교 | 행복한렌트몰","경기 성남시 중원구 중앙동 장기렌트와 자동차리스 이용조건을 행복한렌트몰에서 비교하고 차량별 견적과 지역별 상담 정보를 확인해보세요.","같은 차라도 조건은 다릅니다.비교하고 더 좋은 조건을 찾으세요."
"gyeonggi\seongnam-si\중원구\하대원동\index.html","경기 성남시 중원구 하대원동 장기렌트·자동차리스 가격비교 | 행복한렌트몰","경기 성남시 중원구 하대원동 장기렌트와 자동차리스 이용조건을 행복한렌트몰에서 비교하고 차량별 견적과 지역별 상담 정보를 확인해보세요.","같은 차라도 조건은 다릅니다.비교하고 더 좋은 조건을 찾으세요."
"gyeonggi\siheung-si\index.html","경기 시흥시 장기렌트·자동차리스 가격비교 | 행복한렌트몰","경기 시흥시 장기렌트와 자동차리스 조건을 행복한렌트몰에서 비교하고 지역별 상담 정보를 확인해보세요.","같은 차라도 조건은 다릅니다.비교하고 더 좋은 조건을 찾으세요."
"gyeonggi\siheung-si\거모동\index.html","경기 시흥시 거모동 장기렌트·자동차리스 가격비교 | 행복한렌트몰","경기 시흥시 거모동 장기렌트와 자동차리스 이용조건을 행복한렌트몰에서 비교하고 차량별 견적과 지역별 상담 정보를 확인해보세요.","같은 차라도 조건은 다릅니다.비교하고 더 좋은 조건을 찾으세요."
"gyeonggi\siheung-si\계수동\index.html","경기 시흥시 계수동 장기렌트·자동차리스 가격비교 | 행복한렌트몰","경기 시흥시 계수동 장기렌트와 자동차리스 이용조건을 행복한렌트몰에서 비교하고 차량별 견적과 지역별 상담 정보를 확인해보세요.","같은 차라도 조건은 다릅니다.비교하고 더 좋은 조건을 찾으세요."
"gyeonggi\siheung-si\과림동\index.html","경기 시흥시 과림동 장기렌트·자동차리스 가격비교 | 행복한렌트몰","경기 시흥시 과림동 장기렌트와 자동차리스 이용조건을 행복한렌트몰에서 비교하고 차량별 견적과 지역별 상담 정보를 확인해보세요.","같은 차라도 조건은 다릅니다.비교하고 더 좋은 조건을 찾으세요."
"gyeonggi\siheung-si\광석동\index.html","경기 시흥시 광석동 장기렌트·자동차리스 가격비교 | 행복한렌트몰","경기 시흥시 광석동 장기렌트와 자동차리스 이용조건을 행복한렌트몰에서 비교하고 차량별 견적과 지역별 상담 정보를 확인해보세요.","같은 차라도 조건은 다릅니다.비교하고 더 좋은 조건을 찾으세요."
"gyeonggi\siheung-si\군자동\index.html","경기 시흥시 군자동 장기렌트·자동차리스 가격비교 | 행복한렌트몰","경기 시흥시 군자동 장기렌트와 자동차리스 이용조건을 행복한렌트몰에서 비교하고 차량별 견적과 지역별 상담 정보를 확인해보세요.","같은 차라도 조건은 다릅니다.비교하고 더 좋은 조건을 찾으세요."
"gyeonggi\siheung-si\금이동\index.html","경기 시흥시 금이동 장기렌트·자동차리스 가격비교 | 행복한렌트몰","경기 시흥시 금이동 장기렌트와 자동차리스 이용조건을 행복한렌트몰에서 비교하고 차량별 견적과 지역별 상담 정보를 확인해보세요.","같은 차라도 조건은 다릅니다.비교하고 더 좋은 조건을 찾으세요."
"gyeonggi\siheung-si\논곡동\index.html","경기 시흥시 논곡동 장기렌트·자동차리스 가격비교 | 행복한렌트몰","경기 시흥시 논곡동 장기렌트와 자동차리스 이용조건을 행복한렌트몰에서 비교하고 차량별 견적과 지역별 상담 정보를 확인해보세요.","같은 차라도 조건은 다릅니다.비교하고 더 좋은 조건을 찾으세요."
"gyeonggi\siheung-si\능곡동\index.html","경기 시흥시 능곡동 장기렌트·자동차리스 가격비교 | 행복한렌트몰","경기 시흥시 능곡동 장기렌트와 자동차리스 이용조건을 행복한렌트몰에서 비교하고 차량별 견적과 지역별 상담 정보를 확인해보세요.","같은 차라도 조건은 다릅니다.비교하고 더 좋은 조건을 찾으세요."
"gyeonggi\siheung-si\대야동\index.html","경기 시흥시 대야동 장기렌트·자동차리스 가격비교 | 행복한렌트몰","경기 시흥시 대야동 장기렌트와 자동차리스 이용조건을 행복한렌트몰에서 비교하고 차량별 견적과 지역별 상담 정보를 확인해보세요.","같은 차라도 조건은 다릅니다.비교하고 더 좋은 조건을 찾으세요."
"gyeonggi\siheung-si\도창동\index.html","경기 시흥시 도창동 장기렌트·자동차리스 가격비교 | 행복한렌트몰","경기 시흥시 도창동 장기렌트와 자동차리스 이용조건을 행복한렌트몰에서 비교하고 차량별 견적과 지역별 상담 정보를 확인해보세요.","같은 차라도 조건은 다릅니다.비교하고 더 좋은 조건을 찾으세요."
"gyeonggi\siheung-si\매화동\index.html","경기 시흥시 매화동 장기렌트·자동차리스 가격비교 | 행복한렌트몰","경기 시흥시 매화동 장기렌트와 자동차리스 이용조건을 행복한렌트몰에서 비교하고 차량별 견적과 지역별 상담 정보를 확인해보세요.","같은 차라도 조건은 다릅니다.비교하고 더 좋은 조건을 찾으세요."
"gyeonggi\siheung-si\목감동\index.html","경기 시흥시 목감동 장기렌트·자동차리스 가격비교 | 행복한렌트몰","경기 시흥시 목감동 장기렌트와 자동차리스 이용조건을 행복한렌트몰에서 비교하고 차량별 견적과 지역별 상담 정보를 확인해보세요.","같은 차라도 조건은 다릅니다.비교하고 더 좋은 조건을 찾으세요."
"gyeonggi\siheung-si\무지내동\index.html","경기 시흥시 무지내동 장기렌트·자동차리스 가격비교 | 행복한렌트몰","경기 시흥시 무지내동 장기렌트와 자동차리스 이용조건을 행복한렌트몰에서 비교하고 차량별 견적과 지역별 상담 정보를 확인해보세요.","같은 차라도 조건은 다릅니다.비교하고 더 좋은 조건을 찾으세요."
"gyeonggi\siheung-si\물왕동\index.html","경기 시흥시 물왕동 장기렌트·자동차리스 가격비교 | 행복한렌트몰","경기 시흥시 물왕동 장기렌트와 자동차리스 이용조건을 행복한렌트몰에서 비교하고 차량별 견적과 지역별 상담 정보를 확인해보세요.","같은 차라도 조건은 다릅니다.비교하고 더 좋은 조건을 찾으세요."
"gyeonggi\siheung-si\미산동\index.html","경기 시흥시 미산동 장기렌트·자동차리스 가격비교 | 행복한렌트몰","경기 시흥시 미산동 장기렌트와 자동차리스 이용조건을 행복한렌트몰에서 비교하고 차량별 견적과 지역별 상담 정보를 확인해보세요.","같은 차라도 조건은 다릅니다.비교하고 더 좋은 조건을 찾으세요."
"gyeonggi\siheung-si\방산동\index.html","경기 시흥시 방산동 장기렌트·자동차리스 가격비교 | 행복한렌트몰","경기 시흥시 방산동 장기렌트와 자동차리스 이용조건을 행복한렌트몰에서 비교하고 차량별 견적과 지역별 상담 정보를 확인해보세요.","같은 차라도 조건은 다릅니다.비교하고 더 좋은 조건을 찾으세요."
"gyeonggi\siheung-si\배곧동\index.html","경기 시흥시 배곧동 장기렌트·자동차리스 가격비교 | 행복한렌트몰","경기 시흥시 배곧동 장기렌트와 자동차리스 이용조건을 행복한렌트몰에서 비교하고 차량별 견적과 지역별 상담 정보를 확인해보세요.","같은 차라도 조건은 다릅니다.비교하고 더 좋은 조건을 찾으세요."
"gyeonggi\siheung-si\산현동\index.html","경기 시흥시 산현동 장기렌트·자동차리스 가격비교 | 행복한렌트몰","경기 시흥시 산현동 장기렌트와 자동차리스 이용조건을 행복한렌트몰에서 비교하고 차량별 견적과 지역별 상담 정보를 확인해보세요.","같은 차라도 조건은 다릅니다.비교하고 더 좋은 조건을 찾으세요."
"gyeonggi\siheung-si\신천동\index.html","경기 시흥시 신천동 장기렌트·자동차리스 가격비교 | 행복한렌트몰","경기 시흥시 신천동 장기렌트와 자동차리스 이용조건을 행복한렌트몰에서 비교하고 차량별 견적과 지역별 상담 정보를 확인해보세요.","같은 차라도 조건은 다릅니다.비교하고 더 좋은 조건을 찾으세요."
"gyeonggi\siheung-si\안현동\index.html","경기 시흥시 안현동 장기렌트·자동차리스 가격비교 | 행복한렌트몰","경기 시흥시 안현동 장기렌트와 자동차리스 이용조건을 행복한렌트몰에서 비교하고 차량별 견적과 지역별 상담 정보를 확인해보세요.","같은 차라도 조건은 다릅니다.비교하고 더 좋은 조건을 찾으세요."
"gyeonggi\siheung-si\월곶동\index.html","경기 시흥시 월곶동 장기렌트·자동차리스 가격비교 | 행복한렌트몰","경기 시흥시 월곶동 장기렌트와 자동차리스 이용조건을 행복한렌트몰에서 비교하고 차량별 견적과 지역별 상담 정보를 확인해보세요.","같은 차라도 조건은 다릅니다.비교하고 더 좋은 조건을 찾으세요."
"gyeonggi\siheung-si\은행동\index.html","경기 시흥시 은행동 장기렌트·자동차리스 가격비교 | 행복한렌트몰","경기 시흥시 은행동 장기렌트와 자동차리스 이용조건을 행복한렌트몰에서 비교하고 차량별 견적과 지역별 상담 정보를 확인해보세요.","같은 차라도 조건은 다릅니다.비교하고 더 좋은 조건을 찾으세요."
"gyeonggi\siheung-si\장곡동\index.html","경기 시흥시 장곡동 장기렌트·자동차리스 가격비교 | 행복한렌트몰","경기 시흥시 장곡동 장기렌트와 자동차리스 이용조건을 행복한렌트몰에서 비교하고 차량별 견적과 지역별 상담 정보를 확인해보세요.","같은 차라도 조건은 다릅니다.비교하고 더 좋은 조건을 찾으세요."
"gyeonggi\siheung-si\장현동\index.html","경기 시흥시 장현동 장기렌트·자동차리스 가격비교 | 행복한렌트몰","경기 시흥시 장현동 장기렌트와 자동차리스 이용조건을 행복한렌트몰에서 비교하고 차량별 견적과 지역별 상담 정보를 확인해보세요.","같은 차라도 조건은 다릅니다.비교하고 더 좋은 조건을 찾으세요."
"gyeonggi\siheung-si\정왕동\index.html","경기 시흥시 정왕동 장기렌트·자동차리스 가격비교 | 행복한렌트몰","경기 시흥시 정왕동 장기렌트와 자동차리스 이용조건을 행복한렌트몰에서 비교하고 차량별 견적과 지역별 상담 정보를 확인해보세요.","같은 차라도 조건은 다릅니다.비교하고 더 좋은 조건을 찾으세요."
"gyeonggi\siheung-si\조남동\index.html","경기 시흥시 조남동 장기렌트·자동차리스 가격비교 | 행복한렌트몰","경기 시흥시 조남동 장기렌트와 자동차리스 이용조건을 행복한렌트몰에서 비교하고 차량별 견적과 지역별 상담 정보를 확인해보세요.","같은 차라도 조건은 다릅니다.비교하고 더 좋은 조건을 찾으세요."
"gyeonggi\siheung-si\죽율동\index.html","경기 시흥시 죽율동 장기렌트·자동차리스 가격비교 | 행복한렌트몰","경기 시흥시 죽율동 장기렌트와 자동차리스 이용조건을 행복한렌트몰에서 비교하고 차량별 견적과 지역별 상담 정보를 확인해보세요.","같은 차라도 조건은 다릅니다.비교하고 더 좋은 조건을 찾으세요."
"gyeonggi\siheung-si\포동\index.html","경기 시흥시 포동 장기렌트·자동차리스 가격비교 | 행복한렌트몰","경기 시흥시 포동 장기렌트와 자동차리스 이용조건을 행복한렌트몰에서 비교하고 차량별 견적과 지역별 상담 정보를 확인해보세요.","같은 차라도 조건은 다릅니다.비교하고 더 좋은 조건을 찾으세요."
"gyeonggi\siheung-si\하상동\index.html","경기 시흥시 하상동 장기렌트·자동차리스 가격비교 | 행복한렌트몰","경기 시흥시 하상동 장기렌트와 자동차리스 이용조건을 행복한렌트몰에서 비교하고 차량별 견적과 지역별 상담 정보를 확인해보세요.","같은 차라도 조건은 다릅니다.비교하고 더 좋은 조건을 찾으세요."
"gyeonggi\siheung-si\하중동\index.html","경기 시흥시 하중동 장기렌트·자동차리스 가격비교 | 행복한렌트몰","경기 시흥시 하중동 장기렌트와 자동차리스 이용조건을 행복한렌트몰에서 비교하고 차량별 견적과 지역별 상담 정보를 확인해보세요.","같은 차라도 조건은 다릅니다.비교하고 더 좋은 조건을 찾으세요."
"gyeonggi\siheung-si\화정동\index.html","경기 시흥시 화정동 장기렌트·자동차리스 가격비교 | 행복한렌트몰","경기 시흥시 화정동 장기렌트와 자동차리스 이용조건을 행복한렌트몰에서 비교하고 차량별 견적과 지역별 상담 정보를 확인해보세요.","같은 차라도 조건은 다릅니다.비교하고 더 좋은 조건을 찾으세요."
"gyeonggi\suwon-si\index.html","경기 수원시 장기렌트·자동차리스 가격비교 | 행복한렌트몰","경기 수원시 장기렌트와 자동차리스 조건을 행복한렌트몰에서 비교하고 지역별 상담 정보를 확인해보세요.","같은 차라도 조건은 다릅니다.비교하고 더 좋은 조건을 찾으세요."
"gyeonggi\suwon-si\권선구\index.html","경기 수원시 권선구 장기렌트·자동차리스 가격비교 | 행복한렌트몰","경기 수원시 권선구 장기렌트와 자동차리스 이용조건을 행복한렌트몰에서 비교하고 차량별 견적과 지역별 상담 정보를 확인해보세요.","같은 차라도 조건은 다릅니다.비교하고 더 좋은 조건을 찾으세요."
"gyeonggi\suwon-si\권선구\고색동\index.html","경기 수원시 권선구 고색동 장기렌트·자동차리스 가격비교 | 행복한렌트몰","경기 수원시 권선구 고색동 장기렌트와 자동차리스 이용조건을 행복한렌트몰에서 비교하고 차량별 견적과 지역별 상담 정보를 확인해보세요.","같은 차라도 조건은 다릅니다.비교하고 더 좋은 조건을 찾으세요."
"gyeonggi\suwon-si\권선구\곡반정동\index.html","경기 수원시 권선구 곡반정동 장기렌트·자동차리스 가격비교 | 행복한렌트몰","경기 수원시 권선구 곡반정동 장기렌트와 자동차리스 이용조건을 행복한렌트몰에서 비교하고 차량별 견적과 지역별 상담 정보를 확인해보세요.","같은 차라도 조건은 다릅니다.비교하고 더 좋은 조건을 찾으세요."
"gyeonggi\suwon-si\권선구\구운동\index.html","경기 수원시 권선구 구운동 장기렌트·자동차리스 가격비교 | 행복한렌트몰","경기 수원시 권선구 구운동 장기렌트와 자동차리스 이용조건을 행복한렌트몰에서 비교하고 차량별 견적과 지역별 상담 정보를 확인해보세요.","같은 차라도 조건은 다릅니다.비교하고 더 좋은 조건을 찾으세요."
"gyeonggi\suwon-si\권선구\권선동\index.html","경기 수원시 권선구 권선동 장기렌트·자동차리스 가격비교 | 행복한렌트몰","경기 수원시 권선구 권선동 장기렌트와 자동차리스 이용조건을 행복한렌트몰에서 비교하고 차량별 견적과 지역별 상담 정보를 확인해보세요.","같은 차라도 조건은 다릅니다.비교하고 더 좋은 조건을 찾으세요."
"gyeonggi\suwon-si\권선구\금곡동\index.html","경기 수원시 권선구 금곡동 장기렌트·자동차리스 가격비교 | 행복한렌트몰","경기 수원시 권선구 금곡동 장기렌트와 자동차리스 이용조건을 행복한렌트몰에서 비교하고 차량별 견적과 지역별 상담 정보를 확인해보세요.","같은 차라도 조건은 다릅니다.비교하고 더 좋은 조건을 찾으세요."
"gyeonggi\suwon-si\권선구\당수동\index.html","경기 수원시 권선구 당수동 장기렌트·자동차리스 가격비교 | 행복한렌트몰","경기 수원시 권선구 당수동 장기렌트와 자동차리스 이용조건을 행복한렌트몰에서 비교하고 차량별 견적과 지역별 상담 정보를 확인해보세요.","같은 차라도 조건은 다릅니다.비교하고 더 좋은 조건을 찾으세요."
"gyeonggi\suwon-si\권선구\대황교동\index.html","경기 수원시 권선구 대황교동 장기렌트·자동차리스 가격비교 | 행복한렌트몰","경기 수원시 권선구 대황교동 장기렌트와 자동차리스 이용조건을 행복한렌트몰에서 비교하고 차량별 견적과 지역별 상담 정보를 확인해보세요.","같은 차라도 조건은 다릅니다.비교하고 더 좋은 조건을 찾으세요."
"gyeonggi\suwon-si\권선구\서둔동\index.html","경기 수원시 권선구 서둔동 장기렌트·자동차리스 가격비교 | 행복한렌트몰","경기 수원시 권선구 서둔동 장기렌트와 자동차리스 이용조건을 행복한렌트몰에서 비교하고 차량별 견적과 지역별 상담 정보를 확인해보세요.","같은 차라도 조건은 다릅니다.비교하고 더 좋은 조건을 찾으세요."
"gyeonggi\suwon-si\권선구\세류동\index.html","경기 수원시 권선구 세류동 장기렌트·자동차리스 가격비교 | 행복한렌트몰","경기 수원시 권선구 세류동 장기렌트와 자동차리스 이용조건을 행복한렌트몰에서 비교하고 차량별 견적과 지역별 상담 정보를 확인해보세요.","같은 차라도 조건은 다릅니다.비교하고 더 좋은 조건을 찾으세요."
"gyeonggi\suwon-si\권선구\오목천동\index.html","경기 수원시 권선구 오목천동 장기렌트·자동차리스 가격비교 | 행복한렌트몰","경기 수원시 권선구 오목천동 장기렌트와 자동차리스 이용조건을 행복한렌트몰에서 비교하고 차량별 견적과 지역별 상담 정보를 확인해보세요.","같은 차라도 조건은 다릅니다.비교하고 더 좋은 조건을 찾으세요."
"gyeonggi\suwon-si\권선구\입북동\index.html","경기 수원시 권선구 입북동 장기렌트·자동차리스 가격비교 | 행복한렌트몰","경기 수원시 권선구 입북동 장기렌트와 자동차리스 이용조건을 행복한렌트몰에서 비교하고 차량별 견적과 지역별 상담 정보를 확인해보세요.","같은 차라도 조건은 다릅니다.비교하고 더 좋은 조건을 찾으세요."
"gyeonggi\suwon-si\권선구\장지동\index.html","경기 수원시 권선구 장지동 장기렌트·자동차리스 가격비교 | 행복한렌트몰","경기 수원시 권선구 장지동 장기렌트와 자동차리스 이용조건을 행복한렌트몰에서 비교하고 차량별 견적과 지역별 상담 정보를 확인해보세요.","같은 차라도 조건은 다릅니다.비교하고 더 좋은 조건을 찾으세요."
"gyeonggi\suwon-si\권선구\탑동\index.html","경기 수원시 권선구 탑동 장기렌트·자동차리스 가격비교 | 행복한렌트몰","경기 수원시 권선구 탑동 장기렌트와 자동차리스 이용조건을 행복한렌트몰에서 비교하고 차량별 견적과 지역별 상담 정보를 확인해보세요.","같은 차라도 조건은 다릅니다.비교하고 더 좋은 조건을 찾으세요."
"gyeonggi\suwon-si\권선구\평동\index.html","경기 수원시 권선구 평동 장기렌트·자동차리스 가격비교 | 행복한렌트몰","경기 수원시 권선구 평동 장기렌트와 자동차리스 이용조건을 행복한렌트몰에서 비교하고 차량별 견적과 지역별 상담 정보를 확인해보세요.","같은 차라도 조건은 다릅니다.비교하고 더 좋은 조건을 찾으세요."
"gyeonggi\suwon-si\권선구\평리동\index.html","경기 수원시 권선구 평리동 장기렌트·자동차리스 가격비교 | 행복한렌트몰","경기 수원시 권선구 평리동 장기렌트와 자동차리스 이용조건을 행복한렌트몰에서 비교하고 차량별 견적과 지역별 상담 정보를 확인해보세요.","같은 차라도 조건은 다릅니다.비교하고 더 좋은 조건을 찾으세요."
"gyeonggi\suwon-si\권선구\호매실동\index.html","경기 수원시 권선구 호매실동 장기렌트·자동차리스 가격비교 | 행복한렌트몰","경기 수원시 권선구 호매실동 장기렌트와 자동차리스 이용조건을 행복한렌트몰에서 비교하고 차량별 견적과 지역별 상담 정보를 확인해보세요.","같은 차라도 조건은 다릅니다.비교하고 더 좋은 조건을 찾으세요."
"gyeonggi\suwon-si\영통구\index.html","경기 수원시 영통구 장기렌트·자동차리스 가격비교 | 행복한렌트몰","경기 수원시 영통구 장기렌트와 자동차리스 이용조건을 행복한렌트몰에서 비교하고 차량별 견적과 지역별 상담 정보를 확인해보세요.","같은 차라도 조건은 다릅니다.비교하고 더 좋은 조건을 찾으세요."
"gyeonggi\suwon-si\영통구\망포동\index.html","경기 수원시 영통구 망포동 장기렌트·자동차리스 가격비교 | 행복한렌트몰","경기 수원시 영통구 망포동 장기렌트와 자동차리스 이용조건을 행복한렌트몰에서 비교하고 차량별 견적과 지역별 상담 정보를 확인해보세요.","같은 차라도 조건은 다릅니다.비교하고 더 좋은 조건을 찾으세요."
"gyeonggi\suwon-si\영통구\매탄동\index.html","경기 수원시 영통구 매탄동 장기렌트·자동차리스 가격비교 | 행복한렌트몰","경기 수원시 영통구 매탄동 장기렌트와 자동차리스 이용조건을 행복한렌트몰에서 비교하고 차량별 견적과 지역별 상담 정보를 확인해보세요.","같은 차라도 조건은 다릅니다.비교하고 더 좋은 조건을 찾으세요."
"gyeonggi\suwon-si\영통구\신동\index.html","경기 수원시 영통구 신동 장기렌트·자동차리스 가격비교 | 행복한렌트몰","경기 수원시 영통구 신동 장기렌트와 자동차리스 이용조건을 행복한렌트몰에서 비교하고 차량별 견적과 지역별 상담 정보를 확인해보세요.","같은 차라도 조건은 다릅니다.비교하고 더 좋은 조건을 찾으세요."
"gyeonggi\suwon-si\영통구\영통동\index.html","경기 수원시 영통구 영통동 장기렌트·자동차리스 가격비교 | 행복한렌트몰","경기 수원시 영통구 영통동 장기렌트와 자동차리스 이용조건을 행복한렌트몰에서 비교하고 차량별 견적과 지역별 상담 정보를 확인해보세요.","같은 차라도 조건은 다릅니다.비교하고 더 좋은 조건을 찾으세요."
"gyeonggi\suwon-si\영통구\원천동\index.html","경기 수원시 영통구 원천동 장기렌트·자동차리스 가격비교 | 행복한렌트몰","경기 수원시 영통구 원천동 장기렌트와 자동차리스 이용조건을 행복한렌트몰에서 비교하고 차량별 견적과 지역별 상담 정보를 확인해보세요.","같은 차라도 조건은 다릅니다.비교하고 더 좋은 조건을 찾으세요."
"gyeonggi\suwon-si\영통구\이의동\index.html","경기 수원시 영통구 이의동 장기렌트·자동차리스 가격비교 | 행복한렌트몰","경기 수원시 영통구 이의동 장기렌트와 자동차리스 이용조건을 행복한렌트몰에서 비교하고 차량별 견적과 지역별 상담 정보를 확인해보세요.","같은 차라도 조건은 다릅니다.비교하고 더 좋은 조건을 찾으세요."
"gyeonggi\suwon-si\영통구\하동\index.html","경기 수원시 영통구 하동 장기렌트·자동차리스 가격비교 | 행복한렌트몰","경기 수원시 영통구 하동 장기렌트와 자동차리스 이용조건을 행복한렌트몰에서 비교하고 차량별 견적과 지역별 상담 정보를 확인해보세요.","같은 차라도 조건은 다릅니다.비교하고 더 좋은 조건을 찾으세요."
"gyeonggi\suwon-si\장안구\index.html","경기 수원시 장안구 장기렌트·자동차리스 가격비교 | 행복한렌트몰","경기 수원시 장안구 장기렌트와 자동차리스 이용조건을 행복한렌트몰에서 비교하고 차량별 견적과 지역별 상담 정보를 확인해보세요.","같은 차라도 조건은 다릅니다.비교하고 더 좋은 조건을 찾으세요."
"gyeonggi\suwon-si\장안구\상광교동\index.html","경기 수원시 장안구 상광교동 장기렌트·자동차리스 가격비교 | 행복한렌트몰","경기 수원시 장안구 상광교동 장기렌트와 자동차리스 이용조건을 행복한렌트몰에서 비교하고 차량별 견적과 지역별 상담 정보를 확인해보세요.","같은 차라도 조건은 다릅니다.비교하고 더 좋은 조건을 찾으세요."
"gyeonggi\suwon-si\장안구\송죽동\index.html","경기 수원시 장안구 송죽동 장기렌트·자동차리스 가격비교 | 행복한렌트몰","경기 수원시 장안구 송죽동 장기렌트와 자동차리스 이용조건을 행복한렌트몰에서 비교하고 차량별 견적과 지역별 상담 정보를 확인해보세요.","같은 차라도 조건은 다릅니다.비교하고 더 좋은 조건을 찾으세요."
"gyeonggi\suwon-si\장안구\연무동\index.html","경기 수원시 장안구 연무동 장기렌트·자동차리스 가격비교 | 행복한렌트몰","경기 수원시 장안구 연무동 장기렌트와 자동차리스 이용조건을 행복한렌트몰에서 비교하고 차량별 견적과 지역별 상담 정보를 확인해보세요.","같은 차라도 조건은 다릅니다.비교하고 더 좋은 조건을 찾으세요."
"gyeonggi\suwon-si\장안구\영화동\index.html","경기 수원시 장안구 영화동 장기렌트·자동차리스 가격비교 | 행복한렌트몰","경기 수원시 장안구 영화동 장기렌트와 자동차리스 이용조건을 행복한렌트몰에서 비교하고 차량별 견적과 지역별 상담 정보를 확인해보세요.","같은 차라도 조건은 다릅니다.비교하고 더 좋은 조건을 찾으세요."
"gyeonggi\suwon-si\장안구\율전동\index.html","경기 수원시 장안구 율전동 장기렌트·자동차리스 가격비교 | 행복한렌트몰","경기 수원시 장안구 율전동 장기렌트와 자동차리스 이용조건을 행복한렌트몰에서 비교하고 차량별 견적과 지역별 상담 정보를 확인해보세요.","같은 차라도 조건은 다릅니다.비교하고 더 좋은 조건을 찾으세요."
"gyeonggi\suwon-si\장안구\이목동\index.html","경기 수원시 장안구 이목동 장기렌트·자동차리스 가격비교 | 행복한렌트몰","경기 수원시 장안구 이목동 장기렌트와 자동차리스 이용조건을 행복한렌트몰에서 비교하고 차량별 견적과 지역별 상담 정보를 확인해보세요.","같은 차라도 조건은 다릅니다.비교하고 더 좋은 조건을 찾으세요."
"gyeonggi\suwon-si\장안구\정자동\index.html","경기 수원시 장안구 정자동 장기렌트·자동차리스 가격비교 | 행복한렌트몰","경기 수원시 장안구 정자동 장기렌트와 자동차리스 이용조건을 행복한렌트몰에서 비교하고 차량별 견적과 지역별 상담 정보를 확인해보세요.","같은 차라도 조건은 다릅니다.비교하고 더 좋은 조건을 찾으세요."
"gyeonggi\suwon-si\장안구\조원동\index.html","경기 수원시 장안구 조원동 장기렌트·자동차리스 가격비교 | 행복한렌트몰","경기 수원시 장안구 조원동 장기렌트와 자동차리스 이용조건을 행복한렌트몰에서 비교하고 차량별 견적과 지역별 상담 정보를 확인해보세요.","같은 차라도 조건은 다릅니다.비교하고 더 좋은 조건을 찾으세요."
"gyeonggi\suwon-si\장안구\천천동\index.html","경기 수원시 장안구 천천동 장기렌트·자동차리스 가격비교 | 행복한렌트몰","경기 수원시 장안구 천천동 장기렌트와 자동차리스 이용조건을 행복한렌트몰에서 비교하고 차량별 견적과 지역별 상담 정보를 확인해보세요.","같은 차라도 조건은 다릅니다.비교하고 더 좋은 조건을 찾으세요."
"gyeonggi\suwon-si\장안구\파장동\index.html","경기 수원시 장안구 파장동 장기렌트·자동차리스 가격비교 | 행복한렌트몰","경기 수원시 장안구 파장동 장기렌트와 자동차리스 이용조건을 행복한렌트몰에서 비교하고 차량별 견적과 지역별 상담 정보를 확인해보세요.","같은 차라도 조건은 다릅니다.비교하고 더 좋은 조건을 찾으세요."
"gyeonggi\suwon-si\장안구\하광교동\index.html","경기 수원시 장안구 하광교동 장기렌트·자동차리스 가격비교 | 행복한렌트몰","경기 수원시 장안구 하광교동 장기렌트와 자동차리스 이용조건을 행복한렌트몰에서 비교하고 차량별 견적과 지역별 상담 정보를 확인해보세요.","같은 차라도 조건은 다릅니다.비교하고 더 좋은 조건을 찾으세요."
"gyeonggi\suwon-si\팔달구\index.html","경기 수원시 팔달구 장기렌트·자동차리스 가격비교 | 행복한렌트몰","경기 수원시 팔달구 장기렌트와 자동차리스 이용조건을 행복한렌트몰에서 비교하고 차량별 견적과 지역별 상담 정보를 확인해보세요.","같은 차라도 조건은 다릅니다.비교하고 더 좋은 조건을 찾으세요."
"gyeonggi\suwon-si\팔달구\고등동\index.html","경기 수원시 팔달구 고등동 장기렌트·자동차리스 가격비교 | 행복한렌트몰","경기 수원시 팔달구 고등동 장기렌트와 자동차리스 이용조건을 행복한렌트몰에서 비교하고 차량별 견적과 지역별 상담 정보를 확인해보세요.","같은 차라도 조건은 다릅니다.비교하고 더 좋은 조건을 찾으세요."
"gyeonggi\suwon-si\팔달구\교동\index.html","경기 수원시 팔달구 교동 장기렌트·자동차리스 가격비교 | 행복한렌트몰","경기 수원시 팔달구 교동 장기렌트와 자동차리스 이용조건을 행복한렌트몰에서 비교하고 차량별 견적과 지역별 상담 정보를 확인해보세요.","같은 차라도 조건은 다릅니다.비교하고 더 좋은 조건을 찾으세요."
"gyeonggi\suwon-si\팔달구\구천동\index.html","경기 수원시 팔달구 구천동 장기렌트·자동차리스 가격비교 | 행복한렌트몰","경기 수원시 팔달구 구천동 장기렌트와 자동차리스 이용조건을 행복한렌트몰에서 비교하고 차량별 견적과 지역별 상담 정보를 확인해보세요.","같은 차라도 조건은 다릅니다.비교하고 더 좋은 조건을 찾으세요."
"gyeonggi\suwon-si\팔달구\남수동\index.html","경기 수원시 팔달구 남수동 장기렌트·자동차리스 가격비교 | 행복한렌트몰","경기 수원시 팔달구 남수동 장기렌트와 자동차리스 이용조건을 행복한렌트몰에서 비교하고 차량별 견적과 지역별 상담 정보를 확인해보세요.","같은 차라도 조건은 다릅니다.비교하고 더 좋은 조건을 찾으세요."
"gyeonggi\suwon-si\팔달구\남창동\index.html","경기 수원시 팔달구 남창동 장기렌트·자동차리스 가격비교 | 행복한렌트몰","경기 수원시 팔달구 남창동 장기렌트와 자동차리스 이용조건을 행복한렌트몰에서 비교하고 차량별 견적과 지역별 상담 정보를 확인해보세요.","같은 차라도 조건은 다릅니다.비교하고 더 좋은 조건을 찾으세요."
"gyeonggi\suwon-si\팔달구\매교동\index.html","경기 수원시 팔달구 매교동 장기렌트·자동차리스 가격비교 | 행복한렌트몰","경기 수원시 팔달구 매교동 장기렌트와 자동차리스 이용조건을 행복한렌트몰에서 비교하고 차량별 견적과 지역별 상담 정보를 확인해보세요.","같은 차라도 조건은 다릅니다.비교하고 더 좋은 조건을 찾으세요."
"gyeonggi\suwon-si\팔달구\매향동\index.html","경기 수원시 팔달구 매향동 장기렌트·자동차리스 가격비교 | 행복한렌트몰","경기 수원시 팔달구 매향동 장기렌트와 자동차리스 이용조건을 행복한렌트몰에서 비교하고 차량별 견적과 지역별 상담 정보를 확인해보세요.","같은 차라도 조건은 다릅니다.비교하고 더 좋은 조건을 찾으세요."
"gyeonggi\suwon-si\팔달구\북수동\index.html","경기 수원시 팔달구 북수동 장기렌트·자동차리스 가격비교 | 행복한렌트몰","경기 수원시 팔달구 북수동 장기렌트와 자동차리스 이용조건을 행복한렌트몰에서 비교하고 차량별 견적과 지역별 상담 정보를 확인해보세요.","같은 차라도 조건은 다릅니다.비교하고 더 좋은 조건을 찾으세요."
"gyeonggi\suwon-si\팔달구\신풍동\index.html","경기 수원시 팔달구 신풍동 장기렌트·자동차리스 가격비교 | 행복한렌트몰","경기 수원시 팔달구 신풍동 장기렌트와 자동차리스 이용조건을 행복한렌트몰에서 비교하고 차량별 견적과 지역별 상담 정보를 확인해보세요.","같은 차라도 조건은 다릅니다.비교하고 더 좋은 조건을 찾으세요."
"gyeonggi\suwon-si\팔달구\영동\index.html","경기 수원시 팔달구 영동 장기렌트·자동차리스 가격비교 | 행복한렌트몰","경기 수원시 팔달구 영동 장기렌트와 자동차리스 이용조건을 행복한렌트몰에서 비교하고 차량별 견적과 지역별 상담 정보를 확인해보세요.","같은 차라도 조건은 다릅니다.비교하고 더 좋은 조건을 찾으세요."
"gyeonggi\suwon-si\팔달구\우만동\index.html","경기 수원시 팔달구 우만동 장기렌트·자동차리스 가격비교 | 행복한렌트몰","경기 수원시 팔달구 우만동 장기렌트와 자동차리스 이용조건을 행복한렌트몰에서 비교하고 차량별 견적과 지역별 상담 정보를 확인해보세요.","같은 차라도 조건은 다릅니다.비교하고 더 좋은 조건을 찾으세요."
"gyeonggi\suwon-si\팔달구\인계동\index.html","경기 수원시 팔달구 인계동 장기렌트·자동차리스 가격비교 | 행복한렌트몰","경기 수원시 팔달구 인계동 장기렌트와 자동차리스 이용조건을 행복한렌트몰에서 비교하고 차량별 견적과 지역별 상담 정보를 확인해보세요.","같은 차라도 조건은 다릅니다.비교하고 더 좋은 조건을 찾으세요."
"gyeonggi\suwon-si\팔달구\장안동\index.html","경기 수원시 팔달구 장안동 장기렌트·자동차리스 가격비교 | 행복한렌트몰","경기 수원시 팔달구 장안동 장기렌트와 자동차리스 이용조건을 행복한렌트몰에서 비교하고 차량별 견적과 지역별 상담 정보를 확인해보세요.","같은 차라도 조건은 다릅니다.비교하고 더 좋은 조건을 찾으세요."
"gyeonggi\suwon-si\팔달구\중동\index.html","경기 수원시 팔달구 중동 장기렌트·자동차리스 가격비교 | 행복한렌트몰","경기 수원시 팔달구 중동 장기렌트와 자동차리스 이용조건을 행복한렌트몰에서 비교하고 차량별 견적과 지역별 상담 정보를 확인해보세요.","같은 차라도 조건은 다릅니다.비교하고 더 좋은 조건을 찾으세요."
"gyeonggi\suwon-si\팔달구\지동\index.html","경기 수원시 팔달구 지동 장기렌트·자동차리스 가격비교 | 행복한렌트몰","경기 수원시 팔달구 지동 장기렌트와 자동차리스 이용조건을 행복한렌트몰에서 비교하고 차량별 견적과 지역별 상담 정보를 확인해보세요.","같은 차라도 조건은 다릅니다.비교하고 더 좋은 조건을 찾으세요."
"gyeonggi\suwon-si\팔달구\화서동\index.html","경기 수원시 팔달구 화서동 장기렌트·자동차리스 가격비교 | 행복한렌트몰","경기 수원시 팔달구 화서동 장기렌트와 자동차리스 이용조건을 행복한렌트몰에서 비교하고 차량별 견적과 지역별 상담 정보를 확인해보세요.","같은 차라도 조건은 다릅니다.비교하고 더 좋은 조건을 찾으세요."
"gyeonggi\uijeongbu-si\index.html","경기 의정부시 장기렌트·자동차리스 가격비교 | 행복한렌트몰","경기 의정부시 장기렌트와 자동차리스 조건을 행복한렌트몰에서 비교하고 지역별 상담 정보를 확인해보세요.","같은 차라도 조건은 다릅니다.비교하고 더 좋은 조건을 찾으세요."
"gyeonggi\uijeongbu-si\가능동\index.html","경기 의정부시 가능동 장기렌트·자동차리스 가격비교 | 행복한렌트몰","경기 의정부시 가능동 장기렌트와 자동차리스 이용조건을 행복한렌트몰에서 비교하고 차량별 견적과 지역별 상담 정보를 확인해보세요.","같은 차라도 조건은 다릅니다.비교하고 더 좋은 조건을 찾으세요."
"gyeonggi\uijeongbu-si\고산동\index.html","경기 의정부시 고산동 장기렌트·자동차리스 가격비교 | 행복한렌트몰","경기 의정부시 고산동 장기렌트와 자동차리스 이용조건을 행복한렌트몰에서 비교하고 차량별 견적과 지역별 상담 정보를 확인해보세요.","같은 차라도 조건은 다릅니다.비교하고 더 좋은 조건을 찾으세요."
"gyeonggi\uijeongbu-si\금오동\index.html","경기 의정부시 금오동 장기렌트·자동차리스 가격비교 | 행복한렌트몰","경기 의정부시 금오동 장기렌트와 자동차리스 이용조건을 행복한렌트몰에서 비교하고 차량별 견적과 지역별 상담 정보를 확인해보세요.","같은 차라도 조건은 다릅니다.비교하고 더 좋은 조건을 찾으세요."
"gyeonggi\uijeongbu-si\낙양동\index.html","경기 의정부시 낙양동 장기렌트·자동차리스 가격비교 | 행복한렌트몰","경기 의정부시 낙양동 장기렌트와 자동차리스 이용조건을 행복한렌트몰에서 비교하고 차량별 견적과 지역별 상담 정보를 확인해보세요.","같은 차라도 조건은 다릅니다.비교하고 더 좋은 조건을 찾으세요."
"gyeonggi\uijeongbu-si\녹양동\index.html","경기 의정부시 녹양동 장기렌트·자동차리스 가격비교 | 행복한렌트몰","경기 의정부시 녹양동 장기렌트와 자동차리스 이용조건을 행복한렌트몰에서 비교하고 차량별 견적과 지역별 상담 정보를 확인해보세요.","같은 차라도 조건은 다릅니다.비교하고 더 좋은 조건을 찾으세요."
"gyeonggi\uijeongbu-si\민락동\index.html","경기 의정부시 민락동 장기렌트·자동차리스 가격비교 | 행복한렌트몰","경기 의정부시 민락동 장기렌트와 자동차리스 이용조건을 행복한렌트몰에서 비교하고 차량별 견적과 지역별 상담 정보를 확인해보세요.","같은 차라도 조건은 다릅니다.비교하고 더 좋은 조건을 찾으세요."
"gyeonggi\uijeongbu-si\산곡동\index.html","경기 의정부시 산곡동 장기렌트·자동차리스 가격비교 | 행복한렌트몰","경기 의정부시 산곡동 장기렌트와 자동차리스 이용조건을 행복한렌트몰에서 비교하고 차량별 견적과 지역별 상담 정보를 확인해보세요.","같은 차라도 조건은 다릅니다.비교하고 더 좋은 조건을 찾으세요."
"gyeonggi\uijeongbu-si\신곡동\index.html","경기 의정부시 신곡동 장기렌트·자동차리스 가격비교 | 행복한렌트몰","경기 의정부시 신곡동 장기렌트와 자동차리스 이용조건을 행복한렌트몰에서 비교하고 차량별 견적과 지역별 상담 정보를 확인해보세요.","같은 차라도 조건은 다릅니다.비교하고 더 좋은 조건을 찾으세요."
"gyeonggi\uijeongbu-si\용현동\index.html","경기 의정부시 용현동 장기렌트·자동차리스 가격비교 | 행복한렌트몰","경기 의정부시 용현동 장기렌트와 자동차리스 이용조건을 행복한렌트몰에서 비교하고 차량별 견적과 지역별 상담 정보를 확인해보세요.","같은 차라도 조건은 다릅니다.비교하고 더 좋은 조건을 찾으세요."
"gyeonggi\uijeongbu-si\의정부동\index.html","경기 의정부시 의정부동 장기렌트·자동차리스 가격비교 | 행복한렌트몰","경기 의정부시 의정부동 장기렌트와 자동차리스 이용조건을 행복한렌트몰에서 비교하고 차량별 견적과 지역별 상담 정보를 확인해보세요.","같은 차라도 조건은 다릅니다.비교하고 더 좋은 조건을 찾으세요."
"gyeonggi\uijeongbu-si\자일동\index.html","경기 의정부시 자일동 장기렌트·자동차리스 가격비교 | 행복한렌트몰","경기 의정부시 자일동 장기렌트와 자동차리스 이용조건을 행복한렌트몰에서 비교하고 차량별 견적과 지역별 상담 정보를 확인해보세요.","같은 차라도 조건은 다릅니다.비교하고 더 좋은 조건을 찾으세요."
"gyeonggi\uijeongbu-si\장암동\index.html","경기 의정부시 장암동 장기렌트·자동차리스 가격비교 | 행복한렌트몰","경기 의정부시 장암동 장기렌트와 자동차리스 이용조건을 행복한렌트몰에서 비교하고 차량별 견적과 지역별 상담 정보를 확인해보세요.","같은 차라도 조건은 다릅니다.비교하고 더 좋은 조건을 찾으세요."
"gyeonggi\uijeongbu-si\호원동\index.html","경기 의정부시 호원동 장기렌트·자동차리스 가격비교 | 행복한렌트몰","경기 의정부시 호원동 장기렌트와 자동차리스 이용조건을 행복한렌트몰에서 비교하고 차량별 견적과 지역별 상담 정보를 확인해보세요.","같은 차라도 조건은 다릅니다.비교하고 더 좋은 조건을 찾으세요."
"gyeonggi\uiwang-si\index.html","경기 의왕시 장기렌트·자동차리스 가격비교 | 행복한렌트몰","경기 의왕시 장기렌트와 자동차리스 조건을 행복한렌트몰에서 비교하고 지역별 상담 정보를 확인해보세요.","같은 차라도 조건은 다릅니다.비교하고 더 좋은 조건을 찾으세요."
"gyeonggi\uiwang-si\고천동\index.html","경기 의왕시 고천동 장기렌트·자동차리스 가격비교 | 행복한렌트몰","경기 의왕시 고천동 장기렌트와 자동차리스 이용조건을 행복한렌트몰에서 비교하고 차량별 견적과 지역별 상담 정보를 확인해보세요.","같은 차라도 조건은 다릅니다.비교하고 더 좋은 조건을 찾으세요."
"gyeonggi\uiwang-si\내손동\index.html","경기 의왕시 내손동 장기렌트·자동차리스 가격비교 | 행복한렌트몰","경기 의왕시 내손동 장기렌트와 자동차리스 이용조건을 행복한렌트몰에서 비교하고 차량별 견적과 지역별 상담 정보를 확인해보세요.","같은 차라도 조건은 다릅니다.비교하고 더 좋은 조건을 찾으세요."
"gyeonggi\uiwang-si\삼동\index.html","경기 의왕시 삼동 장기렌트·자동차리스 가격비교 | 행복한렌트몰","경기 의왕시 삼동 장기렌트와 자동차리스 이용조건을 행복한렌트몰에서 비교하고 차량별 견적과 지역별 상담 정보를 확인해보세요.","같은 차라도 조건은 다릅니다.비교하고 더 좋은 조건을 찾으세요."
"gyeonggi\uiwang-si\오전동\index.html","경기 의왕시 오전동 장기렌트·자동차리스 가격비교 | 행복한렌트몰","경기 의왕시 오전동 장기렌트와 자동차리스 이용조건을 행복한렌트몰에서 비교하고 차량별 견적과 지역별 상담 정보를 확인해보세요.","같은 차라도 조건은 다릅니다.비교하고 더 좋은 조건을 찾으세요."
"gyeonggi\uiwang-si\왕곡동\index.html","경기 의왕시 왕곡동 장기렌트·자동차리스 가격비교 | 행복한렌트몰","경기 의왕시 왕곡동 장기렌트와 자동차리스 이용조건을 행복한렌트몰에서 비교하고 차량별 견적과 지역별 상담 정보를 확인해보세요.","같은 차라도 조건은 다릅니다.비교하고 더 좋은 조건을 찾으세요."
"gyeonggi\uiwang-si\월암동\index.html","경기 의왕시 월암동 장기렌트·자동차리스 가격비교 | 행복한렌트몰","경기 의왕시 월암동 장기렌트와 자동차리스 이용조건을 행복한렌트몰에서 비교하고 차량별 견적과 지역별 상담 정보를 확인해보세요.","같은 차라도 조건은 다릅니다.비교하고 더 좋은 조건을 찾으세요."
"gyeonggi\uiwang-si\이동\index.html","경기 의왕시 이동 장기렌트·자동차리스 가격비교 | 행복한렌트몰","경기 의왕시 이동 장기렌트와 자동차리스 이용조건을 행복한렌트몰에서 비교하고 차량별 견적과 지역별 상담 정보를 확인해보세요.","같은 차라도 조건은 다릅니다.비교하고 더 좋은 조건을 찾으세요."
"gyeonggi\uiwang-si\청계동\index.html","경기 의왕시 청계동 장기렌트·자동차리스 가격비교 | 행복한렌트몰","경기 의왕시 청계동 장기렌트와 자동차리스 이용조건을 행복한렌트몰에서 비교하고 차량별 견적과 지역별 상담 정보를 확인해보세요.","같은 차라도 조건은 다릅니다.비교하고 더 좋은 조건을 찾으세요."
"gyeonggi\uiwang-si\초평동\index.html","경기 의왕시 초평동 장기렌트·자동차리스 가격비교 | 행복한렌트몰","경기 의왕시 초평동 장기렌트와 자동차리스 이용조건을 행복한렌트몰에서 비교하고 차량별 견적과 지역별 상담 정보를 확인해보세요.","같은 차라도 조건은 다릅니다.비교하고 더 좋은 조건을 찾으세요."
"gyeonggi\uiwang-si\포일동\index.html","경기 의왕시 포일동 장기렌트·자동차리스 가격비교 | 행복한렌트몰","경기 의왕시 포일동 장기렌트와 자동차리스 이용조건을 행복한렌트몰에서 비교하고 차량별 견적과 지역별 상담 정보를 확인해보세요.","같은 차라도 조건은 다릅니다.비교하고 더 좋은 조건을 찾으세요."
"gyeonggi\uiwang-si\학의동\index.html","경기 의왕시 학의동 장기렌트·자동차리스 가격비교 | 행복한렌트몰","경기 의왕시 학의동 장기렌트와 자동차리스 이용조건을 행복한렌트몰에서 비교하고 차량별 견적과 지역별 상담 정보를 확인해보세요.","같은 차라도 조건은 다릅니다.비교하고 더 좋은 조건을 찾으세요."
"gyeonggi\yangju-si\index.html","경기 양주시 장기렌트·자동차리스 가격비교 | 행복한렌트몰","경기 양주시 장기렌트와 자동차리스 조건을 행복한렌트몰에서 비교하고 지역별 상담 정보를 확인해보세요.","같은 차라도 조건은 다릅니다.비교하고 더 좋은 조건을 찾으세요."
"gyeonggi\yangju-si\고암동\index.html","경기 양주시 고암동 장기렌트·자동차리스 가격비교 | 행복한렌트몰","경기 양주시 고암동 장기렌트와 자동차리스 이용조건을 행복한렌트몰에서 비교하고 차량별 견적과 지역별 상담 정보를 확인해보세요.","같은 차라도 조건은 다릅니다.비교하고 더 좋은 조건을 찾으세요."
"gyeonggi\yangju-si\고읍동\index.html","경기 양주시 고읍동 장기렌트·자동차리스 가격비교 | 행복한렌트몰","경기 양주시 고읍동 장기렌트와 자동차리스 이용조건을 행복한렌트몰에서 비교하고 차량별 견적과 지역별 상담 정보를 확인해보세요.","같은 차라도 조건은 다릅니다.비교하고 더 좋은 조건을 찾으세요."
"gyeonggi\yangju-si\광사동\index.html","경기 양주시 광사동 장기렌트·자동차리스 가격비교 | 행복한렌트몰","경기 양주시 광사동 장기렌트와 자동차리스 이용조건을 행복한렌트몰에서 비교하고 차량별 견적과 지역별 상담 정보를 확인해보세요.","같은 차라도 조건은 다릅니다.비교하고 더 좋은 조건을 찾으세요."
"gyeonggi\yangju-si\광적면\index.html","경기 양주시 광적면 장기렌트·자동차리스 가격비교 | 행복한렌트몰","경기 양주시 광적면 장기렌트와 자동차리스 이용조건을 행복한렌트몰에서 비교하고 차량별 견적과 지역별 상담 정보를 확인해보세요.","같은 차라도 조건은 다릅니다.비교하고 더 좋은 조건을 찾으세요."
"gyeonggi\yangju-si\남면\index.html","경기 양주시 남면 장기렌트·자동차리스 가격비교 | 행복한렌트몰","경기 양주시 남면 장기렌트와 자동차리스 이용조건을 행복한렌트몰에서 비교하고 차량별 견적과 지역별 상담 정보를 확인해보세요.","같은 차라도 조건은 다릅니다.비교하고 더 좋은 조건을 찾으세요."
"gyeonggi\yangju-si\남방동\index.html","경기 양주시 남방동 장기렌트·자동차리스 가격비교 | 행복한렌트몰","경기 양주시 남방동 장기렌트와 자동차리스 이용조건을 행복한렌트몰에서 비교하고 차량별 견적과 지역별 상담 정보를 확인해보세요.","같은 차라도 조건은 다릅니다.비교하고 더 좋은 조건을 찾으세요."
"gyeonggi\yangju-si\덕계동\index.html","경기 양주시 덕계동 장기렌트·자동차리스 가격비교 | 행복한렌트몰","경기 양주시 덕계동 장기렌트와 자동차리스 이용조건을 행복한렌트몰에서 비교하고 차량별 견적과 지역별 상담 정보를 확인해보세요.","같은 차라도 조건은 다릅니다.비교하고 더 좋은 조건을 찾으세요."
"gyeonggi\yangju-si\덕정동\index.html","경기 양주시 덕정동 장기렌트·자동차리스 가격비교 | 행복한렌트몰","경기 양주시 덕정동 장기렌트와 자동차리스 이용조건을 행복한렌트몰에서 비교하고 차량별 견적과 지역별 상담 정보를 확인해보세요.","같은 차라도 조건은 다릅니다.비교하고 더 좋은 조건을 찾으세요."
"gyeonggi\yangju-si\마전동\index.html","경기 양주시 마전동 장기렌트·자동차리스 가격비교 | 행복한렌트몰","경기 양주시 마전동 장기렌트와 자동차리스 이용조건을 행복한렌트몰에서 비교하고 차량별 견적과 지역별 상담 정보를 확인해보세요.","같은 차라도 조건은 다릅니다.비교하고 더 좋은 조건을 찾으세요."
"gyeonggi\yangju-si\만송동\index.html","경기 양주시 만송동 장기렌트·자동차리스 가격비교 | 행복한렌트몰","경기 양주시 만송동 장기렌트와 자동차리스 이용조건을 행복한렌트몰에서 비교하고 차량별 견적과 지역별 상담 정보를 확인해보세요.","같은 차라도 조건은 다릅니다.비교하고 더 좋은 조건을 찾으세요."
"gyeonggi\yangju-si\백석읍\index.html","경기 양주시 백석읍 장기렌트·자동차리스 가격비교 | 행복한렌트몰","경기 양주시 백석읍 장기렌트와 자동차리스 이용조건을 행복한렌트몰에서 비교하고 차량별 견적과 지역별 상담 정보를 확인해보세요.","같은 차라도 조건은 다릅니다.비교하고 더 좋은 조건을 찾으세요."
"gyeonggi\yangju-si\봉양동\index.html","경기 양주시 봉양동 장기렌트·자동차리스 가격비교 | 행복한렌트몰","경기 양주시 봉양동 장기렌트와 자동차리스 이용조건을 행복한렌트몰에서 비교하고 차량별 견적과 지역별 상담 정보를 확인해보세요.","같은 차라도 조건은 다릅니다.비교하고 더 좋은 조건을 찾으세요."
"gyeonggi\yangju-si\산북동\index.html","경기 양주시 산북동 장기렌트·자동차리스 가격비교 | 행복한렌트몰","경기 양주시 산북동 장기렌트와 자동차리스 이용조건을 행복한렌트몰에서 비교하고 차량별 견적과 지역별 상담 정보를 확인해보세요.","같은 차라도 조건은 다릅니다.비교하고 더 좋은 조건을 찾으세요."
"gyeonggi\yangju-si\삼숭동\index.html","경기 양주시 삼숭동 장기렌트·자동차리스 가격비교 | 행복한렌트몰","경기 양주시 삼숭동 장기렌트와 자동차리스 이용조건을 행복한렌트몰에서 비교하고 차량별 견적과 지역별 상담 정보를 확인해보세요.","같은 차라도 조건은 다릅니다.비교하고 더 좋은 조건을 찾으세요."
"gyeonggi\yangju-si\어둔동\index.html","경기 양주시 어둔동 장기렌트·자동차리스 가격비교 | 행복한렌트몰","경기 양주시 어둔동 장기렌트와 자동차리스 이용조건을 행복한렌트몰에서 비교하고 차량별 견적과 지역별 상담 정보를 확인해보세요.","같은 차라도 조건은 다릅니다.비교하고 더 좋은 조건을 찾으세요."
"gyeonggi\yangju-si\옥정동\index.html","경기 양주시 옥정동 장기렌트·자동차리스 가격비교 | 행복한렌트몰","경기 양주시 옥정동 장기렌트와 자동차리스 이용조건을 행복한렌트몰에서 비교하고 차량별 견적과 지역별 상담 정보를 확인해보세요.","같은 차라도 조건은 다릅니다.비교하고 더 좋은 조건을 찾으세요."
"gyeonggi\yangju-si\유양동\index.html","경기 양주시 유양동 장기렌트·자동차리스 가격비교 | 행복한렌트몰","경기 양주시 유양동 장기렌트와 자동차리스 이용조건을 행복한렌트몰에서 비교하고 차량별 견적과 지역별 상담 정보를 확인해보세요.","같은 차라도 조건은 다릅니다.비교하고 더 좋은 조건을 찾으세요."
"gyeonggi\yangju-si\율정동\index.html","경기 양주시 율정동 장기렌트·자동차리스 가격비교 | 행복한렌트몰","경기 양주시 율정동 장기렌트와 자동차리스 이용조건을 행복한렌트몰에서 비교하고 차량별 견적과 지역별 상담 정보를 확인해보세요.","같은 차라도 조건은 다릅니다.비교하고 더 좋은 조건을 찾으세요."
"gyeonggi\yangju-si\은현면\index.html","경기 양주시 은현면 장기렌트·자동차리스 가격비교 | 행복한렌트몰","경기 양주시 은현면 장기렌트와 자동차리스 이용조건을 행복한렌트몰에서 비교하고 차량별 견적과 지역별 상담 정보를 확인해보세요.","같은 차라도 조건은 다릅니다.비교하고 더 좋은 조건을 찾으세요."
"gyeonggi\yangju-si\장흥면\index.html","경기 양주시 장흥면 장기렌트·자동차리스 가격비교 | 행복한렌트몰","경기 양주시 장흥면 장기렌트와 자동차리스 이용조건을 행복한렌트몰에서 비교하고 차량별 견적과 지역별 상담 정보를 확인해보세요.","같은 차라도 조건은 다릅니다.비교하고 더 좋은 조건을 찾으세요."
"gyeonggi\yangju-si\회암동\index.html","경기 양주시 회암동 장기렌트·자동차리스 가격비교 | 행복한렌트몰","경기 양주시 회암동 장기렌트와 자동차리스 이용조건을 행복한렌트몰에서 비교하고 차량별 견적과 지역별 상담 정보를 확인해보세요.","같은 차라도 조건은 다릅니다.비교하고 더 좋은 조건을 찾으세요."
"gyeonggi\yangju-si\회정동\index.html","경기 양주시 회정동 장기렌트·자동차리스 가격비교 | 행복한렌트몰","경기 양주시 회정동 장기렌트와 자동차리스 이용조건을 행복한렌트몰에서 비교하고 차량별 견적과 지역별 상담 정보를 확인해보세요.","같은 차라도 조건은 다릅니다.비교하고 더 좋은 조건을 찾으세요."
"gyeonggi\yangpyeong-gun\index.html","경기 양평군 장기렌트·자동차리스 가격비교 | 행복한렌트몰","경기 양평군 장기렌트와 자동차리스 조건을 행복한렌트몰에서 비교하고 지역별 상담 정보를 확인해보세요.","같은 차라도 조건은 다릅니다.비교하고 더 좋은 조건을 찾으세요."
"gyeonggi\yangpyeong-gun\강상면\index.html","경기 양평군 강상면 장기렌트·자동차리스 가격비교 | 행복한렌트몰","경기 양평군 강상면 장기렌트와 자동차리스 이용조건을 행복한렌트몰에서 비교하고 차량별 견적과 지역별 상담 정보를 확인해보세요.","같은 차라도 조건은 다릅니다.비교하고 더 좋은 조건을 찾으세요."
"gyeonggi\yangpyeong-gun\강하면\index.html","경기 양평군 강하면 장기렌트·자동차리스 가격비교 | 행복한렌트몰","경기 양평군 강하면 장기렌트와 자동차리스 이용조건을 행복한렌트몰에서 비교하고 차량별 견적과 지역별 상담 정보를 확인해보세요.","같은 차라도 조건은 다릅니다.비교하고 더 좋은 조건을 찾으세요."
"gyeonggi\yangpyeong-gun\개군면\index.html","경기 양평군 개군면 장기렌트·자동차리스 가격비교 | 행복한렌트몰","경기 양평군 개군면 장기렌트와 자동차리스 이용조건을 행복한렌트몰에서 비교하고 차량별 견적과 지역별 상담 정보를 확인해보세요.","같은 차라도 조건은 다릅니다.비교하고 더 좋은 조건을 찾으세요."
"gyeonggi\yangpyeong-gun\단월면\index.html","경기 양평군 단월면 장기렌트·자동차리스 가격비교 | 행복한렌트몰","경기 양평군 단월면 장기렌트와 자동차리스 이용조건을 행복한렌트몰에서 비교하고 차량별 견적과 지역별 상담 정보를 확인해보세요.","같은 차라도 조건은 다릅니다.비교하고 더 좋은 조건을 찾으세요."
"gyeonggi\yangpyeong-gun\서종면\index.html","경기 양평군 서종면 장기렌트·자동차리스 가격비교 | 행복한렌트몰","경기 양평군 서종면 장기렌트와 자동차리스 이용조건을 행복한렌트몰에서 비교하고 차량별 견적과 지역별 상담 정보를 확인해보세요.","같은 차라도 조건은 다릅니다.비교하고 더 좋은 조건을 찾으세요."
"gyeonggi\yangpyeong-gun\양동면\index.html","경기 양평군 양동면 장기렌트·자동차리스 가격비교 | 행복한렌트몰","경기 양평군 양동면 장기렌트와 자동차리스 이용조건을 행복한렌트몰에서 비교하고 차량별 견적과 지역별 상담 정보를 확인해보세요.","같은 차라도 조건은 다릅니다.비교하고 더 좋은 조건을 찾으세요."
"gyeonggi\yangpyeong-gun\양서면\index.html","경기 양평군 양서면 장기렌트·자동차리스 가격비교 | 행복한렌트몰","경기 양평군 양서면 장기렌트와 자동차리스 이용조건을 행복한렌트몰에서 비교하고 차량별 견적과 지역별 상담 정보를 확인해보세요.","같은 차라도 조건은 다릅니다.비교하고 더 좋은 조건을 찾으세요."
"gyeonggi\yangpyeong-gun\양평읍\index.html","경기 양평군 양평읍 장기렌트·자동차리스 가격비교 | 행복한렌트몰","경기 양평군 양평읍 장기렌트와 자동차리스 이용조건을 행복한렌트몰에서 비교하고 차량별 견적과 지역별 상담 정보를 확인해보세요.","같은 차라도 조건은 다릅니다.비교하고 더 좋은 조건을 찾으세요."
"gyeonggi\yangpyeong-gun\옥천면\index.html","경기 양평군 옥천면 장기렌트·자동차리스 가격비교 | 행복한렌트몰","경기 양평군 옥천면 장기렌트와 자동차리스 이용조건을 행복한렌트몰에서 비교하고 차량별 견적과 지역별 상담 정보를 확인해보세요.","같은 차라도 조건은 다릅니다.비교하고 더 좋은 조건을 찾으세요."
"gyeonggi\yangpyeong-gun\용문면\index.html","경기 양평군 용문면 장기렌트·자동차리스 가격비교 | 행복한렌트몰","경기 양평군 용문면 장기렌트와 자동차리스 이용조건을 행복한렌트몰에서 비교하고 차량별 견적과 지역별 상담 정보를 확인해보세요.","같은 차라도 조건은 다릅니다.비교하고 더 좋은 조건을 찾으세요."
"gyeonggi\yangpyeong-gun\지평면\index.html","경기 양평군 지평면 장기렌트·자동차리스 가격비교 | 행복한렌트몰","경기 양평군 지평면 장기렌트와 자동차리스 이용조건을 행복한렌트몰에서 비교하고 차량별 견적과 지역별 상담 정보를 확인해보세요.","같은 차라도 조건은 다릅니다.비교하고 더 좋은 조건을 찾으세요."
"gyeonggi\yangpyeong-gun\청운면\index.html","경기 양평군 청운면 장기렌트·자동차리스 가격비교 | 행복한렌트몰","경기 양평군 청운면 장기렌트와 자동차리스 이용조건을 행복한렌트몰에서 비교하고 차량별 견적과 지역별 상담 정보를 확인해보세요.","같은 차라도 조건은 다릅니다.비교하고 더 좋은 조건을 찾으세요."
"gyeonggi\yeoju-si\index.html","경기 여주시 장기렌트·자동차리스 가격비교 | 행복한렌트몰","경기 여주시 장기렌트와 자동차리스 조건을 행복한렌트몰에서 비교하고 지역별 상담 정보를 확인해보세요.","같은 차라도 조건은 다릅니다.비교하고 더 좋은 조건을 찾으세요."
"gyeonggi\yeoju-si\가남읍\index.html","경기 여주시 가남읍 장기렌트·자동차리스 가격비교 | 행복한렌트몰","경기 여주시 가남읍 장기렌트와 자동차리스 이용조건을 행복한렌트몰에서 비교하고 차량별 견적과 지역별 상담 정보를 확인해보세요.","같은 차라도 조건은 다릅니다.비교하고 더 좋은 조건을 찾으세요."
"gyeonggi\yeoju-si\가업동\index.html","경기 여주시 가업동 장기렌트·자동차리스 가격비교 | 행복한렌트몰","경기 여주시 가업동 장기렌트와 자동차리스 이용조건을 행복한렌트몰에서 비교하고 차량별 견적과 지역별 상담 정보를 확인해보세요.","같은 차라도 조건은 다릅니다.비교하고 더 좋은 조건을 찾으세요."
"gyeonggi\yeoju-si\강천면\index.html","경기 여주시 강천면 장기렌트·자동차리스 가격비교 | 행복한렌트몰","경기 여주시 강천면 장기렌트와 자동차리스 이용조건을 행복한렌트몰에서 비교하고 차량별 견적과 지역별 상담 정보를 확인해보세요.","같은 차라도 조건은 다릅니다.비교하고 더 좋은 조건을 찾으세요."
"gyeonggi\yeoju-si\교동\index.html","경기 여주시 교동 장기렌트·자동차리스 가격비교 | 행복한렌트몰","경기 여주시 교동 장기렌트와 자동차리스 이용조건을 행복한렌트몰에서 비교하고 차량별 견적과 지역별 상담 정보를 확인해보세요.","같은 차라도 조건은 다릅니다.비교하고 더 좋은 조건을 찾으세요."
"gyeonggi\yeoju-si\금사면\index.html","경기 여주시 금사면 장기렌트·자동차리스 가격비교 | 행복한렌트몰","경기 여주시 금사면 장기렌트와 자동차리스 이용조건을 행복한렌트몰에서 비교하고 차량별 견적과 지역별 상담 정보를 확인해보세요.","같은 차라도 조건은 다릅니다.비교하고 더 좋은 조건을 찾으세요."
"gyeonggi\yeoju-si\능현동\index.html","경기 여주시 능현동 장기렌트·자동차리스 가격비교 | 행복한렌트몰","경기 여주시 능현동 장기렌트와 자동차리스 이용조건을 행복한렌트몰에서 비교하고 차량별 견적과 지역별 상담 정보를 확인해보세요.","같은 차라도 조건은 다릅니다.비교하고 더 좋은 조건을 찾으세요."
"gyeonggi\yeoju-si\단현동\index.html","경기 여주시 단현동 장기렌트·자동차리스 가격비교 | 행복한렌트몰","경기 여주시 단현동 장기렌트와 자동차리스 이용조건을 행복한렌트몰에서 비교하고 차량별 견적과 지역별 상담 정보를 확인해보세요.","같은 차라도 조건은 다릅니다.비교하고 더 좋은 조건을 찾으세요."
"gyeonggi\yeoju-si\매룡동\index.html","경기 여주시 매룡동 장기렌트·자동차리스 가격비교 | 행복한렌트몰","경기 여주시 매룡동 장기렌트와 자동차리스 이용조건을 행복한렌트몰에서 비교하고 차량별 견적과 지역별 상담 정보를 확인해보세요.","같은 차라도 조건은 다릅니다.비교하고 더 좋은 조건을 찾으세요."
"gyeonggi\yeoju-si\멱곡동\index.html","경기 여주시 멱곡동 장기렌트·자동차리스 가격비교 | 행복한렌트몰","경기 여주시 멱곡동 장기렌트와 자동차리스 이용조건을 행복한렌트몰에서 비교하고 차량별 견적과 지역별 상담 정보를 확인해보세요.","같은 차라도 조건은 다릅니다.비교하고 더 좋은 조건을 찾으세요."
"gyeonggi\yeoju-si\북내면\index.html","경기 여주시 북내면 장기렌트·자동차리스 가격비교 | 행복한렌트몰","경기 여주시 북내면 장기렌트와 자동차리스 이용조건을 행복한렌트몰에서 비교하고 차량별 견적과 지역별 상담 정보를 확인해보세요.","같은 차라도 조건은 다릅니다.비교하고 더 좋은 조건을 찾으세요."
"gyeonggi\yeoju-si\산북면\index.html","경기 여주시 산북면 장기렌트·자동차리스 가격비교 | 행복한렌트몰","경기 여주시 산북면 장기렌트와 자동차리스 이용조건을 행복한렌트몰에서 비교하고 차량별 견적과 지역별 상담 정보를 확인해보세요.","같은 차라도 조건은 다릅니다.비교하고 더 좋은 조건을 찾으세요."
"gyeonggi\yeoju-si\삼교동\index.html","경기 여주시 삼교동 장기렌트·자동차리스 가격비교 | 행복한렌트몰","경기 여주시 삼교동 장기렌트와 자동차리스 이용조건을 행복한렌트몰에서 비교하고 차량별 견적과 지역별 상담 정보를 확인해보세요.","같은 차라도 조건은 다릅니다.비교하고 더 좋은 조건을 찾으세요."
"gyeonggi\yeoju-si\상거동\index.html","경기 여주시 상거동 장기렌트·자동차리스 가격비교 | 행복한렌트몰","경기 여주시 상거동 장기렌트와 자동차리스 이용조건을 행복한렌트몰에서 비교하고 차량별 견적과 지역별 상담 정보를 확인해보세요.","같은 차라도 조건은 다릅니다.비교하고 더 좋은 조건을 찾으세요."
"gyeonggi\yeoju-si\상동\index.html","경기 여주시 상동 장기렌트·자동차리스 가격비교 | 행복한렌트몰","경기 여주시 상동 장기렌트와 자동차리스 이용조건을 행복한렌트몰에서 비교하고 차량별 견적과 지역별 상담 정보를 확인해보세요.","같은 차라도 조건은 다릅니다.비교하고 더 좋은 조건을 찾으세요."
"gyeonggi\yeoju-si\세종대왕면\index.html","경기 여주시 세종대왕면 장기렌트·자동차리스 가격비교 | 행복한렌트몰","경기 여주시 세종대왕면 장기렌트와 자동차리스 이용조건을 행복한렌트몰에서 비교하고 차량별 견적과 지역별 상담 정보를 확인해보세요.","같은 차라도 조건은 다릅니다.비교하고 더 좋은 조건을 찾으세요."
"gyeonggi\yeoju-si\신진동\index.html","경기 여주시 신진동 장기렌트·자동차리스 가격비교 | 행복한렌트몰","경기 여주시 신진동 장기렌트와 자동차리스 이용조건을 행복한렌트몰에서 비교하고 차량별 견적과 지역별 상담 정보를 확인해보세요.","같은 차라도 조건은 다릅니다.비교하고 더 좋은 조건을 찾으세요."
"gyeonggi\yeoju-si\연라동\index.html","경기 여주시 연라동 장기렌트·자동차리스 가격비교 | 행복한렌트몰","경기 여주시 연라동 장기렌트와 자동차리스 이용조건을 행복한렌트몰에서 비교하고 차량별 견적과 지역별 상담 정보를 확인해보세요.","같은 차라도 조건은 다릅니다.비교하고 더 좋은 조건을 찾으세요."
"gyeonggi\yeoju-si\연양동\index.html","경기 여주시 연양동 장기렌트·자동차리스 가격비교 | 행복한렌트몰","경기 여주시 연양동 장기렌트와 자동차리스 이용조건을 행복한렌트몰에서 비교하고 차량별 견적과 지역별 상담 정보를 확인해보세요.","같은 차라도 조건은 다릅니다.비교하고 더 좋은 조건을 찾으세요."
"gyeonggi\yeoju-si\오금동\index.html","경기 여주시 오금동 장기렌트·자동차리스 가격비교 | 행복한렌트몰","경기 여주시 오금동 장기렌트와 자동차리스 이용조건을 행복한렌트몰에서 비교하고 차량별 견적과 지역별 상담 정보를 확인해보세요.","같은 차라도 조건은 다릅니다.비교하고 더 좋은 조건을 찾으세요."
"gyeonggi\yeoju-si\오학동\index.html","경기 여주시 오학동 장기렌트·자동차리스 가격비교 | 행복한렌트몰","경기 여주시 오학동 장기렌트와 자동차리스 이용조건을 행복한렌트몰에서 비교하고 차량별 견적과 지역별 상담 정보를 확인해보세요.","같은 차라도 조건은 다릅니다.비교하고 더 좋은 조건을 찾으세요."
"gyeonggi\yeoju-si\우만동\index.html","경기 여주시 우만동 장기렌트·자동차리스 가격비교 | 행복한렌트몰","경기 여주시 우만동 장기렌트와 자동차리스 이용조건을 행복한렌트몰에서 비교하고 차량별 견적과 지역별 상담 정보를 확인해보세요.","같은 차라도 조건은 다릅니다.비교하고 더 좋은 조건을 찾으세요."
"gyeonggi\yeoju-si\월송동\index.html","경기 여주시 월송동 장기렌트·자동차리스 가격비교 | 행복한렌트몰","경기 여주시 월송동 장기렌트와 자동차리스 이용조건을 행복한렌트몰에서 비교하고 차량별 견적과 지역별 상담 정보를 확인해보세요.","같은 차라도 조건은 다릅니다.비교하고 더 좋은 조건을 찾으세요."
"gyeonggi\yeoju-si\점동면\index.html","경기 여주시 점동면 장기렌트·자동차리스 가격비교 | 행복한렌트몰","경기 여주시 점동면 장기렌트와 자동차리스 이용조건을 행복한렌트몰에서 비교하고 차량별 견적과 지역별 상담 정보를 확인해보세요.","같은 차라도 조건은 다릅니다.비교하고 더 좋은 조건을 찾으세요."
"gyeonggi\yeoju-si\점봉동\index.html","경기 여주시 점봉동 장기렌트·자동차리스 가격비교 | 행복한렌트몰","경기 여주시 점봉동 장기렌트와 자동차리스 이용조건을 행복한렌트몰에서 비교하고 차량별 견적과 지역별 상담 정보를 확인해보세요.","같은 차라도 조건은 다릅니다.비교하고 더 좋은 조건을 찾으세요."
"gyeonggi\yeoju-si\창동\index.html","경기 여주시 창동 장기렌트·자동차리스 가격비교 | 행복한렌트몰","경기 여주시 창동 장기렌트와 자동차리스 이용조건을 행복한렌트몰에서 비교하고 차량별 견적과 지역별 상담 정보를 확인해보세요.","같은 차라도 조건은 다릅니다.비교하고 더 좋은 조건을 찾으세요."
"gyeonggi\yeoju-si\천송동\index.html","경기 여주시 천송동 장기렌트·자동차리스 가격비교 | 행복한렌트몰","경기 여주시 천송동 장기렌트와 자동차리스 이용조건을 행복한렌트몰에서 비교하고 차량별 견적과 지역별 상담 정보를 확인해보세요.","같은 차라도 조건은 다릅니다.비교하고 더 좋은 조건을 찾으세요."
"gyeonggi\yeoju-si\하거동\index.html","경기 여주시 하거동 장기렌트·자동차리스 가격비교 | 행복한렌트몰","경기 여주시 하거동 장기렌트와 자동차리스 이용조건을 행복한렌트몰에서 비교하고 차량별 견적과 지역별 상담 정보를 확인해보세요.","같은 차라도 조건은 다릅니다.비교하고 더 좋은 조건을 찾으세요."
"gyeonggi\yeoju-si\하동\index.html","경기 여주시 하동 장기렌트·자동차리스 가격비교 | 행복한렌트몰","경기 여주시 하동 장기렌트와 자동차리스 이용조건을 행복한렌트몰에서 비교하고 차량별 견적과 지역별 상담 정보를 확인해보세요.","같은 차라도 조건은 다릅니다.비교하고 더 좋은 조건을 찾으세요."
"gyeonggi\yeoju-si\현암동\index.html","경기 여주시 현암동 장기렌트·자동차리스 가격비교 | 행복한렌트몰","경기 여주시 현암동 장기렌트와 자동차리스 이용조건을 행복한렌트몰에서 비교하고 차량별 견적과 지역별 상담 정보를 확인해보세요.","같은 차라도 조건은 다릅니다.비교하고 더 좋은 조건을 찾으세요."
"gyeonggi\yeoju-si\홍문동\index.html","경기 여주시 홍문동 장기렌트·자동차리스 가격비교 | 행복한렌트몰","경기 여주시 홍문동 장기렌트와 자동차리스 이용조건을 행복한렌트몰에서 비교하고 차량별 견적과 지역별 상담 정보를 확인해보세요.","같은 차라도 조건은 다릅니다.비교하고 더 좋은 조건을 찾으세요."
"gyeonggi\yeoju-si\흥천면\index.html","경기 여주시 흥천면 장기렌트·자동차리스 가격비교 | 행복한렌트몰","경기 여주시 흥천면 장기렌트와 자동차리스 이용조건을 행복한렌트몰에서 비교하고 차량별 견적과 지역별 상담 정보를 확인해보세요.","같은 차라도 조건은 다릅니다.비교하고 더 좋은 조건을 찾으세요."
"gyeonggi\yeoncheon-gun\index.html","경기 연천군 장기렌트·자동차리스 가격비교 | 행복한렌트몰","경기 연천군 장기렌트와 자동차리스 조건을 행복한렌트몰에서 비교하고 지역별 상담 정보를 확인해보세요.","같은 차라도 조건은 다릅니다.비교하고 더 좋은 조건을 찾으세요."
"gyeonggi\yeoncheon-gun\군남면\index.html","경기 연천군 군남면 장기렌트·자동차리스 가격비교 | 행복한렌트몰","경기 연천군 군남면 장기렌트와 자동차리스 이용조건을 행복한렌트몰에서 비교하고 차량별 견적과 지역별 상담 정보를 확인해보세요.","같은 차라도 조건은 다릅니다.비교하고 더 좋은 조건을 찾으세요."
"gyeonggi\yeoncheon-gun\미산면\index.html","경기 연천군 미산면 장기렌트·자동차리스 가격비교 | 행복한렌트몰","경기 연천군 미산면 장기렌트와 자동차리스 이용조건을 행복한렌트몰에서 비교하고 차량별 견적과 지역별 상담 정보를 확인해보세요.","같은 차라도 조건은 다릅니다.비교하고 더 좋은 조건을 찾으세요."
"gyeonggi\yeoncheon-gun\백학면\index.html","경기 연천군 백학면 장기렌트·자동차리스 가격비교 | 행복한렌트몰","경기 연천군 백학면 장기렌트와 자동차리스 이용조건을 행복한렌트몰에서 비교하고 차량별 견적과 지역별 상담 정보를 확인해보세요.","같은 차라도 조건은 다릅니다.비교하고 더 좋은 조건을 찾으세요."
"gyeonggi\yeoncheon-gun\신서면\index.html","경기 연천군 신서면 장기렌트·자동차리스 가격비교 | 행복한렌트몰","경기 연천군 신서면 장기렌트와 자동차리스 이용조건을 행복한렌트몰에서 비교하고 차량별 견적과 지역별 상담 정보를 확인해보세요.","같은 차라도 조건은 다릅니다.비교하고 더 좋은 조건을 찾으세요."
"gyeonggi\yeoncheon-gun\연천읍\index.html","경기 연천군 연천읍 장기렌트·자동차리스 가격비교 | 행복한렌트몰","경기 연천군 연천읍 장기렌트와 자동차리스 이용조건을 행복한렌트몰에서 비교하고 차량별 견적과 지역별 상담 정보를 확인해보세요.","같은 차라도 조건은 다릅니다.비교하고 더 좋은 조건을 찾으세요."
"gyeonggi\yeoncheon-gun\왕징면\index.html","경기 연천군 왕징면 장기렌트·자동차리스 가격비교 | 행복한렌트몰","경기 연천군 왕징면 장기렌트와 자동차리스 이용조건을 행복한렌트몰에서 비교하고 차량별 견적과 지역별 상담 정보를 확인해보세요.","같은 차라도 조건은 다릅니다.비교하고 더 좋은 조건을 찾으세요."
"gyeonggi\yeoncheon-gun\장남면\index.html","경기 연천군 장남면 장기렌트·자동차리스 가격비교 | 행복한렌트몰","경기 연천군 장남면 장기렌트와 자동차리스 이용조건을 행복한렌트몰에서 비교하고 차량별 견적과 지역별 상담 정보를 확인해보세요.","같은 차라도 조건은 다릅니다.비교하고 더 좋은 조건을 찾으세요."
"gyeonggi\yeoncheon-gun\전곡읍\index.html","경기 연천군 전곡읍 장기렌트·자동차리스 가격비교 | 행복한렌트몰","경기 연천군 전곡읍 장기렌트와 자동차리스 이용조건을 행복한렌트몰에서 비교하고 차량별 견적과 지역별 상담 정보를 확인해보세요.","같은 차라도 조건은 다릅니다.비교하고 더 좋은 조건을 찾으세요."
"gyeonggi\yeoncheon-gun\중면\index.html","경기 연천군 중면 장기렌트·자동차리스 가격비교 | 행복한렌트몰","경기 연천군 중면 장기렌트와 자동차리스 이용조건을 행복한렌트몰에서 비교하고 차량별 견적과 지역별 상담 정보를 확인해보세요.","같은 차라도 조건은 다릅니다.비교하고 더 좋은 조건을 찾으세요."
"gyeonggi\yeoncheon-gun\청산면\index.html","경기 연천군 청산면 장기렌트·자동차리스 가격비교 | 행복한렌트몰","경기 연천군 청산면 장기렌트와 자동차리스 이용조건을 행복한렌트몰에서 비교하고 차량별 견적과 지역별 상담 정보를 확인해보세요.","같은 차라도 조건은 다릅니다.비교하고 더 좋은 조건을 찾으세요."
"gyeonggi\yongin-si\index.html","경기 용인시 장기렌트·자동차리스 가격비교 | 행복한렌트몰","경기 용인시 장기렌트와 자동차리스 조건을 행복한렌트몰에서 비교하고 지역별 상담 정보를 확인해보세요.","같은 차라도 조건은 다릅니다.비교하고 더 좋은 조건을 찾으세요."
"gyeonggi\yongin-si\기흥구\index.html","경기 용인시 기흥구 장기렌트·자동차리스 가격비교 | 행복한렌트몰","경기 용인시 기흥구 장기렌트와 자동차리스 이용조건을 행복한렌트몰에서 비교하고 차량별 견적과 지역별 상담 정보를 확인해보세요.","같은 차라도 조건은 다릅니다.비교하고 더 좋은 조건을 찾으세요."
"gyeonggi\yongin-si\기흥구\고매동\index.html","경기 용인시 기흥구 고매동 장기렌트·자동차리스 가격비교 | 행복한렌트몰","경기 용인시 기흥구 고매동 장기렌트와 자동차리스 이용조건을 행복한렌트몰에서 비교하고 차량별 견적과 지역별 상담 정보를 확인해보세요.","같은 차라도 조건은 다릅니다.비교하고 더 좋은 조건을 찾으세요."
"gyeonggi\yongin-si\기흥구\공세동\index.html","경기 용인시 기흥구 공세동 장기렌트·자동차리스 가격비교 | 행복한렌트몰","경기 용인시 기흥구 공세동 장기렌트와 자동차리스 이용조건을 행복한렌트몰에서 비교하고 차량별 견적과 지역별 상담 정보를 확인해보세요.","같은 차라도 조건은 다릅니다.비교하고 더 좋은 조건을 찾으세요."
"gyeonggi\yongin-si\기흥구\구갈동\index.html","경기 용인시 기흥구 구갈동 장기렌트·자동차리스 가격비교 | 행복한렌트몰","경기 용인시 기흥구 구갈동 장기렌트와 자동차리스 이용조건을 행복한렌트몰에서 비교하고 차량별 견적과 지역별 상담 정보를 확인해보세요.","같은 차라도 조건은 다릅니다.비교하고 더 좋은 조건을 찾으세요."
"gyeonggi\yongin-si\기흥구\농서동\index.html","경기 용인시 기흥구 농서동 장기렌트·자동차리스 가격비교 | 행복한렌트몰","경기 용인시 기흥구 농서동 장기렌트와 자동차리스 이용조건을 행복한렌트몰에서 비교하고 차량별 견적과 지역별 상담 정보를 확인해보세요.","같은 차라도 조건은 다릅니다.비교하고 더 좋은 조건을 찾으세요."
"gyeonggi\yongin-si\기흥구\동백동\index.html","경기 용인시 기흥구 동백동 장기렌트·자동차리스 가격비교 | 행복한렌트몰","경기 용인시 기흥구 동백동 장기렌트와 자동차리스 이용조건을 행복한렌트몰에서 비교하고 차량별 견적과 지역별 상담 정보를 확인해보세요.","같은 차라도 조건은 다릅니다.비교하고 더 좋은 조건을 찾으세요."
"gyeonggi\yongin-si\기흥구\마북동\index.html","경기 용인시 기흥구 마북동 장기렌트·자동차리스 가격비교 | 행복한렌트몰","경기 용인시 기흥구 마북동 장기렌트와 자동차리스 이용조건을 행복한렌트몰에서 비교하고 차량별 견적과 지역별 상담 정보를 확인해보세요.","같은 차라도 조건은 다릅니다.비교하고 더 좋은 조건을 찾으세요."
"gyeonggi\yongin-si\기흥구\보라동\index.html","경기 용인시 기흥구 보라동 장기렌트·자동차리스 가격비교 | 행복한렌트몰","경기 용인시 기흥구 보라동 장기렌트와 자동차리스 이용조건을 행복한렌트몰에서 비교하고 차량별 견적과 지역별 상담 정보를 확인해보세요.","같은 차라도 조건은 다릅니다.비교하고 더 좋은 조건을 찾으세요."
"gyeonggi\yongin-si\기흥구\보정동\index.html","경기 용인시 기흥구 보정동 장기렌트·자동차리스 가격비교 | 행복한렌트몰","경기 용인시 기흥구 보정동 장기렌트와 자동차리스 이용조건을 행복한렌트몰에서 비교하고 차량별 견적과 지역별 상담 정보를 확인해보세요.","같은 차라도 조건은 다릅니다.비교하고 더 좋은 조건을 찾으세요."
"gyeonggi\yongin-si\기흥구\상갈동\index.html","경기 용인시 기흥구 상갈동 장기렌트·자동차리스 가격비교 | 행복한렌트몰","경기 용인시 기흥구 상갈동 장기렌트와 자동차리스 이용조건을 행복한렌트몰에서 비교하고 차량별 견적과 지역별 상담 정보를 확인해보세요.","같은 차라도 조건은 다릅니다.비교하고 더 좋은 조건을 찾으세요."
"gyeonggi\yongin-si\기흥구\상하동\index.html","경기 용인시 기흥구 상하동 장기렌트·자동차리스 가격비교 | 행복한렌트몰","경기 용인시 기흥구 상하동 장기렌트와 자동차리스 이용조건을 행복한렌트몰에서 비교하고 차량별 견적과 지역별 상담 정보를 확인해보세요.","같은 차라도 조건은 다릅니다.비교하고 더 좋은 조건을 찾으세요."
"gyeonggi\yongin-si\기흥구\서천동\index.html","경기 용인시 기흥구 서천동 장기렌트·자동차리스 가격비교 | 행복한렌트몰","경기 용인시 기흥구 서천동 장기렌트와 자동차리스 이용조건을 행복한렌트몰에서 비교하고 차량별 견적과 지역별 상담 정보를 확인해보세요.","같은 차라도 조건은 다릅니다.비교하고 더 좋은 조건을 찾으세요."
"gyeonggi\yongin-si\기흥구\신갈동\index.html","경기 용인시 기흥구 신갈동 장기렌트·자동차리스 가격비교 | 행복한렌트몰","경기 용인시 기흥구 신갈동 장기렌트와 자동차리스 이용조건을 행복한렌트몰에서 비교하고 차량별 견적과 지역별 상담 정보를 확인해보세요.","같은 차라도 조건은 다릅니다.비교하고 더 좋은 조건을 찾으세요."
"gyeonggi\yongin-si\기흥구\언남동\index.html","경기 용인시 기흥구 언남동 장기렌트·자동차리스 가격비교 | 행복한렌트몰","경기 용인시 기흥구 언남동 장기렌트와 자동차리스 이용조건을 행복한렌트몰에서 비교하고 차량별 견적과 지역별 상담 정보를 확인해보세요.","같은 차라도 조건은 다릅니다.비교하고 더 좋은 조건을 찾으세요."
"gyeonggi\yongin-si\기흥구\영덕동\index.html","경기 용인시 기흥구 영덕동 장기렌트·자동차리스 가격비교 | 행복한렌트몰","경기 용인시 기흥구 영덕동 장기렌트와 자동차리스 이용조건을 행복한렌트몰에서 비교하고 차량별 견적과 지역별 상담 정보를 확인해보세요.","같은 차라도 조건은 다릅니다.비교하고 더 좋은 조건을 찾으세요."
"gyeonggi\yongin-si\기흥구\중동\index.html","경기 용인시 기흥구 중동 장기렌트·자동차리스 가격비교 | 행복한렌트몰","경기 용인시 기흥구 중동 장기렌트와 자동차리스 이용조건을 행복한렌트몰에서 비교하고 차량별 견적과 지역별 상담 정보를 확인해보세요.","같은 차라도 조건은 다릅니다.비교하고 더 좋은 조건을 찾으세요."
"gyeonggi\yongin-si\기흥구\지곡동\index.html","경기 용인시 기흥구 지곡동 장기렌트·자동차리스 가격비교 | 행복한렌트몰","경기 용인시 기흥구 지곡동 장기렌트와 자동차리스 이용조건을 행복한렌트몰에서 비교하고 차량별 견적과 지역별 상담 정보를 확인해보세요.","같은 차라도 조건은 다릅니다.비교하고 더 좋은 조건을 찾으세요."
"gyeonggi\yongin-si\기흥구\청덕동\index.html","경기 용인시 기흥구 청덕동 장기렌트·자동차리스 가격비교 | 행복한렌트몰","경기 용인시 기흥구 청덕동 장기렌트와 자동차리스 이용조건을 행복한렌트몰에서 비교하고 차량별 견적과 지역별 상담 정보를 확인해보세요.","같은 차라도 조건은 다릅니다.비교하고 더 좋은 조건을 찾으세요."
"gyeonggi\yongin-si\기흥구\하갈동\index.html","경기 용인시 기흥구 하갈동 장기렌트·자동차리스 가격비교 | 행복한렌트몰","경기 용인시 기흥구 하갈동 장기렌트와 자동차리스 이용조건을 행복한렌트몰에서 비교하고 차량별 견적과 지역별 상담 정보를 확인해보세요.","같은 차라도 조건은 다릅니다.비교하고 더 좋은 조건을 찾으세요."
"gyeonggi\yongin-si\수지구\index.html","경기 용인시 수지구 장기렌트·자동차리스 가격비교 | 행복한렌트몰","경기 용인시 수지구 장기렌트와 자동차리스 이용조건을 행복한렌트몰에서 비교하고 차량별 견적과 지역별 상담 정보를 확인해보세요.","같은 차라도 조건은 다릅니다.비교하고 더 좋은 조건을 찾으세요."
"gyeonggi\yongin-si\수지구\고기동\index.html","경기 용인시 수지구 고기동 장기렌트·자동차리스 가격비교 | 행복한렌트몰","경기 용인시 수지구 고기동 장기렌트와 자동차리스 이용조건을 행복한렌트몰에서 비교하고 차량별 견적과 지역별 상담 정보를 확인해보세요.","같은 차라도 조건은 다릅니다.비교하고 더 좋은 조건을 찾으세요."
"gyeonggi\yongin-si\수지구\동천동\index.html","경기 용인시 수지구 동천동 장기렌트·자동차리스 가격비교 | 행복한렌트몰","경기 용인시 수지구 동천동 장기렌트와 자동차리스 이용조건을 행복한렌트몰에서 비교하고 차량별 견적과 지역별 상담 정보를 확인해보세요.","같은 차라도 조건은 다릅니다.비교하고 더 좋은 조건을 찾으세요."
"gyeonggi\yongin-si\수지구\상현동\index.html","경기 용인시 수지구 상현동 장기렌트·자동차리스 가격비교 | 행복한렌트몰","경기 용인시 수지구 상현동 장기렌트와 자동차리스 이용조건을 행복한렌트몰에서 비교하고 차량별 견적과 지역별 상담 정보를 확인해보세요.","같은 차라도 조건은 다릅니다.비교하고 더 좋은 조건을 찾으세요."
"gyeonggi\yongin-si\수지구\성복동\index.html","경기 용인시 수지구 성복동 장기렌트·자동차리스 가격비교 | 행복한렌트몰","경기 용인시 수지구 성복동 장기렌트와 자동차리스 이용조건을 행복한렌트몰에서 비교하고 차량별 견적과 지역별 상담 정보를 확인해보세요.","같은 차라도 조건은 다릅니다.비교하고 더 좋은 조건을 찾으세요."
"gyeonggi\yongin-si\수지구\신봉동\index.html","경기 용인시 수지구 신봉동 장기렌트·자동차리스 가격비교 | 행복한렌트몰","경기 용인시 수지구 신봉동 장기렌트와 자동차리스 이용조건을 행복한렌트몰에서 비교하고 차량별 견적과 지역별 상담 정보를 확인해보세요.","같은 차라도 조건은 다릅니다.비교하고 더 좋은 조건을 찾으세요."
"gyeonggi\yongin-si\수지구\죽전동\index.html","경기 용인시 수지구 죽전동 장기렌트·자동차리스 가격비교 | 행복한렌트몰","경기 용인시 수지구 죽전동 장기렌트와 자동차리스 이용조건을 행복한렌트몰에서 비교하고 차량별 견적과 지역별 상담 정보를 확인해보세요.","같은 차라도 조건은 다릅니다.비교하고 더 좋은 조건을 찾으세요."
"gyeonggi\yongin-si\수지구\풍덕천동\index.html","경기 용인시 수지구 풍덕천동 장기렌트·자동차리스 가격비교 | 행복한렌트몰","경기 용인시 수지구 풍덕천동 장기렌트와 자동차리스 이용조건을 행복한렌트몰에서 비교하고 차량별 견적과 지역별 상담 정보를 확인해보세요.","같은 차라도 조건은 다릅니다.비교하고 더 좋은 조건을 찾으세요."
"gyeonggi\yongin-si\처인구\index.html","경기 용인시 처인구 장기렌트·자동차리스 가격비교 | 행복한렌트몰","경기 용인시 처인구 장기렌트와 자동차리스 이용조건을 행복한렌트몰에서 비교하고 차량별 견적과 지역별 상담 정보를 확인해보세요.","같은 차라도 조건은 다릅니다.비교하고 더 좋은 조건을 찾으세요."
"gyeonggi\yongin-si\처인구\고림동\index.html","경기 용인시 처인구 고림동 장기렌트·자동차리스 가격비교 | 행복한렌트몰","경기 용인시 처인구 고림동 장기렌트와 자동차리스 이용조건을 행복한렌트몰에서 비교하고 차량별 견적과 지역별 상담 정보를 확인해보세요.","같은 차라도 조건은 다릅니다.비교하고 더 좋은 조건을 찾으세요."
"gyeonggi\yongin-si\처인구\김량장동\index.html","경기 용인시 처인구 김량장동 장기렌트·자동차리스 가격비교 | 행복한렌트몰","경기 용인시 처인구 김량장동 장기렌트와 자동차리스 이용조건을 행복한렌트몰에서 비교하고 차량별 견적과 지역별 상담 정보를 확인해보세요.","같은 차라도 조건은 다릅니다.비교하고 더 좋은 조건을 찾으세요."
"gyeonggi\yongin-si\처인구\남동\index.html","경기 용인시 처인구 남동 장기렌트·자동차리스 가격비교 | 행복한렌트몰","경기 용인시 처인구 남동 장기렌트와 자동차리스 이용조건을 행복한렌트몰에서 비교하고 차량별 견적과 지역별 상담 정보를 확인해보세요.","같은 차라도 조건은 다릅니다.비교하고 더 좋은 조건을 찾으세요."
"gyeonggi\yongin-si\처인구\남사읍\index.html","경기 용인시 처인구 남사읍 장기렌트·자동차리스 가격비교 | 행복한렌트몰","경기 용인시 처인구 남사읍 장기렌트와 자동차리스 이용조건을 행복한렌트몰에서 비교하고 차량별 견적과 지역별 상담 정보를 확인해보세요.","같은 차라도 조건은 다릅니다.비교하고 더 좋은 조건을 찾으세요."
"gyeonggi\yongin-si\처인구\마평동\index.html","경기 용인시 처인구 마평동 장기렌트·자동차리스 가격비교 | 행복한렌트몰","경기 용인시 처인구 마평동 장기렌트와 자동차리스 이용조건을 행복한렌트몰에서 비교하고 차량별 견적과 지역별 상담 정보를 확인해보세요.","같은 차라도 조건은 다릅니다.비교하고 더 좋은 조건을 찾으세요."
"gyeonggi\yongin-si\처인구\모현읍\index.html","경기 용인시 처인구 모현읍 장기렌트·자동차리스 가격비교 | 행복한렌트몰","경기 용인시 처인구 모현읍 장기렌트와 자동차리스 이용조건을 행복한렌트몰에서 비교하고 차량별 견적과 지역별 상담 정보를 확인해보세요.","같은 차라도 조건은 다릅니다.비교하고 더 좋은 조건을 찾으세요."
"gyeonggi\yongin-si\처인구\백암면\index.html","경기 용인시 처인구 백암면 장기렌트·자동차리스 가격비교 | 행복한렌트몰","경기 용인시 처인구 백암면 장기렌트와 자동차리스 이용조건을 행복한렌트몰에서 비교하고 차량별 견적과 지역별 상담 정보를 확인해보세요.","같은 차라도 조건은 다릅니다.비교하고 더 좋은 조건을 찾으세요."
"gyeonggi\yongin-si\처인구\삼가동\index.html","경기 용인시 처인구 삼가동 장기렌트·자동차리스 가격비교 | 행복한렌트몰","경기 용인시 처인구 삼가동 장기렌트와 자동차리스 이용조건을 행복한렌트몰에서 비교하고 차량별 견적과 지역별 상담 정보를 확인해보세요.","같은 차라도 조건은 다릅니다.비교하고 더 좋은 조건을 찾으세요."
"gyeonggi\yongin-si\처인구\양지읍\index.html","경기 용인시 처인구 양지읍 장기렌트·자동차리스 가격비교 | 행복한렌트몰","경기 용인시 처인구 양지읍 장기렌트와 자동차리스 이용조건을 행복한렌트몰에서 비교하고 차량별 견적과 지역별 상담 정보를 확인해보세요.","같은 차라도 조건은 다릅니다.비교하고 더 좋은 조건을 찾으세요."
"gyeonggi\yongin-si\처인구\역북동\index.html","경기 용인시 처인구 역북동 장기렌트·자동차리스 가격비교 | 행복한렌트몰","경기 용인시 처인구 역북동 장기렌트와 자동차리스 이용조건을 행복한렌트몰에서 비교하고 차량별 견적과 지역별 상담 정보를 확인해보세요.","같은 차라도 조건은 다릅니다.비교하고 더 좋은 조건을 찾으세요."
"gyeonggi\yongin-si\처인구\운학동\index.html","경기 용인시 처인구 운학동 장기렌트·자동차리스 가격비교 | 행복한렌트몰","경기 용인시 처인구 운학동 장기렌트와 자동차리스 이용조건을 행복한렌트몰에서 비교하고 차량별 견적과 지역별 상담 정보를 확인해보세요.","같은 차라도 조건은 다릅니다.비교하고 더 좋은 조건을 찾으세요."
"gyeonggi\yongin-si\처인구\원삼면\index.html","경기 용인시 처인구 원삼면 장기렌트·자동차리스 가격비교 | 행복한렌트몰","경기 용인시 처인구 원삼면 장기렌트와 자동차리스 이용조건을 행복한렌트몰에서 비교하고 차량별 견적과 지역별 상담 정보를 확인해보세요.","같은 차라도 조건은 다릅니다.비교하고 더 좋은 조건을 찾으세요."
"gyeonggi\yongin-si\처인구\유방동\index.html","경기 용인시 처인구 유방동 장기렌트·자동차리스 가격비교 | 행복한렌트몰","경기 용인시 처인구 유방동 장기렌트와 자동차리스 이용조건을 행복한렌트몰에서 비교하고 차량별 견적과 지역별 상담 정보를 확인해보세요.","같은 차라도 조건은 다릅니다.비교하고 더 좋은 조건을 찾으세요."
"gyeonggi\yongin-si\처인구\이동읍\index.html","경기 용인시 처인구 이동읍 장기렌트·자동차리스 가격비교 | 행복한렌트몰","경기 용인시 처인구 이동읍 장기렌트와 자동차리스 이용조건을 행복한렌트몰에서 비교하고 차량별 견적과 지역별 상담 정보를 확인해보세요.","같은 차라도 조건은 다릅니다.비교하고 더 좋은 조건을 찾으세요."
"gyeonggi\yongin-si\처인구\포곡읍\index.html","경기 용인시 처인구 포곡읍 장기렌트·자동차리스 가격비교 | 행복한렌트몰","경기 용인시 처인구 포곡읍 장기렌트와 자동차리스 이용조건을 행복한렌트몰에서 비교하고 차량별 견적과 지역별 상담 정보를 확인해보세요.","같은 차라도 조건은 다릅니다.비교하고 더 좋은 조건을 찾으세요."
"gyeonggi\yongin-si\처인구\해곡동\index.html","경기 용인시 처인구 해곡동 장기렌트·자동차리스 가격비교 | 행복한렌트몰","경기 용인시 처인구 해곡동 장기렌트와 자동차리스 이용조건을 행복한렌트몰에서 비교하고 차량별 견적과 지역별 상담 정보를 확인해보세요.","같은 차라도 조건은 다릅니다.비교하고 더 좋은 조건을 찾으세요."
"gyeonggi\yongin-si\처인구\호동\index.html","경기 용인시 처인구 호동 장기렌트·자동차리스 가격비교 | 행복한렌트몰","경기 용인시 처인구 호동 장기렌트와 자동차리스 이용조건을 행복한렌트몰에서 비교하고 차량별 견적과 지역별 상담 정보를 확인해보세요.","같은 차라도 조건은 다릅니다.비교하고 더 좋은 조건을 찾으세요."
"gyeongnam\index.html","경남 장기렌트·자동차리스 가격비교 | 행복한렌트몰","경남 지역 장기렌트와 자동차리스 조건을 행복한렌트몰에서 비교하고 지역별 바로상담 정보를 확인해보세요.","같은 차라도 조건은 다릅니다.비교하고 더 좋은 조건을 찾으세요."
"gyeongnam\changnyeong-gun\index.html","경남 창녕군 장기렌트·자동차리스 가격비교 | 행복한렌트몰","경남 창녕군 장기렌트와 자동차리스 조건을 행복한렌트몰에서 비교하고 지역별 상담 정보를 확인해보세요.","같은 차라도 조건은 다릅니다.비교하고 더 좋은 조건을 찾으세요."
"gyeongnam\changnyeong-gun\계성면\index.html","경남 창녕군 계성면 장기렌트·자동차리스 가격비교 | 행복한렌트몰","경남 창녕군 계성면 장기렌트와 자동차리스 이용조건을 행복한렌트몰에서 비교하고 차량별 견적과 지역별 상담 정보를 확인해보세요.","같은 차라도 조건은 다릅니다.비교하고 더 좋은 조건을 찾으세요."
"gyeongnam\changnyeong-gun\고암면\index.html","경남 창녕군 고암면 장기렌트·자동차리스 가격비교 | 행복한렌트몰","경남 창녕군 고암면 장기렌트와 자동차리스 이용조건을 행복한렌트몰에서 비교하고 차량별 견적과 지역별 상담 정보를 확인해보세요.","같은 차라도 조건은 다릅니다.비교하고 더 좋은 조건을 찾으세요."
"gyeongnam\changnyeong-gun\길곡면\index.html","경남 창녕군 길곡면 장기렌트·자동차리스 가격비교 | 행복한렌트몰","경남 창녕군 길곡면 장기렌트와 자동차리스 이용조건을 행복한렌트몰에서 비교하고 차량별 견적과 지역별 상담 정보를 확인해보세요.","같은 차라도 조건은 다릅니다.비교하고 더 좋은 조건을 찾으세요."
"gyeongnam\changnyeong-gun\남지읍\index.html","경남 창녕군 남지읍 장기렌트·자동차리스 가격비교 | 행복한렌트몰","경남 창녕군 남지읍 장기렌트와 자동차리스 이용조건을 행복한렌트몰에서 비교하고 차량별 견적과 지역별 상담 정보를 확인해보세요.","같은 차라도 조건은 다릅니다.비교하고 더 좋은 조건을 찾으세요."
"gyeongnam\changnyeong-gun\대지면\index.html","경남 창녕군 대지면 장기렌트·자동차리스 가격비교 | 행복한렌트몰","경남 창녕군 대지면 장기렌트와 자동차리스 이용조건을 행복한렌트몰에서 비교하고 차량별 견적과 지역별 상담 정보를 확인해보세요.","같은 차라도 조건은 다릅니다.비교하고 더 좋은 조건을 찾으세요."
"gyeongnam\changnyeong-gun\대합면\index.html","경남 창녕군 대합면 장기렌트·자동차리스 가격비교 | 행복한렌트몰","경남 창녕군 대합면 장기렌트와 자동차리스 이용조건을 행복한렌트몰에서 비교하고 차량별 견적과 지역별 상담 정보를 확인해보세요.","같은 차라도 조건은 다릅니다.비교하고 더 좋은 조건을 찾으세요."
"gyeongnam\changnyeong-gun\도천면\index.html","경남 창녕군 도천면 장기렌트·자동차리스 가격비교 | 행복한렌트몰","경남 창녕군 도천면 장기렌트와 자동차리스 이용조건을 행복한렌트몰에서 비교하고 차량별 견적과 지역별 상담 정보를 확인해보세요.","같은 차라도 조건은 다릅니다.비교하고 더 좋은 조건을 찾으세요."
"gyeongnam\changnyeong-gun\부곡면\index.html","경남 창녕군 부곡면 장기렌트·자동차리스 가격비교 | 행복한렌트몰","경남 창녕군 부곡면 장기렌트와 자동차리스 이용조건을 행복한렌트몰에서 비교하고 차량별 견적과 지역별 상담 정보를 확인해보세요.","같은 차라도 조건은 다릅니다.비교하고 더 좋은 조건을 찾으세요."
"gyeongnam\changnyeong-gun\성산면\index.html","경남 창녕군 성산면 장기렌트·자동차리스 가격비교 | 행복한렌트몰","경남 창녕군 성산면 장기렌트와 자동차리스 이용조건을 행복한렌트몰에서 비교하고 차량별 견적과 지역별 상담 정보를 확인해보세요.","같은 차라도 조건은 다릅니다.비교하고 더 좋은 조건을 찾으세요."
"gyeongnam\changnyeong-gun\영산면\index.html","경남 창녕군 영산면 장기렌트·자동차리스 가격비교 | 행복한렌트몰","경남 창녕군 영산면 장기렌트와 자동차리스 이용조건을 행복한렌트몰에서 비교하고 차량별 견적과 지역별 상담 정보를 확인해보세요.","같은 차라도 조건은 다릅니다.비교하고 더 좋은 조건을 찾으세요."
"gyeongnam\changnyeong-gun\유어면\index.html","경남 창녕군 유어면 장기렌트·자동차리스 가격비교 | 행복한렌트몰","경남 창녕군 유어면 장기렌트와 자동차리스 이용조건을 행복한렌트몰에서 비교하고 차량별 견적과 지역별 상담 정보를 확인해보세요.","같은 차라도 조건은 다릅니다.비교하고 더 좋은 조건을 찾으세요."
"gyeongnam\changnyeong-gun\이방면\index.html","경남 창녕군 이방면 장기렌트·자동차리스 가격비교 | 행복한렌트몰","경남 창녕군 이방면 장기렌트와 자동차리스 이용조건을 행복한렌트몰에서 비교하고 차량별 견적과 지역별 상담 정보를 확인해보세요.","같은 차라도 조건은 다릅니다.비교하고 더 좋은 조건을 찾으세요."
"gyeongnam\changnyeong-gun\장마면\index.html","경남 창녕군 장마면 장기렌트·자동차리스 가격비교 | 행복한렌트몰","경남 창녕군 장마면 장기렌트와 자동차리스 이용조건을 행복한렌트몰에서 비교하고 차량별 견적과 지역별 상담 정보를 확인해보세요.","같은 차라도 조건은 다릅니다.비교하고 더 좋은 조건을 찾으세요."
"gyeongnam\changnyeong-gun\창녕읍\index.html","경남 창녕군 창녕읍 장기렌트·자동차리스 가격비교 | 행복한렌트몰","경남 창녕군 창녕읍 장기렌트와 자동차리스 이용조건을 행복한렌트몰에서 비교하고 차량별 견적과 지역별 상담 정보를 확인해보세요.","같은 차라도 조건은 다릅니다.비교하고 더 좋은 조건을 찾으세요."
"gyeongnam\changwon-si\index.html","경남 창원시 장기렌트·자동차리스 가격비교 | 행복한렌트몰","경남 창원시 장기렌트와 자동차리스 조건을 행복한렌트몰에서 비교하고 지역별 상담 정보를 확인해보세요.","같은 차라도 조건은 다릅니다.비교하고 더 좋은 조건을 찾으세요."
"gyeongnam\changwon-si\마산합포구\index.html","경남 창원시 마산합포구 장기렌트·자동차리스 가격비교 | 행복한렌트몰","경남 창원시 마산합포구 장기렌트와 자동차리스 이용조건을 행복한렌트몰에서 비교하고 차량별 견적과 지역별 상담 정보를 확인해보세요.","같은 차라도 조건은 다릅니다.비교하고 더 좋은 조건을 찾으세요."
"gyeongnam\changwon-si\마산합포구\가포동\index.html","경남 창원시 마산합포구 가포동 장기렌트·자동차리스 가격비교 | 행복한렌트몰","경남 창원시 마산합포구 가포동 장기렌트와 자동차리스 이용조건을 행복한렌트몰에서 비교하고 차량별 견적과 지역별 상담 정보를 확인해보세요.","같은 차라도 조건은 다릅니다.비교하고 더 좋은 조건을 찾으세요."
"gyeongnam\changwon-si\마산합포구\교방동\index.html","경남 창원시 마산합포구 교방동 장기렌트·자동차리스 가격비교 | 행복한렌트몰","경남 창원시 마산합포구 교방동 장기렌트와 자동차리스 이용조건을 행복한렌트몰에서 비교하고 차량별 견적과 지역별 상담 정보를 확인해보세요.","같은 차라도 조건은 다릅니다.비교하고 더 좋은 조건을 찾으세요."
"gyeongnam\changwon-si\마산합포구\교원동\index.html","경남 창원시 마산합포구 교원동 장기렌트·자동차리스 가격비교 | 행복한렌트몰","경남 창원시 마산합포구 교원동 장기렌트와 자동차리스 이용조건을 행복한렌트몰에서 비교하고 차량별 견적과 지역별 상담 정보를 확인해보세요.","같은 차라도 조건은 다릅니다.비교하고 더 좋은 조건을 찾으세요."
"gyeongnam\changwon-si\마산합포구\구산면\index.html","경남 창원시 마산합포구 구산면 장기렌트·자동차리스 가격비교 | 행복한렌트몰","경남 창원시 마산합포구 구산면 장기렌트와 자동차리스 이용조건을 행복한렌트몰에서 비교하고 차량별 견적과 지역별 상담 정보를 확인해보세요.","같은 차라도 조건은 다릅니다.비교하고 더 좋은 조건을 찾으세요."
"gyeongnam\changwon-si\마산합포구\남성동\index.html","경남 창원시 마산합포구 남성동 장기렌트·자동차리스 가격비교 | 행복한렌트몰","경남 창원시 마산합포구 남성동 장기렌트와 자동차리스 이용조건을 행복한렌트몰에서 비교하고 차량별 견적과 지역별 상담 정보를 확인해보세요.","같은 차라도 조건은 다릅니다.비교하고 더 좋은 조건을 찾으세요."
"gyeongnam\changwon-si\마산합포구\대내동\index.html","경남 창원시 마산합포구 대내동 장기렌트·자동차리스 가격비교 | 행복한렌트몰","경남 창원시 마산합포구 대내동 장기렌트와 자동차리스 이용조건을 행복한렌트몰에서 비교하고 차량별 견적과 지역별 상담 정보를 확인해보세요.","같은 차라도 조건은 다릅니다.비교하고 더 좋은 조건을 찾으세요."
"gyeongnam\changwon-si\마산합포구\대외동\index.html","경남 창원시 마산합포구 대외동 장기렌트·자동차리스 가격비교 | 행복한렌트몰","경남 창원시 마산합포구 대외동 장기렌트와 자동차리스 이용조건을 행복한렌트몰에서 비교하고 차량별 견적과 지역별 상담 정보를 확인해보세요.","같은 차라도 조건은 다릅니다.비교하고 더 좋은 조건을 찾으세요."
"gyeongnam\changwon-si\마산합포구\대창동\index.html","경남 창원시 마산합포구 대창동 장기렌트·자동차리스 가격비교 | 행복한렌트몰","경남 창원시 마산합포구 대창동 장기렌트와 자동차리스 이용조건을 행복한렌트몰에서 비교하고 차량별 견적과 지역별 상담 정보를 확인해보세요.","같은 차라도 조건은 다릅니다.비교하고 더 좋은 조건을 찾으세요."
"gyeongnam\changwon-si\마산합포구\덕동동\index.html","경남 창원시 마산합포구 덕동동 장기렌트·자동차리스 가격비교 | 행복한렌트몰","경남 창원시 마산합포구 덕동동 장기렌트와 자동차리스 이용조건을 행복한렌트몰에서 비교하고 차량별 견적과 지역별 상담 정보를 확인해보세요.","같은 차라도 조건은 다릅니다.비교하고 더 좋은 조건을 찾으세요."
"gyeongnam\changwon-si\마산합포구\동성동\index.html","경남 창원시 마산합포구 동성동 장기렌트·자동차리스 가격비교 | 행복한렌트몰","경남 창원시 마산합포구 동성동 장기렌트와 자동차리스 이용조건을 행복한렌트몰에서 비교하고 차량별 견적과 지역별 상담 정보를 확인해보세요.","같은 차라도 조건은 다릅니다.비교하고 더 좋은 조건을 찾으세요."
"gyeongnam\changwon-si\마산합포구\문화동\index.html","경남 창원시 마산합포구 문화동 장기렌트·자동차리스 가격비교 | 행복한렌트몰","경남 창원시 마산합포구 문화동 장기렌트와 자동차리스 이용조건을 행복한렌트몰에서 비교하고 차량별 견적과 지역별 상담 정보를 확인해보세요.","같은 차라도 조건은 다릅니다.비교하고 더 좋은 조건을 찾으세요."
"gyeongnam\changwon-si\마산합포구\반월동\index.html","경남 창원시 마산합포구 반월동 장기렌트·자동차리스 가격비교 | 행복한렌트몰","경남 창원시 마산합포구 반월동 장기렌트와 자동차리스 이용조건을 행복한렌트몰에서 비교하고 차량별 견적과 지역별 상담 정보를 확인해보세요.","같은 차라도 조건은 다릅니다.비교하고 더 좋은 조건을 찾으세요."
"gyeongnam\changwon-si\마산합포구\부림동\index.html","경남 창원시 마산합포구 부림동 장기렌트·자동차리스 가격비교 | 행복한렌트몰","경남 창원시 마산합포구 부림동 장기렌트와 자동차리스 이용조건을 행복한렌트몰에서 비교하고 차량별 견적과 지역별 상담 정보를 확인해보세요.","같은 차라도 조건은 다릅니다.비교하고 더 좋은 조건을 찾으세요."
"gyeongnam\changwon-si\마산합포구\산호동\index.html","경남 창원시 마산합포구 산호동 장기렌트·자동차리스 가격비교 | 행복한렌트몰","경남 창원시 마산합포구 산호동 장기렌트와 자동차리스 이용조건을 행복한렌트몰에서 비교하고 차량별 견적과 지역별 상담 정보를 확인해보세요.","같은 차라도 조건은 다릅니다.비교하고 더 좋은 조건을 찾으세요."
"gyeongnam\changwon-si\마산합포구\상남동\index.html","경남 창원시 마산합포구 상남동 장기렌트·자동차리스 가격비교 | 행복한렌트몰","경남 창원시 마산합포구 상남동 장기렌트와 자동차리스 이용조건을 행복한렌트몰에서 비교하고 차량별 견적과 지역별 상담 정보를 확인해보세요.","같은 차라도 조건은 다릅니다.비교하고 더 좋은 조건을 찾으세요."
"gyeongnam\changwon-si\마산합포구\서성동\index.html","경남 창원시 마산합포구 서성동 장기렌트·자동차리스 가격비교 | 행복한렌트몰","경남 창원시 마산합포구 서성동 장기렌트와 자동차리스 이용조건을 행복한렌트몰에서 비교하고 차량별 견적과 지역별 상담 정보를 확인해보세요.","같은 차라도 조건은 다릅니다.비교하고 더 좋은 조건을 찾으세요."
"gyeongnam\changwon-si\마산합포구\성호동\index.html","경남 창원시 마산합포구 성호동 장기렌트·자동차리스 가격비교 | 행복한렌트몰","경남 창원시 마산합포구 성호동 장기렌트와 자동차리스 이용조건을 행복한렌트몰에서 비교하고 차량별 견적과 지역별 상담 정보를 확인해보세요.","같은 차라도 조건은 다릅니다.비교하고 더 좋은 조건을 찾으세요."
"gyeongnam\changwon-si\마산합포구\수성동\index.html","경남 창원시 마산합포구 수성동 장기렌트·자동차리스 가격비교 | 행복한렌트몰","경남 창원시 마산합포구 수성동 장기렌트와 자동차리스 이용조건을 행복한렌트몰에서 비교하고 차량별 견적과 지역별 상담 정보를 확인해보세요.","같은 차라도 조건은 다릅니다.비교하고 더 좋은 조건을 찾으세요."
"gyeongnam\changwon-si\마산합포구\신월동\index.html","경남 창원시 마산합포구 신월동 장기렌트·자동차리스 가격비교 | 행복한렌트몰","경남 창원시 마산합포구 신월동 장기렌트와 자동차리스 이용조건을 행복한렌트몰에서 비교하고 차량별 견적과 지역별 상담 정보를 확인해보세요.","같은 차라도 조건은 다릅니다.비교하고 더 좋은 조건을 찾으세요."
"gyeongnam\changwon-si\마산합포구\신창동\index.html","경남 창원시 마산합포구 신창동 장기렌트·자동차리스 가격비교 | 행복한렌트몰","경남 창원시 마산합포구 신창동 장기렌트와 자동차리스 이용조건을 행복한렌트몰에서 비교하고 차량별 견적과 지역별 상담 정보를 확인해보세요.","같은 차라도 조건은 다릅니다.비교하고 더 좋은 조건을 찾으세요."
"gyeongnam\changwon-si\마산합포구\신흥동\index.html","경남 창원시 마산합포구 신흥동 장기렌트·자동차리스 가격비교 | 행복한렌트몰","경남 창원시 마산합포구 신흥동 장기렌트와 자동차리스 이용조건을 행복한렌트몰에서 비교하고 차량별 견적과 지역별 상담 정보를 확인해보세요.","같은 차라도 조건은 다릅니다.비교하고 더 좋은 조건을 찾으세요."
"gyeongnam\changwon-si\마산합포구\예곡동\index.html","경남 창원시 마산합포구 예곡동 장기렌트·자동차리스 가격비교 | 행복한렌트몰","경남 창원시 마산합포구 예곡동 장기렌트와 자동차리스 이용조건을 행복한렌트몰에서 비교하고 차량별 견적과 지역별 상담 정보를 확인해보세요.","같은 차라도 조건은 다릅니다.비교하고 더 좋은 조건을 찾으세요."
"gyeongnam\changwon-si\마산합포구\오동동\index.html","경남 창원시 마산합포구 오동동 장기렌트·자동차리스 가격비교 | 행복한렌트몰","경남 창원시 마산합포구 오동동 장기렌트와 자동차리스 이용조건을 행복한렌트몰에서 비교하고 차량별 견적과 지역별 상담 정보를 확인해보세요.","같은 차라도 조건은 다릅니다.비교하고 더 좋은 조건을 찾으세요."
"gyeongnam\changwon-si\마산합포구\완월동\index.html","경남 창원시 마산합포구 완월동 장기렌트·자동차리스 가격비교 | 행복한렌트몰","경남 창원시 마산합포구 완월동 장기렌트와 자동차리스 이용조건을 행복한렌트몰에서 비교하고 차량별 견적과 지역별 상담 정보를 확인해보세요.","같은 차라도 조건은 다릅니다.비교하고 더 좋은 조건을 찾으세요."
"gyeongnam\changwon-si\마산합포구\우산동\index.html","경남 창원시 마산합포구 우산동 장기렌트·자동차리스 가격비교 | 행복한렌트몰","경남 창원시 마산합포구 우산동 장기렌트와 자동차리스 이용조건을 행복한렌트몰에서 비교하고 차량별 견적과 지역별 상담 정보를 확인해보세요.","같은 차라도 조건은 다릅니다.비교하고 더 좋은 조건을 찾으세요."
"gyeongnam\changwon-si\마산합포구\월영동\index.html","경남 창원시 마산합포구 월영동 장기렌트·자동차리스 가격비교 | 행복한렌트몰","경남 창원시 마산합포구 월영동 장기렌트와 자동차리스 이용조건을 행복한렌트몰에서 비교하고 차량별 견적과 지역별 상담 정보를 확인해보세요.","같은 차라도 조건은 다릅니다.비교하고 더 좋은 조건을 찾으세요."
"gyeongnam\changwon-si\마산합포구\월포동\index.html","경남 창원시 마산합포구 월포동 장기렌트·자동차리스 가격비교 | 행복한렌트몰","경남 창원시 마산합포구 월포동 장기렌트와 자동차리스 이용조건을 행복한렌트몰에서 비교하고 차량별 견적과 지역별 상담 정보를 확인해보세요.","같은 차라도 조건은 다릅니다.비교하고 더 좋은 조건을 찾으세요."
"gyeongnam\changwon-si\마산합포구\유록동\index.html","경남 창원시 마산합포구 유록동 장기렌트·자동차리스 가격비교 | 행복한렌트몰","경남 창원시 마산합포구 유록동 장기렌트와 자동차리스 이용조건을 행복한렌트몰에서 비교하고 차량별 견적과 지역별 상담 정보를 확인해보세요.","같은 차라도 조건은 다릅니다.비교하고 더 좋은 조건을 찾으세요."
"gyeongnam\changwon-si\마산합포구\자산동\index.html","경남 창원시 마산합포구 자산동 장기렌트·자동차리스 가격비교 | 행복한렌트몰","경남 창원시 마산합포구 자산동 장기렌트와 자동차리스 이용조건을 행복한렌트몰에서 비교하고 차량별 견적과 지역별 상담 정보를 확인해보세요.","같은 차라도 조건은 다릅니다.비교하고 더 좋은 조건을 찾으세요."
"gyeongnam\changwon-si\마산합포구\중성동\index.html","경남 창원시 마산합포구 중성동 장기렌트·자동차리스 가격비교 | 행복한렌트몰","경남 창원시 마산합포구 중성동 장기렌트와 자동차리스 이용조건을 행복한렌트몰에서 비교하고 차량별 견적과 지역별 상담 정보를 확인해보세요.","같은 차라도 조건은 다릅니다.비교하고 더 좋은 조건을 찾으세요."
"gyeongnam\changwon-si\마산합포구\진동면\index.html","경남 창원시 마산합포구 진동면 장기렌트·자동차리스 가격비교 | 행복한렌트몰","경남 창원시 마산합포구 진동면 장기렌트와 자동차리스 이용조건을 행복한렌트몰에서 비교하고 차량별 견적과 지역별 상담 정보를 확인해보세요.","같은 차라도 조건은 다릅니다.비교하고 더 좋은 조건을 찾으세요."
"gyeongnam\changwon-si\마산합포구\진북면\index.html","경남 창원시 마산합포구 진북면 장기렌트·자동차리스 가격비교 | 행복한렌트몰","경남 창원시 마산합포구 진북면 장기렌트와 자동차리스 이용조건을 행복한렌트몰에서 비교하고 차량별 견적과 지역별 상담 정보를 확인해보세요.","같은 차라도 조건은 다릅니다.비교하고 더 좋은 조건을 찾으세요."
"gyeongnam\changwon-si\마산합포구\진전면\index.html","경남 창원시 마산합포구 진전면 장기렌트·자동차리스 가격비교 | 행복한렌트몰","경남 창원시 마산합포구 진전면 장기렌트와 자동차리스 이용조건을 행복한렌트몰에서 비교하고 차량별 견적과 지역별 상담 정보를 확인해보세요.","같은 차라도 조건은 다릅니다.비교하고 더 좋은 조건을 찾으세요."
"gyeongnam\changwon-si\마산합포구\창동\index.html","경남 창원시 마산합포구 창동 장기렌트·자동차리스 가격비교 | 행복한렌트몰","경남 창원시 마산합포구 창동 장기렌트와 자동차리스 이용조건을 행복한렌트몰에서 비교하고 차량별 견적과 지역별 상담 정보를 확인해보세요.","같은 차라도 조건은 다릅니다.비교하고 더 좋은 조건을 찾으세요."
"gyeongnam\changwon-si\마산합포구\청계동\index.html","경남 창원시 마산합포구 청계동 장기렌트·자동차리스 가격비교 | 행복한렌트몰","경남 창원시 마산합포구 청계동 장기렌트와 자동차리스 이용조건을 행복한렌트몰에서 비교하고 차량별 견적과 지역별 상담 정보를 확인해보세요.","같은 차라도 조건은 다릅니다.비교하고 더 좋은 조건을 찾으세요."
"gyeongnam\changwon-si\마산합포구\추산동\index.html","경남 창원시 마산합포구 추산동 장기렌트·자동차리스 가격비교 | 행복한렌트몰","경남 창원시 마산합포구 추산동 장기렌트와 자동차리스 이용조건을 행복한렌트몰에서 비교하고 차량별 견적과 지역별 상담 정보를 확인해보세요.","같은 차라도 조건은 다릅니다.비교하고 더 좋은 조건을 찾으세요."
"gyeongnam\changwon-si\마산합포구\평화동\index.html","경남 창원시 마산합포구 평화동 장기렌트·자동차리스 가격비교 | 행복한렌트몰","경남 창원시 마산합포구 평화동 장기렌트와 자동차리스 이용조건을 행복한렌트몰에서 비교하고 차량별 견적과 지역별 상담 정보를 확인해보세요.","같은 차라도 조건은 다릅니다.비교하고 더 좋은 조건을 찾으세요."
"gyeongnam\changwon-si\마산합포구\해운동\index.html","경남 창원시 마산합포구 해운동 장기렌트·자동차리스 가격비교 | 행복한렌트몰","경남 창원시 마산합포구 해운동 장기렌트와 자동차리스 이용조건을 행복한렌트몰에서 비교하고 차량별 견적과 지역별 상담 정보를 확인해보세요.","같은 차라도 조건은 다릅니다.비교하고 더 좋은 조건을 찾으세요."
"gyeongnam\changwon-si\마산합포구\현동\index.html","경남 창원시 마산합포구 현동 장기렌트·자동차리스 가격비교 | 행복한렌트몰","경남 창원시 마산합포구 현동 장기렌트와 자동차리스 이용조건을 행복한렌트몰에서 비교하고 차량별 견적과 지역별 상담 정보를 확인해보세요.","같은 차라도 조건은 다릅니다.비교하고 더 좋은 조건을 찾으세요."
"gyeongnam\changwon-si\마산합포구\홍문동\index.html","경남 창원시 마산합포구 홍문동 장기렌트·자동차리스 가격비교 | 행복한렌트몰","경남 창원시 마산합포구 홍문동 장기렌트와 자동차리스 이용조건을 행복한렌트몰에서 비교하고 차량별 견적과 지역별 상담 정보를 확인해보세요.","같은 차라도 조건은 다릅니다.비교하고 더 좋은 조건을 찾으세요."
"gyeongnam\changwon-si\마산합포구\화영동\index.html","경남 창원시 마산합포구 화영동 장기렌트·자동차리스 가격비교 | 행복한렌트몰","경남 창원시 마산합포구 화영동 장기렌트와 자동차리스 이용조건을 행복한렌트몰에서 비교하고 차량별 견적과 지역별 상담 정보를 확인해보세요.","같은 차라도 조건은 다릅니다.비교하고 더 좋은 조건을 찾으세요."
"gyeongnam\changwon-si\마산회원구\index.html","경남 창원시 마산회원구 장기렌트·자동차리스 가격비교 | 행복한렌트몰","경남 창원시 마산회원구 장기렌트와 자동차리스 이용조건을 행복한렌트몰에서 비교하고 차량별 견적과 지역별 상담 정보를 확인해보세요.","같은 차라도 조건은 다릅니다.비교하고 더 좋은 조건을 찾으세요."
"gyeongnam\changwon-si\마산회원구\구암동\index.html","경남 창원시 마산회원구 구암동 장기렌트·자동차리스 가격비교 | 행복한렌트몰","경남 창원시 마산회원구 구암동 장기렌트와 자동차리스 이용조건을 행복한렌트몰에서 비교하고 차량별 견적과 지역별 상담 정보를 확인해보세요.","같은 차라도 조건은 다릅니다.비교하고 더 좋은 조건을 찾으세요."
"gyeongnam\changwon-si\마산회원구\내서읍\index.html","경남 창원시 마산회원구 내서읍 장기렌트·자동차리스 가격비교 | 행복한렌트몰","경남 창원시 마산회원구 내서읍 장기렌트와 자동차리스 이용조건을 행복한렌트몰에서 비교하고 차량별 견적과 지역별 상담 정보를 확인해보세요.","같은 차라도 조건은 다릅니다.비교하고 더 좋은 조건을 찾으세요."
"gyeongnam\changwon-si\마산회원구\두척동\index.html","경남 창원시 마산회원구 두척동 장기렌트·자동차리스 가격비교 | 행복한렌트몰","경남 창원시 마산회원구 두척동 장기렌트와 자동차리스 이용조건을 행복한렌트몰에서 비교하고 차량별 견적과 지역별 상담 정보를 확인해보세요.","같은 차라도 조건은 다릅니다.비교하고 더 좋은 조건을 찾으세요."
"gyeongnam\changwon-si\마산회원구\봉암동\index.html","경남 창원시 마산회원구 봉암동 장기렌트·자동차리스 가격비교 | 행복한렌트몰","경남 창원시 마산회원구 봉암동 장기렌트와 자동차리스 이용조건을 행복한렌트몰에서 비교하고 차량별 견적과 지역별 상담 정보를 확인해보세요.","같은 차라도 조건은 다릅니다.비교하고 더 좋은 조건을 찾으세요."
"gyeongnam\changwon-si\마산회원구\석전동\index.html","경남 창원시 마산회원구 석전동 장기렌트·자동차리스 가격비교 | 행복한렌트몰","경남 창원시 마산회원구 석전동 장기렌트와 자동차리스 이용조건을 행복한렌트몰에서 비교하고 차량별 견적과 지역별 상담 정보를 확인해보세요.","같은 차라도 조건은 다릅니다.비교하고 더 좋은 조건을 찾으세요."
"gyeongnam\changwon-si\마산회원구\양덕동\index.html","경남 창원시 마산회원구 양덕동 장기렌트·자동차리스 가격비교 | 행복한렌트몰","경남 창원시 마산회원구 양덕동 장기렌트와 자동차리스 이용조건을 행복한렌트몰에서 비교하고 차량별 견적과 지역별 상담 정보를 확인해보세요.","같은 차라도 조건은 다릅니다.비교하고 더 좋은 조건을 찾으세요."
"gyeongnam\changwon-si\마산회원구\합성동\index.html","경남 창원시 마산회원구 합성동 장기렌트·자동차리스 가격비교 | 행복한렌트몰","경남 창원시 마산회원구 합성동 장기렌트와 자동차리스 이용조건을 행복한렌트몰에서 비교하고 차량별 견적과 지역별 상담 정보를 확인해보세요.","같은 차라도 조건은 다릅니다.비교하고 더 좋은 조건을 찾으세요."
"gyeongnam\changwon-si\마산회원구\회성동\index.html","경남 창원시 마산회원구 회성동 장기렌트·자동차리스 가격비교 | 행복한렌트몰","경남 창원시 마산회원구 회성동 장기렌트와 자동차리스 이용조건을 행복한렌트몰에서 비교하고 차량별 견적과 지역별 상담 정보를 확인해보세요.","같은 차라도 조건은 다릅니다.비교하고 더 좋은 조건을 찾으세요."
"gyeongnam\changwon-si\마산회원구\회원동\index.html","경남 창원시 마산회원구 회원동 장기렌트·자동차리스 가격비교 | 행복한렌트몰","경남 창원시 마산회원구 회원동 장기렌트와 자동차리스 이용조건을 행복한렌트몰에서 비교하고 차량별 견적과 지역별 상담 정보를 확인해보세요.","같은 차라도 조건은 다릅니다.비교하고 더 좋은 조건을 찾으세요."
"gyeongnam\changwon-si\성산구\index.html","경남 창원시 성산구 장기렌트·자동차리스 가격비교 | 행복한렌트몰","경남 창원시 성산구 장기렌트와 자동차리스 이용조건을 행복한렌트몰에서 비교하고 차량별 견적과 지역별 상담 정보를 확인해보세요.","같은 차라도 조건은 다릅니다.비교하고 더 좋은 조건을 찾으세요."
"gyeongnam\changwon-si\성산구\가음동\index.html","경남 창원시 성산구 가음동 장기렌트·자동차리스 가격비교 | 행복한렌트몰","경남 창원시 성산구 가음동 장기렌트와 자동차리스 이용조건을 행복한렌트몰에서 비교하고 차량별 견적과 지역별 상담 정보를 확인해보세요.","같은 차라도 조건은 다릅니다.비교하고 더 좋은 조건을 찾으세요."
"gyeongnam\changwon-si\성산구\가음정동\index.html","경남 창원시 성산구 가음정동 장기렌트·자동차리스 가격비교 | 행복한렌트몰","경남 창원시 성산구 가음정동 장기렌트와 자동차리스 이용조건을 행복한렌트몰에서 비교하고 차량별 견적과 지역별 상담 정보를 확인해보세요.","같은 차라도 조건은 다릅니다.비교하고 더 좋은 조건을 찾으세요."
"gyeongnam\changwon-si\성산구\귀곡동\index.html","경남 창원시 성산구 귀곡동 장기렌트·자동차리스 가격비교 | 행복한렌트몰","경남 창원시 성산구 귀곡동 장기렌트와 자동차리스 이용조건을 행복한렌트몰에서 비교하고 차량별 견적과 지역별 상담 정보를 확인해보세요.","같은 차라도 조건은 다릅니다.비교하고 더 좋은 조건을 찾으세요."
"gyeongnam\changwon-si\성산구\귀산동\index.html","경남 창원시 성산구 귀산동 장기렌트·자동차리스 가격비교 | 행복한렌트몰","경남 창원시 성산구 귀산동 장기렌트와 자동차리스 이용조건을 행복한렌트몰에서 비교하고 차량별 견적과 지역별 상담 정보를 확인해보세요.","같은 차라도 조건은 다릅니다.비교하고 더 좋은 조건을 찾으세요."
"gyeongnam\changwon-si\성산구\귀현동\index.html","경남 창원시 성산구 귀현동 장기렌트·자동차리스 가격비교 | 행복한렌트몰","경남 창원시 성산구 귀현동 장기렌트와 자동차리스 이용조건을 행복한렌트몰에서 비교하고 차량별 견적과 지역별 상담 정보를 확인해보세요.","같은 차라도 조건은 다릅니다.비교하고 더 좋은 조건을 찾으세요."
"gyeongnam\changwon-si\성산구\남산동\index.html","경남 창원시 성산구 남산동 장기렌트·자동차리스 가격비교 | 행복한렌트몰","경남 창원시 성산구 남산동 장기렌트와 자동차리스 이용조건을 행복한렌트몰에서 비교하고 차량별 견적과 지역별 상담 정보를 확인해보세요.","같은 차라도 조건은 다릅니다.비교하고 더 좋은 조건을 찾으세요."
"gyeongnam\changwon-si\성산구\남양동\index.html","경남 창원시 성산구 남양동 장기렌트·자동차리스 가격비교 | 행복한렌트몰","경남 창원시 성산구 남양동 장기렌트와 자동차리스 이용조건을 행복한렌트몰에서 비교하고 차량별 견적과 지역별 상담 정보를 확인해보세요.","같은 차라도 조건은 다릅니다.비교하고 더 좋은 조건을 찾으세요."
"gyeongnam\changwon-si\성산구\남지동\index.html","경남 창원시 성산구 남지동 장기렌트·자동차리스 가격비교 | 행복한렌트몰","경남 창원시 성산구 남지동 장기렌트와 자동차리스 이용조건을 행복한렌트몰에서 비교하고 차량별 견적과 지역별 상담 정보를 확인해보세요.","같은 차라도 조건은 다릅니다.비교하고 더 좋은 조건을 찾으세요."
"gyeongnam\changwon-si\성산구\내동\index.html","경남 창원시 성산구 내동 장기렌트·자동차리스 가격비교 | 행복한렌트몰","경남 창원시 성산구 내동 장기렌트와 자동차리스 이용조건을 행복한렌트몰에서 비교하고 차량별 견적과 지역별 상담 정보를 확인해보세요.","같은 차라도 조건은 다릅니다.비교하고 더 좋은 조건을 찾으세요."
"gyeongnam\changwon-si\성산구\대방동\index.html","경남 창원시 성산구 대방동 장기렌트·자동차리스 가격비교 | 행복한렌트몰","경남 창원시 성산구 대방동 장기렌트와 자동차리스 이용조건을 행복한렌트몰에서 비교하고 차량별 견적과 지역별 상담 정보를 확인해보세요.","같은 차라도 조건은 다릅니다.비교하고 더 좋은 조건을 찾으세요."
"gyeongnam\changwon-si\성산구\대원동\index.html","경남 창원시 성산구 대원동 장기렌트·자동차리스 가격비교 | 행복한렌트몰","경남 창원시 성산구 대원동 장기렌트와 자동차리스 이용조건을 행복한렌트몰에서 비교하고 차량별 견적과 지역별 상담 정보를 확인해보세요.","같은 차라도 조건은 다릅니다.비교하고 더 좋은 조건을 찾으세요."
"gyeongnam\changwon-si\성산구\덕정동\index.html","경남 창원시 성산구 덕정동 장기렌트·자동차리스 가격비교 | 행복한렌트몰","경남 창원시 성산구 덕정동 장기렌트와 자동차리스 이용조건을 행복한렌트몰에서 비교하고 차량별 견적과 지역별 상담 정보를 확인해보세요.","같은 차라도 조건은 다릅니다.비교하고 더 좋은 조건을 찾으세요."
"gyeongnam\changwon-si\성산구\두대동\index.html","경남 창원시 성산구 두대동 장기렌트·자동차리스 가격비교 | 행복한렌트몰","경남 창원시 성산구 두대동 장기렌트와 자동차리스 이용조건을 행복한렌트몰에서 비교하고 차량별 견적과 지역별 상담 정보를 확인해보세요.","같은 차라도 조건은 다릅니다.비교하고 더 좋은 조건을 찾으세요."
"gyeongnam\changwon-si\성산구\반림동\index.html","경남 창원시 성산구 반림동 장기렌트·자동차리스 가격비교 | 행복한렌트몰","경남 창원시 성산구 반림동 장기렌트와 자동차리스 이용조건을 행복한렌트몰에서 비교하고 차량별 견적과 지역별 상담 정보를 확인해보세요.","같은 차라도 조건은 다릅니다.비교하고 더 좋은 조건을 찾으세요."
"gyeongnam\changwon-si\성산구\반송동\index.html","경남 창원시 성산구 반송동 장기렌트·자동차리스 가격비교 | 행복한렌트몰","경남 창원시 성산구 반송동 장기렌트와 자동차리스 이용조건을 행복한렌트몰에서 비교하고 차량별 견적과 지역별 상담 정보를 확인해보세요.","같은 차라도 조건은 다릅니다.비교하고 더 좋은 조건을 찾으세요."
"gyeongnam\changwon-si\성산구\반지동\index.html","경남 창원시 성산구 반지동 장기렌트·자동차리스 가격비교 | 행복한렌트몰","경남 창원시 성산구 반지동 장기렌트와 자동차리스 이용조건을 행복한렌트몰에서 비교하고 차량별 견적과 지역별 상담 정보를 확인해보세요.","같은 차라도 조건은 다릅니다.비교하고 더 좋은 조건을 찾으세요."
"gyeongnam\changwon-si\성산구\불모산동\index.html","경남 창원시 성산구 불모산동 장기렌트·자동차리스 가격비교 | 행복한렌트몰","경남 창원시 성산구 불모산동 장기렌트와 자동차리스 이용조건을 행복한렌트몰에서 비교하고 차량별 견적과 지역별 상담 정보를 확인해보세요.","같은 차라도 조건은 다릅니다.비교하고 더 좋은 조건을 찾으세요."
"gyeongnam\changwon-si\성산구\사파동\index.html","경남 창원시 성산구 사파동 장기렌트·자동차리스 가격비교 | 행복한렌트몰","경남 창원시 성산구 사파동 장기렌트와 자동차리스 이용조건을 행복한렌트몰에서 비교하고 차량별 견적과 지역별 상담 정보를 확인해보세요.","같은 차라도 조건은 다릅니다.비교하고 더 좋은 조건을 찾으세요."
"gyeongnam\changwon-si\성산구\사파정동\index.html","경남 창원시 성산구 사파정동 장기렌트·자동차리스 가격비교 | 행복한렌트몰","경남 창원시 성산구 사파정동 장기렌트와 자동차리스 이용조건을 행복한렌트몰에서 비교하고 차량별 견적과 지역별 상담 정보를 확인해보세요.","같은 차라도 조건은 다릅니다.비교하고 더 좋은 조건을 찾으세요."
"gyeongnam\changwon-si\성산구\삼동동\index.html","경남 창원시 성산구 삼동동 장기렌트·자동차리스 가격비교 | 행복한렌트몰","경남 창원시 성산구 삼동동 장기렌트와 자동차리스 이용조건을 행복한렌트몰에서 비교하고 차량별 견적과 지역별 상담 정보를 확인해보세요.","같은 차라도 조건은 다릅니다.비교하고 더 좋은 조건을 찾으세요."
"gyeongnam\changwon-si\성산구\삼정자동\index.html","경남 창원시 성산구 삼정자동 장기렌트·자동차리스 가격비교 | 행복한렌트몰","경남 창원시 성산구 삼정자동 장기렌트와 자동차리스 이용조건을 행복한렌트몰에서 비교하고 차량별 견적과 지역별 상담 정보를 확인해보세요.","같은 차라도 조건은 다릅니다.비교하고 더 좋은 조건을 찾으세요."
"gyeongnam\changwon-si\성산구\상남동\index.html","경남 창원시 성산구 상남동 장기렌트·자동차리스 가격비교 | 행복한렌트몰","경남 창원시 성산구 상남동 장기렌트와 자동차리스 이용조건을 행복한렌트몰에서 비교하고 차량별 견적과 지역별 상담 정보를 확인해보세요.","같은 차라도 조건은 다릅니다.비교하고 더 좋은 조건을 찾으세요."
"gyeongnam\changwon-si\성산구\상복동\index.html","경남 창원시 성산구 상복동 장기렌트·자동차리스 가격비교 | 행복한렌트몰","경남 창원시 성산구 상복동 장기렌트와 자동차리스 이용조건을 행복한렌트몰에서 비교하고 차량별 견적과 지역별 상담 정보를 확인해보세요.","같은 차라도 조건은 다릅니다.비교하고 더 좋은 조건을 찾으세요."
"gyeongnam\changwon-si\성산구\성산동\index.html","경남 창원시 성산구 성산동 장기렌트·자동차리스 가격비교 | 행복한렌트몰","경남 창원시 성산구 성산동 장기렌트와 자동차리스 이용조건을 행복한렌트몰에서 비교하고 차량별 견적과 지역별 상담 정보를 확인해보세요.","같은 차라도 조건은 다릅니다.비교하고 더 좋은 조건을 찾으세요."
"gyeongnam\changwon-si\성산구\성주동\index.html","경남 창원시 성산구 성주동 장기렌트·자동차리스 가격비교 | 행복한렌트몰","경남 창원시 성산구 성주동 장기렌트와 자동차리스 이용조건을 행복한렌트몰에서 비교하고 차량별 견적과 지역별 상담 정보를 확인해보세요.","같은 차라도 조건은 다릅니다.비교하고 더 좋은 조건을 찾으세요."
"gyeongnam\changwon-si\성산구\신월동\index.html","경남 창원시 성산구 신월동 장기렌트·자동차리스 가격비교 | 행복한렌트몰","경남 창원시 성산구 신월동 장기렌트와 자동차리스 이용조건을 행복한렌트몰에서 비교하고 차량별 견적과 지역별 상담 정보를 확인해보세요.","같은 차라도 조건은 다릅니다.비교하고 더 좋은 조건을 찾으세요."
"gyeongnam\changwon-si\성산구\신촌동\index.html","경남 창원시 성산구 신촌동 장기렌트·자동차리스 가격비교 | 행복한렌트몰","경남 창원시 성산구 신촌동 장기렌트와 자동차리스 이용조건을 행복한렌트몰에서 비교하고 차량별 견적과 지역별 상담 정보를 확인해보세요.","같은 차라도 조건은 다릅니다.비교하고 더 좋은 조건을 찾으세요."
"gyeongnam\changwon-si\성산구\안민동\index.html","경남 창원시 성산구 안민동 장기렌트·자동차리스 가격비교 | 행복한렌트몰","경남 창원시 성산구 안민동 장기렌트와 자동차리스 이용조건을 행복한렌트몰에서 비교하고 차량별 견적과 지역별 상담 정보를 확인해보세요.","같은 차라도 조건은 다릅니다.비교하고 더 좋은 조건을 찾으세요."
"gyeongnam\changwon-si\성산구\양곡동\index.html","경남 창원시 성산구 양곡동 장기렌트·자동차리스 가격비교 | 행복한렌트몰","경남 창원시 성산구 양곡동 장기렌트와 자동차리스 이용조건을 행복한렌트몰에서 비교하고 차량별 견적과 지역별 상담 정보를 확인해보세요.","같은 차라도 조건은 다릅니다.비교하고 더 좋은 조건을 찾으세요."
"gyeongnam\changwon-si\성산구\완암동\index.html","경남 창원시 성산구 완암동 장기렌트·자동차리스 가격비교 | 행복한렌트몰","경남 창원시 성산구 완암동 장기렌트와 자동차리스 이용조건을 행복한렌트몰에서 비교하고 차량별 견적과 지역별 상담 정보를 확인해보세요.","같은 차라도 조건은 다릅니다.비교하고 더 좋은 조건을 찾으세요."
"gyeongnam\changwon-si\성산구\외동\index.html","경남 창원시 성산구 외동 장기렌트·자동차리스 가격비교 | 행복한렌트몰","경남 창원시 성산구 외동 장기렌트와 자동차리스 이용조건을 행복한렌트몰에서 비교하고 차량별 견적과 지역별 상담 정보를 확인해보세요.","같은 차라도 조건은 다릅니다.비교하고 더 좋은 조건을 찾으세요."
"gyeongnam\changwon-si\성산구\용지동\index.html","경남 창원시 성산구 용지동 장기렌트·자동차리스 가격비교 | 행복한렌트몰","경남 창원시 성산구 용지동 장기렌트와 자동차리스 이용조건을 행복한렌트몰에서 비교하고 차량별 견적과 지역별 상담 정보를 확인해보세요.","같은 차라도 조건은 다릅니다.비교하고 더 좋은 조건을 찾으세요."
"gyeongnam\changwon-si\성산구\용호동\index.html","경남 창원시 성산구 용호동 장기렌트·자동차리스 가격비교 | 행복한렌트몰","경남 창원시 성산구 용호동 장기렌트와 자동차리스 이용조건을 행복한렌트몰에서 비교하고 차량별 견적과 지역별 상담 정보를 확인해보세요.","같은 차라도 조건은 다릅니다.비교하고 더 좋은 조건을 찾으세요."
"gyeongnam\changwon-si\성산구\웅남동\index.html","경남 창원시 성산구 웅남동 장기렌트·자동차리스 가격비교 | 행복한렌트몰","경남 창원시 성산구 웅남동 장기렌트와 자동차리스 이용조건을 행복한렌트몰에서 비교하고 차량별 견적과 지역별 상담 정보를 확인해보세요.","같은 차라도 조건은 다릅니다.비교하고 더 좋은 조건을 찾으세요."
"gyeongnam\changwon-si\성산구\월림동\index.html","경남 창원시 성산구 월림동 장기렌트·자동차리스 가격비교 | 행복한렌트몰","경남 창원시 성산구 월림동 장기렌트와 자동차리스 이용조건을 행복한렌트몰에서 비교하고 차량별 견적과 지역별 상담 정보를 확인해보세요.","같은 차라도 조건은 다릅니다.비교하고 더 좋은 조건을 찾으세요."
"gyeongnam\changwon-si\성산구\적현동\index.html","경남 창원시 성산구 적현동 장기렌트·자동차리스 가격비교 | 행복한렌트몰","경남 창원시 성산구 적현동 장기렌트와 자동차리스 이용조건을 행복한렌트몰에서 비교하고 차량별 견적과 지역별 상담 정보를 확인해보세요.","같은 차라도 조건은 다릅니다.비교하고 더 좋은 조건을 찾으세요."
"gyeongnam\changwon-si\성산구\중앙동\index.html","경남 창원시 성산구 중앙동 장기렌트·자동차리스 가격비교 | 행복한렌트몰","경남 창원시 성산구 중앙동 장기렌트와 자동차리스 이용조건을 행복한렌트몰에서 비교하고 차량별 견적과 지역별 상담 정보를 확인해보세요.","같은 차라도 조건은 다릅니다.비교하고 더 좋은 조건을 찾으세요."
"gyeongnam\changwon-si\성산구\창곡동\index.html","경남 창원시 성산구 창곡동 장기렌트·자동차리스 가격비교 | 행복한렌트몰","경남 창원시 성산구 창곡동 장기렌트와 자동차리스 이용조건을 행복한렌트몰에서 비교하고 차량별 견적과 지역별 상담 정보를 확인해보세요.","같은 차라도 조건은 다릅니다.비교하고 더 좋은 조건을 찾으세요."
"gyeongnam\changwon-si\성산구\천선동\index.html","경남 창원시 성산구 천선동 장기렌트·자동차리스 가격비교 | 행복한렌트몰","경남 창원시 성산구 천선동 장기렌트와 자동차리스 이용조건을 행복한렌트몰에서 비교하고 차량별 견적과 지역별 상담 정보를 확인해보세요.","같은 차라도 조건은 다릅니다.비교하고 더 좋은 조건을 찾으세요."
"gyeongnam\changwon-si\성산구\토월동\index.html","경남 창원시 성산구 토월동 장기렌트·자동차리스 가격비교 | 행복한렌트몰","경남 창원시 성산구 토월동 장기렌트와 자동차리스 이용조건을 행복한렌트몰에서 비교하고 차량별 견적과 지역별 상담 정보를 확인해보세요.","같은 차라도 조건은 다릅니다.비교하고 더 좋은 조건을 찾으세요."
"gyeongnam\changwon-si\성산구\퇴촌동\index.html","경남 창원시 성산구 퇴촌동 장기렌트·자동차리스 가격비교 | 행복한렌트몰","경남 창원시 성산구 퇴촌동 장기렌트와 자동차리스 이용조건을 행복한렌트몰에서 비교하고 차량별 견적과 지역별 상담 정보를 확인해보세요.","같은 차라도 조건은 다릅니다.비교하고 더 좋은 조건을 찾으세요."
"gyeongnam\changwon-si\의창구\index.html","경남 창원시 의창구 장기렌트·자동차리스 가격비교 | 행복한렌트몰","경남 창원시 의창구 장기렌트와 자동차리스 이용조건을 행복한렌트몰에서 비교하고 차량별 견적과 지역별 상담 정보를 확인해보세요.","같은 차라도 조건은 다릅니다.비교하고 더 좋은 조건을 찾으세요."
"gyeongnam\changwon-si\의창구\내리동\index.html","경남 창원시 의창구 내리동 장기렌트·자동차리스 가격비교 | 행복한렌트몰","경남 창원시 의창구 내리동 장기렌트와 자동차리스 이용조건을 행복한렌트몰에서 비교하고 차량별 견적과 지역별 상담 정보를 확인해보세요.","같은 차라도 조건은 다릅니다.비교하고 더 좋은 조건을 찾으세요."
"gyeongnam\changwon-si\의창구\대산면\index.html","경남 창원시 의창구 대산면 장기렌트·자동차리스 가격비교 | 행복한렌트몰","경남 창원시 의창구 대산면 장기렌트와 자동차리스 이용조건을 행복한렌트몰에서 비교하고 차량별 견적과 지역별 상담 정보를 확인해보세요.","같은 차라도 조건은 다릅니다.비교하고 더 좋은 조건을 찾으세요."
"gyeongnam\changwon-si\의창구\덕정동\index.html","경남 창원시 의창구 덕정동 장기렌트·자동차리스 가격비교 | 행복한렌트몰","경남 창원시 의창구 덕정동 장기렌트와 자동차리스 이용조건을 행복한렌트몰에서 비교하고 차량별 견적과 지역별 상담 정보를 확인해보세요.","같은 차라도 조건은 다릅니다.비교하고 더 좋은 조건을 찾으세요."
"gyeongnam\changwon-si\의창구\도계동\index.html","경남 창원시 의창구 도계동 장기렌트·자동차리스 가격비교 | 행복한렌트몰","경남 창원시 의창구 도계동 장기렌트와 자동차리스 이용조건을 행복한렌트몰에서 비교하고 차량별 견적과 지역별 상담 정보를 확인해보세요.","같은 차라도 조건은 다릅니다.비교하고 더 좋은 조건을 찾으세요."
"gyeongnam\changwon-si\의창구\동읍\index.html","경남 창원시 의창구 동읍 장기렌트·자동차리스 가격비교 | 행복한렌트몰","경남 창원시 의창구 동읍 장기렌트와 자동차리스 이용조건을 행복한렌트몰에서 비교하고 차량별 견적과 지역별 상담 정보를 확인해보세요.","같은 차라도 조건은 다릅니다.비교하고 더 좋은 조건을 찾으세요."
"gyeongnam\changwon-si\의창구\동정동\index.html","경남 창원시 의창구 동정동 장기렌트·자동차리스 가격비교 | 행복한렌트몰","경남 창원시 의창구 동정동 장기렌트와 자동차리스 이용조건을 행복한렌트몰에서 비교하고 차량별 견적과 지역별 상담 정보를 확인해보세요.","같은 차라도 조건은 다릅니다.비교하고 더 좋은 조건을 찾으세요."
"gyeongnam\changwon-si\의창구\명곡동\index.html","경남 창원시 의창구 명곡동 장기렌트·자동차리스 가격비교 | 행복한렌트몰","경남 창원시 의창구 명곡동 장기렌트와 자동차리스 이용조건을 행복한렌트몰에서 비교하고 차량별 견적과 지역별 상담 정보를 확인해보세요.","같은 차라도 조건은 다릅니다.비교하고 더 좋은 조건을 찾으세요."
"gyeongnam\changwon-si\의창구\명서동\index.html","경남 창원시 의창구 명서동 장기렌트·자동차리스 가격비교 | 행복한렌트몰","경남 창원시 의창구 명서동 장기렌트와 자동차리스 이용조건을 행복한렌트몰에서 비교하고 차량별 견적과 지역별 상담 정보를 확인해보세요.","같은 차라도 조건은 다릅니다.비교하고 더 좋은 조건을 찾으세요."
"gyeongnam\changwon-si\의창구\반계동\index.html","경남 창원시 의창구 반계동 장기렌트·자동차리스 가격비교 | 행복한렌트몰","경남 창원시 의창구 반계동 장기렌트와 자동차리스 이용조건을 행복한렌트몰에서 비교하고 차량별 견적과 지역별 상담 정보를 확인해보세요.","같은 차라도 조건은 다릅니다.비교하고 더 좋은 조건을 찾으세요."
"gyeongnam\changwon-si\의창구\봉곡동\index.html","경남 창원시 의창구 봉곡동 장기렌트·자동차리스 가격비교 | 행복한렌트몰","경남 창원시 의창구 봉곡동 장기렌트와 자동차리스 이용조건을 행복한렌트몰에서 비교하고 차량별 견적과 지역별 상담 정보를 확인해보세요.","같은 차라도 조건은 다릅니다.비교하고 더 좋은 조건을 찾으세요."
"gyeongnam\changwon-si\의창구\봉림동\index.html","경남 창원시 의창구 봉림동 장기렌트·자동차리스 가격비교 | 행복한렌트몰","경남 창원시 의창구 봉림동 장기렌트와 자동차리스 이용조건을 행복한렌트몰에서 비교하고 차량별 견적과 지역별 상담 정보를 확인해보세요.","같은 차라도 조건은 다릅니다.비교하고 더 좋은 조건을 찾으세요."
"gyeongnam\changwon-si\의창구\북동\index.html","경남 창원시 의창구 북동 장기렌트·자동차리스 가격비교 | 행복한렌트몰","경남 창원시 의창구 북동 장기렌트와 자동차리스 이용조건을 행복한렌트몰에서 비교하고 차량별 견적과 지역별 상담 정보를 확인해보세요.","같은 차라도 조건은 다릅니다.비교하고 더 좋은 조건을 찾으세요."
"gyeongnam\changwon-si\의창구\북면\index.html","경남 창원시 의창구 북면 장기렌트·자동차리스 가격비교 | 행복한렌트몰","경남 창원시 의창구 북면 장기렌트와 자동차리스 이용조건을 행복한렌트몰에서 비교하고 차량별 견적과 지역별 상담 정보를 확인해보세요.","같은 차라도 조건은 다릅니다.비교하고 더 좋은 조건을 찾으세요."
"gyeongnam\changwon-si\의창구\사림동\index.html","경남 창원시 의창구 사림동 장기렌트·자동차리스 가격비교 | 행복한렌트몰","경남 창원시 의창구 사림동 장기렌트와 자동차리스 이용조건을 행복한렌트몰에서 비교하고 차량별 견적과 지역별 상담 정보를 확인해보세요.","같은 차라도 조건은 다릅니다.비교하고 더 좋은 조건을 찾으세요."
"gyeongnam\changwon-si\의창구\사화동\index.html","경남 창원시 의창구 사화동 장기렌트·자동차리스 가격비교 | 행복한렌트몰","경남 창원시 의창구 사화동 장기렌트와 자동차리스 이용조건을 행복한렌트몰에서 비교하고 차량별 견적과 지역별 상담 정보를 확인해보세요.","같은 차라도 조건은 다릅니다.비교하고 더 좋은 조건을 찾으세요."
"gyeongnam\changwon-si\의창구\서곡동\index.html","경남 창원시 의창구 서곡동 장기렌트·자동차리스 가격비교 | 행복한렌트몰","경남 창원시 의창구 서곡동 장기렌트와 자동차리스 이용조건을 행복한렌트몰에서 비교하고 차량별 견적과 지역별 상담 정보를 확인해보세요.","같은 차라도 조건은 다릅니다.비교하고 더 좋은 조건을 찾으세요."
"gyeongnam\changwon-si\의창구\서상동\index.html","경남 창원시 의창구 서상동 장기렌트·자동차리스 가격비교 | 행복한렌트몰","경남 창원시 의창구 서상동 장기렌트와 자동차리스 이용조건을 행복한렌트몰에서 비교하고 차량별 견적과 지역별 상담 정보를 확인해보세요.","같은 차라도 조건은 다릅니다.비교하고 더 좋은 조건을 찾으세요."
"gyeongnam\changwon-si\의창구\소계동\index.html","경남 창원시 의창구 소계동 장기렌트·자동차리스 가격비교 | 행복한렌트몰","경남 창원시 의창구 소계동 장기렌트와 자동차리스 이용조건을 행복한렌트몰에서 비교하고 차량별 견적과 지역별 상담 정보를 확인해보세요.","같은 차라도 조건은 다릅니다.비교하고 더 좋은 조건을 찾으세요."
"gyeongnam\changwon-si\의창구\소답동\index.html","경남 창원시 의창구 소답동 장기렌트·자동차리스 가격비교 | 행복한렌트몰","경남 창원시 의창구 소답동 장기렌트와 자동차리스 이용조건을 행복한렌트몰에서 비교하고 차량별 견적과 지역별 상담 정보를 확인해보세요.","같은 차라도 조건은 다릅니다.비교하고 더 좋은 조건을 찾으세요."
"gyeongnam\changwon-si\의창구\용동\index.html","경남 창원시 의창구 용동 장기렌트·자동차리스 가격비교 | 행복한렌트몰","경남 창원시 의창구 용동 장기렌트와 자동차리스 이용조건을 행복한렌트몰에서 비교하고 차량별 견적과 지역별 상담 정보를 확인해보세요.","같은 차라도 조건은 다릅니다.비교하고 더 좋은 조건을 찾으세요."
"gyeongnam\changwon-si\의창구\중동\index.html","경남 창원시 의창구 중동 장기렌트·자동차리스 가격비교 | 행복한렌트몰","경남 창원시 의창구 중동 장기렌트와 자동차리스 이용조건을 행복한렌트몰에서 비교하고 차량별 견적과 지역별 상담 정보를 확인해보세요.","같은 차라도 조건은 다릅니다.비교하고 더 좋은 조건을 찾으세요."
"gyeongnam\changwon-si\의창구\지귀동\index.html","경남 창원시 의창구 지귀동 장기렌트·자동차리스 가격비교 | 행복한렌트몰","경남 창원시 의창구 지귀동 장기렌트와 자동차리스 이용조건을 행복한렌트몰에서 비교하고 차량별 견적과 지역별 상담 정보를 확인해보세요.","같은 차라도 조건은 다릅니다.비교하고 더 좋은 조건을 찾으세요."
"gyeongnam\changwon-si\의창구\차용동\index.html","경남 창원시 의창구 차용동 장기렌트·자동차리스 가격비교 | 행복한렌트몰","경남 창원시 의창구 차용동 장기렌트와 자동차리스 이용조건을 행복한렌트몰에서 비교하고 차량별 견적과 지역별 상담 정보를 확인해보세요.","같은 차라도 조건은 다릅니다.비교하고 더 좋은 조건을 찾으세요."
"gyeongnam\changwon-si\의창구\퇴촌동\index.html","경남 창원시 의창구 퇴촌동 장기렌트·자동차리스 가격비교 | 행복한렌트몰","경남 창원시 의창구 퇴촌동 장기렌트와 자동차리스 이용조건을 행복한렌트몰에서 비교하고 차량별 견적과 지역별 상담 정보를 확인해보세요.","같은 차라도 조건은 다릅니다.비교하고 더 좋은 조건을 찾으세요."
"gyeongnam\changwon-si\의창구\팔용동\index.html","경남 창원시 의창구 팔용동 장기렌트·자동차리스 가격비교 | 행복한렌트몰","경남 창원시 의창구 팔용동 장기렌트와 자동차리스 이용조건을 행복한렌트몰에서 비교하고 차량별 견적과 지역별 상담 정보를 확인해보세요.","같은 차라도 조건은 다릅니다.비교하고 더 좋은 조건을 찾으세요."
"gyeongnam\changwon-si\진해구\index.html","경남 창원시 진해구 장기렌트·자동차리스 가격비교 | 행복한렌트몰","경남 창원시 진해구 장기렌트와 자동차리스 이용조건을 행복한렌트몰에서 비교하고 차량별 견적과 지역별 상담 정보를 확인해보세요.","같은 차라도 조건은 다릅니다.비교하고 더 좋은 조건을 찾으세요."
"gyeongnam\changwon-si\진해구\가주동\index.html","경남 창원시 진해구 가주동 장기렌트·자동차리스 가격비교 | 행복한렌트몰","경남 창원시 진해구 가주동 장기렌트와 자동차리스 이용조건을 행복한렌트몰에서 비교하고 차량별 견적과 지역별 상담 정보를 확인해보세요.","같은 차라도 조건은 다릅니다.비교하고 더 좋은 조건을 찾으세요."
"gyeongnam\changwon-si\진해구\경화동\index.html","경남 창원시 진해구 경화동 장기렌트·자동차리스 가격비교 | 행복한렌트몰","경남 창원시 진해구 경화동 장기렌트와 자동차리스 이용조건을 행복한렌트몰에서 비교하고 차량별 견적과 지역별 상담 정보를 확인해보세요.","같은 차라도 조건은 다릅니다.비교하고 더 좋은 조건을 찾으세요."
"gyeongnam\changwon-si\진해구\광화동\index.html","경남 창원시 진해구 광화동 장기렌트·자동차리스 가격비교 | 행복한렌트몰","경남 창원시 진해구 광화동 장기렌트와 자동차리스 이용조건을 행복한렌트몰에서 비교하고 차량별 견적과 지역별 상담 정보를 확인해보세요.","같은 차라도 조건은 다릅니다.비교하고 더 좋은 조건을 찾으세요."
"gyeongnam\changwon-si\진해구\근화동\index.html","경남 창원시 진해구 근화동 장기렌트·자동차리스 가격비교 | 행복한렌트몰","경남 창원시 진해구 근화동 장기렌트와 자동차리스 이용조건을 행복한렌트몰에서 비교하고 차량별 견적과 지역별 상담 정보를 확인해보세요.","같은 차라도 조건은 다릅니다.비교하고 더 좋은 조건을 찾으세요."
"gyeongnam\changwon-si\진해구\남문동\index.html","경남 창원시 진해구 남문동 장기렌트·자동차리스 가격비교 | 행복한렌트몰","경남 창원시 진해구 남문동 장기렌트와 자동차리스 이용조건을 행복한렌트몰에서 비교하고 차량별 견적과 지역별 상담 정보를 확인해보세요.","같은 차라도 조건은 다릅니다.비교하고 더 좋은 조건을 찾으세요."
"gyeongnam\changwon-si\진해구\남빈동\index.html","경남 창원시 진해구 남빈동 장기렌트·자동차리스 가격비교 | 행복한렌트몰","경남 창원시 진해구 남빈동 장기렌트와 자동차리스 이용조건을 행복한렌트몰에서 비교하고 차량별 견적과 지역별 상담 정보를 확인해보세요.","같은 차라도 조건은 다릅니다.비교하고 더 좋은 조건을 찾으세요."
"gyeongnam\changwon-si\진해구\남양동\index.html","경남 창원시 진해구 남양동 장기렌트·자동차리스 가격비교 | 행복한렌트몰","경남 창원시 진해구 남양동 장기렌트와 자동차리스 이용조건을 행복한렌트몰에서 비교하고 차량별 견적과 지역별 상담 정보를 확인해보세요.","같은 차라도 조건은 다릅니다.비교하고 더 좋은 조건을 찾으세요."
"gyeongnam\changwon-si\진해구\대영동\index.html","경남 창원시 진해구 대영동 장기렌트·자동차리스 가격비교 | 행복한렌트몰","경남 창원시 진해구 대영동 장기렌트와 자동차리스 이용조건을 행복한렌트몰에서 비교하고 차량별 견적과 지역별 상담 정보를 확인해보세요.","같은 차라도 조건은 다릅니다.비교하고 더 좋은 조건을 찾으세요."
"gyeongnam\changwon-si\진해구\대장동\index.html","경남 창원시 진해구 대장동 장기렌트·자동차리스 가격비교 | 행복한렌트몰","경남 창원시 진해구 대장동 장기렌트와 자동차리스 이용조건을 행복한렌트몰에서 비교하고 차량별 견적과 지역별 상담 정보를 확인해보세요.","같은 차라도 조건은 다릅니다.비교하고 더 좋은 조건을 찾으세요."
"gyeongnam\changwon-si\진해구\대죽동\index.html","경남 창원시 진해구 대죽동 장기렌트·자동차리스 가격비교 | 행복한렌트몰","경남 창원시 진해구 대죽동 장기렌트와 자동차리스 이용조건을 행복한렌트몰에서 비교하고 차량별 견적과 지역별 상담 정보를 확인해보세요.","같은 차라도 조건은 다릅니다.비교하고 더 좋은 조건을 찾으세요."
"gyeongnam\changwon-si\진해구\대천동\index.html","경남 창원시 진해구 대천동 장기렌트·자동차리스 가격비교 | 행복한렌트몰","경남 창원시 진해구 대천동 장기렌트와 자동차리스 이용조건을 행복한렌트몰에서 비교하고 차량별 견적과 지역별 상담 정보를 확인해보세요.","같은 차라도 조건은 다릅니다.비교하고 더 좋은 조건을 찾으세요."
"gyeongnam\changwon-si\진해구\대흥동\index.html","경남 창원시 진해구 대흥동 장기렌트·자동차리스 가격비교 | 행복한렌트몰","경남 창원시 진해구 대흥동 장기렌트와 자동차리스 이용조건을 행복한렌트몰에서 비교하고 차량별 견적과 지역별 상담 정보를 확인해보세요.","같은 차라도 조건은 다릅니다.비교하고 더 좋은 조건을 찾으세요."
"gyeongnam\changwon-si\진해구\덕산동\index.html","경남 창원시 진해구 덕산동 장기렌트·자동차리스 가격비교 | 행복한렌트몰","경남 창원시 진해구 덕산동 장기렌트와 자동차리스 이용조건을 행복한렌트몰에서 비교하고 차량별 견적과 지역별 상담 정보를 확인해보세요.","같은 차라도 조건은 다릅니다.비교하고 더 좋은 조건을 찾으세요."
"gyeongnam\changwon-si\진해구\도만동\index.html","경남 창원시 진해구 도만동 장기렌트·자동차리스 가격비교 | 행복한렌트몰","경남 창원시 진해구 도만동 장기렌트와 자동차리스 이용조건을 행복한렌트몰에서 비교하고 차량별 견적과 지역별 상담 정보를 확인해보세요.","같은 차라도 조건은 다릅니다.비교하고 더 좋은 조건을 찾으세요."
"gyeongnam\changwon-si\진해구\도천동\index.html","경남 창원시 진해구 도천동 장기렌트·자동차리스 가격비교 | 행복한렌트몰","경남 창원시 진해구 도천동 장기렌트와 자동차리스 이용조건을 행복한렌트몰에서 비교하고 차량별 견적과 지역별 상담 정보를 확인해보세요.","같은 차라도 조건은 다릅니다.비교하고 더 좋은 조건을 찾으세요."
"gyeongnam\changwon-si\진해구\동상동\index.html","경남 창원시 진해구 동상동 장기렌트·자동차리스 가격비교 | 행복한렌트몰","경남 창원시 진해구 동상동 장기렌트와 자동차리스 이용조건을 행복한렌트몰에서 비교하고 차량별 견적과 지역별 상담 정보를 확인해보세요.","같은 차라도 조건은 다릅니다.비교하고 더 좋은 조건을 찾으세요."
"gyeongnam\changwon-si\진해구\두동\index.html","경남 창원시 진해구 두동 장기렌트·자동차리스 가격비교 | 행복한렌트몰","경남 창원시 진해구 두동 장기렌트와 자동차리스 이용조건을 행복한렌트몰에서 비교하고 차량별 견적과 지역별 상담 정보를 확인해보세요.","같은 차라도 조건은 다릅니다.비교하고 더 좋은 조건을 찾으세요."
"gyeongnam\changwon-si\진해구\마천동\index.html","경남 창원시 진해구 마천동 장기렌트·자동차리스 가격비교 | 행복한렌트몰","경남 창원시 진해구 마천동 장기렌트와 자동차리스 이용조건을 행복한렌트몰에서 비교하고 차량별 견적과 지역별 상담 정보를 확인해보세요.","같은 차라도 조건은 다릅니다.비교하고 더 좋은 조건을 찾으세요."
"gyeongnam\changwon-si\진해구\명동\index.html","경남 창원시 진해구 명동 장기렌트·자동차리스 가격비교 | 행복한렌트몰","경남 창원시 진해구 명동 장기렌트와 자동차리스 이용조건을 행복한렌트몰에서 비교하고 차량별 견적과 지역별 상담 정보를 확인해보세요.","같은 차라도 조건은 다릅니다.비교하고 더 좋은 조건을 찾으세요."
"gyeongnam\changwon-si\진해구\무송동\index.html","경남 창원시 진해구 무송동 장기렌트·자동차리스 가격비교 | 행복한렌트몰","경남 창원시 진해구 무송동 장기렌트와 자동차리스 이용조건을 행복한렌트몰에서 비교하고 차량별 견적과 지역별 상담 정보를 확인해보세요.","같은 차라도 조건은 다릅니다.비교하고 더 좋은 조건을 찾으세요."
"gyeongnam\changwon-si\진해구\부흥동\index.html","경남 창원시 진해구 부흥동 장기렌트·자동차리스 가격비교 | 행복한렌트몰","경남 창원시 진해구 부흥동 장기렌트와 자동차리스 이용조건을 행복한렌트몰에서 비교하고 차량별 견적과 지역별 상담 정보를 확인해보세요.","같은 차라도 조건은 다릅니다.비교하고 더 좋은 조건을 찾으세요."
"gyeongnam\changwon-si\진해구\북부동\index.html","경남 창원시 진해구 북부동 장기렌트·자동차리스 가격비교 | 행복한렌트몰","경남 창원시 진해구 북부동 장기렌트와 자동차리스 이용조건을 행복한렌트몰에서 비교하고 차량별 견적과 지역별 상담 정보를 확인해보세요.","같은 차라도 조건은 다릅니다.비교하고 더 좋은 조건을 찾으세요."
"gyeongnam\changwon-si\진해구\비봉동\index.html","경남 창원시 진해구 비봉동 장기렌트·자동차리스 가격비교 | 행복한렌트몰","경남 창원시 진해구 비봉동 장기렌트와 자동차리스 이용조건을 행복한렌트몰에서 비교하고 차량별 견적과 지역별 상담 정보를 확인해보세요.","같은 차라도 조건은 다릅니다.비교하고 더 좋은 조건을 찾으세요."
"gyeongnam\changwon-si\진해구\서중동\index.html","경남 창원시 진해구 서중동 장기렌트·자동차리스 가격비교 | 행복한렌트몰","경남 창원시 진해구 서중동 장기렌트와 자동차리스 이용조건을 행복한렌트몰에서 비교하고 차량별 견적과 지역별 상담 정보를 확인해보세요.","같은 차라도 조건은 다릅니다.비교하고 더 좋은 조건을 찾으세요."
"gyeongnam\changwon-si\진해구\석동\index.html","경남 창원시 진해구 석동 장기렌트·자동차리스 가격비교 | 행복한렌트몰","경남 창원시 진해구 석동 장기렌트와 자동차리스 이용조건을 행복한렌트몰에서 비교하고 차량별 견적과 지역별 상담 정보를 확인해보세요.","같은 차라도 조건은 다릅니다.비교하고 더 좋은 조건을 찾으세요."
"gyeongnam\changwon-si\진해구\성내동\index.html","경남 창원시 진해구 성내동 장기렌트·자동차리스 가격비교 | 행복한렌트몰","경남 창원시 진해구 성내동 장기렌트와 자동차리스 이용조건을 행복한렌트몰에서 비교하고 차량별 견적과 지역별 상담 정보를 확인해보세요.","같은 차라도 조건은 다릅니다.비교하고 더 좋은 조건을 찾으세요."
"gyeongnam\changwon-si\진해구\소사동\index.html","경남 창원시 진해구 소사동 장기렌트·자동차리스 가격비교 | 행복한렌트몰","경남 창원시 진해구 소사동 장기렌트와 자동차리스 이용조건을 행복한렌트몰에서 비교하고 차량별 견적과 지역별 상담 정보를 확인해보세요.","같은 차라도 조건은 다릅니다.비교하고 더 좋은 조건을 찾으세요."
"gyeongnam\changwon-si\진해구\속천동\index.html","경남 창원시 진해구 속천동 장기렌트·자동차리스 가격비교 | 행복한렌트몰","경남 창원시 진해구 속천동 장기렌트와 자동차리스 이용조건을 행복한렌트몰에서 비교하고 차량별 견적과 지역별 상담 정보를 확인해보세요.","같은 차라도 조건은 다릅니다.비교하고 더 좋은 조건을 찾으세요."
"gyeongnam\changwon-si\진해구\송죽동\index.html","경남 창원시 진해구 송죽동 장기렌트·자동차리스 가격비교 | 행복한렌트몰","경남 창원시 진해구 송죽동 장기렌트와 자동차리스 이용조건을 행복한렌트몰에서 비교하고 차량별 견적과 지역별 상담 정보를 확인해보세요.","같은 차라도 조건은 다릅니다.비교하고 더 좋은 조건을 찾으세요."
"gyeongnam\changwon-si\진해구\송학동\index.html","경남 창원시 진해구 송학동 장기렌트·자동차리스 가격비교 | 행복한렌트몰","경남 창원시 진해구 송학동 장기렌트와 자동차리스 이용조건을 행복한렌트몰에서 비교하고 차량별 견적과 지역별 상담 정보를 확인해보세요.","같은 차라도 조건은 다릅니다.비교하고 더 좋은 조건을 찾으세요."
"gyeongnam\changwon-si\진해구\수도동\index.html","경남 창원시 진해구 수도동 장기렌트·자동차리스 가격비교 | 행복한렌트몰","경남 창원시 진해구 수도동 장기렌트와 자동차리스 이용조건을 행복한렌트몰에서 비교하고 차량별 견적과 지역별 상담 정보를 확인해보세요.","같은 차라도 조건은 다릅니다.비교하고 더 좋은 조건을 찾으세요."
"gyeongnam\changwon-si\진해구\수송동\index.html","경남 창원시 진해구 수송동 장기렌트·자동차리스 가격비교 | 행복한렌트몰","경남 창원시 진해구 수송동 장기렌트와 자동차리스 이용조건을 행복한렌트몰에서 비교하고 차량별 견적과 지역별 상담 정보를 확인해보세요.","같은 차라도 조건은 다릅니다.비교하고 더 좋은 조건을 찾으세요."
"gyeongnam\changwon-si\진해구\숭인동\index.html","경남 창원시 진해구 숭인동 장기렌트·자동차리스 가격비교 | 행복한렌트몰","경남 창원시 진해구 숭인동 장기렌트와 자동차리스 이용조건을 행복한렌트몰에서 비교하고 차량별 견적과 지역별 상담 정보를 확인해보세요.","같은 차라도 조건은 다릅니다.비교하고 더 좋은 조건을 찾으세요."
"gyeongnam\changwon-si\진해구\신흥동\index.html","경남 창원시 진해구 신흥동 장기렌트·자동차리스 가격비교 | 행복한렌트몰","경남 창원시 진해구 신흥동 장기렌트와 자동차리스 이용조건을 행복한렌트몰에서 비교하고 차량별 견적과 지역별 상담 정보를 확인해보세요.","같은 차라도 조건은 다릅니다.비교하고 더 좋은 조건을 찾으세요."
"gyeongnam\changwon-si\진해구\안곡동\index.html","경남 창원시 진해구 안곡동 장기렌트·자동차리스 가격비교 | 행복한렌트몰","경남 창원시 진해구 안곡동 장기렌트와 자동차리스 이용조건을 행복한렌트몰에서 비교하고 차량별 견적과 지역별 상담 정보를 확인해보세요.","같은 차라도 조건은 다릅니다.비교하고 더 좋은 조건을 찾으세요."
"gyeongnam\changwon-si\진해구\안골동\index.html","경남 창원시 진해구 안골동 장기렌트·자동차리스 가격비교 | 행복한렌트몰","경남 창원시 진해구 안골동 장기렌트와 자동차리스 이용조건을 행복한렌트몰에서 비교하고 차량별 견적과 지역별 상담 정보를 확인해보세요.","같은 차라도 조건은 다릅니다.비교하고 더 좋은 조건을 찾으세요."
"gyeongnam\changwon-si\진해구\앵곡동\index.html","경남 창원시 진해구 앵곡동 장기렌트·자동차리스 가격비교 | 행복한렌트몰","경남 창원시 진해구 앵곡동 장기렌트와 자동차리스 이용조건을 행복한렌트몰에서 비교하고 차량별 견적과 지역별 상담 정보를 확인해보세요.","같은 차라도 조건은 다릅니다.비교하고 더 좋은 조건을 찾으세요."
"gyeongnam\changwon-si\진해구\여좌동\index.html","경남 창원시 진해구 여좌동 장기렌트·자동차리스 가격비교 | 행복한렌트몰","경남 창원시 진해구 여좌동 장기렌트와 자동차리스 이용조건을 행복한렌트몰에서 비교하고 차량별 견적과 지역별 상담 정보를 확인해보세요.","같은 차라도 조건은 다릅니다.비교하고 더 좋은 조건을 찾으세요."
"gyeongnam\changwon-si\진해구\연도동\index.html","경남 창원시 진해구 연도동 장기렌트·자동차리스 가격비교 | 행복한렌트몰","경남 창원시 진해구 연도동 장기렌트와 자동차리스 이용조건을 행복한렌트몰에서 비교하고 차량별 견적과 지역별 상담 정보를 확인해보세요.","같은 차라도 조건은 다릅니다.비교하고 더 좋은 조건을 찾으세요."
"gyeongnam\changwon-si\진해구\용원동\index.html","경남 창원시 진해구 용원동 장기렌트·자동차리스 가격비교 | 행복한렌트몰","경남 창원시 진해구 용원동 장기렌트와 자동차리스 이용조건을 행복한렌트몰에서 비교하고 차량별 견적과 지역별 상담 정보를 확인해보세요.","같은 차라도 조건은 다릅니다.비교하고 더 좋은 조건을 찾으세요."
"gyeongnam\changwon-si\진해구\원포동\index.html","경남 창원시 진해구 원포동 장기렌트·자동차리스 가격비교 | 행복한렌트몰","경남 창원시 진해구 원포동 장기렌트와 자동차리스 이용조건을 행복한렌트몰에서 비교하고 차량별 견적과 지역별 상담 정보를 확인해보세요.","같은 차라도 조건은 다릅니다.비교하고 더 좋은 조건을 찾으세요."
"gyeongnam\changwon-si\진해구\이동\index.html","경남 창원시 진해구 이동 장기렌트·자동차리스 가격비교 | 행복한렌트몰","경남 창원시 진해구 이동 장기렌트와 자동차리스 이용조건을 행복한렌트몰에서 비교하고 차량별 견적과 지역별 상담 정보를 확인해보세요.","같은 차라도 조건은 다릅니다.비교하고 더 좋은 조건을 찾으세요."
"gyeongnam\changwon-si\진해구\익선동\index.html","경남 창원시 진해구 익선동 장기렌트·자동차리스 가격비교 | 행복한렌트몰","경남 창원시 진해구 익선동 장기렌트와 자동차리스 이용조건을 행복한렌트몰에서 비교하고 차량별 견적과 지역별 상담 정보를 확인해보세요.","같은 차라도 조건은 다릅니다.비교하고 더 좋은 조건을 찾으세요."
"gyeongnam\changwon-si\진해구\인사동\index.html","경남 창원시 진해구 인사동 장기렌트·자동차리스 가격비교 | 행복한렌트몰","경남 창원시 진해구 인사동 장기렌트와 자동차리스 이용조건을 행복한렌트몰에서 비교하고 차량별 견적과 지역별 상담 정보를 확인해보세요.","같은 차라도 조건은 다릅니다.비교하고 더 좋은 조건을 찾으세요."
"gyeongnam\changwon-si\진해구\인의동\index.html","경남 창원시 진해구 인의동 장기렌트·자동차리스 가격비교 | 행복한렌트몰","경남 창원시 진해구 인의동 장기렌트와 자동차리스 이용조건을 행복한렌트몰에서 비교하고 차량별 견적과 지역별 상담 정보를 확인해보세요.","같은 차라도 조건은 다릅니다.비교하고 더 좋은 조건을 찾으세요."
"gyeongnam\changwon-si\진해구\자은동\index.html","경남 창원시 진해구 자은동 장기렌트·자동차리스 가격비교 | 행복한렌트몰","경남 창원시 진해구 자은동 장기렌트와 자동차리스 이용조건을 행복한렌트몰에서 비교하고 차량별 견적과 지역별 상담 정보를 확인해보세요.","같은 차라도 조건은 다릅니다.비교하고 더 좋은 조건을 찾으세요."
"gyeongnam\changwon-si\진해구\장천동\index.html","경남 창원시 진해구 장천동 장기렌트·자동차리스 가격비교 | 행복한렌트몰","경남 창원시 진해구 장천동 장기렌트와 자동차리스 이용조건을 행복한렌트몰에서 비교하고 차량별 견적과 지역별 상담 정보를 확인해보세요.","같은 차라도 조건은 다릅니다.비교하고 더 좋은 조건을 찾으세요."
"gyeongnam\changwon-si\진해구\제덕동\index.html","경남 창원시 진해구 제덕동 장기렌트·자동차리스 가격비교 | 행복한렌트몰","경남 창원시 진해구 제덕동 장기렌트와 자동차리스 이용조건을 행복한렌트몰에서 비교하고 차량별 견적과 지역별 상담 정보를 확인해보세요.","같은 차라도 조건은 다릅니다.비교하고 더 좋은 조건을 찾으세요."
"gyeongnam\changwon-si\진해구\제황산동\index.html","경남 창원시 진해구 제황산동 장기렌트·자동차리스 가격비교 | 행복한렌트몰","경남 창원시 진해구 제황산동 장기렌트와 자동차리스 이용조건을 행복한렌트몰에서 비교하고 차량별 견적과 지역별 상담 정보를 확인해보세요.","같은 차라도 조건은 다릅니다.비교하고 더 좋은 조건을 찾으세요."
"gyeongnam\changwon-si\진해구\죽곡동\index.html","경남 창원시 진해구 죽곡동 장기렌트·자동차리스 가격비교 | 행복한렌트몰","경남 창원시 진해구 죽곡동 장기렌트와 자동차리스 이용조건을 행복한렌트몰에서 비교하고 차량별 견적과 지역별 상담 정보를 확인해보세요.","같은 차라도 조건은 다릅니다.비교하고 더 좋은 조건을 찾으세요."
"gyeongnam\changwon-si\진해구\중앙동\index.html","경남 창원시 진해구 중앙동 장기렌트·자동차리스 가격비교 | 행복한렌트몰","경남 창원시 진해구 중앙동 장기렌트와 자동차리스 이용조건을 행복한렌트몰에서 비교하고 차량별 견적과 지역별 상담 정보를 확인해보세요.","같은 차라도 조건은 다릅니다.비교하고 더 좋은 조건을 찾으세요."
"gyeongnam\changwon-si\진해구\중평동\index.html","경남 창원시 진해구 중평동 장기렌트·자동차리스 가격비교 | 행복한렌트몰","경남 창원시 진해구 중평동 장기렌트와 자동차리스 이용조건을 행복한렌트몰에서 비교하고 차량별 견적과 지역별 상담 정보를 확인해보세요.","같은 차라도 조건은 다릅니다.비교하고 더 좋은 조건을 찾으세요."
"gyeongnam\changwon-si\진해구\창선동\index.html","경남 창원시 진해구 창선동 장기렌트·자동차리스 가격비교 | 행복한렌트몰","경남 창원시 진해구 창선동 장기렌트와 자동차리스 이용조건을 행복한렌트몰에서 비교하고 차량별 견적과 지역별 상담 정보를 확인해보세요.","같은 차라도 조건은 다릅니다.비교하고 더 좋은 조건을 찾으세요."
"gyeongnam\changwon-si\진해구\청안동\index.html","경남 창원시 진해구 청안동 장기렌트·자동차리스 가격비교 | 행복한렌트몰","경남 창원시 진해구 청안동 장기렌트와 자동차리스 이용조건을 행복한렌트몰에서 비교하고 차량별 견적과 지역별 상담 정보를 확인해보세요.","같은 차라도 조건은 다릅니다.비교하고 더 좋은 조건을 찾으세요."
"gyeongnam\changwon-si\진해구\충무동\index.html","경남 창원시 진해구 충무동 장기렌트·자동차리스 가격비교 | 행복한렌트몰","경남 창원시 진해구 충무동 장기렌트와 자동차리스 이용조건을 행복한렌트몰에서 비교하고 차량별 견적과 지역별 상담 정보를 확인해보세요.","같은 차라도 조건은 다릅니다.비교하고 더 좋은 조건을 찾으세요."
"gyeongnam\changwon-si\진해구\충의동\index.html","경남 창원시 진해구 충의동 장기렌트·자동차리스 가격비교 | 행복한렌트몰","경남 창원시 진해구 충의동 장기렌트와 자동차리스 이용조건을 행복한렌트몰에서 비교하고 차량별 견적과 지역별 상담 정보를 확인해보세요.","같은 차라도 조건은 다릅니다.비교하고 더 좋은 조건을 찾으세요."
"gyeongnam\changwon-si\진해구\태백동\index.html","경남 창원시 진해구 태백동 장기렌트·자동차리스 가격비교 | 행복한렌트몰","경남 창원시 진해구 태백동 장기렌트와 자동차리스 이용조건을 행복한렌트몰에서 비교하고 차량별 견적과 지역별 상담 정보를 확인해보세요.","같은 차라도 조건은 다릅니다.비교하고 더 좋은 조건을 찾으세요."
"gyeongnam\changwon-si\진해구\태평동\index.html","경남 창원시 진해구 태평동 장기렌트·자동차리스 가격비교 | 행복한렌트몰","경남 창원시 진해구 태평동 장기렌트와 자동차리스 이용조건을 행복한렌트몰에서 비교하고 차량별 견적과 지역별 상담 정보를 확인해보세요.","같은 차라도 조건은 다릅니다.비교하고 더 좋은 조건을 찾으세요."
"gyeongnam\changwon-si\진해구\통신동\index.html","경남 창원시 진해구 통신동 장기렌트·자동차리스 가격비교 | 행복한렌트몰","경남 창원시 진해구 통신동 장기렌트와 자동차리스 이용조건을 행복한렌트몰에서 비교하고 차량별 견적과 지역별 상담 정보를 확인해보세요.","같은 차라도 조건은 다릅니다.비교하고 더 좋은 조건을 찾으세요."
"gyeongnam\changwon-si\진해구\평안동\index.html","경남 창원시 진해구 평안동 장기렌트·자동차리스 가격비교 | 행복한렌트몰","경남 창원시 진해구 평안동 장기렌트와 자동차리스 이용조건을 행복한렌트몰에서 비교하고 차량별 견적과 지역별 상담 정보를 확인해보세요.","같은 차라도 조건은 다릅니다.비교하고 더 좋은 조건을 찾으세요."
"gyeongnam\changwon-si\진해구\풍호동\index.html","경남 창원시 진해구 풍호동 장기렌트·자동차리스 가격비교 | 행복한렌트몰","경남 창원시 진해구 풍호동 장기렌트와 자동차리스 이용조건을 행복한렌트몰에서 비교하고 차량별 견적과 지역별 상담 정보를 확인해보세요.","같은 차라도 조건은 다릅니다.비교하고 더 좋은 조건을 찾으세요."
"gyeongnam\changwon-si\진해구\행암동\index.html","경남 창원시 진해구 행암동 장기렌트·자동차리스 가격비교 | 행복한렌트몰","경남 창원시 진해구 행암동 장기렌트와 자동차리스 이용조건을 행복한렌트몰에서 비교하고 차량별 견적과 지역별 상담 정보를 확인해보세요.","같은 차라도 조건은 다릅니다.비교하고 더 좋은 조건을 찾으세요."
"gyeongnam\changwon-si\진해구\현동\index.html","경남 창원시 진해구 현동 장기렌트·자동차리스 가격비교 | 행복한렌트몰","경남 창원시 진해구 현동 장기렌트와 자동차리스 이용조건을 행복한렌트몰에서 비교하고 차량별 견적과 지역별 상담 정보를 확인해보세요.","같은 차라도 조건은 다릅니다.비교하고 더 좋은 조건을 찾으세요."
"gyeongnam\changwon-si\진해구\화천동\index.html","경남 창원시 진해구 화천동 장기렌트·자동차리스 가격비교 | 행복한렌트몰","경남 창원시 진해구 화천동 장기렌트와 자동차리스 이용조건을 행복한렌트몰에서 비교하고 차량별 견적과 지역별 상담 정보를 확인해보세요.","같은 차라도 조건은 다릅니다.비교하고 더 좋은 조건을 찾으세요."
"gyeongnam\changwon-si\진해구\회현동\index.html","경남 창원시 진해구 회현동 장기렌트·자동차리스 가격비교 | 행복한렌트몰","경남 창원시 진해구 회현동 장기렌트와 자동차리스 이용조건을 행복한렌트몰에서 비교하고 차량별 견적과 지역별 상담 정보를 확인해보세요.","같은 차라도 조건은 다릅니다.비교하고 더 좋은 조건을 찾으세요."
"gyeongnam\geochang-gun\index.html","경남 거창군 장기렌트·자동차리스 가격비교 | 행복한렌트몰","경남 거창군 장기렌트와 자동차리스 조건을 행복한렌트몰에서 비교하고 지역별 상담 정보를 확인해보세요.","같은 차라도 조건은 다릅니다.비교하고 더 좋은 조건을 찾으세요."
"gyeongnam\geochang-gun\가북면\index.html","경남 거창군 가북면 장기렌트·자동차리스 가격비교 | 행복한렌트몰","경남 거창군 가북면 장기렌트와 자동차리스 이용조건을 행복한렌트몰에서 비교하고 차량별 견적과 지역별 상담 정보를 확인해보세요.","같은 차라도 조건은 다릅니다.비교하고 더 좋은 조건을 찾으세요."
"gyeongnam\geochang-gun\가조면\index.html","경남 거창군 가조면 장기렌트·자동차리스 가격비교 | 행복한렌트몰","경남 거창군 가조면 장기렌트와 자동차리스 이용조건을 행복한렌트몰에서 비교하고 차량별 견적과 지역별 상담 정보를 확인해보세요.","같은 차라도 조건은 다릅니다.비교하고 더 좋은 조건을 찾으세요."
"gyeongnam\geochang-gun\거창읍\index.html","경남 거창군 거창읍 장기렌트·자동차리스 가격비교 | 행복한렌트몰","경남 거창군 거창읍 장기렌트와 자동차리스 이용조건을 행복한렌트몰에서 비교하고 차량별 견적과 지역별 상담 정보를 확인해보세요.","같은 차라도 조건은 다릅니다.비교하고 더 좋은 조건을 찾으세요."
"gyeongnam\geochang-gun\고제면\index.html","경남 거창군 고제면 장기렌트·자동차리스 가격비교 | 행복한렌트몰","경남 거창군 고제면 장기렌트와 자동차리스 이용조건을 행복한렌트몰에서 비교하고 차량별 견적과 지역별 상담 정보를 확인해보세요.","같은 차라도 조건은 다릅니다.비교하고 더 좋은 조건을 찾으세요."
"gyeongnam\geochang-gun\남상면\index.html","경남 거창군 남상면 장기렌트·자동차리스 가격비교 | 행복한렌트몰","경남 거창군 남상면 장기렌트와 자동차리스 이용조건을 행복한렌트몰에서 비교하고 차량별 견적과 지역별 상담 정보를 확인해보세요.","같은 차라도 조건은 다릅니다.비교하고 더 좋은 조건을 찾으세요."
"gyeongnam\geochang-gun\남하면\index.html","경남 거창군 남하면 장기렌트·자동차리스 가격비교 | 행복한렌트몰","경남 거창군 남하면 장기렌트와 자동차리스 이용조건을 행복한렌트몰에서 비교하고 차량별 견적과 지역별 상담 정보를 확인해보세요.","같은 차라도 조건은 다릅니다.비교하고 더 좋은 조건을 찾으세요."
"gyeongnam\geochang-gun\마리면\index.html","경남 거창군 마리면 장기렌트·자동차리스 가격비교 | 행복한렌트몰","경남 거창군 마리면 장기렌트와 자동차리스 이용조건을 행복한렌트몰에서 비교하고 차량별 견적과 지역별 상담 정보를 확인해보세요.","같은 차라도 조건은 다릅니다.비교하고 더 좋은 조건을 찾으세요."
"gyeongnam\geochang-gun\북상면\index.html","경남 거창군 북상면 장기렌트·자동차리스 가격비교 | 행복한렌트몰","경남 거창군 북상면 장기렌트와 자동차리스 이용조건을 행복한렌트몰에서 비교하고 차량별 견적과 지역별 상담 정보를 확인해보세요.","같은 차라도 조건은 다릅니다.비교하고 더 좋은 조건을 찾으세요."
"gyeongnam\geochang-gun\신원면\index.html","경남 거창군 신원면 장기렌트·자동차리스 가격비교 | 행복한렌트몰","경남 거창군 신원면 장기렌트와 자동차리스 이용조건을 행복한렌트몰에서 비교하고 차량별 견적과 지역별 상담 정보를 확인해보세요.","같은 차라도 조건은 다릅니다.비교하고 더 좋은 조건을 찾으세요."
"gyeongnam\geochang-gun\웅양면\index.html","경남 거창군 웅양면 장기렌트·자동차리스 가격비교 | 행복한렌트몰","경남 거창군 웅양면 장기렌트와 자동차리스 이용조건을 행복한렌트몰에서 비교하고 차량별 견적과 지역별 상담 정보를 확인해보세요.","같은 차라도 조건은 다릅니다.비교하고 더 좋은 조건을 찾으세요."
"gyeongnam\geochang-gun\위천면\index.html","경남 거창군 위천면 장기렌트·자동차리스 가격비교 | 행복한렌트몰","경남 거창군 위천면 장기렌트와 자동차리스 이용조건을 행복한렌트몰에서 비교하고 차량별 견적과 지역별 상담 정보를 확인해보세요.","같은 차라도 조건은 다릅니다.비교하고 더 좋은 조건을 찾으세요."
"gyeongnam\geochang-gun\주상면\index.html","경남 거창군 주상면 장기렌트·자동차리스 가격비교 | 행복한렌트몰","경남 거창군 주상면 장기렌트와 자동차리스 이용조건을 행복한렌트몰에서 비교하고 차량별 견적과 지역별 상담 정보를 확인해보세요.","같은 차라도 조건은 다릅니다.비교하고 더 좋은 조건을 찾으세요."
"gyeongnam\geoje-si\index.html","경남 거제시 장기렌트·자동차리스 가격비교 | 행복한렌트몰","경남 거제시 장기렌트와 자동차리스 조건을 행복한렌트몰에서 비교하고 지역별 상담 정보를 확인해보세요.","같은 차라도 조건은 다릅니다.비교하고 더 좋은 조건을 찾으세요."
"gyeongnam\geoje-si\거제면\index.html","경남 거제시 거제면 장기렌트·자동차리스 가격비교 | 행복한렌트몰","경남 거제시 거제면 장기렌트와 자동차리스 이용조건을 행복한렌트몰에서 비교하고 차량별 견적과 지역별 상담 정보를 확인해보세요.","같은 차라도 조건은 다릅니다.비교하고 더 좋은 조건을 찾으세요."
"gyeongnam\geoje-si\고현동\index.html","경남 거제시 고현동 장기렌트·자동차리스 가격비교 | 행복한렌트몰","경남 거제시 고현동 장기렌트와 자동차리스 이용조건을 행복한렌트몰에서 비교하고 차량별 견적과 지역별 상담 정보를 확인해보세요.","같은 차라도 조건은 다릅니다.비교하고 더 좋은 조건을 찾으세요."
"gyeongnam\geoje-si\남부면\index.html","경남 거제시 남부면 장기렌트·자동차리스 가격비교 | 행복한렌트몰","경남 거제시 남부면 장기렌트와 자동차리스 이용조건을 행복한렌트몰에서 비교하고 차량별 견적과 지역별 상담 정보를 확인해보세요.","같은 차라도 조건은 다릅니다.비교하고 더 좋은 조건을 찾으세요."
"gyeongnam\geoje-si\능포동\index.html","경남 거제시 능포동 장기렌트·자동차리스 가격비교 | 행복한렌트몰","경남 거제시 능포동 장기렌트와 자동차리스 이용조건을 행복한렌트몰에서 비교하고 차량별 견적과 지역별 상담 정보를 확인해보세요.","같은 차라도 조건은 다릅니다.비교하고 더 좋은 조건을 찾으세요."
"gyeongnam\geoje-si\덕포동\index.html","경남 거제시 덕포동 장기렌트·자동차리스 가격비교 | 행복한렌트몰","경남 거제시 덕포동 장기렌트와 자동차리스 이용조건을 행복한렌트몰에서 비교하고 차량별 견적과 지역별 상담 정보를 확인해보세요.","같은 차라도 조건은 다릅니다.비교하고 더 좋은 조건을 찾으세요."
"gyeongnam\geoje-si\동부면\index.html","경남 거제시 동부면 장기렌트·자동차리스 가격비교 | 행복한렌트몰","경남 거제시 동부면 장기렌트와 자동차리스 이용조건을 행복한렌트몰에서 비교하고 차량별 견적과 지역별 상담 정보를 확인해보세요.","같은 차라도 조건은 다릅니다.비교하고 더 좋은 조건을 찾으세요."
"gyeongnam\geoje-si\두모동\index.html","경남 거제시 두모동 장기렌트·자동차리스 가격비교 | 행복한렌트몰","경남 거제시 두모동 장기렌트와 자동차리스 이용조건을 행복한렌트몰에서 비교하고 차량별 견적과 지역별 상담 정보를 확인해보세요.","같은 차라도 조건은 다릅니다.비교하고 더 좋은 조건을 찾으세요."
"gyeongnam\geoje-si\둔덕면\index.html","경남 거제시 둔덕면 장기렌트·자동차리스 가격비교 | 행복한렌트몰","경남 거제시 둔덕면 장기렌트와 자동차리스 이용조건을 행복한렌트몰에서 비교하고 차량별 견적과 지역별 상담 정보를 확인해보세요.","같은 차라도 조건은 다릅니다.비교하고 더 좋은 조건을 찾으세요."
"gyeongnam\geoje-si\문동동\index.html","경남 거제시 문동동 장기렌트·자동차리스 가격비교 | 행복한렌트몰","경남 거제시 문동동 장기렌트와 자동차리스 이용조건을 행복한렌트몰에서 비교하고 차량별 견적과 지역별 상담 정보를 확인해보세요.","같은 차라도 조건은 다릅니다.비교하고 더 좋은 조건을 찾으세요."
"gyeongnam\geoje-si\사등면\index.html","경남 거제시 사등면 장기렌트·자동차리스 가격비교 | 행복한렌트몰","경남 거제시 사등면 장기렌트와 자동차리스 이용조건을 행복한렌트몰에서 비교하고 차량별 견적과 지역별 상담 정보를 확인해보세요.","같은 차라도 조건은 다릅니다.비교하고 더 좋은 조건을 찾으세요."
"gyeongnam\geoje-si\삼거동\index.html","경남 거제시 삼거동 장기렌트·자동차리스 가격비교 | 행복한렌트몰","경남 거제시 삼거동 장기렌트와 자동차리스 이용조건을 행복한렌트몰에서 비교하고 차량별 견적과 지역별 상담 정보를 확인해보세요.","같은 차라도 조건은 다릅니다.비교하고 더 좋은 조건을 찾으세요."
"gyeongnam\geoje-si\상동동\index.html","경남 거제시 상동동 장기렌트·자동차리스 가격비교 | 행복한렌트몰","경남 거제시 상동동 장기렌트와 자동차리스 이용조건을 행복한렌트몰에서 비교하고 차량별 견적과 지역별 상담 정보를 확인해보세요.","같은 차라도 조건은 다릅니다.비교하고 더 좋은 조건을 찾으세요."
"gyeongnam\geoje-si\수월동\index.html","경남 거제시 수월동 장기렌트·자동차리스 가격비교 | 행복한렌트몰","경남 거제시 수월동 장기렌트와 자동차리스 이용조건을 행복한렌트몰에서 비교하고 차량별 견적과 지역별 상담 정보를 확인해보세요.","같은 차라도 조건은 다릅니다.비교하고 더 좋은 조건을 찾으세요."
"gyeongnam\geoje-si\아양동\index.html","경남 거제시 아양동 장기렌트·자동차리스 가격비교 | 행복한렌트몰","경남 거제시 아양동 장기렌트와 자동차리스 이용조건을 행복한렌트몰에서 비교하고 차량별 견적과 지역별 상담 정보를 확인해보세요.","같은 차라도 조건은 다릅니다.비교하고 더 좋은 조건을 찾으세요."
"gyeongnam\geoje-si\아주동\index.html","경남 거제시 아주동 장기렌트·자동차리스 가격비교 | 행복한렌트몰","경남 거제시 아주동 장기렌트와 자동차리스 이용조건을 행복한렌트몰에서 비교하고 차량별 견적과 지역별 상담 정보를 확인해보세요.","같은 차라도 조건은 다릅니다.비교하고 더 좋은 조건을 찾으세요."
"gyeongnam\geoje-si\양정동\index.html","경남 거제시 양정동 장기렌트·자동차리스 가격비교 | 행복한렌트몰","경남 거제시 양정동 장기렌트와 자동차리스 이용조건을 행복한렌트몰에서 비교하고 차량별 견적과 지역별 상담 정보를 확인해보세요.","같은 차라도 조건은 다릅니다.비교하고 더 좋은 조건을 찾으세요."
"gyeongnam\geoje-si\연초면\index.html","경남 거제시 연초면 장기렌트·자동차리스 가격비교 | 행복한렌트몰","경남 거제시 연초면 장기렌트와 자동차리스 이용조건을 행복한렌트몰에서 비교하고 차량별 견적과 지역별 상담 정보를 확인해보세요.","같은 차라도 조건은 다릅니다.비교하고 더 좋은 조건을 찾으세요."
"gyeongnam\geoje-si\옥포동\index.html","경남 거제시 옥포동 장기렌트·자동차리스 가격비교 | 행복한렌트몰","경남 거제시 옥포동 장기렌트와 자동차리스 이용조건을 행복한렌트몰에서 비교하고 차량별 견적과 지역별 상담 정보를 확인해보세요.","같은 차라도 조건은 다릅니다.비교하고 더 좋은 조건을 찾으세요."
"gyeongnam\geoje-si\일운면\index.html","경남 거제시 일운면 장기렌트·자동차리스 가격비교 | 행복한렌트몰","경남 거제시 일운면 장기렌트와 자동차리스 이용조건을 행복한렌트몰에서 비교하고 차량별 견적과 지역별 상담 정보를 확인해보세요.","같은 차라도 조건은 다릅니다.비교하고 더 좋은 조건을 찾으세요."
"gyeongnam\geoje-si\장목면\index.html","경남 거제시 장목면 장기렌트·자동차리스 가격비교 | 행복한렌트몰","경남 거제시 장목면 장기렌트와 자동차리스 이용조건을 행복한렌트몰에서 비교하고 차량별 견적과 지역별 상담 정보를 확인해보세요.","같은 차라도 조건은 다릅니다.비교하고 더 좋은 조건을 찾으세요."
"gyeongnam\geoje-si\장승포동\index.html","경남 거제시 장승포동 장기렌트·자동차리스 가격비교 | 행복한렌트몰","경남 거제시 장승포동 장기렌트와 자동차리스 이용조건을 행복한렌트몰에서 비교하고 차량별 견적과 지역별 상담 정보를 확인해보세요.","같은 차라도 조건은 다릅니다.비교하고 더 좋은 조건을 찾으세요."
"gyeongnam\geoje-si\장평동\index.html","경남 거제시 장평동 장기렌트·자동차리스 가격비교 | 행복한렌트몰","경남 거제시 장평동 장기렌트와 자동차리스 이용조건을 행복한렌트몰에서 비교하고 차량별 견적과 지역별 상담 정보를 확인해보세요.","같은 차라도 조건은 다릅니다.비교하고 더 좋은 조건을 찾으세요."
"gyeongnam\geoje-si\하청면\index.html","경남 거제시 하청면 장기렌트·자동차리스 가격비교 | 행복한렌트몰","경남 거제시 하청면 장기렌트와 자동차리스 이용조건을 행복한렌트몰에서 비교하고 차량별 견적과 지역별 상담 정보를 확인해보세요.","같은 차라도 조건은 다릅니다.비교하고 더 좋은 조건을 찾으세요."
"gyeongnam\gimhae-si\index.html","경남 김해시 장기렌트·자동차리스 가격비교 | 행복한렌트몰","경남 김해시 장기렌트와 자동차리스 조건을 행복한렌트몰에서 비교하고 지역별 상담 정보를 확인해보세요.","같은 차라도 조건은 다릅니다.비교하고 더 좋은 조건을 찾으세요."
"gyeongnam\gimhae-si\강동\index.html","경남 김해시 강동 장기렌트·자동차리스 가격비교 | 행복한렌트몰","경남 김해시 강동 장기렌트와 자동차리스 이용조건을 행복한렌트몰에서 비교하고 차량별 견적과 지역별 상담 정보를 확인해보세요.","같은 차라도 조건은 다릅니다.비교하고 더 좋은 조건을 찾으세요."
"gyeongnam\gimhae-si\관동동\index.html","경남 김해시 관동동 장기렌트·자동차리스 가격비교 | 행복한렌트몰","경남 김해시 관동동 장기렌트와 자동차리스 이용조건을 행복한렌트몰에서 비교하고 차량별 견적과 지역별 상담 정보를 확인해보세요.","같은 차라도 조건은 다릅니다.비교하고 더 좋은 조건을 찾으세요."
"gyeongnam\gimhae-si\구산동\index.html","경남 김해시 구산동 장기렌트·자동차리스 가격비교 | 행복한렌트몰","경남 김해시 구산동 장기렌트와 자동차리스 이용조건을 행복한렌트몰에서 비교하고 차량별 견적과 지역별 상담 정보를 확인해보세요.","같은 차라도 조건은 다릅니다.비교하고 더 좋은 조건을 찾으세요."
"gyeongnam\gimhae-si\내덕동\index.html","경남 김해시 내덕동 장기렌트·자동차리스 가격비교 | 행복한렌트몰","경남 김해시 내덕동 장기렌트와 자동차리스 이용조건을 행복한렌트몰에서 비교하고 차량별 견적과 지역별 상담 정보를 확인해보세요.","같은 차라도 조건은 다릅니다.비교하고 더 좋은 조건을 찾으세요."
"gyeongnam\gimhae-si\내동\index.html","경남 김해시 내동 장기렌트·자동차리스 가격비교 | 행복한렌트몰","경남 김해시 내동 장기렌트와 자동차리스 이용조건을 행복한렌트몰에서 비교하고 차량별 견적과 지역별 상담 정보를 확인해보세요.","같은 차라도 조건은 다릅니다.비교하고 더 좋은 조건을 찾으세요."
"gyeongnam\gimhae-si\대동면\index.html","경남 김해시 대동면 장기렌트·자동차리스 가격비교 | 행복한렌트몰","경남 김해시 대동면 장기렌트와 자동차리스 이용조건을 행복한렌트몰에서 비교하고 차량별 견적과 지역별 상담 정보를 확인해보세요.","같은 차라도 조건은 다릅니다.비교하고 더 좋은 조건을 찾으세요."
"gyeongnam\gimhae-si\대성동\index.html","경남 김해시 대성동 장기렌트·자동차리스 가격비교 | 행복한렌트몰","경남 김해시 대성동 장기렌트와 자동차리스 이용조건을 행복한렌트몰에서 비교하고 차량별 견적과 지역별 상담 정보를 확인해보세요.","같은 차라도 조건은 다릅니다.비교하고 더 좋은 조건을 찾으세요."
"gyeongnam\gimhae-si\대청동\index.html","경남 김해시 대청동 장기렌트·자동차리스 가격비교 | 행복한렌트몰","경남 김해시 대청동 장기렌트와 자동차리스 이용조건을 행복한렌트몰에서 비교하고 차량별 견적과 지역별 상담 정보를 확인해보세요.","같은 차라도 조건은 다릅니다.비교하고 더 좋은 조건을 찾으세요."
"gyeongnam\gimhae-si\동상동\index.html","경남 김해시 동상동 장기렌트·자동차리스 가격비교 | 행복한렌트몰","경남 김해시 동상동 장기렌트와 자동차리스 이용조건을 행복한렌트몰에서 비교하고 차량별 견적과 지역별 상담 정보를 확인해보세요.","같은 차라도 조건은 다릅니다.비교하고 더 좋은 조건을 찾으세요."
"gyeongnam\gimhae-si\명법동\index.html","경남 김해시 명법동 장기렌트·자동차리스 가격비교 | 행복한렌트몰","경남 김해시 명법동 장기렌트와 자동차리스 이용조건을 행복한렌트몰에서 비교하고 차량별 견적과 지역별 상담 정보를 확인해보세요.","같은 차라도 조건은 다릅니다.비교하고 더 좋은 조건을 찾으세요."
"gyeongnam\gimhae-si\무계동\index.html","경남 김해시 무계동 장기렌트·자동차리스 가격비교 | 행복한렌트몰","경남 김해시 무계동 장기렌트와 자동차리스 이용조건을 행복한렌트몰에서 비교하고 차량별 견적과 지역별 상담 정보를 확인해보세요.","같은 차라도 조건은 다릅니다.비교하고 더 좋은 조건을 찾으세요."
"gyeongnam\gimhae-si\봉황동\index.html","경남 김해시 봉황동 장기렌트·자동차리스 가격비교 | 행복한렌트몰","경남 김해시 봉황동 장기렌트와 자동차리스 이용조건을 행복한렌트몰에서 비교하고 차량별 견적과 지역별 상담 정보를 확인해보세요.","같은 차라도 조건은 다릅니다.비교하고 더 좋은 조건을 찾으세요."
"gyeongnam\gimhae-si\부곡동\index.html","경남 김해시 부곡동 장기렌트·자동차리스 가격비교 | 행복한렌트몰","경남 김해시 부곡동 장기렌트와 자동차리스 이용조건을 행복한렌트몰에서 비교하고 차량별 견적과 지역별 상담 정보를 확인해보세요.","같은 차라도 조건은 다릅니다.비교하고 더 좋은 조건을 찾으세요."
"gyeongnam\gimhae-si\부원동\index.html","경남 김해시 부원동 장기렌트·자동차리스 가격비교 | 행복한렌트몰","경남 김해시 부원동 장기렌트와 자동차리스 이용조건을 행복한렌트몰에서 비교하고 차량별 견적과 지역별 상담 정보를 확인해보세요.","같은 차라도 조건은 다릅니다.비교하고 더 좋은 조건을 찾으세요."
"gyeongnam\gimhae-si\불암동\index.html","경남 김해시 불암동 장기렌트·자동차리스 가격비교 | 행복한렌트몰","경남 김해시 불암동 장기렌트와 자동차리스 이용조건을 행복한렌트몰에서 비교하고 차량별 견적과 지역별 상담 정보를 확인해보세요.","같은 차라도 조건은 다릅니다.비교하고 더 좋은 조건을 찾으세요."
"gyeongnam\gimhae-si\삼계동\index.html","경남 김해시 삼계동 장기렌트·자동차리스 가격비교 | 행복한렌트몰","경남 김해시 삼계동 장기렌트와 자동차리스 이용조건을 행복한렌트몰에서 비교하고 차량별 견적과 지역별 상담 정보를 확인해보세요.","같은 차라도 조건은 다릅니다.비교하고 더 좋은 조건을 찾으세요."
"gyeongnam\gimhae-si\삼문동\index.html","경남 김해시 삼문동 장기렌트·자동차리스 가격비교 | 행복한렌트몰","경남 김해시 삼문동 장기렌트와 자동차리스 이용조건을 행복한렌트몰에서 비교하고 차량별 견적과 지역별 상담 정보를 확인해보세요.","같은 차라도 조건은 다릅니다.비교하고 더 좋은 조건을 찾으세요."
"gyeongnam\gimhae-si\삼방동\index.html","경남 김해시 삼방동 장기렌트·자동차리스 가격비교 | 행복한렌트몰","경남 김해시 삼방동 장기렌트와 자동차리스 이용조건을 행복한렌트몰에서 비교하고 차량별 견적과 지역별 상담 정보를 확인해보세요.","같은 차라도 조건은 다릅니다.비교하고 더 좋은 조건을 찾으세요."
"gyeongnam\gimhae-si\삼정동\index.html","경남 김해시 삼정동 장기렌트·자동차리스 가격비교 | 행복한렌트몰","경남 김해시 삼정동 장기렌트와 자동차리스 이용조건을 행복한렌트몰에서 비교하고 차량별 견적과 지역별 상담 정보를 확인해보세요.","같은 차라도 조건은 다릅니다.비교하고 더 좋은 조건을 찾으세요."
"gyeongnam\gimhae-si\상동면\index.html","경남 김해시 상동면 장기렌트·자동차리스 가격비교 | 행복한렌트몰","경남 김해시 상동면 장기렌트와 자동차리스 이용조건을 행복한렌트몰에서 비교하고 차량별 견적과 지역별 상담 정보를 확인해보세요.","같은 차라도 조건은 다릅니다.비교하고 더 좋은 조건을 찾으세요."
"gyeongnam\gimhae-si\생림면\index.html","경남 김해시 생림면 장기렌트·자동차리스 가격비교 | 행복한렌트몰","경남 김해시 생림면 장기렌트와 자동차리스 이용조건을 행복한렌트몰에서 비교하고 차량별 견적과 지역별 상담 정보를 확인해보세요.","같은 차라도 조건은 다릅니다.비교하고 더 좋은 조건을 찾으세요."
"gyeongnam\gimhae-si\서상동\index.html","경남 김해시 서상동 장기렌트·자동차리스 가격비교 | 행복한렌트몰","경남 김해시 서상동 장기렌트와 자동차리스 이용조건을 행복한렌트몰에서 비교하고 차량별 견적과 지역별 상담 정보를 확인해보세요.","같은 차라도 조건은 다릅니다.비교하고 더 좋은 조건을 찾으세요."
"gyeongnam\gimhae-si\수가동\index.html","경남 김해시 수가동 장기렌트·자동차리스 가격비교 | 행복한렌트몰","경남 김해시 수가동 장기렌트와 자동차리스 이용조건을 행복한렌트몰에서 비교하고 차량별 견적과 지역별 상담 정보를 확인해보세요.","같은 차라도 조건은 다릅니다.비교하고 더 좋은 조건을 찾으세요."
"gyeongnam\gimhae-si\신문동\index.html","경남 김해시 신문동 장기렌트·자동차리스 가격비교 | 행복한렌트몰","경남 김해시 신문동 장기렌트와 자동차리스 이용조건을 행복한렌트몰에서 비교하고 차량별 견적과 지역별 상담 정보를 확인해보세요.","같은 차라도 조건은 다릅니다.비교하고 더 좋은 조건을 찾으세요."
"gyeongnam\gimhae-si\안동\index.html","경남 김해시 안동 장기렌트·자동차리스 가격비교 | 행복한렌트몰","경남 김해시 안동 장기렌트와 자동차리스 이용조건을 행복한렌트몰에서 비교하고 차량별 견적과 지역별 상담 정보를 확인해보세요.","같은 차라도 조건은 다릅니다.비교하고 더 좋은 조건을 찾으세요."
"gyeongnam\gimhae-si\어방동\index.html","경남 김해시 어방동 장기렌트·자동차리스 가격비교 | 행복한렌트몰","경남 김해시 어방동 장기렌트와 자동차리스 이용조건을 행복한렌트몰에서 비교하고 차량별 견적과 지역별 상담 정보를 확인해보세요.","같은 차라도 조건은 다릅니다.비교하고 더 좋은 조건을 찾으세요."
"gyeongnam\gimhae-si\외동\index.html","경남 김해시 외동 장기렌트·자동차리스 가격비교 | 행복한렌트몰","경남 김해시 외동 장기렌트와 자동차리스 이용조건을 행복한렌트몰에서 비교하고 차량별 견적과 지역별 상담 정보를 확인해보세요.","같은 차라도 조건은 다릅니다.비교하고 더 좋은 조건을 찾으세요."
"gyeongnam\gimhae-si\유하동\index.html","경남 김해시 유하동 장기렌트·자동차리스 가격비교 | 행복한렌트몰","경남 김해시 유하동 장기렌트와 자동차리스 이용조건을 행복한렌트몰에서 비교하고 차량별 견적과 지역별 상담 정보를 확인해보세요.","같은 차라도 조건은 다릅니다.비교하고 더 좋은 조건을 찾으세요."
"gyeongnam\gimhae-si\율하동\index.html","경남 김해시 율하동 장기렌트·자동차리스 가격비교 | 행복한렌트몰","경남 김해시 율하동 장기렌트와 자동차리스 이용조건을 행복한렌트몰에서 비교하고 차량별 견적과 지역별 상담 정보를 확인해보세요.","같은 차라도 조건은 다릅니다.비교하고 더 좋은 조건을 찾으세요."
"gyeongnam\gimhae-si\응달동\index.html","경남 김해시 응달동 장기렌트·자동차리스 가격비교 | 행복한렌트몰","경남 김해시 응달동 장기렌트와 자동차리스 이용조건을 행복한렌트몰에서 비교하고 차량별 견적과 지역별 상담 정보를 확인해보세요.","같은 차라도 조건은 다릅니다.비교하고 더 좋은 조건을 찾으세요."
"gyeongnam\gimhae-si\이동\index.html","경남 김해시 이동 장기렌트·자동차리스 가격비교 | 행복한렌트몰","경남 김해시 이동 장기렌트와 자동차리스 이용조건을 행복한렌트몰에서 비교하고 차량별 견적과 지역별 상담 정보를 확인해보세요.","같은 차라도 조건은 다릅니다.비교하고 더 좋은 조건을 찾으세요."
"gyeongnam\gimhae-si\장유동\index.html","경남 김해시 장유동 장기렌트·자동차리스 가격비교 | 행복한렌트몰","경남 김해시 장유동 장기렌트와 자동차리스 이용조건을 행복한렌트몰에서 비교하고 차량별 견적과 지역별 상담 정보를 확인해보세요.","같은 차라도 조건은 다릅니다.비교하고 더 좋은 조건을 찾으세요."
"gyeongnam\gimhae-si\전하동\index.html","경남 김해시 전하동 장기렌트·자동차리스 가격비교 | 행복한렌트몰","경남 김해시 전하동 장기렌트와 자동차리스 이용조건을 행복한렌트몰에서 비교하고 차량별 견적과 지역별 상담 정보를 확인해보세요.","같은 차라도 조건은 다릅니다.비교하고 더 좋은 조건을 찾으세요."
"gyeongnam\gimhae-si\주촌면\index.html","경남 김해시 주촌면 장기렌트·자동차리스 가격비교 | 행복한렌트몰","경남 김해시 주촌면 장기렌트와 자동차리스 이용조건을 행복한렌트몰에서 비교하고 차량별 견적과 지역별 상담 정보를 확인해보세요.","같은 차라도 조건은 다릅니다.비교하고 더 좋은 조건을 찾으세요."
"gyeongnam\gimhae-si\지내동\index.html","경남 김해시 지내동 장기렌트·자동차리스 가격비교 | 행복한렌트몰","경남 김해시 지내동 장기렌트와 자동차리스 이용조건을 행복한렌트몰에서 비교하고 차량별 견적과 지역별 상담 정보를 확인해보세요.","같은 차라도 조건은 다릅니다.비교하고 더 좋은 조건을 찾으세요."
"gyeongnam\gimhae-si\진례면\index.html","경남 김해시 진례면 장기렌트·자동차리스 가격비교 | 행복한렌트몰","경남 김해시 진례면 장기렌트와 자동차리스 이용조건을 행복한렌트몰에서 비교하고 차량별 견적과 지역별 상담 정보를 확인해보세요.","같은 차라도 조건은 다릅니다.비교하고 더 좋은 조건을 찾으세요."
"gyeongnam\gimhae-si\진영읍\index.html","경남 김해시 진영읍 장기렌트·자동차리스 가격비교 | 행복한렌트몰","경남 김해시 진영읍 장기렌트와 자동차리스 이용조건을 행복한렌트몰에서 비교하고 차량별 견적과 지역별 상담 정보를 확인해보세요.","같은 차라도 조건은 다릅니다.비교하고 더 좋은 조건을 찾으세요."
"gyeongnam\gimhae-si\풍유동\index.html","경남 김해시 풍유동 장기렌트·자동차리스 가격비교 | 행복한렌트몰","경남 김해시 풍유동 장기렌트와 자동차리스 이용조건을 행복한렌트몰에서 비교하고 차량별 견적과 지역별 상담 정보를 확인해보세요.","같은 차라도 조건은 다릅니다.비교하고 더 좋은 조건을 찾으세요."
"gyeongnam\gimhae-si\한림면\index.html","경남 김해시 한림면 장기렌트·자동차리스 가격비교 | 행복한렌트몰","경남 김해시 한림면 장기렌트와 자동차리스 이용조건을 행복한렌트몰에서 비교하고 차량별 견적과 지역별 상담 정보를 확인해보세요.","같은 차라도 조건은 다릅니다.비교하고 더 좋은 조건을 찾으세요."
"gyeongnam\gimhae-si\화목동\index.html","경남 김해시 화목동 장기렌트·자동차리스 가격비교 | 행복한렌트몰","경남 김해시 화목동 장기렌트와 자동차리스 이용조건을 행복한렌트몰에서 비교하고 차량별 견적과 지역별 상담 정보를 확인해보세요.","같은 차라도 조건은 다릅니다.비교하고 더 좋은 조건을 찾으세요."
"gyeongnam\gimhae-si\흥동\index.html","경남 김해시 흥동 장기렌트·자동차리스 가격비교 | 행복한렌트몰","경남 김해시 흥동 장기렌트와 자동차리스 이용조건을 행복한렌트몰에서 비교하고 차량별 견적과 지역별 상담 정보를 확인해보세요.","같은 차라도 조건은 다릅니다.비교하고 더 좋은 조건을 찾으세요."
"gyeongnam\goseong-gun\index.html","경남 고성군 장기렌트·자동차리스 가격비교 | 행복한렌트몰","경남 고성군 장기렌트와 자동차리스 조건을 행복한렌트몰에서 비교하고 지역별 상담 정보를 확인해보세요.","같은 차라도 조건은 다릅니다.비교하고 더 좋은 조건을 찾으세요."
"gyeongnam\goseong-gun\개천면\index.html","경남 고성군 개천면 장기렌트·자동차리스 가격비교 | 행복한렌트몰","경남 고성군 개천면 장기렌트와 자동차리스 이용조건을 행복한렌트몰에서 비교하고 차량별 견적과 지역별 상담 정보를 확인해보세요.","같은 차라도 조건은 다릅니다.비교하고 더 좋은 조건을 찾으세요."
"gyeongnam\goseong-gun\거류면\index.html","경남 고성군 거류면 장기렌트·자동차리스 가격비교 | 행복한렌트몰","경남 고성군 거류면 장기렌트와 자동차리스 이용조건을 행복한렌트몰에서 비교하고 차량별 견적과 지역별 상담 정보를 확인해보세요.","같은 차라도 조건은 다릅니다.비교하고 더 좋은 조건을 찾으세요."
"gyeongnam\goseong-gun\고성읍\index.html","경남 고성군 고성읍 장기렌트·자동차리스 가격비교 | 행복한렌트몰","경남 고성군 고성읍 장기렌트와 자동차리스 이용조건을 행복한렌트몰에서 비교하고 차량별 견적과 지역별 상담 정보를 확인해보세요.","같은 차라도 조건은 다릅니다.비교하고 더 좋은 조건을 찾으세요."
"gyeongnam\goseong-gun\구만면\index.html","경남 고성군 구만면 장기렌트·자동차리스 가격비교 | 행복한렌트몰","경남 고성군 구만면 장기렌트와 자동차리스 이용조건을 행복한렌트몰에서 비교하고 차량별 견적과 지역별 상담 정보를 확인해보세요.","같은 차라도 조건은 다릅니다.비교하고 더 좋은 조건을 찾으세요."
"gyeongnam\goseong-gun\대가면\index.html","경남 고성군 대가면 장기렌트·자동차리스 가격비교 | 행복한렌트몰","경남 고성군 대가면 장기렌트와 자동차리스 이용조건을 행복한렌트몰에서 비교하고 차량별 견적과 지역별 상담 정보를 확인해보세요.","같은 차라도 조건은 다릅니다.비교하고 더 좋은 조건을 찾으세요."
"gyeongnam\goseong-gun\동해면\index.html","경남 고성군 동해면 장기렌트·자동차리스 가격비교 | 행복한렌트몰","경남 고성군 동해면 장기렌트와 자동차리스 이용조건을 행복한렌트몰에서 비교하고 차량별 견적과 지역별 상담 정보를 확인해보세요.","같은 차라도 조건은 다릅니다.비교하고 더 좋은 조건을 찾으세요."
"gyeongnam\goseong-gun\마암면\index.html","경남 고성군 마암면 장기렌트·자동차리스 가격비교 | 행복한렌트몰","경남 고성군 마암면 장기렌트와 자동차리스 이용조건을 행복한렌트몰에서 비교하고 차량별 견적과 지역별 상담 정보를 확인해보세요.","같은 차라도 조건은 다릅니다.비교하고 더 좋은 조건을 찾으세요."
"gyeongnam\goseong-gun\삼산면\index.html","경남 고성군 삼산면 장기렌트·자동차리스 가격비교 | 행복한렌트몰","경남 고성군 삼산면 장기렌트와 자동차리스 이용조건을 행복한렌트몰에서 비교하고 차량별 견적과 지역별 상담 정보를 확인해보세요.","같은 차라도 조건은 다릅니다.비교하고 더 좋은 조건을 찾으세요."
"gyeongnam\goseong-gun\상리면\index.html","경남 고성군 상리면 장기렌트·자동차리스 가격비교 | 행복한렌트몰","경남 고성군 상리면 장기렌트와 자동차리스 이용조건을 행복한렌트몰에서 비교하고 차량별 견적과 지역별 상담 정보를 확인해보세요.","같은 차라도 조건은 다릅니다.비교하고 더 좋은 조건을 찾으세요."
"gyeongnam\goseong-gun\영오면\index.html","경남 고성군 영오면 장기렌트·자동차리스 가격비교 | 행복한렌트몰","경남 고성군 영오면 장기렌트와 자동차리스 이용조건을 행복한렌트몰에서 비교하고 차량별 견적과 지역별 상담 정보를 확인해보세요.","같은 차라도 조건은 다릅니다.비교하고 더 좋은 조건을 찾으세요."
"gyeongnam\goseong-gun\영현면\index.html","경남 고성군 영현면 장기렌트·자동차리스 가격비교 | 행복한렌트몰","경남 고성군 영현면 장기렌트와 자동차리스 이용조건을 행복한렌트몰에서 비교하고 차량별 견적과 지역별 상담 정보를 확인해보세요.","같은 차라도 조건은 다릅니다.비교하고 더 좋은 조건을 찾으세요."
"gyeongnam\goseong-gun\하이면\index.html","경남 고성군 하이면 장기렌트·자동차리스 가격비교 | 행복한렌트몰","경남 고성군 하이면 장기렌트와 자동차리스 이용조건을 행복한렌트몰에서 비교하고 차량별 견적과 지역별 상담 정보를 확인해보세요.","같은 차라도 조건은 다릅니다.비교하고 더 좋은 조건을 찾으세요."
"gyeongnam\goseong-gun\하일면\index.html","경남 고성군 하일면 장기렌트·자동차리스 가격비교 | 행복한렌트몰","경남 고성군 하일면 장기렌트와 자동차리스 이용조건을 행복한렌트몰에서 비교하고 차량별 견적과 지역별 상담 정보를 확인해보세요.","같은 차라도 조건은 다릅니다.비교하고 더 좋은 조건을 찾으세요."
"gyeongnam\goseong-gun\회화면\index.html","경남 고성군 회화면 장기렌트·자동차리스 가격비교 | 행복한렌트몰","경남 고성군 회화면 장기렌트와 자동차리스 이용조건을 행복한렌트몰에서 비교하고 차량별 견적과 지역별 상담 정보를 확인해보세요.","같은 차라도 조건은 다릅니다.비교하고 더 좋은 조건을 찾으세요."
"gyeongnam\hadong-gun\index.html","경남 하동군 장기렌트·자동차리스 가격비교 | 행복한렌트몰","경남 하동군 장기렌트와 자동차리스 조건을 행복한렌트몰에서 비교하고 지역별 상담 정보를 확인해보세요.","같은 차라도 조건은 다릅니다.비교하고 더 좋은 조건을 찾으세요."
"gyeongnam\hadong-gun\고전면\index.html","경남 하동군 고전면 장기렌트·자동차리스 가격비교 | 행복한렌트몰","경남 하동군 고전면 장기렌트와 자동차리스 이용조건을 행복한렌트몰에서 비교하고 차량별 견적과 지역별 상담 정보를 확인해보세요.","같은 차라도 조건은 다릅니다.비교하고 더 좋은 조건을 찾으세요."
"gyeongnam\hadong-gun\금남면\index.html","경남 하동군 금남면 장기렌트·자동차리스 가격비교 | 행복한렌트몰","경남 하동군 금남면 장기렌트와 자동차리스 이용조건을 행복한렌트몰에서 비교하고 차량별 견적과 지역별 상담 정보를 확인해보세요.","같은 차라도 조건은 다릅니다.비교하고 더 좋은 조건을 찾으세요."
"gyeongnam\hadong-gun\금성면\index.html","경남 하동군 금성면 장기렌트·자동차리스 가격비교 | 행복한렌트몰","경남 하동군 금성면 장기렌트와 자동차리스 이용조건을 행복한렌트몰에서 비교하고 차량별 견적과 지역별 상담 정보를 확인해보세요.","같은 차라도 조건은 다릅니다.비교하고 더 좋은 조건을 찾으세요."
"gyeongnam\hadong-gun\북천면\index.html","경남 하동군 북천면 장기렌트·자동차리스 가격비교 | 행복한렌트몰","경남 하동군 북천면 장기렌트와 자동차리스 이용조건을 행복한렌트몰에서 비교하고 차량별 견적과 지역별 상담 정보를 확인해보세요.","같은 차라도 조건은 다릅니다.비교하고 더 좋은 조건을 찾으세요."
"gyeongnam\hadong-gun\악양면\index.html","경남 하동군 악양면 장기렌트·자동차리스 가격비교 | 행복한렌트몰","경남 하동군 악양면 장기렌트와 자동차리스 이용조건을 행복한렌트몰에서 비교하고 차량별 견적과 지역별 상담 정보를 확인해보세요.","같은 차라도 조건은 다릅니다.비교하고 더 좋은 조건을 찾으세요."
"gyeongnam\hadong-gun\양보면\index.html","경남 하동군 양보면 장기렌트·자동차리스 가격비교 | 행복한렌트몰","경남 하동군 양보면 장기렌트와 자동차리스 이용조건을 행복한렌트몰에서 비교하고 차량별 견적과 지역별 상담 정보를 확인해보세요.","같은 차라도 조건은 다릅니다.비교하고 더 좋은 조건을 찾으세요."
"gyeongnam\hadong-gun\옥종면\index.html","경남 하동군 옥종면 장기렌트·자동차리스 가격비교 | 행복한렌트몰","경남 하동군 옥종면 장기렌트와 자동차리스 이용조건을 행복한렌트몰에서 비교하고 차량별 견적과 지역별 상담 정보를 확인해보세요.","같은 차라도 조건은 다릅니다.비교하고 더 좋은 조건을 찾으세요."
"gyeongnam\hadong-gun\적량면\index.html","경남 하동군 적량면 장기렌트·자동차리스 가격비교 | 행복한렌트몰","경남 하동군 적량면 장기렌트와 자동차리스 이용조건을 행복한렌트몰에서 비교하고 차량별 견적과 지역별 상담 정보를 확인해보세요.","같은 차라도 조건은 다릅니다.비교하고 더 좋은 조건을 찾으세요."
"gyeongnam\hadong-gun\진교면\index.html","경남 하동군 진교면 장기렌트·자동차리스 가격비교 | 행복한렌트몰","경남 하동군 진교면 장기렌트와 자동차리스 이용조건을 행복한렌트몰에서 비교하고 차량별 견적과 지역별 상담 정보를 확인해보세요.","같은 차라도 조건은 다릅니다.비교하고 더 좋은 조건을 찾으세요."
"gyeongnam\hadong-gun\청암면\index.html","경남 하동군 청암면 장기렌트·자동차리스 가격비교 | 행복한렌트몰","경남 하동군 청암면 장기렌트와 자동차리스 이용조건을 행복한렌트몰에서 비교하고 차량별 견적과 지역별 상담 정보를 확인해보세요.","같은 차라도 조건은 다릅니다.비교하고 더 좋은 조건을 찾으세요."
"gyeongnam\hadong-gun\하동읍\index.html","경남 하동군 하동읍 장기렌트·자동차리스 가격비교 | 행복한렌트몰","경남 하동군 하동읍 장기렌트와 자동차리스 이용조건을 행복한렌트몰에서 비교하고 차량별 견적과 지역별 상담 정보를 확인해보세요.","같은 차라도 조건은 다릅니다.비교하고 더 좋은 조건을 찾으세요."
"gyeongnam\hadong-gun\화개면\index.html","경남 하동군 화개면 장기렌트·자동차리스 가격비교 | 행복한렌트몰","경남 하동군 화개면 장기렌트와 자동차리스 이용조건을 행복한렌트몰에서 비교하고 차량별 견적과 지역별 상담 정보를 확인해보세요.","같은 차라도 조건은 다릅니다.비교하고 더 좋은 조건을 찾으세요."
"gyeongnam\hadong-gun\횡천면\index.html","경남 하동군 횡천면 장기렌트·자동차리스 가격비교 | 행복한렌트몰","경남 하동군 횡천면 장기렌트와 자동차리스 이용조건을 행복한렌트몰에서 비교하고 차량별 견적과 지역별 상담 정보를 확인해보세요.","같은 차라도 조건은 다릅니다.비교하고 더 좋은 조건을 찾으세요."
"gyeongnam\haman-gun\index.html","경남 함안군 장기렌트·자동차리스 가격비교 | 행복한렌트몰","경남 함안군 장기렌트와 자동차리스 조건을 행복한렌트몰에서 비교하고 지역별 상담 정보를 확인해보세요.","같은 차라도 조건은 다릅니다.비교하고 더 좋은 조건을 찾으세요."
"gyeongnam\haman-gun\가야읍\index.html","경남 함안군 가야읍 장기렌트·자동차리스 가격비교 | 행복한렌트몰","경남 함안군 가야읍 장기렌트와 자동차리스 이용조건을 행복한렌트몰에서 비교하고 차량별 견적과 지역별 상담 정보를 확인해보세요.","같은 차라도 조건은 다릅니다.비교하고 더 좋은 조건을 찾으세요."
"gyeongnam\haman-gun\군북면\index.html","경남 함안군 군북면 장기렌트·자동차리스 가격비교 | 행복한렌트몰","경남 함안군 군북면 장기렌트와 자동차리스 이용조건을 행복한렌트몰에서 비교하고 차량별 견적과 지역별 상담 정보를 확인해보세요.","같은 차라도 조건은 다릅니다.비교하고 더 좋은 조건을 찾으세요."
"gyeongnam\haman-gun\대산면\index.html","경남 함안군 대산면 장기렌트·자동차리스 가격비교 | 행복한렌트몰","경남 함안군 대산면 장기렌트와 자동차리스 이용조건을 행복한렌트몰에서 비교하고 차량별 견적과 지역별 상담 정보를 확인해보세요.","같은 차라도 조건은 다릅니다.비교하고 더 좋은 조건을 찾으세요."
"gyeongnam\haman-gun\법수면\index.html","경남 함안군 법수면 장기렌트·자동차리스 가격비교 | 행복한렌트몰","경남 함안군 법수면 장기렌트와 자동차리스 이용조건을 행복한렌트몰에서 비교하고 차량별 견적과 지역별 상담 정보를 확인해보세요.","같은 차라도 조건은 다릅니다.비교하고 더 좋은 조건을 찾으세요."
"gyeongnam\haman-gun\산인면\index.html","경남 함안군 산인면 장기렌트·자동차리스 가격비교 | 행복한렌트몰","경남 함안군 산인면 장기렌트와 자동차리스 이용조건을 행복한렌트몰에서 비교하고 차량별 견적과 지역별 상담 정보를 확인해보세요.","같은 차라도 조건은 다릅니다.비교하고 더 좋은 조건을 찾으세요."
"gyeongnam\haman-gun\여항면\index.html","경남 함안군 여항면 장기렌트·자동차리스 가격비교 | 행복한렌트몰","경남 함안군 여항면 장기렌트와 자동차리스 이용조건을 행복한렌트몰에서 비교하고 차량별 견적과 지역별 상담 정보를 확인해보세요.","같은 차라도 조건은 다릅니다.비교하고 더 좋은 조건을 찾으세요."
"gyeongnam\haman-gun\칠북면\index.html","경남 함안군 칠북면 장기렌트·자동차리스 가격비교 | 행복한렌트몰","경남 함안군 칠북면 장기렌트와 자동차리스 이용조건을 행복한렌트몰에서 비교하고 차량별 견적과 지역별 상담 정보를 확인해보세요.","같은 차라도 조건은 다릅니다.비교하고 더 좋은 조건을 찾으세요."
"gyeongnam\haman-gun\칠서면\index.html","경남 함안군 칠서면 장기렌트·자동차리스 가격비교 | 행복한렌트몰","경남 함안군 칠서면 장기렌트와 자동차리스 이용조건을 행복한렌트몰에서 비교하고 차량별 견적과 지역별 상담 정보를 확인해보세요.","같은 차라도 조건은 다릅니다.비교하고 더 좋은 조건을 찾으세요."
"gyeongnam\haman-gun\칠원읍\index.html","경남 함안군 칠원읍 장기렌트·자동차리스 가격비교 | 행복한렌트몰","경남 함안군 칠원읍 장기렌트와 자동차리스 이용조건을 행복한렌트몰에서 비교하고 차량별 견적과 지역별 상담 정보를 확인해보세요.","같은 차라도 조건은 다릅니다.비교하고 더 좋은 조건을 찾으세요."
"gyeongnam\haman-gun\함안면\index.html","경남 함안군 함안면 장기렌트·자동차리스 가격비교 | 행복한렌트몰","경남 함안군 함안면 장기렌트와 자동차리스 이용조건을 행복한렌트몰에서 비교하고 차량별 견적과 지역별 상담 정보를 확인해보세요.","같은 차라도 조건은 다릅니다.비교하고 더 좋은 조건을 찾으세요."
"gyeongnam\hamyang-gun\index.html","경남 함양군 장기렌트·자동차리스 가격비교 | 행복한렌트몰","경남 함양군 장기렌트와 자동차리스 조건을 행복한렌트몰에서 비교하고 지역별 상담 정보를 확인해보세요.","같은 차라도 조건은 다릅니다.비교하고 더 좋은 조건을 찾으세요."
"gyeongnam\hamyang-gun\마천면\index.html","경남 함양군 마천면 장기렌트·자동차리스 가격비교 | 행복한렌트몰","경남 함양군 마천면 장기렌트와 자동차리스 이용조건을 행복한렌트몰에서 비교하고 차량별 견적과 지역별 상담 정보를 확인해보세요.","같은 차라도 조건은 다릅니다.비교하고 더 좋은 조건을 찾으세요."
"gyeongnam\hamyang-gun\백전면\index.html","경남 함양군 백전면 장기렌트·자동차리스 가격비교 | 행복한렌트몰","경남 함양군 백전면 장기렌트와 자동차리스 이용조건을 행복한렌트몰에서 비교하고 차량별 견적과 지역별 상담 정보를 확인해보세요.","같은 차라도 조건은 다릅니다.비교하고 더 좋은 조건을 찾으세요."
"gyeongnam\hamyang-gun\병곡면\index.html","경남 함양군 병곡면 장기렌트·자동차리스 가격비교 | 행복한렌트몰","경남 함양군 병곡면 장기렌트와 자동차리스 이용조건을 행복한렌트몰에서 비교하고 차량별 견적과 지역별 상담 정보를 확인해보세요.","같은 차라도 조건은 다릅니다.비교하고 더 좋은 조건을 찾으세요."
"gyeongnam\hamyang-gun\서상면\index.html","경남 함양군 서상면 장기렌트·자동차리스 가격비교 | 행복한렌트몰","경남 함양군 서상면 장기렌트와 자동차리스 이용조건을 행복한렌트몰에서 비교하고 차량별 견적과 지역별 상담 정보를 확인해보세요.","같은 차라도 조건은 다릅니다.비교하고 더 좋은 조건을 찾으세요."
"gyeongnam\hamyang-gun\서하면\index.html","경남 함양군 서하면 장기렌트·자동차리스 가격비교 | 행복한렌트몰","경남 함양군 서하면 장기렌트와 자동차리스 이용조건을 행복한렌트몰에서 비교하고 차량별 견적과 지역별 상담 정보를 확인해보세요.","같은 차라도 조건은 다릅니다.비교하고 더 좋은 조건을 찾으세요."
"gyeongnam\hamyang-gun\수동면\index.html","경남 함양군 수동면 장기렌트·자동차리스 가격비교 | 행복한렌트몰","경남 함양군 수동면 장기렌트와 자동차리스 이용조건을 행복한렌트몰에서 비교하고 차량별 견적과 지역별 상담 정보를 확인해보세요.","같은 차라도 조건은 다릅니다.비교하고 더 좋은 조건을 찾으세요."
"gyeongnam\hamyang-gun\안의면\index.html","경남 함양군 안의면 장기렌트·자동차리스 가격비교 | 행복한렌트몰","경남 함양군 안의면 장기렌트와 자동차리스 이용조건을 행복한렌트몰에서 비교하고 차량별 견적과 지역별 상담 정보를 확인해보세요.","같은 차라도 조건은 다릅니다.비교하고 더 좋은 조건을 찾으세요."
"gyeongnam\hamyang-gun\유림면\index.html","경남 함양군 유림면 장기렌트·자동차리스 가격비교 | 행복한렌트몰","경남 함양군 유림면 장기렌트와 자동차리스 이용조건을 행복한렌트몰에서 비교하고 차량별 견적과 지역별 상담 정보를 확인해보세요.","같은 차라도 조건은 다릅니다.비교하고 더 좋은 조건을 찾으세요."
"gyeongnam\hamyang-gun\지곡면\index.html","경남 함양군 지곡면 장기렌트·자동차리스 가격비교 | 행복한렌트몰","경남 함양군 지곡면 장기렌트와 자동차리스 이용조건을 행복한렌트몰에서 비교하고 차량별 견적과 지역별 상담 정보를 확인해보세요.","같은 차라도 조건은 다릅니다.비교하고 더 좋은 조건을 찾으세요."
"gyeongnam\hamyang-gun\함양읍\index.html","경남 함양군 함양읍 장기렌트·자동차리스 가격비교 | 행복한렌트몰","경남 함양군 함양읍 장기렌트와 자동차리스 이용조건을 행복한렌트몰에서 비교하고 차량별 견적과 지역별 상담 정보를 확인해보세요.","같은 차라도 조건은 다릅니다.비교하고 더 좋은 조건을 찾으세요."
"gyeongnam\hamyang-gun\휴천면\index.html","경남 함양군 휴천면 장기렌트·자동차리스 가격비교 | 행복한렌트몰","경남 함양군 휴천면 장기렌트와 자동차리스 이용조건을 행복한렌트몰에서 비교하고 차량별 견적과 지역별 상담 정보를 확인해보세요.","같은 차라도 조건은 다릅니다.비교하고 더 좋은 조건을 찾으세요."
"gyeongnam\hapcheon-gun\index.html","경남 합천군 장기렌트·자동차리스 가격비교 | 행복한렌트몰","경남 합천군 장기렌트와 자동차리스 조건을 행복한렌트몰에서 비교하고 지역별 상담 정보를 확인해보세요.","같은 차라도 조건은 다릅니다.비교하고 더 좋은 조건을 찾으세요."
"gyeongnam\hapcheon-gun\가야면\index.html","경남 합천군 가야면 장기렌트·자동차리스 가격비교 | 행복한렌트몰","경남 합천군 가야면 장기렌트와 자동차리스 이용조건을 행복한렌트몰에서 비교하고 차량별 견적과 지역별 상담 정보를 확인해보세요.","같은 차라도 조건은 다릅니다.비교하고 더 좋은 조건을 찾으세요."
"gyeongnam\hapcheon-gun\가회면\index.html","경남 합천군 가회면 장기렌트·자동차리스 가격비교 | 행복한렌트몰","경남 합천군 가회면 장기렌트와 자동차리스 이용조건을 행복한렌트몰에서 비교하고 차량별 견적과 지역별 상담 정보를 확인해보세요.","같은 차라도 조건은 다릅니다.비교하고 더 좋은 조건을 찾으세요."
"gyeongnam\hapcheon-gun\대병면\index.html","경남 합천군 대병면 장기렌트·자동차리스 가격비교 | 행복한렌트몰","경남 합천군 대병면 장기렌트와 자동차리스 이용조건을 행복한렌트몰에서 비교하고 차량별 견적과 지역별 상담 정보를 확인해보세요.","같은 차라도 조건은 다릅니다.비교하고 더 좋은 조건을 찾으세요."
"gyeongnam\hapcheon-gun\대양면\index.html","경남 합천군 대양면 장기렌트·자동차리스 가격비교 | 행복한렌트몰","경남 합천군 대양면 장기렌트와 자동차리스 이용조건을 행복한렌트몰에서 비교하고 차량별 견적과 지역별 상담 정보를 확인해보세요.","같은 차라도 조건은 다릅니다.비교하고 더 좋은 조건을 찾으세요."
"gyeongnam\hapcheon-gun\덕곡면\index.html","경남 합천군 덕곡면 장기렌트·자동차리스 가격비교 | 행복한렌트몰","경남 합천군 덕곡면 장기렌트와 자동차리스 이용조건을 행복한렌트몰에서 비교하고 차량별 견적과 지역별 상담 정보를 확인해보세요.","같은 차라도 조건은 다릅니다.비교하고 더 좋은 조건을 찾으세요."
"gyeongnam\hapcheon-gun\묘산면\index.html","경남 합천군 묘산면 장기렌트·자동차리스 가격비교 | 행복한렌트몰","경남 합천군 묘산면 장기렌트와 자동차리스 이용조건을 행복한렌트몰에서 비교하고 차량별 견적과 지역별 상담 정보를 확인해보세요.","같은 차라도 조건은 다릅니다.비교하고 더 좋은 조건을 찾으세요."
"gyeongnam\hapcheon-gun\봉산면\index.html","경남 합천군 봉산면 장기렌트·자동차리스 가격비교 | 행복한렌트몰","경남 합천군 봉산면 장기렌트와 자동차리스 이용조건을 행복한렌트몰에서 비교하고 차량별 견적과 지역별 상담 정보를 확인해보세요.","같은 차라도 조건은 다릅니다.비교하고 더 좋은 조건을 찾으세요."
"gyeongnam\hapcheon-gun\삼가면\index.html","경남 합천군 삼가면 장기렌트·자동차리스 가격비교 | 행복한렌트몰","경남 합천군 삼가면 장기렌트와 자동차리스 이용조건을 행복한렌트몰에서 비교하고 차량별 견적과 지역별 상담 정보를 확인해보세요.","같은 차라도 조건은 다릅니다.비교하고 더 좋은 조건을 찾으세요."
"gyeongnam\hapcheon-gun\쌍백면\index.html","경남 합천군 쌍백면 장기렌트·자동차리스 가격비교 | 행복한렌트몰","경남 합천군 쌍백면 장기렌트와 자동차리스 이용조건을 행복한렌트몰에서 비교하고 차량별 견적과 지역별 상담 정보를 확인해보세요.","같은 차라도 조건은 다릅니다.비교하고 더 좋은 조건을 찾으세요."
"gyeongnam\hapcheon-gun\쌍책면\index.html","경남 합천군 쌍책면 장기렌트·자동차리스 가격비교 | 행복한렌트몰","경남 합천군 쌍책면 장기렌트와 자동차리스 이용조건을 행복한렌트몰에서 비교하고 차량별 견적과 지역별 상담 정보를 확인해보세요.","같은 차라도 조건은 다릅니다.비교하고 더 좋은 조건을 찾으세요."
"gyeongnam\hapcheon-gun\야로면\index.html","경남 합천군 야로면 장기렌트·자동차리스 가격비교 | 행복한렌트몰","경남 합천군 야로면 장기렌트와 자동차리스 이용조건을 행복한렌트몰에서 비교하고 차량별 견적과 지역별 상담 정보를 확인해보세요.","같은 차라도 조건은 다릅니다.비교하고 더 좋은 조건을 찾으세요."
"gyeongnam\hapcheon-gun\용주면\index.html","경남 합천군 용주면 장기렌트·자동차리스 가격비교 | 행복한렌트몰","경남 합천군 용주면 장기렌트와 자동차리스 이용조건을 행복한렌트몰에서 비교하고 차량별 견적과 지역별 상담 정보를 확인해보세요.","같은 차라도 조건은 다릅니다.비교하고 더 좋은 조건을 찾으세요."
"gyeongnam\hapcheon-gun\율곡면\index.html","경남 합천군 율곡면 장기렌트·자동차리스 가격비교 | 행복한렌트몰","경남 합천군 율곡면 장기렌트와 자동차리스 이용조건을 행복한렌트몰에서 비교하고 차량별 견적과 지역별 상담 정보를 확인해보세요.","같은 차라도 조건은 다릅니다.비교하고 더 좋은 조건을 찾으세요."
"gyeongnam\hapcheon-gun\적중면\index.html","경남 합천군 적중면 장기렌트·자동차리스 가격비교 | 행복한렌트몰","경남 합천군 적중면 장기렌트와 자동차리스 이용조건을 행복한렌트몰에서 비교하고 차량별 견적과 지역별 상담 정보를 확인해보세요.","같은 차라도 조건은 다릅니다.비교하고 더 좋은 조건을 찾으세요."
"gyeongnam\hapcheon-gun\청덕면\index.html","경남 합천군 청덕면 장기렌트·자동차리스 가격비교 | 행복한렌트몰","경남 합천군 청덕면 장기렌트와 자동차리스 이용조건을 행복한렌트몰에서 비교하고 차량별 견적과 지역별 상담 정보를 확인해보세요.","같은 차라도 조건은 다릅니다.비교하고 더 좋은 조건을 찾으세요."
"gyeongnam\hapcheon-gun\초계면\index.html","경남 합천군 초계면 장기렌트·자동차리스 가격비교 | 행복한렌트몰","경남 합천군 초계면 장기렌트와 자동차리스 이용조건을 행복한렌트몰에서 비교하고 차량별 견적과 지역별 상담 정보를 확인해보세요.","같은 차라도 조건은 다릅니다.비교하고 더 좋은 조건을 찾으세요."
"gyeongnam\hapcheon-gun\합천읍\index.html","경남 합천군 합천읍 장기렌트·자동차리스 가격비교 | 행복한렌트몰","경남 합천군 합천읍 장기렌트와 자동차리스 이용조건을 행복한렌트몰에서 비교하고 차량별 견적과 지역별 상담 정보를 확인해보세요.","같은 차라도 조건은 다릅니다.비교하고 더 좋은 조건을 찾으세요."
"gyeongnam\jinju-si\index.html","경남 진주시 장기렌트·자동차리스 가격비교 | 행복한렌트몰","경남 진주시 장기렌트와 자동차리스 조건을 행복한렌트몰에서 비교하고 지역별 상담 정보를 확인해보세요.","같은 차라도 조건은 다릅니다.비교하고 더 좋은 조건을 찾으세요."
"gyeongnam\jinju-si\가좌동\index.html","경남 진주시 가좌동 장기렌트·자동차리스 가격비교 | 행복한렌트몰","경남 진주시 가좌동 장기렌트와 자동차리스 이용조건을 행복한렌트몰에서 비교하고 차량별 견적과 지역별 상담 정보를 확인해보세요.","같은 차라도 조건은 다릅니다.비교하고 더 좋은 조건을 찾으세요."
"gyeongnam\jinju-si\강남동\index.html","경남 진주시 강남동 장기렌트·자동차리스 가격비교 | 행복한렌트몰","경남 진주시 강남동 장기렌트와 자동차리스 이용조건을 행복한렌트몰에서 비교하고 차량별 견적과 지역별 상담 정보를 확인해보세요.","같은 차라도 조건은 다릅니다.비교하고 더 좋은 조건을 찾으세요."
"gyeongnam\jinju-si\계동\index.html","경남 진주시 계동 장기렌트·자동차리스 가격비교 | 행복한렌트몰","경남 진주시 계동 장기렌트와 자동차리스 이용조건을 행복한렌트몰에서 비교하고 차량별 견적과 지역별 상담 정보를 확인해보세요.","같은 차라도 조건은 다릅니다.비교하고 더 좋은 조건을 찾으세요."
"gyeongnam\jinju-si\귀곡동\index.html","경남 진주시 귀곡동 장기렌트·자동차리스 가격비교 | 행복한렌트몰","경남 진주시 귀곡동 장기렌트와 자동차리스 이용조건을 행복한렌트몰에서 비교하고 차량별 견적과 지역별 상담 정보를 확인해보세요.","같은 차라도 조건은 다릅니다.비교하고 더 좋은 조건을 찾으세요."
"gyeongnam\jinju-si\금곡면\index.html","경남 진주시 금곡면 장기렌트·자동차리스 가격비교 | 행복한렌트몰","경남 진주시 금곡면 장기렌트와 자동차리스 이용조건을 행복한렌트몰에서 비교하고 차량별 견적과 지역별 상담 정보를 확인해보세요.","같은 차라도 조건은 다릅니다.비교하고 더 좋은 조건을 찾으세요."
"gyeongnam\jinju-si\금산면\index.html","경남 진주시 금산면 장기렌트·자동차리스 가격비교 | 행복한렌트몰","경남 진주시 금산면 장기렌트와 자동차리스 이용조건을 행복한렌트몰에서 비교하고 차량별 견적과 지역별 상담 정보를 확인해보세요.","같은 차라도 조건은 다릅니다.비교하고 더 좋은 조건을 찾으세요."
"gyeongnam\jinju-si\남성동\index.html","경남 진주시 남성동 장기렌트·자동차리스 가격비교 | 행복한렌트몰","경남 진주시 남성동 장기렌트와 자동차리스 이용조건을 행복한렌트몰에서 비교하고 차량별 견적과 지역별 상담 정보를 확인해보세요.","같은 차라도 조건은 다릅니다.비교하고 더 좋은 조건을 찾으세요."
"gyeongnam\jinju-si\내동면\index.html","경남 진주시 내동면 장기렌트·자동차리스 가격비교 | 행복한렌트몰","경남 진주시 내동면 장기렌트와 자동차리스 이용조건을 행복한렌트몰에서 비교하고 차량별 견적과 지역별 상담 정보를 확인해보세요.","같은 차라도 조건은 다릅니다.비교하고 더 좋은 조건을 찾으세요."
"gyeongnam\jinju-si\대곡면\index.html","경남 진주시 대곡면 장기렌트·자동차리스 가격비교 | 행복한렌트몰","경남 진주시 대곡면 장기렌트와 자동차리스 이용조건을 행복한렌트몰에서 비교하고 차량별 견적과 지역별 상담 정보를 확인해보세요.","같은 차라도 조건은 다릅니다.비교하고 더 좋은 조건을 찾으세요."
"gyeongnam\jinju-si\대안동\index.html","경남 진주시 대안동 장기렌트·자동차리스 가격비교 | 행복한렌트몰","경남 진주시 대안동 장기렌트와 자동차리스 이용조건을 행복한렌트몰에서 비교하고 차량별 견적과 지역별 상담 정보를 확인해보세요.","같은 차라도 조건은 다릅니다.비교하고 더 좋은 조건을 찾으세요."
"gyeongnam\jinju-si\대평면\index.html","경남 진주시 대평면 장기렌트·자동차리스 가격비교 | 행복한렌트몰","경남 진주시 대평면 장기렌트와 자동차리스 이용조건을 행복한렌트몰에서 비교하고 차량별 견적과 지역별 상담 정보를 확인해보세요.","같은 차라도 조건은 다릅니다.비교하고 더 좋은 조건을 찾으세요."
"gyeongnam\jinju-si\동성동\index.html","경남 진주시 동성동 장기렌트·자동차리스 가격비교 | 행복한렌트몰","경남 진주시 동성동 장기렌트와 자동차리스 이용조건을 행복한렌트몰에서 비교하고 차량별 견적과 지역별 상담 정보를 확인해보세요.","같은 차라도 조건은 다릅니다.비교하고 더 좋은 조건을 찾으세요."
"gyeongnam\jinju-si\망경동\index.html","경남 진주시 망경동 장기렌트·자동차리스 가격비교 | 행복한렌트몰","경남 진주시 망경동 장기렌트와 자동차리스 이용조건을 행복한렌트몰에서 비교하고 차량별 견적과 지역별 상담 정보를 확인해보세요.","같은 차라도 조건은 다릅니다.비교하고 더 좋은 조건을 찾으세요."
"gyeongnam\jinju-si\명석면\index.html","경남 진주시 명석면 장기렌트·자동차리스 가격비교 | 행복한렌트몰","경남 진주시 명석면 장기렌트와 자동차리스 이용조건을 행복한렌트몰에서 비교하고 차량별 견적과 지역별 상담 정보를 확인해보세요.","같은 차라도 조건은 다릅니다.비교하고 더 좋은 조건을 찾으세요."
"gyeongnam\jinju-si\문산읍\index.html","경남 진주시 문산읍 장기렌트·자동차리스 가격비교 | 행복한렌트몰","경남 진주시 문산읍 장기렌트와 자동차리스 이용조건을 행복한렌트몰에서 비교하고 차량별 견적과 지역별 상담 정보를 확인해보세요.","같은 차라도 조건은 다릅니다.비교하고 더 좋은 조건을 찾으세요."
"gyeongnam\jinju-si\미천면\index.html","경남 진주시 미천면 장기렌트·자동차리스 가격비교 | 행복한렌트몰","경남 진주시 미천면 장기렌트와 자동차리스 이용조건을 행복한렌트몰에서 비교하고 차량별 견적과 지역별 상담 정보를 확인해보세요.","같은 차라도 조건은 다릅니다.비교하고 더 좋은 조건을 찾으세요."
"gyeongnam\jinju-si\본성동\index.html","경남 진주시 본성동 장기렌트·자동차리스 가격비교 | 행복한렌트몰","경남 진주시 본성동 장기렌트와 자동차리스 이용조건을 행복한렌트몰에서 비교하고 차량별 견적과 지역별 상담 정보를 확인해보세요.","같은 차라도 조건은 다릅니다.비교하고 더 좋은 조건을 찾으세요."
"gyeongnam\jinju-si\봉곡동\index.html","경남 진주시 봉곡동 장기렌트·자동차리스 가격비교 | 행복한렌트몰","경남 진주시 봉곡동 장기렌트와 자동차리스 이용조건을 행복한렌트몰에서 비교하고 차량별 견적과 지역별 상담 정보를 확인해보세요.","같은 차라도 조건은 다릅니다.비교하고 더 좋은 조건을 찾으세요."
"gyeongnam\jinju-si\봉래동\index.html","경남 진주시 봉래동 장기렌트·자동차리스 가격비교 | 행복한렌트몰","경남 진주시 봉래동 장기렌트와 자동차리스 이용조건을 행복한렌트몰에서 비교하고 차량별 견적과 지역별 상담 정보를 확인해보세요.","같은 차라도 조건은 다릅니다.비교하고 더 좋은 조건을 찾으세요."
"gyeongnam\jinju-si\사봉면\index.html","경남 진주시 사봉면 장기렌트·자동차리스 가격비교 | 행복한렌트몰","경남 진주시 사봉면 장기렌트와 자동차리스 이용조건을 행복한렌트몰에서 비교하고 차량별 견적과 지역별 상담 정보를 확인해보세요.","같은 차라도 조건은 다릅니다.비교하고 더 좋은 조건을 찾으세요."
"gyeongnam\jinju-si\상대동\index.html","경남 진주시 상대동 장기렌트·자동차리스 가격비교 | 행복한렌트몰","경남 진주시 상대동 장기렌트와 자동차리스 이용조건을 행복한렌트몰에서 비교하고 차량별 견적과 지역별 상담 정보를 확인해보세요.","같은 차라도 조건은 다릅니다.비교하고 더 좋은 조건을 찾으세요."
"gyeongnam\jinju-si\상봉동\index.html","경남 진주시 상봉동 장기렌트·자동차리스 가격비교 | 행복한렌트몰","경남 진주시 상봉동 장기렌트와 자동차리스 이용조건을 행복한렌트몰에서 비교하고 차량별 견적과 지역별 상담 정보를 확인해보세요.","같은 차라도 조건은 다릅니다.비교하고 더 좋은 조건을 찾으세요."
"gyeongnam\jinju-si\상평동\index.html","경남 진주시 상평동 장기렌트·자동차리스 가격비교 | 행복한렌트몰","경남 진주시 상평동 장기렌트와 자동차리스 이용조건을 행복한렌트몰에서 비교하고 차량별 견적과 지역별 상담 정보를 확인해보세요.","같은 차라도 조건은 다릅니다.비교하고 더 좋은 조건을 찾으세요."
"gyeongnam\jinju-si\수곡면\index.html","경남 진주시 수곡면 장기렌트·자동차리스 가격비교 | 행복한렌트몰","경남 진주시 수곡면 장기렌트와 자동차리스 이용조건을 행복한렌트몰에서 비교하고 차량별 견적과 지역별 상담 정보를 확인해보세요.","같은 차라도 조건은 다릅니다.비교하고 더 좋은 조건을 찾으세요."
"gyeongnam\jinju-si\수정동\index.html","경남 진주시 수정동 장기렌트·자동차리스 가격비교 | 행복한렌트몰","경남 진주시 수정동 장기렌트와 자동차리스 이용조건을 행복한렌트몰에서 비교하고 차량별 견적과 지역별 상담 정보를 확인해보세요.","같은 차라도 조건은 다릅니다.비교하고 더 좋은 조건을 찾으세요."
"gyeongnam\jinju-si\신안동\index.html","경남 진주시 신안동 장기렌트·자동차리스 가격비교 | 행복한렌트몰","경남 진주시 신안동 장기렌트와 자동차리스 이용조건을 행복한렌트몰에서 비교하고 차량별 견적과 지역별 상담 정보를 확인해보세요.","같은 차라도 조건은 다릅니다.비교하고 더 좋은 조건을 찾으세요."
"gyeongnam\jinju-si\옥봉동\index.html","경남 진주시 옥봉동 장기렌트·자동차리스 가격비교 | 행복한렌트몰","경남 진주시 옥봉동 장기렌트와 자동차리스 이용조건을 행복한렌트몰에서 비교하고 차량별 견적과 지역별 상담 정보를 확인해보세요.","같은 차라도 조건은 다릅니다.비교하고 더 좋은 조건을 찾으세요."
"gyeongnam\jinju-si\유곡동\index.html","경남 진주시 유곡동 장기렌트·자동차리스 가격비교 | 행복한렌트몰","경남 진주시 유곡동 장기렌트와 자동차리스 이용조건을 행복한렌트몰에서 비교하고 차량별 견적과 지역별 상담 정보를 확인해보세요.","같은 차라도 조건은 다릅니다.비교하고 더 좋은 조건을 찾으세요."
"gyeongnam\jinju-si\이반성면\index.html","경남 진주시 이반성면 장기렌트·자동차리스 가격비교 | 행복한렌트몰","경남 진주시 이반성면 장기렌트와 자동차리스 이용조건을 행복한렌트몰에서 비교하고 차량별 견적과 지역별 상담 정보를 확인해보세요.","같은 차라도 조건은 다릅니다.비교하고 더 좋은 조건을 찾으세요."
"gyeongnam\jinju-si\이현동\index.html","경남 진주시 이현동 장기렌트·자동차리스 가격비교 | 행복한렌트몰","경남 진주시 이현동 장기렌트와 자동차리스 이용조건을 행복한렌트몰에서 비교하고 차량별 견적과 지역별 상담 정보를 확인해보세요.","같은 차라도 조건은 다릅니다.비교하고 더 좋은 조건을 찾으세요."
"gyeongnam\jinju-si\인사동\index.html","경남 진주시 인사동 장기렌트·자동차리스 가격비교 | 행복한렌트몰","경남 진주시 인사동 장기렌트와 자동차리스 이용조건을 행복한렌트몰에서 비교하고 차량별 견적과 지역별 상담 정보를 확인해보세요.","같은 차라도 조건은 다릅니다.비교하고 더 좋은 조건을 찾으세요."
"gyeongnam\jinju-si\일반성면\index.html","경남 진주시 일반성면 장기렌트·자동차리스 가격비교 | 행복한렌트몰","경남 진주시 일반성면 장기렌트와 자동차리스 이용조건을 행복한렌트몰에서 비교하고 차량별 견적과 지역별 상담 정보를 확인해보세요.","같은 차라도 조건은 다릅니다.비교하고 더 좋은 조건을 찾으세요."
"gyeongnam\jinju-si\장대동\index.html","경남 진주시 장대동 장기렌트·자동차리스 가격비교 | 행복한렌트몰","경남 진주시 장대동 장기렌트와 자동차리스 이용조건을 행복한렌트몰에서 비교하고 차량별 견적과 지역별 상담 정보를 확인해보세요.","같은 차라도 조건은 다릅니다.비교하고 더 좋은 조건을 찾으세요."
"gyeongnam\jinju-si\장재동\index.html","경남 진주시 장재동 장기렌트·자동차리스 가격비교 | 행복한렌트몰","경남 진주시 장재동 장기렌트와 자동차리스 이용조건을 행복한렌트몰에서 비교하고 차량별 견적과 지역별 상담 정보를 확인해보세요.","같은 차라도 조건은 다릅니다.비교하고 더 좋은 조건을 찾으세요."
"gyeongnam\jinju-si\정촌면\index.html","경남 진주시 정촌면 장기렌트·자동차리스 가격비교 | 행복한렌트몰","경남 진주시 정촌면 장기렌트와 자동차리스 이용조건을 행복한렌트몰에서 비교하고 차량별 견적과 지역별 상담 정보를 확인해보세요.","같은 차라도 조건은 다릅니다.비교하고 더 좋은 조건을 찾으세요."
"gyeongnam\jinju-si\주약동\index.html","경남 진주시 주약동 장기렌트·자동차리스 가격비교 | 행복한렌트몰","경남 진주시 주약동 장기렌트와 자동차리스 이용조건을 행복한렌트몰에서 비교하고 차량별 견적과 지역별 상담 정보를 확인해보세요.","같은 차라도 조건은 다릅니다.비교하고 더 좋은 조건을 찾으세요."
"gyeongnam\jinju-si\중안동\index.html","경남 진주시 중안동 장기렌트·자동차리스 가격비교 | 행복한렌트몰","경남 진주시 중안동 장기렌트와 자동차리스 이용조건을 행복한렌트몰에서 비교하고 차량별 견적과 지역별 상담 정보를 확인해보세요.","같은 차라도 조건은 다릅니다.비교하고 더 좋은 조건을 찾으세요."
"gyeongnam\jinju-si\지수면\index.html","경남 진주시 지수면 장기렌트·자동차리스 가격비교 | 행복한렌트몰","경남 진주시 지수면 장기렌트와 자동차리스 이용조건을 행복한렌트몰에서 비교하고 차량별 견적과 지역별 상담 정보를 확인해보세요.","같은 차라도 조건은 다릅니다.비교하고 더 좋은 조건을 찾으세요."
"gyeongnam\jinju-si\진성면\index.html","경남 진주시 진성면 장기렌트·자동차리스 가격비교 | 행복한렌트몰","경남 진주시 진성면 장기렌트와 자동차리스 이용조건을 행복한렌트몰에서 비교하고 차량별 견적과 지역별 상담 정보를 확인해보세요.","같은 차라도 조건은 다릅니다.비교하고 더 좋은 조건을 찾으세요."
"gyeongnam\jinju-si\집현면\index.html","경남 진주시 집현면 장기렌트·자동차리스 가격비교 | 행복한렌트몰","경남 진주시 집현면 장기렌트와 자동차리스 이용조건을 행복한렌트몰에서 비교하고 차량별 견적과 지역별 상담 정보를 확인해보세요.","같은 차라도 조건은 다릅니다.비교하고 더 좋은 조건을 찾으세요."
"gyeongnam\jinju-si\초전동\index.html","경남 진주시 초전동 장기렌트·자동차리스 가격비교 | 행복한렌트몰","경남 진주시 초전동 장기렌트와 자동차리스 이용조건을 행복한렌트몰에서 비교하고 차량별 견적과 지역별 상담 정보를 확인해보세요.","같은 차라도 조건은 다릅니다.비교하고 더 좋은 조건을 찾으세요."
"gyeongnam\jinju-si\충무공동\index.html","경남 진주시 충무공동 장기렌트·자동차리스 가격비교 | 행복한렌트몰","경남 진주시 충무공동 장기렌트와 자동차리스 이용조건을 행복한렌트몰에서 비교하고 차량별 견적과 지역별 상담 정보를 확인해보세요.","같은 차라도 조건은 다릅니다.비교하고 더 좋은 조건을 찾으세요."
"gyeongnam\jinju-si\칠암동\index.html","경남 진주시 칠암동 장기렌트·자동차리스 가격비교 | 행복한렌트몰","경남 진주시 칠암동 장기렌트와 자동차리스 이용조건을 행복한렌트몰에서 비교하고 차량별 견적과 지역별 상담 정보를 확인해보세요.","같은 차라도 조건은 다릅니다.비교하고 더 좋은 조건을 찾으세요."
"gyeongnam\jinju-si\판문동\index.html","경남 진주시 판문동 장기렌트·자동차리스 가격비교 | 행복한렌트몰","경남 진주시 판문동 장기렌트와 자동차리스 이용조건을 행복한렌트몰에서 비교하고 차량별 견적과 지역별 상담 정보를 확인해보세요.","같은 차라도 조건은 다릅니다.비교하고 더 좋은 조건을 찾으세요."
"gyeongnam\jinju-si\평거동\index.html","경남 진주시 평거동 장기렌트·자동차리스 가격비교 | 행복한렌트몰","경남 진주시 평거동 장기렌트와 자동차리스 이용조건을 행복한렌트몰에서 비교하고 차량별 견적과 지역별 상담 정보를 확인해보세요.","같은 차라도 조건은 다릅니다.비교하고 더 좋은 조건을 찾으세요."
"gyeongnam\jinju-si\평안동\index.html","경남 진주시 평안동 장기렌트·자동차리스 가격비교 | 행복한렌트몰","경남 진주시 평안동 장기렌트와 자동차리스 이용조건을 행복한렌트몰에서 비교하고 차량별 견적과 지역별 상담 정보를 확인해보세요.","같은 차라도 조건은 다릅니다.비교하고 더 좋은 조건을 찾으세요."
"gyeongnam\jinju-si\하대동\index.html","경남 진주시 하대동 장기렌트·자동차리스 가격비교 | 행복한렌트몰","경남 진주시 하대동 장기렌트와 자동차리스 이용조건을 행복한렌트몰에서 비교하고 차량별 견적과 지역별 상담 정보를 확인해보세요.","같은 차라도 조건은 다릅니다.비교하고 더 좋은 조건을 찾으세요."
"gyeongnam\jinju-si\하촌동\index.html","경남 진주시 하촌동 장기렌트·자동차리스 가격비교 | 행복한렌트몰","경남 진주시 하촌동 장기렌트와 자동차리스 이용조건을 행복한렌트몰에서 비교하고 차량별 견적과 지역별 상담 정보를 확인해보세요.","같은 차라도 조건은 다릅니다.비교하고 더 좋은 조건을 찾으세요."
"gyeongnam\jinju-si\호탄동\index.html","경남 진주시 호탄동 장기렌트·자동차리스 가격비교 | 행복한렌트몰","경남 진주시 호탄동 장기렌트와 자동차리스 이용조건을 행복한렌트몰에서 비교하고 차량별 견적과 지역별 상담 정보를 확인해보세요.","같은 차라도 조건은 다릅니다.비교하고 더 좋은 조건을 찾으세요."
"gyeongnam\miryang-si\index.html","경남 밀양시 장기렌트·자동차리스 가격비교 | 행복한렌트몰","경남 밀양시 장기렌트와 자동차리스 조건을 행복한렌트몰에서 비교하고 지역별 상담 정보를 확인해보세요.","같은 차라도 조건은 다릅니다.비교하고 더 좋은 조건을 찾으세요."
"gyeongnam\miryang-si\가곡동\index.html","경남 밀양시 가곡동 장기렌트·자동차리스 가격비교 | 행복한렌트몰","경남 밀양시 가곡동 장기렌트와 자동차리스 이용조건을 행복한렌트몰에서 비교하고 차량별 견적과 지역별 상담 정보를 확인해보세요.","같은 차라도 조건은 다릅니다.비교하고 더 좋은 조건을 찾으세요."
"gyeongnam\miryang-si\교동\index.html","경남 밀양시 교동 장기렌트·자동차리스 가격비교 | 행복한렌트몰","경남 밀양시 교동 장기렌트와 자동차리스 이용조건을 행복한렌트몰에서 비교하고 차량별 견적과 지역별 상담 정보를 확인해보세요.","같은 차라도 조건은 다릅니다.비교하고 더 좋은 조건을 찾으세요."
"gyeongnam\miryang-si\남포동\index.html","경남 밀양시 남포동 장기렌트·자동차리스 가격비교 | 행복한렌트몰","경남 밀양시 남포동 장기렌트와 자동차리스 이용조건을 행복한렌트몰에서 비교하고 차량별 견적과 지역별 상담 정보를 확인해보세요.","같은 차라도 조건은 다릅니다.비교하고 더 좋은 조건을 찾으세요."
"gyeongnam\miryang-si\내이동\index.html","경남 밀양시 내이동 장기렌트·자동차리스 가격비교 | 행복한렌트몰","경남 밀양시 내이동 장기렌트와 자동차리스 이용조건을 행복한렌트몰에서 비교하고 차량별 견적과 지역별 상담 정보를 확인해보세요.","같은 차라도 조건은 다릅니다.비교하고 더 좋은 조건을 찾으세요."
"gyeongnam\miryang-si\내일동\index.html","경남 밀양시 내일동 장기렌트·자동차리스 가격비교 | 행복한렌트몰","경남 밀양시 내일동 장기렌트와 자동차리스 이용조건을 행복한렌트몰에서 비교하고 차량별 견적과 지역별 상담 정보를 확인해보세요.","같은 차라도 조건은 다릅니다.비교하고 더 좋은 조건을 찾으세요."
"gyeongnam\miryang-si\단장면\index.html","경남 밀양시 단장면 장기렌트·자동차리스 가격비교 | 행복한렌트몰","경남 밀양시 단장면 장기렌트와 자동차리스 이용조건을 행복한렌트몰에서 비교하고 차량별 견적과 지역별 상담 정보를 확인해보세요.","같은 차라도 조건은 다릅니다.비교하고 더 좋은 조건을 찾으세요."
"gyeongnam\miryang-si\무안면\index.html","경남 밀양시 무안면 장기렌트·자동차리스 가격비교 | 행복한렌트몰","경남 밀양시 무안면 장기렌트와 자동차리스 이용조건을 행복한렌트몰에서 비교하고 차량별 견적과 지역별 상담 정보를 확인해보세요.","같은 차라도 조건은 다릅니다.비교하고 더 좋은 조건을 찾으세요."
"gyeongnam\miryang-si\부북면\index.html","경남 밀양시 부북면 장기렌트·자동차리스 가격비교 | 행복한렌트몰","경남 밀양시 부북면 장기렌트와 자동차리스 이용조건을 행복한렌트몰에서 비교하고 차량별 견적과 지역별 상담 정보를 확인해보세요.","같은 차라도 조건은 다릅니다.비교하고 더 좋은 조건을 찾으세요."
"gyeongnam\miryang-si\산내면\index.html","경남 밀양시 산내면 장기렌트·자동차리스 가격비교 | 행복한렌트몰","경남 밀양시 산내면 장기렌트와 자동차리스 이용조건을 행복한렌트몰에서 비교하고 차량별 견적과 지역별 상담 정보를 확인해보세요.","같은 차라도 조건은 다릅니다.비교하고 더 좋은 조건을 찾으세요."
"gyeongnam\miryang-si\산외면\index.html","경남 밀양시 산외면 장기렌트·자동차리스 가격비교 | 행복한렌트몰","경남 밀양시 산외면 장기렌트와 자동차리스 이용조건을 행복한렌트몰에서 비교하고 차량별 견적과 지역별 상담 정보를 확인해보세요.","같은 차라도 조건은 다릅니다.비교하고 더 좋은 조건을 찾으세요."
"gyeongnam\miryang-si\삼랑진읍\index.html","경남 밀양시 삼랑진읍 장기렌트·자동차리스 가격비교 | 행복한렌트몰","경남 밀양시 삼랑진읍 장기렌트와 자동차리스 이용조건을 행복한렌트몰에서 비교하고 차량별 견적과 지역별 상담 정보를 확인해보세요.","같은 차라도 조건은 다릅니다.비교하고 더 좋은 조건을 찾으세요."
"gyeongnam\miryang-si\삼문동\index.html","경남 밀양시 삼문동 장기렌트·자동차리스 가격비교 | 행복한렌트몰","경남 밀양시 삼문동 장기렌트와 자동차리스 이용조건을 행복한렌트몰에서 비교하고 차량별 견적과 지역별 상담 정보를 확인해보세요.","같은 차라도 조건은 다릅니다.비교하고 더 좋은 조건을 찾으세요."
"gyeongnam\miryang-si\상남면\index.html","경남 밀양시 상남면 장기렌트·자동차리스 가격비교 | 행복한렌트몰","경남 밀양시 상남면 장기렌트와 자동차리스 이용조건을 행복한렌트몰에서 비교하고 차량별 견적과 지역별 상담 정보를 확인해보세요.","같은 차라도 조건은 다릅니다.비교하고 더 좋은 조건을 찾으세요."
"gyeongnam\miryang-si\상동면\index.html","경남 밀양시 상동면 장기렌트·자동차리스 가격비교 | 행복한렌트몰","경남 밀양시 상동면 장기렌트와 자동차리스 이용조건을 행복한렌트몰에서 비교하고 차량별 견적과 지역별 상담 정보를 확인해보세요.","같은 차라도 조건은 다릅니다.비교하고 더 좋은 조건을 찾으세요."
"gyeongnam\miryang-si\용평동\index.html","경남 밀양시 용평동 장기렌트·자동차리스 가격비교 | 행복한렌트몰","경남 밀양시 용평동 장기렌트와 자동차리스 이용조건을 행복한렌트몰에서 비교하고 차량별 견적과 지역별 상담 정보를 확인해보세요.","같은 차라도 조건은 다릅니다.비교하고 더 좋은 조건을 찾으세요."
"gyeongnam\miryang-si\청도면\index.html","경남 밀양시 청도면 장기렌트·자동차리스 가격비교 | 행복한렌트몰","경남 밀양시 청도면 장기렌트와 자동차리스 이용조건을 행복한렌트몰에서 비교하고 차량별 견적과 지역별 상담 정보를 확인해보세요.","같은 차라도 조건은 다릅니다.비교하고 더 좋은 조건을 찾으세요."
"gyeongnam\miryang-si\초동면\index.html","경남 밀양시 초동면 장기렌트·자동차리스 가격비교 | 행복한렌트몰","경남 밀양시 초동면 장기렌트와 자동차리스 이용조건을 행복한렌트몰에서 비교하고 차량별 견적과 지역별 상담 정보를 확인해보세요.","같은 차라도 조건은 다릅니다.비교하고 더 좋은 조건을 찾으세요."
"gyeongnam\miryang-si\하남읍\index.html","경남 밀양시 하남읍 장기렌트·자동차리스 가격비교 | 행복한렌트몰","경남 밀양시 하남읍 장기렌트와 자동차리스 이용조건을 행복한렌트몰에서 비교하고 차량별 견적과 지역별 상담 정보를 확인해보세요.","같은 차라도 조건은 다릅니다.비교하고 더 좋은 조건을 찾으세요."
"gyeongnam\miryang-si\활성동\index.html","경남 밀양시 활성동 장기렌트·자동차리스 가격비교 | 행복한렌트몰","경남 밀양시 활성동 장기렌트와 자동차리스 이용조건을 행복한렌트몰에서 비교하고 차량별 견적과 지역별 상담 정보를 확인해보세요.","같은 차라도 조건은 다릅니다.비교하고 더 좋은 조건을 찾으세요."
"gyeongnam\namhae-gun\index.html","경남 남해군 장기렌트·자동차리스 가격비교 | 행복한렌트몰","경남 남해군 장기렌트와 자동차리스 조건을 행복한렌트몰에서 비교하고 지역별 상담 정보를 확인해보세요.","같은 차라도 조건은 다릅니다.비교하고 더 좋은 조건을 찾으세요."
"gyeongnam\namhae-gun\고현면\index.html","경남 남해군 고현면 장기렌트·자동차리스 가격비교 | 행복한렌트몰","경남 남해군 고현면 장기렌트와 자동차리스 이용조건을 행복한렌트몰에서 비교하고 차량별 견적과 지역별 상담 정보를 확인해보세요.","같은 차라도 조건은 다릅니다.비교하고 더 좋은 조건을 찾으세요."
"gyeongnam\namhae-gun\남면\index.html","경남 남해군 남면 장기렌트·자동차리스 가격비교 | 행복한렌트몰","경남 남해군 남면 장기렌트와 자동차리스 이용조건을 행복한렌트몰에서 비교하고 차량별 견적과 지역별 상담 정보를 확인해보세요.","같은 차라도 조건은 다릅니다.비교하고 더 좋은 조건을 찾으세요."
"gyeongnam\namhae-gun\남해읍\index.html","경남 남해군 남해읍 장기렌트·자동차리스 가격비교 | 행복한렌트몰","경남 남해군 남해읍 장기렌트와 자동차리스 이용조건을 행복한렌트몰에서 비교하고 차량별 견적과 지역별 상담 정보를 확인해보세요.","같은 차라도 조건은 다릅니다.비교하고 더 좋은 조건을 찾으세요."
"gyeongnam\namhae-gun\미조면\index.html","경남 남해군 미조면 장기렌트·자동차리스 가격비교 | 행복한렌트몰","경남 남해군 미조면 장기렌트와 자동차리스 이용조건을 행복한렌트몰에서 비교하고 차량별 견적과 지역별 상담 정보를 확인해보세요.","같은 차라도 조건은 다릅니다.비교하고 더 좋은 조건을 찾으세요."
"gyeongnam\namhae-gun\삼동면\index.html","경남 남해군 삼동면 장기렌트·자동차리스 가격비교 | 행복한렌트몰","경남 남해군 삼동면 장기렌트와 자동차리스 이용조건을 행복한렌트몰에서 비교하고 차량별 견적과 지역별 상담 정보를 확인해보세요.","같은 차라도 조건은 다릅니다.비교하고 더 좋은 조건을 찾으세요."
"gyeongnam\namhae-gun\상주면\index.html","경남 남해군 상주면 장기렌트·자동차리스 가격비교 | 행복한렌트몰","경남 남해군 상주면 장기렌트와 자동차리스 이용조건을 행복한렌트몰에서 비교하고 차량별 견적과 지역별 상담 정보를 확인해보세요.","같은 차라도 조건은 다릅니다.비교하고 더 좋은 조건을 찾으세요."
"gyeongnam\namhae-gun\서면\index.html","경남 남해군 서면 장기렌트·자동차리스 가격비교 | 행복한렌트몰","경남 남해군 서면 장기렌트와 자동차리스 이용조건을 행복한렌트몰에서 비교하고 차량별 견적과 지역별 상담 정보를 확인해보세요.","같은 차라도 조건은 다릅니다.비교하고 더 좋은 조건을 찾으세요."
"gyeongnam\namhae-gun\설천면\index.html","경남 남해군 설천면 장기렌트·자동차리스 가격비교 | 행복한렌트몰","경남 남해군 설천면 장기렌트와 자동차리스 이용조건을 행복한렌트몰에서 비교하고 차량별 견적과 지역별 상담 정보를 확인해보세요.","같은 차라도 조건은 다릅니다.비교하고 더 좋은 조건을 찾으세요."
"gyeongnam\namhae-gun\이동면\index.html","경남 남해군 이동면 장기렌트·자동차리스 가격비교 | 행복한렌트몰","경남 남해군 이동면 장기렌트와 자동차리스 이용조건을 행복한렌트몰에서 비교하고 차량별 견적과 지역별 상담 정보를 확인해보세요.","같은 차라도 조건은 다릅니다.비교하고 더 좋은 조건을 찾으세요."
"gyeongnam\namhae-gun\창선면\index.html","경남 남해군 창선면 장기렌트·자동차리스 가격비교 | 행복한렌트몰","경남 남해군 창선면 장기렌트와 자동차리스 이용조건을 행복한렌트몰에서 비교하고 차량별 견적과 지역별 상담 정보를 확인해보세요.","같은 차라도 조건은 다릅니다.비교하고 더 좋은 조건을 찾으세요."
"gyeongnam\sacheon-si\index.html","경남 사천시 장기렌트·자동차리스 가격비교 | 행복한렌트몰","경남 사천시 장기렌트와 자동차리스 조건을 행복한렌트몰에서 비교하고 지역별 상담 정보를 확인해보세요.","같은 차라도 조건은 다릅니다.비교하고 더 좋은 조건을 찾으세요."
"gyeongnam\sacheon-si\곤명면\index.html","경남 사천시 곤명면 장기렌트·자동차리스 가격비교 | 행복한렌트몰","경남 사천시 곤명면 장기렌트와 자동차리스 이용조건을 행복한렌트몰에서 비교하고 차량별 견적과 지역별 상담 정보를 확인해보세요.","같은 차라도 조건은 다릅니다.비교하고 더 좋은 조건을 찾으세요."
"gyeongnam\sacheon-si\곤양면\index.html","경남 사천시 곤양면 장기렌트·자동차리스 가격비교 | 행복한렌트몰","경남 사천시 곤양면 장기렌트와 자동차리스 이용조건을 행복한렌트몰에서 비교하고 차량별 견적과 지역별 상담 정보를 확인해보세요.","같은 차라도 조건은 다릅니다.비교하고 더 좋은 조건을 찾으세요."
"gyeongnam\sacheon-si\궁지동\index.html","경남 사천시 궁지동 장기렌트·자동차리스 가격비교 | 행복한렌트몰","경남 사천시 궁지동 장기렌트와 자동차리스 이용조건을 행복한렌트몰에서 비교하고 차량별 견적과 지역별 상담 정보를 확인해보세요.","같은 차라도 조건은 다릅니다.비교하고 더 좋은 조건을 찾으세요."
"gyeongnam\sacheon-si\노룡동\index.html","경남 사천시 노룡동 장기렌트·자동차리스 가격비교 | 행복한렌트몰","경남 사천시 노룡동 장기렌트와 자동차리스 이용조건을 행복한렌트몰에서 비교하고 차량별 견적과 지역별 상담 정보를 확인해보세요.","같은 차라도 조건은 다릅니다.비교하고 더 좋은 조건을 찾으세요."
"gyeongnam\sacheon-si\늑도동\index.html","경남 사천시 늑도동 장기렌트·자동차리스 가격비교 | 행복한렌트몰","경남 사천시 늑도동 장기렌트와 자동차리스 이용조건을 행복한렌트몰에서 비교하고 차량별 견적과 지역별 상담 정보를 확인해보세요.","같은 차라도 조건은 다릅니다.비교하고 더 좋은 조건을 찾으세요."
"gyeongnam\sacheon-si\대방동\index.html","경남 사천시 대방동 장기렌트·자동차리스 가격비교 | 행복한렌트몰","경남 사천시 대방동 장기렌트와 자동차리스 이용조건을 행복한렌트몰에서 비교하고 차량별 견적과 지역별 상담 정보를 확인해보세요.","같은 차라도 조건은 다릅니다.비교하고 더 좋은 조건을 찾으세요."
"gyeongnam\sacheon-si\대포동\index.html","경남 사천시 대포동 장기렌트·자동차리스 가격비교 | 행복한렌트몰","경남 사천시 대포동 장기렌트와 자동차리스 이용조건을 행복한렌트몰에서 비교하고 차량별 견적과 지역별 상담 정보를 확인해보세요.","같은 차라도 조건은 다릅니다.비교하고 더 좋은 조건을 찾으세요."
"gyeongnam\sacheon-si\동금동\index.html","경남 사천시 동금동 장기렌트·자동차리스 가격비교 | 행복한렌트몰","경남 사천시 동금동 장기렌트와 자동차리스 이용조건을 행복한렌트몰에서 비교하고 차량별 견적과 지역별 상담 정보를 확인해보세요.","같은 차라도 조건은 다릅니다.비교하고 더 좋은 조건을 찾으세요."
"gyeongnam\sacheon-si\동동\index.html","경남 사천시 동동 장기렌트·자동차리스 가격비교 | 행복한렌트몰","경남 사천시 동동 장기렌트와 자동차리스 이용조건을 행복한렌트몰에서 비교하고 차량별 견적과 지역별 상담 정보를 확인해보세요.","같은 차라도 조건은 다릅니다.비교하고 더 좋은 조건을 찾으세요."
"gyeongnam\sacheon-si\동림동\index.html","경남 사천시 동림동 장기렌트·자동차리스 가격비교 | 행복한렌트몰","경남 사천시 동림동 장기렌트와 자동차리스 이용조건을 행복한렌트몰에서 비교하고 차량별 견적과 지역별 상담 정보를 확인해보세요.","같은 차라도 조건은 다릅니다.비교하고 더 좋은 조건을 찾으세요."
"gyeongnam\sacheon-si\마도동\index.html","경남 사천시 마도동 장기렌트·자동차리스 가격비교 | 행복한렌트몰","경남 사천시 마도동 장기렌트와 자동차리스 이용조건을 행복한렌트몰에서 비교하고 차량별 견적과 지역별 상담 정보를 확인해보세요.","같은 차라도 조건은 다릅니다.비교하고 더 좋은 조건을 찾으세요."
"gyeongnam\sacheon-si\백천동\index.html","경남 사천시 백천동 장기렌트·자동차리스 가격비교 | 행복한렌트몰","경남 사천시 백천동 장기렌트와 자동차리스 이용조건을 행복한렌트몰에서 비교하고 차량별 견적과 지역별 상담 정보를 확인해보세요.","같은 차라도 조건은 다릅니다.비교하고 더 좋은 조건을 찾으세요."
"gyeongnam\sacheon-si\벌리동\index.html","경남 사천시 벌리동 장기렌트·자동차리스 가격비교 | 행복한렌트몰","경남 사천시 벌리동 장기렌트와 자동차리스 이용조건을 행복한렌트몰에서 비교하고 차량별 견적과 지역별 상담 정보를 확인해보세요.","같은 차라도 조건은 다릅니다.비교하고 더 좋은 조건을 찾으세요."
"gyeongnam\sacheon-si\봉남동\index.html","경남 사천시 봉남동 장기렌트·자동차리스 가격비교 | 행복한렌트몰","경남 사천시 봉남동 장기렌트와 자동차리스 이용조건을 행복한렌트몰에서 비교하고 차량별 견적과 지역별 상담 정보를 확인해보세요.","같은 차라도 조건은 다릅니다.비교하고 더 좋은 조건을 찾으세요."
"gyeongnam\sacheon-si\사남면\index.html","경남 사천시 사남면 장기렌트·자동차리스 가격비교 | 행복한렌트몰","경남 사천시 사남면 장기렌트와 자동차리스 이용조건을 행복한렌트몰에서 비교하고 차량별 견적과 지역별 상담 정보를 확인해보세요.","같은 차라도 조건은 다릅니다.비교하고 더 좋은 조건을 찾으세요."
"gyeongnam\sacheon-si\사등동\index.html","경남 사천시 사등동 장기렌트·자동차리스 가격비교 | 행복한렌트몰","경남 사천시 사등동 장기렌트와 자동차리스 이용조건을 행복한렌트몰에서 비교하고 차량별 견적과 지역별 상담 정보를 확인해보세요.","같은 차라도 조건은 다릅니다.비교하고 더 좋은 조건을 찾으세요."
"gyeongnam\sacheon-si\사천읍\index.html","경남 사천시 사천읍 장기렌트·자동차리스 가격비교 | 행복한렌트몰","경남 사천시 사천읍 장기렌트와 자동차리스 이용조건을 행복한렌트몰에서 비교하고 차량별 견적과 지역별 상담 정보를 확인해보세요.","같은 차라도 조건은 다릅니다.비교하고 더 좋은 조건을 찾으세요."
"gyeongnam\sacheon-si\서금동\index.html","경남 사천시 서금동 장기렌트·자동차리스 가격비교 | 행복한렌트몰","경남 사천시 서금동 장기렌트와 자동차리스 이용조건을 행복한렌트몰에서 비교하고 차량별 견적과 지역별 상담 정보를 확인해보세요.","같은 차라도 조건은 다릅니다.비교하고 더 좋은 조건을 찾으세요."
"gyeongnam\sacheon-si\서동\index.html","경남 사천시 서동 장기렌트·자동차리스 가격비교 | 행복한렌트몰","경남 사천시 서동 장기렌트와 자동차리스 이용조건을 행복한렌트몰에서 비교하고 차량별 견적과 지역별 상담 정보를 확인해보세요.","같은 차라도 조건은 다릅니다.비교하고 더 좋은 조건을 찾으세요."
"gyeongnam\sacheon-si\서포면\index.html","경남 사천시 서포면 장기렌트·자동차리스 가격비교 | 행복한렌트몰","경남 사천시 서포면 장기렌트와 자동차리스 이용조건을 행복한렌트몰에서 비교하고 차량별 견적과 지역별 상담 정보를 확인해보세요.","같은 차라도 조건은 다릅니다.비교하고 더 좋은 조건을 찾으세요."
"gyeongnam\sacheon-si\선구동\index.html","경남 사천시 선구동 장기렌트·자동차리스 가격비교 | 행복한렌트몰","경남 사천시 선구동 장기렌트와 자동차리스 이용조건을 행복한렌트몰에서 비교하고 차량별 견적과 지역별 상담 정보를 확인해보세요.","같은 차라도 조건은 다릅니다.비교하고 더 좋은 조건을 찾으세요."
"gyeongnam\sacheon-si\송포동\index.html","경남 사천시 송포동 장기렌트·자동차리스 가격비교 | 행복한렌트몰","경남 사천시 송포동 장기렌트와 자동차리스 이용조건을 행복한렌트몰에서 비교하고 차량별 견적과 지역별 상담 정보를 확인해보세요.","같은 차라도 조건은 다릅니다.비교하고 더 좋은 조건을 찾으세요."
"gyeongnam\sacheon-si\신벽동\index.html","경남 사천시 신벽동 장기렌트·자동차리스 가격비교 | 행복한렌트몰","경남 사천시 신벽동 장기렌트와 자동차리스 이용조건을 행복한렌트몰에서 비교하고 차량별 견적과 지역별 상담 정보를 확인해보세요.","같은 차라도 조건은 다릅니다.비교하고 더 좋은 조건을 찾으세요."
"gyeongnam\sacheon-si\신수동\index.html","경남 사천시 신수동 장기렌트·자동차리스 가격비교 | 행복한렌트몰","경남 사천시 신수동 장기렌트와 자동차리스 이용조건을 행복한렌트몰에서 비교하고 차량별 견적과 지역별 상담 정보를 확인해보세요.","같은 차라도 조건은 다릅니다.비교하고 더 좋은 조건을 찾으세요."
"gyeongnam\sacheon-si\실안동\index.html","경남 사천시 실안동 장기렌트·자동차리스 가격비교 | 행복한렌트몰","경남 사천시 실안동 장기렌트와 자동차리스 이용조건을 행복한렌트몰에서 비교하고 차량별 견적과 지역별 상담 정보를 확인해보세요.","같은 차라도 조건은 다릅니다.비교하고 더 좋은 조건을 찾으세요."
"gyeongnam\sacheon-si\와룡동\index.html","경남 사천시 와룡동 장기렌트·자동차리스 가격비교 | 행복한렌트몰","경남 사천시 와룡동 장기렌트와 자동차리스 이용조건을 행복한렌트몰에서 비교하고 차량별 견적과 지역별 상담 정보를 확인해보세요.","같은 차라도 조건은 다릅니다.비교하고 더 좋은 조건을 찾으세요."
"gyeongnam\sacheon-si\용강동\index.html","경남 사천시 용강동 장기렌트·자동차리스 가격비교 | 행복한렌트몰","경남 사천시 용강동 장기렌트와 자동차리스 이용조건을 행복한렌트몰에서 비교하고 차량별 견적과 지역별 상담 정보를 확인해보세요.","같은 차라도 조건은 다릅니다.비교하고 더 좋은 조건을 찾으세요."
"gyeongnam\sacheon-si\용현면\index.html","경남 사천시 용현면 장기렌트·자동차리스 가격비교 | 행복한렌트몰","경남 사천시 용현면 장기렌트와 자동차리스 이용조건을 행복한렌트몰에서 비교하고 차량별 견적과 지역별 상담 정보를 확인해보세요.","같은 차라도 조건은 다릅니다.비교하고 더 좋은 조건을 찾으세요."
"gyeongnam\sacheon-si\이금동\index.html","경남 사천시 이금동 장기렌트·자동차리스 가격비교 | 행복한렌트몰","경남 사천시 이금동 장기렌트와 자동차리스 이용조건을 행복한렌트몰에서 비교하고 차량별 견적과 지역별 상담 정보를 확인해보세요.","같은 차라도 조건은 다릅니다.비교하고 더 좋은 조건을 찾으세요."
"gyeongnam\sacheon-si\이홀동\index.html","경남 사천시 이홀동 장기렌트·자동차리스 가격비교 | 행복한렌트몰","경남 사천시 이홀동 장기렌트와 자동차리스 이용조건을 행복한렌트몰에서 비교하고 차량별 견적과 지역별 상담 정보를 확인해보세요.","같은 차라도 조건은 다릅니다.비교하고 더 좋은 조건을 찾으세요."
"gyeongnam\sacheon-si\정동면\index.html","경남 사천시 정동면 장기렌트·자동차리스 가격비교 | 행복한렌트몰","경남 사천시 정동면 장기렌트와 자동차리스 이용조건을 행복한렌트몰에서 비교하고 차량별 견적과 지역별 상담 정보를 확인해보세요.","같은 차라도 조건은 다릅니다.비교하고 더 좋은 조건을 찾으세요."
"gyeongnam\sacheon-si\좌룡동\index.html","경남 사천시 좌룡동 장기렌트·자동차리스 가격비교 | 행복한렌트몰","경남 사천시 좌룡동 장기렌트와 자동차리스 이용조건을 행복한렌트몰에서 비교하고 차량별 견적과 지역별 상담 정보를 확인해보세요.","같은 차라도 조건은 다릅니다.비교하고 더 좋은 조건을 찾으세요."
"gyeongnam\sacheon-si\죽림동\index.html","경남 사천시 죽림동 장기렌트·자동차리스 가격비교 | 행복한렌트몰","경남 사천시 죽림동 장기렌트와 자동차리스 이용조건을 행복한렌트몰에서 비교하고 차량별 견적과 지역별 상담 정보를 확인해보세요.","같은 차라도 조건은 다릅니다.비교하고 더 좋은 조건을 찾으세요."
"gyeongnam\sacheon-si\축동면\index.html","경남 사천시 축동면 장기렌트·자동차리스 가격비교 | 행복한렌트몰","경남 사천시 축동면 장기렌트와 자동차리스 이용조건을 행복한렌트몰에서 비교하고 차량별 견적과 지역별 상담 정보를 확인해보세요.","같은 차라도 조건은 다릅니다.비교하고 더 좋은 조건을 찾으세요."
"gyeongnam\sacheon-si\향촌동\index.html","경남 사천시 향촌동 장기렌트·자동차리스 가격비교 | 행복한렌트몰","경남 사천시 향촌동 장기렌트와 자동차리스 이용조건을 행복한렌트몰에서 비교하고 차량별 견적과 지역별 상담 정보를 확인해보세요.","같은 차라도 조건은 다릅니다.비교하고 더 좋은 조건을 찾으세요."
"gyeongnam\sancheong-gun\index.html","경남 산청군 장기렌트·자동차리스 가격비교 | 행복한렌트몰","경남 산청군 장기렌트와 자동차리스 조건을 행복한렌트몰에서 비교하고 지역별 상담 정보를 확인해보세요.","같은 차라도 조건은 다릅니다.비교하고 더 좋은 조건을 찾으세요."
"gyeongnam\sancheong-gun\금서면\index.html","경남 산청군 금서면 장기렌트·자동차리스 가격비교 | 행복한렌트몰","경남 산청군 금서면 장기렌트와 자동차리스 이용조건을 행복한렌트몰에서 비교하고 차량별 견적과 지역별 상담 정보를 확인해보세요.","같은 차라도 조건은 다릅니다.비교하고 더 좋은 조건을 찾으세요."
"gyeongnam\sancheong-gun\단성면\index.html","경남 산청군 단성면 장기렌트·자동차리스 가격비교 | 행복한렌트몰","경남 산청군 단성면 장기렌트와 자동차리스 이용조건을 행복한렌트몰에서 비교하고 차량별 견적과 지역별 상담 정보를 확인해보세요.","같은 차라도 조건은 다릅니다.비교하고 더 좋은 조건을 찾으세요."
"gyeongnam\sancheong-gun\산청읍\index.html","경남 산청군 산청읍 장기렌트·자동차리스 가격비교 | 행복한렌트몰","경남 산청군 산청읍 장기렌트와 자동차리스 이용조건을 행복한렌트몰에서 비교하고 차량별 견적과 지역별 상담 정보를 확인해보세요.","같은 차라도 조건은 다릅니다.비교하고 더 좋은 조건을 찾으세요."
"gyeongnam\sancheong-gun\삼장면\index.html","경남 산청군 삼장면 장기렌트·자동차리스 가격비교 | 행복한렌트몰","경남 산청군 삼장면 장기렌트와 자동차리스 이용조건을 행복한렌트몰에서 비교하고 차량별 견적과 지역별 상담 정보를 확인해보세요.","같은 차라도 조건은 다릅니다.비교하고 더 좋은 조건을 찾으세요."
"gyeongnam\sancheong-gun\생비량면\index.html","경남 산청군 생비량면 장기렌트·자동차리스 가격비교 | 행복한렌트몰","경남 산청군 생비량면 장기렌트와 자동차리스 이용조건을 행복한렌트몰에서 비교하고 차량별 견적과 지역별 상담 정보를 확인해보세요.","같은 차라도 조건은 다릅니다.비교하고 더 좋은 조건을 찾으세요."
"gyeongnam\sancheong-gun\생초면\index.html","경남 산청군 생초면 장기렌트·자동차리스 가격비교 | 행복한렌트몰","경남 산청군 생초면 장기렌트와 자동차리스 이용조건을 행복한렌트몰에서 비교하고 차량별 견적과 지역별 상담 정보를 확인해보세요.","같은 차라도 조건은 다릅니다.비교하고 더 좋은 조건을 찾으세요."
"gyeongnam\sancheong-gun\시천면\index.html","경남 산청군 시천면 장기렌트·자동차리스 가격비교 | 행복한렌트몰","경남 산청군 시천면 장기렌트와 자동차리스 이용조건을 행복한렌트몰에서 비교하고 차량별 견적과 지역별 상담 정보를 확인해보세요.","같은 차라도 조건은 다릅니다.비교하고 더 좋은 조건을 찾으세요."
"gyeongnam\sancheong-gun\신등면\index.html","경남 산청군 신등면 장기렌트·자동차리스 가격비교 | 행복한렌트몰","경남 산청군 신등면 장기렌트와 자동차리스 이용조건을 행복한렌트몰에서 비교하고 차량별 견적과 지역별 상담 정보를 확인해보세요.","같은 차라도 조건은 다릅니다.비교하고 더 좋은 조건을 찾으세요."
"gyeongnam\sancheong-gun\신안면\index.html","경남 산청군 신안면 장기렌트·자동차리스 가격비교 | 행복한렌트몰","경남 산청군 신안면 장기렌트와 자동차리스 이용조건을 행복한렌트몰에서 비교하고 차량별 견적과 지역별 상담 정보를 확인해보세요.","같은 차라도 조건은 다릅니다.비교하고 더 좋은 조건을 찾으세요."
"gyeongnam\sancheong-gun\오부면\index.html","경남 산청군 오부면 장기렌트·자동차리스 가격비교 | 행복한렌트몰","경남 산청군 오부면 장기렌트와 자동차리스 이용조건을 행복한렌트몰에서 비교하고 차량별 견적과 지역별 상담 정보를 확인해보세요.","같은 차라도 조건은 다릅니다.비교하고 더 좋은 조건을 찾으세요."
"gyeongnam\sancheong-gun\차황면\index.html","경남 산청군 차황면 장기렌트·자동차리스 가격비교 | 행복한렌트몰","경남 산청군 차황면 장기렌트와 자동차리스 이용조건을 행복한렌트몰에서 비교하고 차량별 견적과 지역별 상담 정보를 확인해보세요.","같은 차라도 조건은 다릅니다.비교하고 더 좋은 조건을 찾으세요."
"gyeongnam\tongyeong-si\index.html","경남 통영시 장기렌트·자동차리스 가격비교 | 행복한렌트몰","경남 통영시 장기렌트와 자동차리스 조건을 행복한렌트몰에서 비교하고 지역별 상담 정보를 확인해보세요.","같은 차라도 조건은 다릅니다.비교하고 더 좋은 조건을 찾으세요."
"gyeongnam\tongyeong-si\광도면\index.html","경남 통영시 광도면 장기렌트·자동차리스 가격비교 | 행복한렌트몰","경남 통영시 광도면 장기렌트와 자동차리스 이용조건을 행복한렌트몰에서 비교하고 차량별 견적과 지역별 상담 정보를 확인해보세요.","같은 차라도 조건은 다릅니다.비교하고 더 좋은 조건을 찾으세요."
"gyeongnam\tongyeong-si\당동\index.html","경남 통영시 당동 장기렌트·자동차리스 가격비교 | 행복한렌트몰","경남 통영시 당동 장기렌트와 자동차리스 이용조건을 행복한렌트몰에서 비교하고 차량별 견적과 지역별 상담 정보를 확인해보세요.","같은 차라도 조건은 다릅니다.비교하고 더 좋은 조건을 찾으세요."
"gyeongnam\tongyeong-si\도남동\index.html","경남 통영시 도남동 장기렌트·자동차리스 가격비교 | 행복한렌트몰","경남 통영시 도남동 장기렌트와 자동차리스 이용조건을 행복한렌트몰에서 비교하고 차량별 견적과 지역별 상담 정보를 확인해보세요.","같은 차라도 조건은 다릅니다.비교하고 더 좋은 조건을 찾으세요."
"gyeongnam\tongyeong-si\도산면\index.html","경남 통영시 도산면 장기렌트·자동차리스 가격비교 | 행복한렌트몰","경남 통영시 도산면 장기렌트와 자동차리스 이용조건을 행복한렌트몰에서 비교하고 차량별 견적과 지역별 상담 정보를 확인해보세요.","같은 차라도 조건은 다릅니다.비교하고 더 좋은 조건을 찾으세요."
"gyeongnam\tongyeong-si\도천동\index.html","경남 통영시 도천동 장기렌트·자동차리스 가격비교 | 행복한렌트몰","경남 통영시 도천동 장기렌트와 자동차리스 이용조건을 행복한렌트몰에서 비교하고 차량별 견적과 지역별 상담 정보를 확인해보세요.","같은 차라도 조건은 다릅니다.비교하고 더 좋은 조건을 찾으세요."
"gyeongnam\tongyeong-si\동호동\index.html","경남 통영시 동호동 장기렌트·자동차리스 가격비교 | 행복한렌트몰","경남 통영시 동호동 장기렌트와 자동차리스 이용조건을 행복한렌트몰에서 비교하고 차량별 견적과 지역별 상담 정보를 확인해보세요.","같은 차라도 조건은 다릅니다.비교하고 더 좋은 조건을 찾으세요."
"gyeongnam\tongyeong-si\명정동\index.html","경남 통영시 명정동 장기렌트·자동차리스 가격비교 | 행복한렌트몰","경남 통영시 명정동 장기렌트와 자동차리스 이용조건을 행복한렌트몰에서 비교하고 차량별 견적과 지역별 상담 정보를 확인해보세요.","같은 차라도 조건은 다릅니다.비교하고 더 좋은 조건을 찾으세요."
"gyeongnam\tongyeong-si\무전동\index.html","경남 통영시 무전동 장기렌트·자동차리스 가격비교 | 행복한렌트몰","경남 통영시 무전동 장기렌트와 자동차리스 이용조건을 행복한렌트몰에서 비교하고 차량별 견적과 지역별 상담 정보를 확인해보세요.","같은 차라도 조건은 다릅니다.비교하고 더 좋은 조건을 찾으세요."
"gyeongnam\tongyeong-si\문화동\index.html","경남 통영시 문화동 장기렌트·자동차리스 가격비교 | 행복한렌트몰","경남 통영시 문화동 장기렌트와 자동차리스 이용조건을 행복한렌트몰에서 비교하고 차량별 견적과 지역별 상담 정보를 확인해보세요.","같은 차라도 조건은 다릅니다.비교하고 더 좋은 조건을 찾으세요."
"gyeongnam\tongyeong-si\미수동\index.html","경남 통영시 미수동 장기렌트·자동차리스 가격비교 | 행복한렌트몰","경남 통영시 미수동 장기렌트와 자동차리스 이용조건을 행복한렌트몰에서 비교하고 차량별 견적과 지역별 상담 정보를 확인해보세요.","같은 차라도 조건은 다릅니다.비교하고 더 좋은 조건을 찾으세요."
"gyeongnam\tongyeong-si\봉평동\index.html","경남 통영시 봉평동 장기렌트·자동차리스 가격비교 | 행복한렌트몰","경남 통영시 봉평동 장기렌트와 자동차리스 이용조건을 행복한렌트몰에서 비교하고 차량별 견적과 지역별 상담 정보를 확인해보세요.","같은 차라도 조건은 다릅니다.비교하고 더 좋은 조건을 찾으세요."
"gyeongnam\tongyeong-si\북신동\index.html","경남 통영시 북신동 장기렌트·자동차리스 가격비교 | 행복한렌트몰","경남 통영시 북신동 장기렌트와 자동차리스 이용조건을 행복한렌트몰에서 비교하고 차량별 견적과 지역별 상담 정보를 확인해보세요.","같은 차라도 조건은 다릅니다.비교하고 더 좋은 조건을 찾으세요."
"gyeongnam\tongyeong-si\사량면\index.html","경남 통영시 사량면 장기렌트·자동차리스 가격비교 | 행복한렌트몰","경남 통영시 사량면 장기렌트와 자동차리스 이용조건을 행복한렌트몰에서 비교하고 차량별 견적과 지역별 상담 정보를 확인해보세요.","같은 차라도 조건은 다릅니다.비교하고 더 좋은 조건을 찾으세요."
"gyeongnam\tongyeong-si\산양읍\index.html","경남 통영시 산양읍 장기렌트·자동차리스 가격비교 | 행복한렌트몰","경남 통영시 산양읍 장기렌트와 자동차리스 이용조건을 행복한렌트몰에서 비교하고 차량별 견적과 지역별 상담 정보를 확인해보세요.","같은 차라도 조건은 다릅니다.비교하고 더 좋은 조건을 찾으세요."
"gyeongnam\tongyeong-si\서호동\index.html","경남 통영시 서호동 장기렌트·자동차리스 가격비교 | 행복한렌트몰","경남 통영시 서호동 장기렌트와 자동차리스 이용조건을 행복한렌트몰에서 비교하고 차량별 견적과 지역별 상담 정보를 확인해보세요.","같은 차라도 조건은 다릅니다.비교하고 더 좋은 조건을 찾으세요."
"gyeongnam\tongyeong-si\욕지면\index.html","경남 통영시 욕지면 장기렌트·자동차리스 가격비교 | 행복한렌트몰","경남 통영시 욕지면 장기렌트와 자동차리스 이용조건을 행복한렌트몰에서 비교하고 차량별 견적과 지역별 상담 정보를 확인해보세요.","같은 차라도 조건은 다릅니다.비교하고 더 좋은 조건을 찾으세요."
"gyeongnam\tongyeong-si\용남면\index.html","경남 통영시 용남면 장기렌트·자동차리스 가격비교 | 행복한렌트몰","경남 통영시 용남면 장기렌트와 자동차리스 이용조건을 행복한렌트몰에서 비교하고 차량별 견적과 지역별 상담 정보를 확인해보세요.","같은 차라도 조건은 다릅니다.비교하고 더 좋은 조건을 찾으세요."
"gyeongnam\tongyeong-si\인평동\index.html","경남 통영시 인평동 장기렌트·자동차리스 가격비교 | 행복한렌트몰","경남 통영시 인평동 장기렌트와 자동차리스 이용조건을 행복한렌트몰에서 비교하고 차량별 견적과 지역별 상담 정보를 확인해보세요.","같은 차라도 조건은 다릅니다.비교하고 더 좋은 조건을 찾으세요."
"gyeongnam\tongyeong-si\정량동\index.html","경남 통영시 정량동 장기렌트·자동차리스 가격비교 | 행복한렌트몰","경남 통영시 정량동 장기렌트와 자동차리스 이용조건을 행복한렌트몰에서 비교하고 차량별 견적과 지역별 상담 정보를 확인해보세요.","같은 차라도 조건은 다릅니다.비교하고 더 좋은 조건을 찾으세요."
"gyeongnam\tongyeong-si\중앙동\index.html","경남 통영시 중앙동 장기렌트·자동차리스 가격비교 | 행복한렌트몰","경남 통영시 중앙동 장기렌트와 자동차리스 이용조건을 행복한렌트몰에서 비교하고 차량별 견적과 지역별 상담 정보를 확인해보세요.","같은 차라도 조건은 다릅니다.비교하고 더 좋은 조건을 찾으세요."
"gyeongnam\tongyeong-si\태평동\index.html","경남 통영시 태평동 장기렌트·자동차리스 가격비교 | 행복한렌트몰","경남 통영시 태평동 장기렌트와 자동차리스 이용조건을 행복한렌트몰에서 비교하고 차량별 견적과 지역별 상담 정보를 확인해보세요.","같은 차라도 조건은 다릅니다.비교하고 더 좋은 조건을 찾으세요."
"gyeongnam\tongyeong-si\평림동\index.html","경남 통영시 평림동 장기렌트·자동차리스 가격비교 | 행복한렌트몰","경남 통영시 평림동 장기렌트와 자동차리스 이용조건을 행복한렌트몰에서 비교하고 차량별 견적과 지역별 상담 정보를 확인해보세요.","같은 차라도 조건은 다릅니다.비교하고 더 좋은 조건을 찾으세요."
"gyeongnam\tongyeong-si\한산면\index.html","경남 통영시 한산면 장기렌트·자동차리스 가격비교 | 행복한렌트몰","경남 통영시 한산면 장기렌트와 자동차리스 이용조건을 행복한렌트몰에서 비교하고 차량별 견적과 지역별 상담 정보를 확인해보세요.","같은 차라도 조건은 다릅니다.비교하고 더 좋은 조건을 찾으세요."
"gyeongnam\tongyeong-si\항남동\index.html","경남 통영시 항남동 장기렌트·자동차리스 가격비교 | 행복한렌트몰","경남 통영시 항남동 장기렌트와 자동차리스 이용조건을 행복한렌트몰에서 비교하고 차량별 견적과 지역별 상담 정보를 확인해보세요.","같은 차라도 조건은 다릅니다.비교하고 더 좋은 조건을 찾으세요."
"gyeongnam\uiryeong-gun\index.html","경남 의령군 장기렌트·자동차리스 가격비교 | 행복한렌트몰","경남 의령군 장기렌트와 자동차리스 조건을 행복한렌트몰에서 비교하고 지역별 상담 정보를 확인해보세요.","같은 차라도 조건은 다릅니다.비교하고 더 좋은 조건을 찾으세요."
"gyeongnam\uiryeong-gun\가례면\index.html","경남 의령군 가례면 장기렌트·자동차리스 가격비교 | 행복한렌트몰","경남 의령군 가례면 장기렌트와 자동차리스 이용조건을 행복한렌트몰에서 비교하고 차량별 견적과 지역별 상담 정보를 확인해보세요.","같은 차라도 조건은 다릅니다.비교하고 더 좋은 조건을 찾으세요."
"gyeongnam\uiryeong-gun\궁류면\index.html","경남 의령군 궁류면 장기렌트·자동차리스 가격비교 | 행복한렌트몰","경남 의령군 궁류면 장기렌트와 자동차리스 이용조건을 행복한렌트몰에서 비교하고 차량별 견적과 지역별 상담 정보를 확인해보세요.","같은 차라도 조건은 다릅니다.비교하고 더 좋은 조건을 찾으세요."
"gyeongnam\uiryeong-gun\낙서면\index.html","경남 의령군 낙서면 장기렌트·자동차리스 가격비교 | 행복한렌트몰","경남 의령군 낙서면 장기렌트와 자동차리스 이용조건을 행복한렌트몰에서 비교하고 차량별 견적과 지역별 상담 정보를 확인해보세요.","같은 차라도 조건은 다릅니다.비교하고 더 좋은 조건을 찾으세요."
"gyeongnam\uiryeong-gun\대의면\index.html","경남 의령군 대의면 장기렌트·자동차리스 가격비교 | 행복한렌트몰","경남 의령군 대의면 장기렌트와 자동차리스 이용조건을 행복한렌트몰에서 비교하고 차량별 견적과 지역별 상담 정보를 확인해보세요.","같은 차라도 조건은 다릅니다.비교하고 더 좋은 조건을 찾으세요."
"gyeongnam\uiryeong-gun\봉수면\index.html","경남 의령군 봉수면 장기렌트·자동차리스 가격비교 | 행복한렌트몰","경남 의령군 봉수면 장기렌트와 자동차리스 이용조건을 행복한렌트몰에서 비교하고 차량별 견적과 지역별 상담 정보를 확인해보세요.","같은 차라도 조건은 다릅니다.비교하고 더 좋은 조건을 찾으세요."
"gyeongnam\uiryeong-gun\부림면\index.html","경남 의령군 부림면 장기렌트·자동차리스 가격비교 | 행복한렌트몰","경남 의령군 부림면 장기렌트와 자동차리스 이용조건을 행복한렌트몰에서 비교하고 차량별 견적과 지역별 상담 정보를 확인해보세요.","같은 차라도 조건은 다릅니다.비교하고 더 좋은 조건을 찾으세요."
"gyeongnam\uiryeong-gun\용덕면\index.html","경남 의령군 용덕면 장기렌트·자동차리스 가격비교 | 행복한렌트몰","경남 의령군 용덕면 장기렌트와 자동차리스 이용조건을 행복한렌트몰에서 비교하고 차량별 견적과 지역별 상담 정보를 확인해보세요.","같은 차라도 조건은 다릅니다.비교하고 더 좋은 조건을 찾으세요."
"gyeongnam\uiryeong-gun\유곡면\index.html","경남 의령군 유곡면 장기렌트·자동차리스 가격비교 | 행복한렌트몰","경남 의령군 유곡면 장기렌트와 자동차리스 이용조건을 행복한렌트몰에서 비교하고 차량별 견적과 지역별 상담 정보를 확인해보세요.","같은 차라도 조건은 다릅니다.비교하고 더 좋은 조건을 찾으세요."
"gyeongnam\uiryeong-gun\의령읍\index.html","경남 의령군 의령읍 장기렌트·자동차리스 가격비교 | 행복한렌트몰","경남 의령군 의령읍 장기렌트와 자동차리스 이용조건을 행복한렌트몰에서 비교하고 차량별 견적과 지역별 상담 정보를 확인해보세요.","같은 차라도 조건은 다릅니다.비교하고 더 좋은 조건을 찾으세요."
"gyeongnam\uiryeong-gun\정곡면\index.html","경남 의령군 정곡면 장기렌트·자동차리스 가격비교 | 행복한렌트몰","경남 의령군 정곡면 장기렌트와 자동차리스 이용조건을 행복한렌트몰에서 비교하고 차량별 견적과 지역별 상담 정보를 확인해보세요.","같은 차라도 조건은 다릅니다.비교하고 더 좋은 조건을 찾으세요."
"gyeongnam\uiryeong-gun\지정면\index.html","경남 의령군 지정면 장기렌트·자동차리스 가격비교 | 행복한렌트몰","경남 의령군 지정면 장기렌트와 자동차리스 이용조건을 행복한렌트몰에서 비교하고 차량별 견적과 지역별 상담 정보를 확인해보세요.","같은 차라도 조건은 다릅니다.비교하고 더 좋은 조건을 찾으세요."
"gyeongnam\uiryeong-gun\칠곡면\index.html","경남 의령군 칠곡면 장기렌트·자동차리스 가격비교 | 행복한렌트몰","경남 의령군 칠곡면 장기렌트와 자동차리스 이용조건을 행복한렌트몰에서 비교하고 차량별 견적과 지역별 상담 정보를 확인해보세요.","같은 차라도 조건은 다릅니다.비교하고 더 좋은 조건을 찾으세요."
"gyeongnam\uiryeong-gun\화정면\index.html","경남 의령군 화정면 장기렌트·자동차리스 가격비교 | 행복한렌트몰","경남 의령군 화정면 장기렌트와 자동차리스 이용조건을 행복한렌트몰에서 비교하고 차량별 견적과 지역별 상담 정보를 확인해보세요.","같은 차라도 조건은 다릅니다.비교하고 더 좋은 조건을 찾으세요."
"gyeongnam\yangsan-si\index.html","경남 양산시 장기렌트·자동차리스 가격비교 | 행복한렌트몰","경남 양산시 장기렌트와 자동차리스 조건을 행복한렌트몰에서 비교하고 지역별 상담 정보를 확인해보세요.","같은 차라도 조건은 다릅니다.비교하고 더 좋은 조건을 찾으세요."
"gyeongnam\yangsan-si\교동\index.html","경남 양산시 교동 장기렌트·자동차리스 가격비교 | 행복한렌트몰","경남 양산시 교동 장기렌트와 자동차리스 이용조건을 행복한렌트몰에서 비교하고 차량별 견적과 지역별 상담 정보를 확인해보세요.","같은 차라도 조건은 다릅니다.비교하고 더 좋은 조건을 찾으세요."
"gyeongnam\yangsan-si\남부동\index.html","경남 양산시 남부동 장기렌트·자동차리스 가격비교 | 행복한렌트몰","경남 양산시 남부동 장기렌트와 자동차리스 이용조건을 행복한렌트몰에서 비교하고 차량별 견적과 지역별 상담 정보를 확인해보세요.","같은 차라도 조건은 다릅니다.비교하고 더 좋은 조건을 찾으세요."
"gyeongnam\yangsan-si\다방동\index.html","경남 양산시 다방동 장기렌트·자동차리스 가격비교 | 행복한렌트몰","경남 양산시 다방동 장기렌트와 자동차리스 이용조건을 행복한렌트몰에서 비교하고 차량별 견적과 지역별 상담 정보를 확인해보세요.","같은 차라도 조건은 다릅니다.비교하고 더 좋은 조건을 찾으세요."
"gyeongnam\yangsan-si\덕계동\index.html","경남 양산시 덕계동 장기렌트·자동차리스 가격비교 | 행복한렌트몰","경남 양산시 덕계동 장기렌트와 자동차리스 이용조건을 행복한렌트몰에서 비교하고 차량별 견적과 지역별 상담 정보를 확인해보세요.","같은 차라도 조건은 다릅니다.비교하고 더 좋은 조건을 찾으세요."
"gyeongnam\yangsan-si\동면\index.html","경남 양산시 동면 장기렌트·자동차리스 가격비교 | 행복한렌트몰","경남 양산시 동면 장기렌트와 자동차리스 이용조건을 행복한렌트몰에서 비교하고 차량별 견적과 지역별 상담 정보를 확인해보세요.","같은 차라도 조건은 다릅니다.비교하고 더 좋은 조건을 찾으세요."
"gyeongnam\yangsan-si\매곡동\index.html","경남 양산시 매곡동 장기렌트·자동차리스 가격비교 | 행복한렌트몰","경남 양산시 매곡동 장기렌트와 자동차리스 이용조건을 행복한렌트몰에서 비교하고 차량별 견적과 지역별 상담 정보를 확인해보세요.","같은 차라도 조건은 다릅니다.비교하고 더 좋은 조건을 찾으세요."
"gyeongnam\yangsan-si\명곡동\index.html","경남 양산시 명곡동 장기렌트·자동차리스 가격비교 | 행복한렌트몰","경남 양산시 명곡동 장기렌트와 자동차리스 이용조건을 행복한렌트몰에서 비교하고 차량별 견적과 지역별 상담 정보를 확인해보세요.","같은 차라도 조건은 다릅니다.비교하고 더 좋은 조건을 찾으세요."
"gyeongnam\yangsan-si\명동\index.html","경남 양산시 명동 장기렌트·자동차리스 가격비교 | 행복한렌트몰","경남 양산시 명동 장기렌트와 자동차리스 이용조건을 행복한렌트몰에서 비교하고 차량별 견적과 지역별 상담 정보를 확인해보세요.","같은 차라도 조건은 다릅니다.비교하고 더 좋은 조건을 찾으세요."
"gyeongnam\yangsan-si\물금읍\index.html","경남 양산시 물금읍 장기렌트·자동차리스 가격비교 | 행복한렌트몰","경남 양산시 물금읍 장기렌트와 자동차리스 이용조건을 행복한렌트몰에서 비교하고 차량별 견적과 지역별 상담 정보를 확인해보세요.","같은 차라도 조건은 다릅니다.비교하고 더 좋은 조건을 찾으세요."
"gyeongnam\yangsan-si\북부동\index.html","경남 양산시 북부동 장기렌트·자동차리스 가격비교 | 행복한렌트몰","경남 양산시 북부동 장기렌트와 자동차리스 이용조건을 행복한렌트몰에서 비교하고 차량별 견적과 지역별 상담 정보를 확인해보세요.","같은 차라도 조건은 다릅니다.비교하고 더 좋은 조건을 찾으세요."
"gyeongnam\yangsan-si\북정동\index.html","경남 양산시 북정동 장기렌트·자동차리스 가격비교 | 행복한렌트몰","경남 양산시 북정동 장기렌트와 자동차리스 이용조건을 행복한렌트몰에서 비교하고 차량별 견적과 지역별 상담 정보를 확인해보세요.","같은 차라도 조건은 다릅니다.비교하고 더 좋은 조건을 찾으세요."
"gyeongnam\yangsan-si\산막동\index.html","경남 양산시 산막동 장기렌트·자동차리스 가격비교 | 행복한렌트몰","경남 양산시 산막동 장기렌트와 자동차리스 이용조건을 행복한렌트몰에서 비교하고 차량별 견적과 지역별 상담 정보를 확인해보세요.","같은 차라도 조건은 다릅니다.비교하고 더 좋은 조건을 찾으세요."
"gyeongnam\yangsan-si\삼호동\index.html","경남 양산시 삼호동 장기렌트·자동차리스 가격비교 | 행복한렌트몰","경남 양산시 삼호동 장기렌트와 자동차리스 이용조건을 행복한렌트몰에서 비교하고 차량별 견적과 지역별 상담 정보를 확인해보세요.","같은 차라도 조건은 다릅니다.비교하고 더 좋은 조건을 찾으세요."
"gyeongnam\yangsan-si\상북면\index.html","경남 양산시 상북면 장기렌트·자동차리스 가격비교 | 행복한렌트몰","경남 양산시 상북면 장기렌트와 자동차리스 이용조건을 행복한렌트몰에서 비교하고 차량별 견적과 지역별 상담 정보를 확인해보세요.","같은 차라도 조건은 다릅니다.비교하고 더 좋은 조건을 찾으세요."
"gyeongnam\yangsan-si\소주동\index.html","경남 양산시 소주동 장기렌트·자동차리스 가격비교 | 행복한렌트몰","경남 양산시 소주동 장기렌트와 자동차리스 이용조건을 행복한렌트몰에서 비교하고 차량별 견적과 지역별 상담 정보를 확인해보세요.","같은 차라도 조건은 다릅니다.비교하고 더 좋은 조건을 찾으세요."
"gyeongnam\yangsan-si\신기동\index.html","경남 양산시 신기동 장기렌트·자동차리스 가격비교 | 행복한렌트몰","경남 양산시 신기동 장기렌트와 자동차리스 이용조건을 행복한렌트몰에서 비교하고 차량별 견적과 지역별 상담 정보를 확인해보세요.","같은 차라도 조건은 다릅니다.비교하고 더 좋은 조건을 찾으세요."
"gyeongnam\yangsan-si\어곡동\index.html","경남 양산시 어곡동 장기렌트·자동차리스 가격비교 | 행복한렌트몰","경남 양산시 어곡동 장기렌트와 자동차리스 이용조건을 행복한렌트몰에서 비교하고 차량별 견적과 지역별 상담 정보를 확인해보세요.","같은 차라도 조건은 다릅니다.비교하고 더 좋은 조건을 찾으세요."
"gyeongnam\yangsan-si\용당동\index.html","경남 양산시 용당동 장기렌트·자동차리스 가격비교 | 행복한렌트몰","경남 양산시 용당동 장기렌트와 자동차리스 이용조건을 행복한렌트몰에서 비교하고 차량별 견적과 지역별 상담 정보를 확인해보세요.","같은 차라도 조건은 다릅니다.비교하고 더 좋은 조건을 찾으세요."
"gyeongnam\yangsan-si\원동면\index.html","경남 양산시 원동면 장기렌트·자동차리스 가격비교 | 행복한렌트몰","경남 양산시 원동면 장기렌트와 자동차리스 이용조건을 행복한렌트몰에서 비교하고 차량별 견적과 지역별 상담 정보를 확인해보세요.","같은 차라도 조건은 다릅니다.비교하고 더 좋은 조건을 찾으세요."
"gyeongnam\yangsan-si\유산동\index.html","경남 양산시 유산동 장기렌트·자동차리스 가격비교 | 행복한렌트몰","경남 양산시 유산동 장기렌트와 자동차리스 이용조건을 행복한렌트몰에서 비교하고 차량별 견적과 지역별 상담 정보를 확인해보세요.","같은 차라도 조건은 다릅니다.비교하고 더 좋은 조건을 찾으세요."
"gyeongnam\yangsan-si\주남동\index.html","경남 양산시 주남동 장기렌트·자동차리스 가격비교 | 행복한렌트몰","경남 양산시 주남동 장기렌트와 자동차리스 이용조건을 행복한렌트몰에서 비교하고 차량별 견적과 지역별 상담 정보를 확인해보세요.","같은 차라도 조건은 다릅니다.비교하고 더 좋은 조건을 찾으세요."
"gyeongnam\yangsan-si\주진동\index.html","경남 양산시 주진동 장기렌트·자동차리스 가격비교 | 행복한렌트몰","경남 양산시 주진동 장기렌트와 자동차리스 이용조건을 행복한렌트몰에서 비교하고 차량별 견적과 지역별 상담 정보를 확인해보세요.","같은 차라도 조건은 다릅니다.비교하고 더 좋은 조건을 찾으세요."
"gyeongnam\yangsan-si\중부동\index.html","경남 양산시 중부동 장기렌트·자동차리스 가격비교 | 행복한렌트몰","경남 양산시 중부동 장기렌트와 자동차리스 이용조건을 행복한렌트몰에서 비교하고 차량별 견적과 지역별 상담 정보를 확인해보세요.","같은 차라도 조건은 다릅니다.비교하고 더 좋은 조건을 찾으세요."
"gyeongnam\yangsan-si\평산동\index.html","경남 양산시 평산동 장기렌트·자동차리스 가격비교 | 행복한렌트몰","경남 양산시 평산동 장기렌트와 자동차리스 이용조건을 행복한렌트몰에서 비교하고 차량별 견적과 지역별 상담 정보를 확인해보세요.","같은 차라도 조건은 다릅니다.비교하고 더 좋은 조건을 찾으세요."
"gyeongnam\yangsan-si\하북면\index.html","경남 양산시 하북면 장기렌트·자동차리스 가격비교 | 행복한렌트몰","경남 양산시 하북면 장기렌트와 자동차리스 이용조건을 행복한렌트몰에서 비교하고 차량별 견적과 지역별 상담 정보를 확인해보세요.","같은 차라도 조건은 다릅니다.비교하고 더 좋은 조건을 찾으세요."
"gyeongnam\yangsan-si\호계동\index.html","경남 양산시 호계동 장기렌트·자동차리스 가격비교 | 행복한렌트몰","경남 양산시 호계동 장기렌트와 자동차리스 이용조건을 행복한렌트몰에서 비교하고 차량별 견적과 지역별 상담 정보를 확인해보세요.","같은 차라도 조건은 다릅니다.비교하고 더 좋은 조건을 찾으세요."
"incheon\index.html","인천 장기렌트·자동차리스 가격비교 | 행복한렌트몰","인천 지역 장기렌트와 자동차리스 조건을 행복한렌트몰에서 비교하고 지역별 바로상담 정보를 확인해보세요.","같은 차라도 조건은 다릅니다.비교하고 더 좋은 조건을 찾으세요."
"incheon\bupyeong-gu\index.html","인천 부평구 장기렌트·자동차리스 가격비교 | 행복한렌트몰","인천 부평구 장기렌트와 자동차리스 조건을 행복한렌트몰에서 비교하고 지역별 상담 정보를 확인해보세요.","같은 차라도 조건은 다릅니다.비교하고 더 좋은 조건을 찾으세요."
"incheon\bupyeong-gu\갈산동\index.html","인천 부평구 갈산동 장기렌트·자동차리스 가격비교 | 행복한렌트몰","인천 부평구 갈산동 장기렌트와 자동차리스 이용조건을 행복한렌트몰에서 비교하고 차량별 견적과 지역별 상담 정보를 확인해보세요.","같은 차라도 조건은 다릅니다.비교하고 더 좋은 조건을 찾으세요."
"incheon\bupyeong-gu\구산동\index.html","인천 부평구 구산동 장기렌트·자동차리스 가격비교 | 행복한렌트몰","인천 부평구 구산동 장기렌트와 자동차리스 이용조건을 행복한렌트몰에서 비교하고 차량별 견적과 지역별 상담 정보를 확인해보세요.","같은 차라도 조건은 다릅니다.비교하고 더 좋은 조건을 찾으세요."
"incheon\bupyeong-gu\부개동\index.html","인천 부평구 부개동 장기렌트·자동차리스 가격비교 | 행복한렌트몰","인천 부평구 부개동 장기렌트와 자동차리스 이용조건을 행복한렌트몰에서 비교하고 차량별 견적과 지역별 상담 정보를 확인해보세요.","같은 차라도 조건은 다릅니다.비교하고 더 좋은 조건을 찾으세요."
"incheon\bupyeong-gu\부평동\index.html","인천 부평구 부평동 장기렌트·자동차리스 가격비교 | 행복한렌트몰","인천 부평구 부평동 장기렌트와 자동차리스 이용조건을 행복한렌트몰에서 비교하고 차량별 견적과 지역별 상담 정보를 확인해보세요.","같은 차라도 조건은 다릅니다.비교하고 더 좋은 조건을 찾으세요."
"incheon\bupyeong-gu\산곡동\index.html","인천 부평구 산곡동 장기렌트·자동차리스 가격비교 | 행복한렌트몰","인천 부평구 산곡동 장기렌트와 자동차리스 이용조건을 행복한렌트몰에서 비교하고 차량별 견적과 지역별 상담 정보를 확인해보세요.","같은 차라도 조건은 다릅니다.비교하고 더 좋은 조건을 찾으세요."
"incheon\bupyeong-gu\삼산동\index.html","인천 부평구 삼산동 장기렌트·자동차리스 가격비교 | 행복한렌트몰","인천 부평구 삼산동 장기렌트와 자동차리스 이용조건을 행복한렌트몰에서 비교하고 차량별 견적과 지역별 상담 정보를 확인해보세요.","같은 차라도 조건은 다릅니다.비교하고 더 좋은 조건을 찾으세요."
"incheon\bupyeong-gu\십정동\index.html","인천 부평구 십정동 장기렌트·자동차리스 가격비교 | 행복한렌트몰","인천 부평구 십정동 장기렌트와 자동차리스 이용조건을 행복한렌트몰에서 비교하고 차량별 견적과 지역별 상담 정보를 확인해보세요.","같은 차라도 조건은 다릅니다.비교하고 더 좋은 조건을 찾으세요."
"incheon\bupyeong-gu\일신동\index.html","인천 부평구 일신동 장기렌트·자동차리스 가격비교 | 행복한렌트몰","인천 부평구 일신동 장기렌트와 자동차리스 이용조건을 행복한렌트몰에서 비교하고 차량별 견적과 지역별 상담 정보를 확인해보세요.","같은 차라도 조건은 다릅니다.비교하고 더 좋은 조건을 찾으세요."
"incheon\bupyeong-gu\청천동\index.html","인천 부평구 청천동 장기렌트·자동차리스 가격비교 | 행복한렌트몰","인천 부평구 청천동 장기렌트와 자동차리스 이용조건을 행복한렌트몰에서 비교하고 차량별 견적과 지역별 상담 정보를 확인해보세요.","같은 차라도 조건은 다릅니다.비교하고 더 좋은 조건을 찾으세요."
"incheon\ganghwa-gun\index.html","인천 강화군 장기렌트·자동차리스 가격비교 | 행복한렌트몰","인천 강화군 장기렌트와 자동차리스 조건을 행복한렌트몰에서 비교하고 지역별 상담 정보를 확인해보세요.","같은 차라도 조건은 다릅니다.비교하고 더 좋은 조건을 찾으세요."
"incheon\ganghwa-gun\강화읍\index.html","인천 강화군 강화읍 장기렌트·자동차리스 가격비교 | 행복한렌트몰","인천 강화군 강화읍 장기렌트와 자동차리스 이용조건을 행복한렌트몰에서 비교하고 차량별 견적과 지역별 상담 정보를 확인해보세요.","같은 차라도 조건은 다릅니다.비교하고 더 좋은 조건을 찾으세요."
"incheon\ganghwa-gun\교동면\index.html","인천 강화군 교동면 장기렌트·자동차리스 가격비교 | 행복한렌트몰","인천 강화군 교동면 장기렌트와 자동차리스 이용조건을 행복한렌트몰에서 비교하고 차량별 견적과 지역별 상담 정보를 확인해보세요.","같은 차라도 조건은 다릅니다.비교하고 더 좋은 조건을 찾으세요."
"incheon\ganghwa-gun\길상면\index.html","인천 강화군 길상면 장기렌트·자동차리스 가격비교 | 행복한렌트몰","인천 강화군 길상면 장기렌트와 자동차리스 이용조건을 행복한렌트몰에서 비교하고 차량별 견적과 지역별 상담 정보를 확인해보세요.","같은 차라도 조건은 다릅니다.비교하고 더 좋은 조건을 찾으세요."
"incheon\ganghwa-gun\내가면\index.html","인천 강화군 내가면 장기렌트·자동차리스 가격비교 | 행복한렌트몰","인천 강화군 내가면 장기렌트와 자동차리스 이용조건을 행복한렌트몰에서 비교하고 차량별 견적과 지역별 상담 정보를 확인해보세요.","같은 차라도 조건은 다릅니다.비교하고 더 좋은 조건을 찾으세요."
"incheon\ganghwa-gun\불은면\index.html","인천 강화군 불은면 장기렌트·자동차리스 가격비교 | 행복한렌트몰","인천 강화군 불은면 장기렌트와 자동차리스 이용조건을 행복한렌트몰에서 비교하고 차량별 견적과 지역별 상담 정보를 확인해보세요.","같은 차라도 조건은 다릅니다.비교하고 더 좋은 조건을 찾으세요."
"incheon\ganghwa-gun\삼산면\index.html","인천 강화군 삼산면 장기렌트·자동차리스 가격비교 | 행복한렌트몰","인천 강화군 삼산면 장기렌트와 자동차리스 이용조건을 행복한렌트몰에서 비교하고 차량별 견적과 지역별 상담 정보를 확인해보세요.","같은 차라도 조건은 다릅니다.비교하고 더 좋은 조건을 찾으세요."
"incheon\ganghwa-gun\서도면\index.html","인천 강화군 서도면 장기렌트·자동차리스 가격비교 | 행복한렌트몰","인천 강화군 서도면 장기렌트와 자동차리스 이용조건을 행복한렌트몰에서 비교하고 차량별 견적과 지역별 상담 정보를 확인해보세요.","같은 차라도 조건은 다릅니다.비교하고 더 좋은 조건을 찾으세요."
"incheon\ganghwa-gun\선원면\index.html","인천 강화군 선원면 장기렌트·자동차리스 가격비교 | 행복한렌트몰","인천 강화군 선원면 장기렌트와 자동차리스 이용조건을 행복한렌트몰에서 비교하고 차량별 견적과 지역별 상담 정보를 확인해보세요.","같은 차라도 조건은 다릅니다.비교하고 더 좋은 조건을 찾으세요."
"incheon\ganghwa-gun\송해면\index.html","인천 강화군 송해면 장기렌트·자동차리스 가격비교 | 행복한렌트몰","인천 강화군 송해면 장기렌트와 자동차리스 이용조건을 행복한렌트몰에서 비교하고 차량별 견적과 지역별 상담 정보를 확인해보세요.","같은 차라도 조건은 다릅니다.비교하고 더 좋은 조건을 찾으세요."
"incheon\ganghwa-gun\양도면\index.html","인천 강화군 양도면 장기렌트·자동차리스 가격비교 | 행복한렌트몰","인천 강화군 양도면 장기렌트와 자동차리스 이용조건을 행복한렌트몰에서 비교하고 차량별 견적과 지역별 상담 정보를 확인해보세요.","같은 차라도 조건은 다릅니다.비교하고 더 좋은 조건을 찾으세요."
"incheon\ganghwa-gun\양사면\index.html","인천 강화군 양사면 장기렌트·자동차리스 가격비교 | 행복한렌트몰","인천 강화군 양사면 장기렌트와 자동차리스 이용조건을 행복한렌트몰에서 비교하고 차량별 견적과 지역별 상담 정보를 확인해보세요.","같은 차라도 조건은 다릅니다.비교하고 더 좋은 조건을 찾으세요."
"incheon\ganghwa-gun\하점면\index.html","인천 강화군 하점면 장기렌트·자동차리스 가격비교 | 행복한렌트몰","인천 강화군 하점면 장기렌트와 자동차리스 이용조건을 행복한렌트몰에서 비교하고 차량별 견적과 지역별 상담 정보를 확인해보세요.","같은 차라도 조건은 다릅니다.비교하고 더 좋은 조건을 찾으세요."
"incheon\ganghwa-gun\화도면\index.html","인천 강화군 화도면 장기렌트·자동차리스 가격비교 | 행복한렌트몰","인천 강화군 화도면 장기렌트와 자동차리스 이용조건을 행복한렌트몰에서 비교하고 차량별 견적과 지역별 상담 정보를 확인해보세요.","같은 차라도 조건은 다릅니다.비교하고 더 좋은 조건을 찾으세요."
"incheon\geomdan-gu\index.html","인천 검단구 장기렌트·자동차리스 가격비교 | 행복한렌트몰","인천 검단구 장기렌트와 자동차리스 조건을 행복한렌트몰에서 비교하고 지역별 상담 정보를 확인해보세요.","같은 차라도 조건은 다릅니다.비교하고 더 좋은 조건을 찾으세요."
"incheon\geomdan-gu\금곡동\index.html","인천 검단구 금곡동 장기렌트·자동차리스 가격비교 | 행복한렌트몰","인천 검단구 금곡동 장기렌트와 자동차리스 이용조건을 행복한렌트몰에서 비교하고 차량별 견적과 지역별 상담 정보를 확인해보세요.","같은 차라도 조건은 다릅니다.비교하고 더 좋은 조건을 찾으세요."
"incheon\geomdan-gu\당하동\index.html","인천 검단구 당하동 장기렌트·자동차리스 가격비교 | 행복한렌트몰","인천 검단구 당하동 장기렌트와 자동차리스 이용조건을 행복한렌트몰에서 비교하고 차량별 견적과 지역별 상담 정보를 확인해보세요.","같은 차라도 조건은 다릅니다.비교하고 더 좋은 조건을 찾으세요."
"incheon\geomdan-gu\대곡동\index.html","인천 검단구 대곡동 장기렌트·자동차리스 가격비교 | 행복한렌트몰","인천 검단구 대곡동 장기렌트와 자동차리스 이용조건을 행복한렌트몰에서 비교하고 차량별 견적과 지역별 상담 정보를 확인해보세요.","같은 차라도 조건은 다릅니다.비교하고 더 좋은 조건을 찾으세요."
"incheon\geomdan-gu\마전동\index.html","인천 검단구 마전동 장기렌트·자동차리스 가격비교 | 행복한렌트몰","인천 검단구 마전동 장기렌트와 자동차리스 이용조건을 행복한렌트몰에서 비교하고 차량별 견적과 지역별 상담 정보를 확인해보세요.","같은 차라도 조건은 다릅니다.비교하고 더 좋은 조건을 찾으세요."
"incheon\geomdan-gu\백석동\index.html","인천 검단구 백석동 장기렌트·자동차리스 가격비교 | 행복한렌트몰","인천 검단구 백석동 장기렌트와 자동차리스 이용조건을 행복한렌트몰에서 비교하고 차량별 견적과 지역별 상담 정보를 확인해보세요.","같은 차라도 조건은 다릅니다.비교하고 더 좋은 조건을 찾으세요."
"incheon\geomdan-gu\불로동\index.html","인천 검단구 불로동 장기렌트·자동차리스 가격비교 | 행복한렌트몰","인천 검단구 불로동 장기렌트와 자동차리스 이용조건을 행복한렌트몰에서 비교하고 차량별 견적과 지역별 상담 정보를 확인해보세요.","같은 차라도 조건은 다릅니다.비교하고 더 좋은 조건을 찾으세요."
"incheon\geomdan-gu\시천동\index.html","인천 검단구 시천동 장기렌트·자동차리스 가격비교 | 행복한렌트몰","인천 검단구 시천동 장기렌트와 자동차리스 이용조건을 행복한렌트몰에서 비교하고 차량별 견적과 지역별 상담 정보를 확인해보세요.","같은 차라도 조건은 다릅니다.비교하고 더 좋은 조건을 찾으세요."
"incheon\geomdan-gu\오류동\index.html","인천 검단구 오류동 장기렌트·자동차리스 가격비교 | 행복한렌트몰","인천 검단구 오류동 장기렌트와 자동차리스 이용조건을 행복한렌트몰에서 비교하고 차량별 견적과 지역별 상담 정보를 확인해보세요.","같은 차라도 조건은 다릅니다.비교하고 더 좋은 조건을 찾으세요."
"incheon\geomdan-gu\왕길동\index.html","인천 검단구 왕길동 장기렌트·자동차리스 가격비교 | 행복한렌트몰","인천 검단구 왕길동 장기렌트와 자동차리스 이용조건을 행복한렌트몰에서 비교하고 차량별 견적과 지역별 상담 정보를 확인해보세요.","같은 차라도 조건은 다릅니다.비교하고 더 좋은 조건을 찾으세요."
"incheon\geomdan-gu\원당동\index.html","인천 검단구 원당동 장기렌트·자동차리스 가격비교 | 행복한렌트몰","인천 검단구 원당동 장기렌트와 자동차리스 이용조건을 행복한렌트몰에서 비교하고 차량별 견적과 지역별 상담 정보를 확인해보세요.","같은 차라도 조건은 다릅니다.비교하고 더 좋은 조건을 찾으세요."
"incheon\gyeyang-gu\index.html","인천 계양구 장기렌트·자동차리스 가격비교 | 행복한렌트몰","인천 계양구 장기렌트와 자동차리스 조건을 행복한렌트몰에서 비교하고 지역별 상담 정보를 확인해보세요.","같은 차라도 조건은 다릅니다.비교하고 더 좋은 조건을 찾으세요."
"incheon\gyeyang-gu\갈현동\index.html","인천 계양구 갈현동 장기렌트·자동차리스 가격비교 | 행복한렌트몰","인천 계양구 갈현동 장기렌트와 자동차리스 이용조건을 행복한렌트몰에서 비교하고 차량별 견적과 지역별 상담 정보를 확인해보세요.","같은 차라도 조건은 다릅니다.비교하고 더 좋은 조건을 찾으세요."
"incheon\gyeyang-gu\계산동\index.html","인천 계양구 계산동 장기렌트·자동차리스 가격비교 | 행복한렌트몰","인천 계양구 계산동 장기렌트와 자동차리스 이용조건을 행복한렌트몰에서 비교하고 차량별 견적과 지역별 상담 정보를 확인해보세요.","같은 차라도 조건은 다릅니다.비교하고 더 좋은 조건을 찾으세요."
"incheon\gyeyang-gu\귤현동\index.html","인천 계양구 귤현동 장기렌트·자동차리스 가격비교 | 행복한렌트몰","인천 계양구 귤현동 장기렌트와 자동차리스 이용조건을 행복한렌트몰에서 비교하고 차량별 견적과 지역별 상담 정보를 확인해보세요.","같은 차라도 조건은 다릅니다.비교하고 더 좋은 조건을 찾으세요."
"incheon\gyeyang-gu\노오지동\index.html","인천 계양구 노오지동 장기렌트·자동차리스 가격비교 | 행복한렌트몰","인천 계양구 노오지동 장기렌트와 자동차리스 이용조건을 행복한렌트몰에서 비교하고 차량별 견적과 지역별 상담 정보를 확인해보세요.","같은 차라도 조건은 다릅니다.비교하고 더 좋은 조건을 찾으세요."
"incheon\gyeyang-gu\다남동\index.html","인천 계양구 다남동 장기렌트·자동차리스 가격비교 | 행복한렌트몰","인천 계양구 다남동 장기렌트와 자동차리스 이용조건을 행복한렌트몰에서 비교하고 차량별 견적과 지역별 상담 정보를 확인해보세요.","같은 차라도 조건은 다릅니다.비교하고 더 좋은 조건을 찾으세요."
"incheon\gyeyang-gu\동양동\index.html","인천 계양구 동양동 장기렌트·자동차리스 가격비교 | 행복한렌트몰","인천 계양구 동양동 장기렌트와 자동차리스 이용조건을 행복한렌트몰에서 비교하고 차량별 견적과 지역별 상담 정보를 확인해보세요.","같은 차라도 조건은 다릅니다.비교하고 더 좋은 조건을 찾으세요."
"incheon\gyeyang-gu\둑실동\index.html","인천 계양구 둑실동 장기렌트·자동차리스 가격비교 | 행복한렌트몰","인천 계양구 둑실동 장기렌트와 자동차리스 이용조건을 행복한렌트몰에서 비교하고 차량별 견적과 지역별 상담 정보를 확인해보세요.","같은 차라도 조건은 다릅니다.비교하고 더 좋은 조건을 찾으세요."
"incheon\gyeyang-gu\목상동\index.html","인천 계양구 목상동 장기렌트·자동차리스 가격비교 | 행복한렌트몰","인천 계양구 목상동 장기렌트와 자동차리스 이용조건을 행복한렌트몰에서 비교하고 차량별 견적과 지역별 상담 정보를 확인해보세요.","같은 차라도 조건은 다릅니다.비교하고 더 좋은 조건을 찾으세요."
"incheon\gyeyang-gu\박촌동\index.html","인천 계양구 박촌동 장기렌트·자동차리스 가격비교 | 행복한렌트몰","인천 계양구 박촌동 장기렌트와 자동차리스 이용조건을 행복한렌트몰에서 비교하고 차량별 견적과 지역별 상담 정보를 확인해보세요.","같은 차라도 조건은 다릅니다.비교하고 더 좋은 조건을 찾으세요."
"incheon\gyeyang-gu\방축동\index.html","인천 계양구 방축동 장기렌트·자동차리스 가격비교 | 행복한렌트몰","인천 계양구 방축동 장기렌트와 자동차리스 이용조건을 행복한렌트몰에서 비교하고 차량별 견적과 지역별 상담 정보를 확인해보세요.","같은 차라도 조건은 다릅니다.비교하고 더 좋은 조건을 찾으세요."
"incheon\gyeyang-gu\병방동\index.html","인천 계양구 병방동 장기렌트·자동차리스 가격비교 | 행복한렌트몰","인천 계양구 병방동 장기렌트와 자동차리스 이용조건을 행복한렌트몰에서 비교하고 차량별 견적과 지역별 상담 정보를 확인해보세요.","같은 차라도 조건은 다릅니다.비교하고 더 좋은 조건을 찾으세요."
"incheon\gyeyang-gu\상야동\index.html","인천 계양구 상야동 장기렌트·자동차리스 가격비교 | 행복한렌트몰","인천 계양구 상야동 장기렌트와 자동차리스 이용조건을 행복한렌트몰에서 비교하고 차량별 견적과 지역별 상담 정보를 확인해보세요.","같은 차라도 조건은 다릅니다.비교하고 더 좋은 조건을 찾으세요."
"incheon\gyeyang-gu\서운동\index.html","인천 계양구 서운동 장기렌트·자동차리스 가격비교 | 행복한렌트몰","인천 계양구 서운동 장기렌트와 자동차리스 이용조건을 행복한렌트몰에서 비교하고 차량별 견적과 지역별 상담 정보를 확인해보세요.","같은 차라도 조건은 다릅니다.비교하고 더 좋은 조건을 찾으세요."
"incheon\gyeyang-gu\선주지동\index.html","인천 계양구 선주지동 장기렌트·자동차리스 가격비교 | 행복한렌트몰","인천 계양구 선주지동 장기렌트와 자동차리스 이용조건을 행복한렌트몰에서 비교하고 차량별 견적과 지역별 상담 정보를 확인해보세요.","같은 차라도 조건은 다릅니다.비교하고 더 좋은 조건을 찾으세요."
"incheon\gyeyang-gu\오류동\index.html","인천 계양구 오류동 장기렌트·자동차리스 가격비교 | 행복한렌트몰","인천 계양구 오류동 장기렌트와 자동차리스 이용조건을 행복한렌트몰에서 비교하고 차량별 견적과 지역별 상담 정보를 확인해보세요.","같은 차라도 조건은 다릅니다.비교하고 더 좋은 조건을 찾으세요."
"incheon\gyeyang-gu\용종동\index.html","인천 계양구 용종동 장기렌트·자동차리스 가격비교 | 행복한렌트몰","인천 계양구 용종동 장기렌트와 자동차리스 이용조건을 행복한렌트몰에서 비교하고 차량별 견적과 지역별 상담 정보를 확인해보세요.","같은 차라도 조건은 다릅니다.비교하고 더 좋은 조건을 찾으세요."
"incheon\gyeyang-gu\이화동\index.html","인천 계양구 이화동 장기렌트·자동차리스 가격비교 | 행복한렌트몰","인천 계양구 이화동 장기렌트와 자동차리스 이용조건을 행복한렌트몰에서 비교하고 차량별 견적과 지역별 상담 정보를 확인해보세요.","같은 차라도 조건은 다릅니다.비교하고 더 좋은 조건을 찾으세요."
"incheon\gyeyang-gu\임학동\index.html","인천 계양구 임학동 장기렌트·자동차리스 가격비교 | 행복한렌트몰","인천 계양구 임학동 장기렌트와 자동차리스 이용조건을 행복한렌트몰에서 비교하고 차량별 견적과 지역별 상담 정보를 확인해보세요.","같은 차라도 조건은 다릅니다.비교하고 더 좋은 조건을 찾으세요."
"incheon\gyeyang-gu\작전동\index.html","인천 계양구 작전동 장기렌트·자동차리스 가격비교 | 행복한렌트몰","인천 계양구 작전동 장기렌트와 자동차리스 이용조건을 행복한렌트몰에서 비교하고 차량별 견적과 지역별 상담 정보를 확인해보세요.","같은 차라도 조건은 다릅니다.비교하고 더 좋은 조건을 찾으세요."
"incheon\gyeyang-gu\장기동\index.html","인천 계양구 장기동 장기렌트·자동차리스 가격비교 | 행복한렌트몰","인천 계양구 장기동 장기렌트와 자동차리스 이용조건을 행복한렌트몰에서 비교하고 차량별 견적과 지역별 상담 정보를 확인해보세요.","같은 차라도 조건은 다릅니다.비교하고 더 좋은 조건을 찾으세요."
"incheon\gyeyang-gu\평동\index.html","인천 계양구 평동 장기렌트·자동차리스 가격비교 | 행복한렌트몰","인천 계양구 평동 장기렌트와 자동차리스 이용조건을 행복한렌트몰에서 비교하고 차량별 견적과 지역별 상담 정보를 확인해보세요.","같은 차라도 조건은 다릅니다.비교하고 더 좋은 조건을 찾으세요."
"incheon\gyeyang-gu\하야동\index.html","인천 계양구 하야동 장기렌트·자동차리스 가격비교 | 행복한렌트몰","인천 계양구 하야동 장기렌트와 자동차리스 이용조건을 행복한렌트몰에서 비교하고 차량별 견적과 지역별 상담 정보를 확인해보세요.","같은 차라도 조건은 다릅니다.비교하고 더 좋은 조건을 찾으세요."
"incheon\gyeyang-gu\효성동\index.html","인천 계양구 효성동 장기렌트·자동차리스 가격비교 | 행복한렌트몰","인천 계양구 효성동 장기렌트와 자동차리스 이용조건을 행복한렌트몰에서 비교하고 차량별 견적과 지역별 상담 정보를 확인해보세요.","같은 차라도 조건은 다릅니다.비교하고 더 좋은 조건을 찾으세요."
"incheon\jemulpo-gu\index.html","인천 제물포구 장기렌트·자동차리스 가격비교 | 행복한렌트몰","인천 제물포구 장기렌트와 자동차리스 조건을 행복한렌트몰에서 비교하고 지역별 상담 정보를 확인해보세요.","같은 차라도 조건은 다릅니다.비교하고 더 좋은 조건을 찾으세요."
"incheon\jemulpo-gu\경동\index.html","인천 제물포구 경동 장기렌트·자동차리스 가격비교 | 행복한렌트몰","인천 제물포구 경동 장기렌트와 자동차리스 이용조건을 행복한렌트몰에서 비교하고 차량별 견적과 지역별 상담 정보를 확인해보세요.","같은 차라도 조건은 다릅니다.비교하고 더 좋은 조건을 찾으세요."
"incheon\jemulpo-gu\금곡동\index.html","인천 제물포구 금곡동 장기렌트·자동차리스 가격비교 | 행복한렌트몰","인천 제물포구 금곡동 장기렌트와 자동차리스 이용조건을 행복한렌트몰에서 비교하고 차량별 견적과 지역별 상담 정보를 확인해보세요.","같은 차라도 조건은 다릅니다.비교하고 더 좋은 조건을 찾으세요."
"incheon\jemulpo-gu\내동\index.html","인천 제물포구 내동 장기렌트·자동차리스 가격비교 | 행복한렌트몰","인천 제물포구 내동 장기렌트와 자동차리스 이용조건을 행복한렌트몰에서 비교하고 차량별 견적과 지역별 상담 정보를 확인해보세요.","같은 차라도 조건은 다릅니다.비교하고 더 좋은 조건을 찾으세요."
"incheon\jemulpo-gu\답동\index.html","인천 제물포구 답동 장기렌트·자동차리스 가격비교 | 행복한렌트몰","인천 제물포구 답동 장기렌트와 자동차리스 이용조건을 행복한렌트몰에서 비교하고 차량별 견적과 지역별 상담 정보를 확인해보세요.","같은 차라도 조건은 다릅니다.비교하고 더 좋은 조건을 찾으세요."
"incheon\jemulpo-gu\도원동\index.html","인천 제물포구 도원동 장기렌트·자동차리스 가격비교 | 행복한렌트몰","인천 제물포구 도원동 장기렌트와 자동차리스 이용조건을 행복한렌트몰에서 비교하고 차량별 견적과 지역별 상담 정보를 확인해보세요.","같은 차라도 조건은 다릅니다.비교하고 더 좋은 조건을 찾으세요."
"incheon\jemulpo-gu\만석동\index.html","인천 제물포구 만석동 장기렌트·자동차리스 가격비교 | 행복한렌트몰","인천 제물포구 만석동 장기렌트와 자동차리스 이용조건을 행복한렌트몰에서 비교하고 차량별 견적과 지역별 상담 정보를 확인해보세요.","같은 차라도 조건은 다릅니다.비교하고 더 좋은 조건을 찾으세요."
"incheon\jemulpo-gu\사동\index.html","인천 제물포구 사동 장기렌트·자동차리스 가격비교 | 행복한렌트몰","인천 제물포구 사동 장기렌트와 자동차리스 이용조건을 행복한렌트몰에서 비교하고 차량별 견적과 지역별 상담 정보를 확인해보세요.","같은 차라도 조건은 다릅니다.비교하고 더 좋은 조건을 찾으세요."
"incheon\jemulpo-gu\선린동\index.html","인천 제물포구 선린동 장기렌트·자동차리스 가격비교 | 행복한렌트몰","인천 제물포구 선린동 장기렌트와 자동차리스 이용조건을 행복한렌트몰에서 비교하고 차량별 견적과 지역별 상담 정보를 확인해보세요.","같은 차라도 조건은 다릅니다.비교하고 더 좋은 조건을 찾으세요."
"incheon\jemulpo-gu\선화동\index.html","인천 제물포구 선화동 장기렌트·자동차리스 가격비교 | 행복한렌트몰","인천 제물포구 선화동 장기렌트와 자동차리스 이용조건을 행복한렌트몰에서 비교하고 차량별 견적과 지역별 상담 정보를 확인해보세요.","같은 차라도 조건은 다릅니다.비교하고 더 좋은 조건을 찾으세요."
"incheon\jemulpo-gu\송림동\index.html","인천 제물포구 송림동 장기렌트·자동차리스 가격비교 | 행복한렌트몰","인천 제물포구 송림동 장기렌트와 자동차리스 이용조건을 행복한렌트몰에서 비교하고 차량별 견적과 지역별 상담 정보를 확인해보세요.","같은 차라도 조건은 다릅니다.비교하고 더 좋은 조건을 찾으세요."
"incheon\jemulpo-gu\송현동\index.html","인천 제물포구 송현동 장기렌트·자동차리스 가격비교 | 행복한렌트몰","인천 제물포구 송현동 장기렌트와 자동차리스 이용조건을 행복한렌트몰에서 비교하고 차량별 견적과 지역별 상담 정보를 확인해보세요.","같은 차라도 조건은 다릅니다.비교하고 더 좋은 조건을 찾으세요."
"incheon\jemulpo-gu\신생동\index.html","인천 제물포구 신생동 장기렌트·자동차리스 가격비교 | 행복한렌트몰","인천 제물포구 신생동 장기렌트와 자동차리스 이용조건을 행복한렌트몰에서 비교하고 차량별 견적과 지역별 상담 정보를 확인해보세요.","같은 차라도 조건은 다릅니다.비교하고 더 좋은 조건을 찾으세요."
"incheon\jemulpo-gu\신포동\index.html","인천 제물포구 신포동 장기렌트·자동차리스 가격비교 | 행복한렌트몰","인천 제물포구 신포동 장기렌트와 자동차리스 이용조건을 행복한렌트몰에서 비교하고 차량별 견적과 지역별 상담 정보를 확인해보세요.","같은 차라도 조건은 다릅니다.비교하고 더 좋은 조건을 찾으세요."
"incheon\jemulpo-gu\용동\index.html","인천 제물포구 용동 장기렌트·자동차리스 가격비교 | 행복한렌트몰","인천 제물포구 용동 장기렌트와 자동차리스 이용조건을 행복한렌트몰에서 비교하고 차량별 견적과 지역별 상담 정보를 확인해보세요.","같은 차라도 조건은 다릅니다.비교하고 더 좋은 조건을 찾으세요."
"incheon\jemulpo-gu\유동\index.html","인천 제물포구 유동 장기렌트·자동차리스 가격비교 | 행복한렌트몰","인천 제물포구 유동 장기렌트와 자동차리스 이용조건을 행복한렌트몰에서 비교하고 차량별 견적과 지역별 상담 정보를 확인해보세요.","같은 차라도 조건은 다릅니다.비교하고 더 좋은 조건을 찾으세요."
"incheon\jemulpo-gu\율목동\index.html","인천 제물포구 율목동 장기렌트·자동차리스 가격비교 | 행복한렌트몰","인천 제물포구 율목동 장기렌트와 자동차리스 이용조건을 행복한렌트몰에서 비교하고 차량별 견적과 지역별 상담 정보를 확인해보세요.","같은 차라도 조건은 다릅니다.비교하고 더 좋은 조건을 찾으세요."
"incheon\jemulpo-gu\인현동\index.html","인천 제물포구 인현동 장기렌트·자동차리스 가격비교 | 행복한렌트몰","인천 제물포구 인현동 장기렌트와 자동차리스 이용조건을 행복한렌트몰에서 비교하고 차량별 견적과 지역별 상담 정보를 확인해보세요.","같은 차라도 조건은 다릅니다.비교하고 더 좋은 조건을 찾으세요."
"incheon\jemulpo-gu\전동\index.html","인천 제물포구 전동 장기렌트·자동차리스 가격비교 | 행복한렌트몰","인천 제물포구 전동 장기렌트와 자동차리스 이용조건을 행복한렌트몰에서 비교하고 차량별 견적과 지역별 상담 정보를 확인해보세요.","같은 차라도 조건은 다릅니다.비교하고 더 좋은 조건을 찾으세요."
"incheon\jemulpo-gu\창영동\index.html","인천 제물포구 창영동 장기렌트·자동차리스 가격비교 | 행복한렌트몰","인천 제물포구 창영동 장기렌트와 자동차리스 이용조건을 행복한렌트몰에서 비교하고 차량별 견적과 지역별 상담 정보를 확인해보세요.","같은 차라도 조건은 다릅니다.비교하고 더 좋은 조건을 찾으세요."
"incheon\jemulpo-gu\화수동\index.html","인천 제물포구 화수동 장기렌트·자동차리스 가격비교 | 행복한렌트몰","인천 제물포구 화수동 장기렌트와 자동차리스 이용조건을 행복한렌트몰에서 비교하고 차량별 견적과 지역별 상담 정보를 확인해보세요.","같은 차라도 조건은 다릅니다.비교하고 더 좋은 조건을 찾으세요."
"incheon\jemulpo-gu\화평동\index.html","인천 제물포구 화평동 장기렌트·자동차리스 가격비교 | 행복한렌트몰","인천 제물포구 화평동 장기렌트와 자동차리스 이용조건을 행복한렌트몰에서 비교하고 차량별 견적과 지역별 상담 정보를 확인해보세요.","같은 차라도 조건은 다릅니다.비교하고 더 좋은 조건을 찾으세요."
"incheon\michuhol-gu\index.html","인천 미추홀구 장기렌트·자동차리스 가격비교 | 행복한렌트몰","인천 미추홀구 장기렌트와 자동차리스 조건을 행복한렌트몰에서 비교하고 지역별 상담 정보를 확인해보세요.","같은 차라도 조건은 다릅니다.비교하고 더 좋은 조건을 찾으세요."
"incheon\michuhol-gu\관교동\index.html","인천 미추홀구 관교동 장기렌트·자동차리스 가격비교 | 행복한렌트몰","인천 미추홀구 관교동 장기렌트와 자동차리스 이용조건을 행복한렌트몰에서 비교하고 차량별 견적과 지역별 상담 정보를 확인해보세요.","같은 차라도 조건은 다릅니다.비교하고 더 좋은 조건을 찾으세요."
"incheon\michuhol-gu\도화동\index.html","인천 미추홀구 도화동 장기렌트·자동차리스 가격비교 | 행복한렌트몰","인천 미추홀구 도화동 장기렌트와 자동차리스 이용조건을 행복한렌트몰에서 비교하고 차량별 견적과 지역별 상담 정보를 확인해보세요.","같은 차라도 조건은 다릅니다.비교하고 더 좋은 조건을 찾으세요."
"incheon\michuhol-gu\문학동\index.html","인천 미추홀구 문학동 장기렌트·자동차리스 가격비교 | 행복한렌트몰","인천 미추홀구 문학동 장기렌트와 자동차리스 이용조건을 행복한렌트몰에서 비교하고 차량별 견적과 지역별 상담 정보를 확인해보세요.","같은 차라도 조건은 다릅니다.비교하고 더 좋은 조건을 찾으세요."
"incheon\michuhol-gu\숭의동\index.html","인천 미추홀구 숭의동 장기렌트·자동차리스 가격비교 | 행복한렌트몰","인천 미추홀구 숭의동 장기렌트와 자동차리스 이용조건을 행복한렌트몰에서 비교하고 차량별 견적과 지역별 상담 정보를 확인해보세요.","같은 차라도 조건은 다릅니다.비교하고 더 좋은 조건을 찾으세요."
"incheon\michuhol-gu\용현동\index.html","인천 미추홀구 용현동 장기렌트·자동차리스 가격비교 | 행복한렌트몰","인천 미추홀구 용현동 장기렌트와 자동차리스 이용조건을 행복한렌트몰에서 비교하고 차량별 견적과 지역별 상담 정보를 확인해보세요.","같은 차라도 조건은 다릅니다.비교하고 더 좋은 조건을 찾으세요."
"incheon\michuhol-gu\주안동\index.html","인천 미추홀구 주안동 장기렌트·자동차리스 가격비교 | 행복한렌트몰","인천 미추홀구 주안동 장기렌트와 자동차리스 이용조건을 행복한렌트몰에서 비교하고 차량별 견적과 지역별 상담 정보를 확인해보세요.","같은 차라도 조건은 다릅니다.비교하고 더 좋은 조건을 찾으세요."
"incheon\michuhol-gu\학익동\index.html","인천 미추홀구 학익동 장기렌트·자동차리스 가격비교 | 행복한렌트몰","인천 미추홀구 학익동 장기렌트와 자동차리스 이용조건을 행복한렌트몰에서 비교하고 차량별 견적과 지역별 상담 정보를 확인해보세요.","같은 차라도 조건은 다릅니다.비교하고 더 좋은 조건을 찾으세요."
"incheon\namdong-gu\index.html","인천 남동구 장기렌트·자동차리스 가격비교 | 행복한렌트몰","인천 남동구 장기렌트와 자동차리스 조건을 행복한렌트몰에서 비교하고 지역별 상담 정보를 확인해보세요.","같은 차라도 조건은 다릅니다.비교하고 더 좋은 조건을 찾으세요."
"incheon\namdong-gu\간석동\index.html","인천 남동구 간석동 장기렌트·자동차리스 가격비교 | 행복한렌트몰","인천 남동구 간석동 장기렌트와 자동차리스 이용조건을 행복한렌트몰에서 비교하고 차량별 견적과 지역별 상담 정보를 확인해보세요.","같은 차라도 조건은 다릅니다.비교하고 더 좋은 조건을 찾으세요."
"incheon\namdong-gu\고잔동\index.html","인천 남동구 고잔동 장기렌트·자동차리스 가격비교 | 행복한렌트몰","인천 남동구 고잔동 장기렌트와 자동차리스 이용조건을 행복한렌트몰에서 비교하고 차량별 견적과 지역별 상담 정보를 확인해보세요.","같은 차라도 조건은 다릅니다.비교하고 더 좋은 조건을 찾으세요."
"incheon\namdong-gu\구월동\index.html","인천 남동구 구월동 장기렌트·자동차리스 가격비교 | 행복한렌트몰","인천 남동구 구월동 장기렌트와 자동차리스 이용조건을 행복한렌트몰에서 비교하고 차량별 견적과 지역별 상담 정보를 확인해보세요.","같은 차라도 조건은 다릅니다.비교하고 더 좋은 조건을 찾으세요."
"incheon\namdong-gu\남촌동\index.html","인천 남동구 남촌동 장기렌트·자동차리스 가격비교 | 행복한렌트몰","인천 남동구 남촌동 장기렌트와 자동차리스 이용조건을 행복한렌트몰에서 비교하고 차량별 견적과 지역별 상담 정보를 확인해보세요.","같은 차라도 조건은 다릅니다.비교하고 더 좋은 조건을 찾으세요."
"incheon\namdong-gu\논현동\index.html","인천 남동구 논현동 장기렌트·자동차리스 가격비교 | 행복한렌트몰","인천 남동구 논현동 장기렌트와 자동차리스 이용조건을 행복한렌트몰에서 비교하고 차량별 견적과 지역별 상담 정보를 확인해보세요.","같은 차라도 조건은 다릅니다.비교하고 더 좋은 조건을 찾으세요."
"incheon\namdong-gu\도림동\index.html","인천 남동구 도림동 장기렌트·자동차리스 가격비교 | 행복한렌트몰","인천 남동구 도림동 장기렌트와 자동차리스 이용조건을 행복한렌트몰에서 비교하고 차량별 견적과 지역별 상담 정보를 확인해보세요.","같은 차라도 조건은 다릅니다.비교하고 더 좋은 조건을 찾으세요."
"incheon\namdong-gu\만수동\index.html","인천 남동구 만수동 장기렌트·자동차리스 가격비교 | 행복한렌트몰","인천 남동구 만수동 장기렌트와 자동차리스 이용조건을 행복한렌트몰에서 비교하고 차량별 견적과 지역별 상담 정보를 확인해보세요.","같은 차라도 조건은 다릅니다.비교하고 더 좋은 조건을 찾으세요."
"incheon\namdong-gu\서창동\index.html","인천 남동구 서창동 장기렌트·자동차리스 가격비교 | 행복한렌트몰","인천 남동구 서창동 장기렌트와 자동차리스 이용조건을 행복한렌트몰에서 비교하고 차량별 견적과 지역별 상담 정보를 확인해보세요.","같은 차라도 조건은 다릅니다.비교하고 더 좋은 조건을 찾으세요."
"incheon\namdong-gu\수산동\index.html","인천 남동구 수산동 장기렌트·자동차리스 가격비교 | 행복한렌트몰","인천 남동구 수산동 장기렌트와 자동차리스 이용조건을 행복한렌트몰에서 비교하고 차량별 견적과 지역별 상담 정보를 확인해보세요.","같은 차라도 조건은 다릅니다.비교하고 더 좋은 조건을 찾으세요."
"incheon\namdong-gu\운연동\index.html","인천 남동구 운연동 장기렌트·자동차리스 가격비교 | 행복한렌트몰","인천 남동구 운연동 장기렌트와 자동차리스 이용조건을 행복한렌트몰에서 비교하고 차량별 견적과 지역별 상담 정보를 확인해보세요.","같은 차라도 조건은 다릅니다.비교하고 더 좋은 조건을 찾으세요."
"incheon\namdong-gu\장수동\index.html","인천 남동구 장수동 장기렌트·자동차리스 가격비교 | 행복한렌트몰","인천 남동구 장수동 장기렌트와 자동차리스 이용조건을 행복한렌트몰에서 비교하고 차량별 견적과 지역별 상담 정보를 확인해보세요.","같은 차라도 조건은 다릅니다.비교하고 더 좋은 조건을 찾으세요."
"incheon\ongjin-gun\index.html","인천 옹진군 장기렌트·자동차리스 가격비교 | 행복한렌트몰","인천 옹진군 장기렌트와 자동차리스 조건을 행복한렌트몰에서 비교하고 지역별 상담 정보를 확인해보세요.","같은 차라도 조건은 다릅니다.비교하고 더 좋은 조건을 찾으세요."
"incheon\ongjin-gun\대청면\index.html","인천 옹진군 대청면 장기렌트·자동차리스 가격비교 | 행복한렌트몰","인천 옹진군 대청면 장기렌트와 자동차리스 이용조건을 행복한렌트몰에서 비교하고 차량별 견적과 지역별 상담 정보를 확인해보세요.","같은 차라도 조건은 다릅니다.비교하고 더 좋은 조건을 찾으세요."
"incheon\ongjin-gun\덕적면\index.html","인천 옹진군 덕적면 장기렌트·자동차리스 가격비교 | 행복한렌트몰","인천 옹진군 덕적면 장기렌트와 자동차리스 이용조건을 행복한렌트몰에서 비교하고 차량별 견적과 지역별 상담 정보를 확인해보세요.","같은 차라도 조건은 다릅니다.비교하고 더 좋은 조건을 찾으세요."
"incheon\ongjin-gun\백령면\index.html","인천 옹진군 백령면 장기렌트·자동차리스 가격비교 | 행복한렌트몰","인천 옹진군 백령면 장기렌트와 자동차리스 이용조건을 행복한렌트몰에서 비교하고 차량별 견적과 지역별 상담 정보를 확인해보세요.","같은 차라도 조건은 다릅니다.비교하고 더 좋은 조건을 찾으세요."
"incheon\ongjin-gun\북도면\index.html","인천 옹진군 북도면 장기렌트·자동차리스 가격비교 | 행복한렌트몰","인천 옹진군 북도면 장기렌트와 자동차리스 이용조건을 행복한렌트몰에서 비교하고 차량별 견적과 지역별 상담 정보를 확인해보세요.","같은 차라도 조건은 다릅니다.비교하고 더 좋은 조건을 찾으세요."
"incheon\ongjin-gun\연평면\index.html","인천 옹진군 연평면 장기렌트·자동차리스 가격비교 | 행복한렌트몰","인천 옹진군 연평면 장기렌트와 자동차리스 이용조건을 행복한렌트몰에서 비교하고 차량별 견적과 지역별 상담 정보를 확인해보세요.","같은 차라도 조건은 다릅니다.비교하고 더 좋은 조건을 찾으세요."
"incheon\ongjin-gun\영흥면\index.html","인천 옹진군 영흥면 장기렌트·자동차리스 가격비교 | 행복한렌트몰","인천 옹진군 영흥면 장기렌트와 자동차리스 이용조건을 행복한렌트몰에서 비교하고 차량별 견적과 지역별 상담 정보를 확인해보세요.","같은 차라도 조건은 다릅니다.비교하고 더 좋은 조건을 찾으세요."
"incheon\ongjin-gun\자월면\index.html","인천 옹진군 자월면 장기렌트·자동차리스 가격비교 | 행복한렌트몰","인천 옹진군 자월면 장기렌트와 자동차리스 이용조건을 행복한렌트몰에서 비교하고 차량별 견적과 지역별 상담 정보를 확인해보세요.","같은 차라도 조건은 다릅니다.비교하고 더 좋은 조건을 찾으세요."
"incheon\seohae-gu\index.html","인천 서해구 장기렌트·자동차리스 가격비교 | 행복한렌트몰","인천 서해구 장기렌트와 자동차리스 조건을 행복한렌트몰에서 비교하고 지역별 상담 정보를 확인해보세요.","같은 차라도 조건은 다릅니다.비교하고 더 좋은 조건을 찾으세요."
"incheon\seohae-gu\가정동\index.html","인천 서해구 가정동 장기렌트·자동차리스 가격비교 | 행복한렌트몰","인천 서해구 가정동 장기렌트와 자동차리스 이용조건을 행복한렌트몰에서 비교하고 차량별 견적과 지역별 상담 정보를 확인해보세요.","같은 차라도 조건은 다릅니다.비교하고 더 좋은 조건을 찾으세요."
"incheon\seohae-gu\가좌동\index.html","인천 서해구 가좌동 장기렌트·자동차리스 가격비교 | 행복한렌트몰","인천 서해구 가좌동 장기렌트와 자동차리스 이용조건을 행복한렌트몰에서 비교하고 차량별 견적과 지역별 상담 정보를 확인해보세요.","같은 차라도 조건은 다릅니다.비교하고 더 좋은 조건을 찾으세요."
"incheon\seohae-gu\검암동\index.html","인천 서해구 검암동 장기렌트·자동차리스 가격비교 | 행복한렌트몰","인천 서해구 검암동 장기렌트와 자동차리스 이용조건을 행복한렌트몰에서 비교하고 차량별 견적과 지역별 상담 정보를 확인해보세요.","같은 차라도 조건은 다릅니다.비교하고 더 좋은 조건을 찾으세요."
"incheon\seohae-gu\경서동\index.html","인천 서해구 경서동 장기렌트·자동차리스 가격비교 | 행복한렌트몰","인천 서해구 경서동 장기렌트와 자동차리스 이용조건을 행복한렌트몰에서 비교하고 차량별 견적과 지역별 상담 정보를 확인해보세요.","같은 차라도 조건은 다릅니다.비교하고 더 좋은 조건을 찾으세요."
"incheon\seohae-gu\공촌동\index.html","인천 서해구 공촌동 장기렌트·자동차리스 가격비교 | 행복한렌트몰","인천 서해구 공촌동 장기렌트와 자동차리스 이용조건을 행복한렌트몰에서 비교하고 차량별 견적과 지역별 상담 정보를 확인해보세요.","같은 차라도 조건은 다릅니다.비교하고 더 좋은 조건을 찾으세요."
"incheon\seohae-gu\석남동\index.html","인천 서해구 석남동 장기렌트·자동차리스 가격비교 | 행복한렌트몰","인천 서해구 석남동 장기렌트와 자동차리스 이용조건을 행복한렌트몰에서 비교하고 차량별 견적과 지역별 상담 정보를 확인해보세요.","같은 차라도 조건은 다릅니다.비교하고 더 좋은 조건을 찾으세요."
"incheon\seohae-gu\신현동\index.html","인천 서해구 신현동 장기렌트·자동차리스 가격비교 | 행복한렌트몰","인천 서해구 신현동 장기렌트와 자동차리스 이용조건을 행복한렌트몰에서 비교하고 차량별 견적과 지역별 상담 정보를 확인해보세요.","같은 차라도 조건은 다릅니다.비교하고 더 좋은 조건을 찾으세요."
"incheon\seohae-gu\심곡동\index.html","인천 서해구 심곡동 장기렌트·자동차리스 가격비교 | 행복한렌트몰","인천 서해구 심곡동 장기렌트와 자동차리스 이용조건을 행복한렌트몰에서 비교하고 차량별 견적과 지역별 상담 정보를 확인해보세요.","같은 차라도 조건은 다릅니다.비교하고 더 좋은 조건을 찾으세요."
"incheon\seohae-gu\연희동\index.html","인천 서해구 연희동 장기렌트·자동차리스 가격비교 | 행복한렌트몰","인천 서해구 연희동 장기렌트와 자동차리스 이용조건을 행복한렌트몰에서 비교하고 차량별 견적과 지역별 상담 정보를 확인해보세요.","같은 차라도 조건은 다릅니다.비교하고 더 좋은 조건을 찾으세요."
"incheon\seohae-gu\원창동\index.html","인천 서해구 원창동 장기렌트·자동차리스 가격비교 | 행복한렌트몰","인천 서해구 원창동 장기렌트와 자동차리스 이용조건을 행복한렌트몰에서 비교하고 차량별 견적과 지역별 상담 정보를 확인해보세요.","같은 차라도 조건은 다릅니다.비교하고 더 좋은 조건을 찾으세요."
"incheon\seohae-gu\청라동\index.html","인천 서해구 청라동 장기렌트·자동차리스 가격비교 | 행복한렌트몰","인천 서해구 청라동 장기렌트와 자동차리스 이용조건을 행복한렌트몰에서 비교하고 차량별 견적과 지역별 상담 정보를 확인해보세요.","같은 차라도 조건은 다릅니다.비교하고 더 좋은 조건을 찾으세요."
"incheon\yeongjong-gu\index.html","인천 영종구 장기렌트·자동차리스 가격비교 | 행복한렌트몰","인천 영종구 장기렌트와 자동차리스 조건을 행복한렌트몰에서 비교하고 지역별 상담 정보를 확인해보세요.","같은 차라도 조건은 다릅니다.비교하고 더 좋은 조건을 찾으세요."
"incheon\yeongjong-gu\남북동\index.html","인천 영종구 남북동 장기렌트·자동차리스 가격비교 | 행복한렌트몰","인천 영종구 남북동 장기렌트와 자동차리스 이용조건을 행복한렌트몰에서 비교하고 차량별 견적과 지역별 상담 정보를 확인해보세요.","같은 차라도 조건은 다릅니다.비교하고 더 좋은 조건을 찾으세요."
"incheon\yeongjong-gu\덕교동\index.html","인천 영종구 덕교동 장기렌트·자동차리스 가격비교 | 행복한렌트몰","인천 영종구 덕교동 장기렌트와 자동차리스 이용조건을 행복한렌트몰에서 비교하고 차량별 견적과 지역별 상담 정보를 확인해보세요.","같은 차라도 조건은 다릅니다.비교하고 더 좋은 조건을 찾으세요."
"incheon\yeongjong-gu\무의동\index.html","인천 영종구 무의동 장기렌트·자동차리스 가격비교 | 행복한렌트몰","인천 영종구 무의동 장기렌트와 자동차리스 이용조건을 행복한렌트몰에서 비교하고 차량별 견적과 지역별 상담 정보를 확인해보세요.","같은 차라도 조건은 다릅니다.비교하고 더 좋은 조건을 찾으세요."
"incheon\yeongjong-gu\운남동\index.html","인천 영종구 운남동 장기렌트·자동차리스 가격비교 | 행복한렌트몰","인천 영종구 운남동 장기렌트와 자동차리스 이용조건을 행복한렌트몰에서 비교하고 차량별 견적과 지역별 상담 정보를 확인해보세요.","같은 차라도 조건은 다릅니다.비교하고 더 좋은 조건을 찾으세요."
"incheon\yeongjong-gu\운북동\index.html","인천 영종구 운북동 장기렌트·자동차리스 가격비교 | 행복한렌트몰","인천 영종구 운북동 장기렌트와 자동차리스 이용조건을 행복한렌트몰에서 비교하고 차량별 견적과 지역별 상담 정보를 확인해보세요.","같은 차라도 조건은 다릅니다.비교하고 더 좋은 조건을 찾으세요."
"incheon\yeongjong-gu\운서동\index.html","인천 영종구 운서동 장기렌트·자동차리스 가격비교 | 행복한렌트몰","인천 영종구 운서동 장기렌트와 자동차리스 이용조건을 행복한렌트몰에서 비교하고 차량별 견적과 지역별 상담 정보를 확인해보세요.","같은 차라도 조건은 다릅니다.비교하고 더 좋은 조건을 찾으세요."
"incheon\yeongjong-gu\을왕동\index.html","인천 영종구 을왕동 장기렌트·자동차리스 가격비교 | 행복한렌트몰","인천 영종구 을왕동 장기렌트와 자동차리스 이용조건을 행복한렌트몰에서 비교하고 차량별 견적과 지역별 상담 정보를 확인해보세요.","같은 차라도 조건은 다릅니다.비교하고 더 좋은 조건을 찾으세요."
"incheon\yeongjong-gu\중산동\index.html","인천 영종구 중산동 장기렌트·자동차리스 가격비교 | 행복한렌트몰","인천 영종구 중산동 장기렌트와 자동차리스 이용조건을 행복한렌트몰에서 비교하고 차량별 견적과 지역별 상담 정보를 확인해보세요.","같은 차라도 조건은 다릅니다.비교하고 더 좋은 조건을 찾으세요."
"incheon\yeonsu-gu\index.html","인천 연수구 장기렌트·자동차리스 가격비교 | 행복한렌트몰","인천 연수구 장기렌트와 자동차리스 조건을 행복한렌트몰에서 비교하고 지역별 상담 정보를 확인해보세요.","같은 차라도 조건은 다릅니다.비교하고 더 좋은 조건을 찾으세요."
"incheon\yeonsu-gu\동춘동\index.html","인천 연수구 동춘동 장기렌트·자동차리스 가격비교 | 행복한렌트몰","인천 연수구 동춘동 장기렌트와 자동차리스 이용조건을 행복한렌트몰에서 비교하고 차량별 견적과 지역별 상담 정보를 확인해보세요.","같은 차라도 조건은 다릅니다.비교하고 더 좋은 조건을 찾으세요."
"incheon\yeonsu-gu\선학동\index.html","인천 연수구 선학동 장기렌트·자동차리스 가격비교 | 행복한렌트몰","인천 연수구 선학동 장기렌트와 자동차리스 이용조건을 행복한렌트몰에서 비교하고 차량별 견적과 지역별 상담 정보를 확인해보세요.","같은 차라도 조건은 다릅니다.비교하고 더 좋은 조건을 찾으세요."
"incheon\yeonsu-gu\송도동\index.html","인천 연수구 송도동 장기렌트·자동차리스 가격비교 | 행복한렌트몰","인천 연수구 송도동 장기렌트와 자동차리스 이용조건을 행복한렌트몰에서 비교하고 차량별 견적과 지역별 상담 정보를 확인해보세요.","같은 차라도 조건은 다릅니다.비교하고 더 좋은 조건을 찾으세요."
"incheon\yeonsu-gu\연수동\index.html","인천 연수구 연수동 장기렌트·자동차리스 가격비교 | 행복한렌트몰","인천 연수구 연수동 장기렌트와 자동차리스 이용조건을 행복한렌트몰에서 비교하고 차량별 견적과 지역별 상담 정보를 확인해보세요.","같은 차라도 조건은 다릅니다.비교하고 더 좋은 조건을 찾으세요."
"incheon\yeonsu-gu\옥련동\index.html","인천 연수구 옥련동 장기렌트·자동차리스 가격비교 | 행복한렌트몰","인천 연수구 옥련동 장기렌트와 자동차리스 이용조건을 행복한렌트몰에서 비교하고 차량별 견적과 지역별 상담 정보를 확인해보세요.","같은 차라도 조건은 다릅니다.비교하고 더 좋은 조건을 찾으세요."
"incheon\yeonsu-gu\청학동\index.html","인천 연수구 청학동 장기렌트·자동차리스 가격비교 | 행복한렌트몰","인천 연수구 청학동 장기렌트와 자동차리스 이용조건을 행복한렌트몰에서 비교하고 차량별 견적과 지역별 상담 정보를 확인해보세요.","같은 차라도 조건은 다릅니다.비교하고 더 좋은 조건을 찾으세요."
"jeju\index.html","제주 장기렌트·자동차리스 가격비교 | 행복한렌트몰","제주 지역 장기렌트와 자동차리스 조건을 행복한렌트몰에서 비교하고 지역별 바로상담 정보를 확인해보세요.","같은 차라도 조건은 다릅니다.비교하고 더 좋은 조건을 찾으세요."
"jeju\jeju-si\index.html","제주 제주시 장기렌트·자동차리스 가격비교 | 행복한렌트몰","제주 제주시 장기렌트와 자동차리스 조건을 행복한렌트몰에서 비교하고 지역별 상담 정보를 확인해보세요.","같은 차라도 조건은 다릅니다.비교하고 더 좋은 조건을 찾으세요."
"jeju\jeju-si\건입동\index.html","제주 제주시 건입동 장기렌트·자동차리스 가격비교 | 행복한렌트몰","제주 제주시 건입동 장기렌트와 자동차리스 이용조건을 행복한렌트몰에서 비교하고 차량별 견적과 지역별 상담 정보를 확인해보세요.","같은 차라도 조건은 다릅니다.비교하고 더 좋은 조건을 찾으세요."
"jeju\jeju-si\구좌읍\index.html","제주 제주시 구좌읍 장기렌트·자동차리스 가격비교 | 행복한렌트몰","제주 제주시 구좌읍 장기렌트와 자동차리스 이용조건을 행복한렌트몰에서 비교하고 차량별 견적과 지역별 상담 정보를 확인해보세요.","같은 차라도 조건은 다릅니다.비교하고 더 좋은 조건을 찾으세요."
"jeju\jeju-si\내도동\index.html","제주 제주시 내도동 장기렌트·자동차리스 가격비교 | 행복한렌트몰","제주 제주시 내도동 장기렌트와 자동차리스 이용조건을 행복한렌트몰에서 비교하고 차량별 견적과 지역별 상담 정보를 확인해보세요.","같은 차라도 조건은 다릅니다.비교하고 더 좋은 조건을 찾으세요."
"jeju\jeju-si\노형동\index.html","제주 제주시 노형동 장기렌트·자동차리스 가격비교 | 행복한렌트몰","제주 제주시 노형동 장기렌트와 자동차리스 이용조건을 행복한렌트몰에서 비교하고 차량별 견적과 지역별 상담 정보를 확인해보세요.","같은 차라도 조건은 다릅니다.비교하고 더 좋은 조건을 찾으세요."
"jeju\jeju-si\도남동\index.html","제주 제주시 도남동 장기렌트·자동차리스 가격비교 | 행복한렌트몰","제주 제주시 도남동 장기렌트와 자동차리스 이용조건을 행복한렌트몰에서 비교하고 차량별 견적과 지역별 상담 정보를 확인해보세요.","같은 차라도 조건은 다릅니다.비교하고 더 좋은 조건을 찾으세요."
"jeju\jeju-si\도두이동\index.html","제주 제주시 도두이동 장기렌트·자동차리스 가격비교 | 행복한렌트몰","제주 제주시 도두이동 장기렌트와 자동차리스 이용조건을 행복한렌트몰에서 비교하고 차량별 견적과 지역별 상담 정보를 확인해보세요.","같은 차라도 조건은 다릅니다.비교하고 더 좋은 조건을 찾으세요."
"jeju\jeju-si\도두일동\index.html","제주 제주시 도두일동 장기렌트·자동차리스 가격비교 | 행복한렌트몰","제주 제주시 도두일동 장기렌트와 자동차리스 이용조건을 행복한렌트몰에서 비교하고 차량별 견적과 지역별 상담 정보를 확인해보세요.","같은 차라도 조건은 다릅니다.비교하고 더 좋은 조건을 찾으세요."
"jeju\jeju-si\도련이동\index.html","제주 제주시 도련이동 장기렌트·자동차리스 가격비교 | 행복한렌트몰","제주 제주시 도련이동 장기렌트와 자동차리스 이용조건을 행복한렌트몰에서 비교하고 차량별 견적과 지역별 상담 정보를 확인해보세요.","같은 차라도 조건은 다릅니다.비교하고 더 좋은 조건을 찾으세요."
"jeju\jeju-si\도련일동\index.html","제주 제주시 도련일동 장기렌트·자동차리스 가격비교 | 행복한렌트몰","제주 제주시 도련일동 장기렌트와 자동차리스 이용조건을 행복한렌트몰에서 비교하고 차량별 견적과 지역별 상담 정보를 확인해보세요.","같은 차라도 조건은 다릅니다.비교하고 더 좋은 조건을 찾으세요."
"jeju\jeju-si\도평동\index.html","제주 제주시 도평동 장기렌트·자동차리스 가격비교 | 행복한렌트몰","제주 제주시 도평동 장기렌트와 자동차리스 이용조건을 행복한렌트몰에서 비교하고 차량별 견적과 지역별 상담 정보를 확인해보세요.","같은 차라도 조건은 다릅니다.비교하고 더 좋은 조건을 찾으세요."
"jeju\jeju-si\봉개동\index.html","제주 제주시 봉개동 장기렌트·자동차리스 가격비교 | 행복한렌트몰","제주 제주시 봉개동 장기렌트와 자동차리스 이용조건을 행복한렌트몰에서 비교하고 차량별 견적과 지역별 상담 정보를 확인해보세요.","같은 차라도 조건은 다릅니다.비교하고 더 좋은 조건을 찾으세요."
"jeju\jeju-si\삼도이동\index.html","제주 제주시 삼도이동 장기렌트·자동차리스 가격비교 | 행복한렌트몰","제주 제주시 삼도이동 장기렌트와 자동차리스 이용조건을 행복한렌트몰에서 비교하고 차량별 견적과 지역별 상담 정보를 확인해보세요.","같은 차라도 조건은 다릅니다.비교하고 더 좋은 조건을 찾으세요."
"jeju\jeju-si\삼도일동\index.html","제주 제주시 삼도일동 장기렌트·자동차리스 가격비교 | 행복한렌트몰","제주 제주시 삼도일동 장기렌트와 자동차리스 이용조건을 행복한렌트몰에서 비교하고 차량별 견적과 지역별 상담 정보를 확인해보세요.","같은 차라도 조건은 다릅니다.비교하고 더 좋은 조건을 찾으세요."
"jeju\jeju-si\삼양삼동\index.html","제주 제주시 삼양삼동 장기렌트·자동차리스 가격비교 | 행복한렌트몰","제주 제주시 삼양삼동 장기렌트와 자동차리스 이용조건을 행복한렌트몰에서 비교하고 차량별 견적과 지역별 상담 정보를 확인해보세요.","같은 차라도 조건은 다릅니다.비교하고 더 좋은 조건을 찾으세요."
"jeju\jeju-si\삼양이동\index.html","제주 제주시 삼양이동 장기렌트·자동차리스 가격비교 | 행복한렌트몰","제주 제주시 삼양이동 장기렌트와 자동차리스 이용조건을 행복한렌트몰에서 비교하고 차량별 견적과 지역별 상담 정보를 확인해보세요.","같은 차라도 조건은 다릅니다.비교하고 더 좋은 조건을 찾으세요."
"jeju\jeju-si\삼양일동\index.html","제주 제주시 삼양일동 장기렌트·자동차리스 가격비교 | 행복한렌트몰","제주 제주시 삼양일동 장기렌트와 자동차리스 이용조건을 행복한렌트몰에서 비교하고 차량별 견적과 지역별 상담 정보를 확인해보세요.","같은 차라도 조건은 다릅니다.비교하고 더 좋은 조건을 찾으세요."
"jeju\jeju-si\아라이동\index.html","제주 제주시 아라이동 장기렌트·자동차리스 가격비교 | 행복한렌트몰","제주 제주시 아라이동 장기렌트와 자동차리스 이용조건을 행복한렌트몰에서 비교하고 차량별 견적과 지역별 상담 정보를 확인해보세요.","같은 차라도 조건은 다릅니다.비교하고 더 좋은 조건을 찾으세요."
"jeju\jeju-si\아라일동\index.html","제주 제주시 아라일동 장기렌트·자동차리스 가격비교 | 행복한렌트몰","제주 제주시 아라일동 장기렌트와 자동차리스 이용조건을 행복한렌트몰에서 비교하고 차량별 견적과 지역별 상담 정보를 확인해보세요.","같은 차라도 조건은 다릅니다.비교하고 더 좋은 조건을 찾으세요."
"jeju\jeju-si\애월읍\index.html","제주 제주시 애월읍 장기렌트·자동차리스 가격비교 | 행복한렌트몰","제주 제주시 애월읍 장기렌트와 자동차리스 이용조건을 행복한렌트몰에서 비교하고 차량별 견적과 지역별 상담 정보를 확인해보세요.","같은 차라도 조건은 다릅니다.비교하고 더 좋은 조건을 찾으세요."
"jeju\jeju-si\연동\index.html","제주 제주시 연동 장기렌트·자동차리스 가격비교 | 행복한렌트몰","제주 제주시 연동 장기렌트와 자동차리스 이용조건을 행복한렌트몰에서 비교하고 차량별 견적과 지역별 상담 정보를 확인해보세요.","같은 차라도 조건은 다릅니다.비교하고 더 좋은 조건을 찾으세요."
"jeju\jeju-si\영평동\index.html","제주 제주시 영평동 장기렌트·자동차리스 가격비교 | 행복한렌트몰","제주 제주시 영평동 장기렌트와 자동차리스 이용조건을 행복한렌트몰에서 비교하고 차량별 견적과 지역별 상담 정보를 확인해보세요.","같은 차라도 조건은 다릅니다.비교하고 더 좋은 조건을 찾으세요."
"jeju\jeju-si\오등동\index.html","제주 제주시 오등동 장기렌트·자동차리스 가격비교 | 행복한렌트몰","제주 제주시 오등동 장기렌트와 자동차리스 이용조건을 행복한렌트몰에서 비교하고 차량별 견적과 지역별 상담 정보를 확인해보세요.","같은 차라도 조건은 다릅니다.비교하고 더 좋은 조건을 찾으세요."
"jeju\jeju-si\오라삼동\index.html","제주 제주시 오라삼동 장기렌트·자동차리스 가격비교 | 행복한렌트몰","제주 제주시 오라삼동 장기렌트와 자동차리스 이용조건을 행복한렌트몰에서 비교하고 차량별 견적과 지역별 상담 정보를 확인해보세요.","같은 차라도 조건은 다릅니다.비교하고 더 좋은 조건을 찾으세요."
"jeju\jeju-si\오라이동\index.html","제주 제주시 오라이동 장기렌트·자동차리스 가격비교 | 행복한렌트몰","제주 제주시 오라이동 장기렌트와 자동차리스 이용조건을 행복한렌트몰에서 비교하고 차량별 견적과 지역별 상담 정보를 확인해보세요.","같은 차라도 조건은 다릅니다.비교하고 더 좋은 조건을 찾으세요."
"jeju\jeju-si\오라일동\index.html","제주 제주시 오라일동 장기렌트·자동차리스 가격비교 | 행복한렌트몰","제주 제주시 오라일동 장기렌트와 자동차리스 이용조건을 행복한렌트몰에서 비교하고 차량별 견적과 지역별 상담 정보를 확인해보세요.","같은 차라도 조건은 다릅니다.비교하고 더 좋은 조건을 찾으세요."
"jeju\jeju-si\외도이동\index.html","제주 제주시 외도이동 장기렌트·자동차리스 가격비교 | 행복한렌트몰","제주 제주시 외도이동 장기렌트와 자동차리스 이용조건을 행복한렌트몰에서 비교하고 차량별 견적과 지역별 상담 정보를 확인해보세요.","같은 차라도 조건은 다릅니다.비교하고 더 좋은 조건을 찾으세요."
"jeju\jeju-si\외도일동\index.html","제주 제주시 외도일동 장기렌트·자동차리스 가격비교 | 행복한렌트몰","제주 제주시 외도일동 장기렌트와 자동차리스 이용조건을 행복한렌트몰에서 비교하고 차량별 견적과 지역별 상담 정보를 확인해보세요.","같은 차라도 조건은 다릅니다.비교하고 더 좋은 조건을 찾으세요."
"jeju\jeju-si\용강동\index.html","제주 제주시 용강동 장기렌트·자동차리스 가격비교 | 행복한렌트몰","제주 제주시 용강동 장기렌트와 자동차리스 이용조건을 행복한렌트몰에서 비교하고 차량별 견적과 지역별 상담 정보를 확인해보세요.","같은 차라도 조건은 다릅니다.비교하고 더 좋은 조건을 찾으세요."
"jeju\jeju-si\용담삼동\index.html","제주 제주시 용담삼동 장기렌트·자동차리스 가격비교 | 행복한렌트몰","제주 제주시 용담삼동 장기렌트와 자동차리스 이용조건을 행복한렌트몰에서 비교하고 차량별 견적과 지역별 상담 정보를 확인해보세요.","같은 차라도 조건은 다릅니다.비교하고 더 좋은 조건을 찾으세요."
"jeju\jeju-si\용담이동\index.html","제주 제주시 용담이동 장기렌트·자동차리스 가격비교 | 행복한렌트몰","제주 제주시 용담이동 장기렌트와 자동차리스 이용조건을 행복한렌트몰에서 비교하고 차량별 견적과 지역별 상담 정보를 확인해보세요.","같은 차라도 조건은 다릅니다.비교하고 더 좋은 조건을 찾으세요."
"jeju\jeju-si\용담일동\index.html","제주 제주시 용담일동 장기렌트·자동차리스 가격비교 | 행복한렌트몰","제주 제주시 용담일동 장기렌트와 자동차리스 이용조건을 행복한렌트몰에서 비교하고 차량별 견적과 지역별 상담 정보를 확인해보세요.","같은 차라도 조건은 다릅니다.비교하고 더 좋은 조건을 찾으세요."
"jeju\jeju-si\우도면\index.html","제주 제주시 우도면 장기렌트·자동차리스 가격비교 | 행복한렌트몰","제주 제주시 우도면 장기렌트와 자동차리스 이용조건을 행복한렌트몰에서 비교하고 차량별 견적과 지역별 상담 정보를 확인해보세요.","같은 차라도 조건은 다릅니다.비교하고 더 좋은 조건을 찾으세요."
"jeju\jeju-si\월평동\index.html","제주 제주시 월평동 장기렌트·자동차리스 가격비교 | 행복한렌트몰","제주 제주시 월평동 장기렌트와 자동차리스 이용조건을 행복한렌트몰에서 비교하고 차량별 견적과 지역별 상담 정보를 확인해보세요.","같은 차라도 조건은 다릅니다.비교하고 더 좋은 조건을 찾으세요."
"jeju\jeju-si\이도이동\index.html","제주 제주시 이도이동 장기렌트·자동차리스 가격비교 | 행복한렌트몰","제주 제주시 이도이동 장기렌트와 자동차리스 이용조건을 행복한렌트몰에서 비교하고 차량별 견적과 지역별 상담 정보를 확인해보세요.","같은 차라도 조건은 다릅니다.비교하고 더 좋은 조건을 찾으세요."
"jeju\jeju-si\이도일동\index.html","제주 제주시 이도일동 장기렌트·자동차리스 가격비교 | 행복한렌트몰","제주 제주시 이도일동 장기렌트와 자동차리스 이용조건을 행복한렌트몰에서 비교하고 차량별 견적과 지역별 상담 정보를 확인해보세요.","같은 차라도 조건은 다릅니다.비교하고 더 좋은 조건을 찾으세요."
"jeju\jeju-si\이호이동\index.html","제주 제주시 이호이동 장기렌트·자동차리스 가격비교 | 행복한렌트몰","제주 제주시 이호이동 장기렌트와 자동차리스 이용조건을 행복한렌트몰에서 비교하고 차량별 견적과 지역별 상담 정보를 확인해보세요.","같은 차라도 조건은 다릅니다.비교하고 더 좋은 조건을 찾으세요."
"jeju\jeju-si\이호일동\index.html","제주 제주시 이호일동 장기렌트·자동차리스 가격비교 | 행복한렌트몰","제주 제주시 이호일동 장기렌트와 자동차리스 이용조건을 행복한렌트몰에서 비교하고 차량별 견적과 지역별 상담 정보를 확인해보세요.","같은 차라도 조건은 다릅니다.비교하고 더 좋은 조건을 찾으세요."
"jeju\jeju-si\일도이동\index.html","제주 제주시 일도이동 장기렌트·자동차리스 가격비교 | 행복한렌트몰","제주 제주시 일도이동 장기렌트와 자동차리스 이용조건을 행복한렌트몰에서 비교하고 차량별 견적과 지역별 상담 정보를 확인해보세요.","같은 차라도 조건은 다릅니다.비교하고 더 좋은 조건을 찾으세요."
"jeju\jeju-si\일도일동\index.html","제주 제주시 일도일동 장기렌트·자동차리스 가격비교 | 행복한렌트몰","제주 제주시 일도일동 장기렌트와 자동차리스 이용조건을 행복한렌트몰에서 비교하고 차량별 견적과 지역별 상담 정보를 확인해보세요.","같은 차라도 조건은 다릅니다.비교하고 더 좋은 조건을 찾으세요."
"jeju\jeju-si\조천읍\index.html","제주 제주시 조천읍 장기렌트·자동차리스 가격비교 | 행복한렌트몰","제주 제주시 조천읍 장기렌트와 자동차리스 이용조건을 행복한렌트몰에서 비교하고 차량별 견적과 지역별 상담 정보를 확인해보세요.","같은 차라도 조건은 다릅니다.비교하고 더 좋은 조건을 찾으세요."
"jeju\jeju-si\추자면\index.html","제주 제주시 추자면 장기렌트·자동차리스 가격비교 | 행복한렌트몰","제주 제주시 추자면 장기렌트와 자동차리스 이용조건을 행복한렌트몰에서 비교하고 차량별 견적과 지역별 상담 정보를 확인해보세요.","같은 차라도 조건은 다릅니다.비교하고 더 좋은 조건을 찾으세요."
"jeju\jeju-si\한경면\index.html","제주 제주시 한경면 장기렌트·자동차리스 가격비교 | 행복한렌트몰","제주 제주시 한경면 장기렌트와 자동차리스 이용조건을 행복한렌트몰에서 비교하고 차량별 견적과 지역별 상담 정보를 확인해보세요.","같은 차라도 조건은 다릅니다.비교하고 더 좋은 조건을 찾으세요."
"jeju\jeju-si\한림읍\index.html","제주 제주시 한림읍 장기렌트·자동차리스 가격비교 | 행복한렌트몰","제주 제주시 한림읍 장기렌트와 자동차리스 이용조건을 행복한렌트몰에서 비교하고 차량별 견적과 지역별 상담 정보를 확인해보세요.","같은 차라도 조건은 다릅니다.비교하고 더 좋은 조건을 찾으세요."
"jeju\jeju-si\해안동\index.html","제주 제주시 해안동 장기렌트·자동차리스 가격비교 | 행복한렌트몰","제주 제주시 해안동 장기렌트와 자동차리스 이용조건을 행복한렌트몰에서 비교하고 차량별 견적과 지역별 상담 정보를 확인해보세요.","같은 차라도 조건은 다릅니다.비교하고 더 좋은 조건을 찾으세요."
"jeju\jeju-si\화북이동\index.html","제주 제주시 화북이동 장기렌트·자동차리스 가격비교 | 행복한렌트몰","제주 제주시 화북이동 장기렌트와 자동차리스 이용조건을 행복한렌트몰에서 비교하고 차량별 견적과 지역별 상담 정보를 확인해보세요.","같은 차라도 조건은 다릅니다.비교하고 더 좋은 조건을 찾으세요."
"jeju\jeju-si\화북일동\index.html","제주 제주시 화북일동 장기렌트·자동차리스 가격비교 | 행복한렌트몰","제주 제주시 화북일동 장기렌트와 자동차리스 이용조건을 행복한렌트몰에서 비교하고 차량별 견적과 지역별 상담 정보를 확인해보세요.","같은 차라도 조건은 다릅니다.비교하고 더 좋은 조건을 찾으세요."
"jeju\jeju-si\회천동\index.html","제주 제주시 회천동 장기렌트·자동차리스 가격비교 | 행복한렌트몰","제주 제주시 회천동 장기렌트와 자동차리스 이용조건을 행복한렌트몰에서 비교하고 차량별 견적과 지역별 상담 정보를 확인해보세요.","같은 차라도 조건은 다릅니다.비교하고 더 좋은 조건을 찾으세요."
"jeju\seogwipo-si\index.html","제주 서귀포시 장기렌트·자동차리스 가격비교 | 행복한렌트몰","제주 서귀포시 장기렌트와 자동차리스 조건을 행복한렌트몰에서 비교하고 지역별 상담 정보를 확인해보세요.","같은 차라도 조건은 다릅니다.비교하고 더 좋은 조건을 찾으세요."
"jeju\seogwipo-si\강정동\index.html","제주 서귀포시 강정동 장기렌트·자동차리스 가격비교 | 행복한렌트몰","제주 서귀포시 강정동 장기렌트와 자동차리스 이용조건을 행복한렌트몰에서 비교하고 차량별 견적과 지역별 상담 정보를 확인해보세요.","같은 차라도 조건은 다릅니다.비교하고 더 좋은 조건을 찾으세요."
"jeju\seogwipo-si\남원읍\index.html","제주 서귀포시 남원읍 장기렌트·자동차리스 가격비교 | 행복한렌트몰","제주 서귀포시 남원읍 장기렌트와 자동차리스 이용조건을 행복한렌트몰에서 비교하고 차량별 견적과 지역별 상담 정보를 확인해보세요.","같은 차라도 조건은 다릅니다.비교하고 더 좋은 조건을 찾으세요."
"jeju\seogwipo-si\대정읍\index.html","제주 서귀포시 대정읍 장기렌트·자동차리스 가격비교 | 행복한렌트몰","제주 서귀포시 대정읍 장기렌트와 자동차리스 이용조건을 행복한렌트몰에서 비교하고 차량별 견적과 지역별 상담 정보를 확인해보세요.","같은 차라도 조건은 다릅니다.비교하고 더 좋은 조건을 찾으세요."
"jeju\seogwipo-si\대포동\index.html","제주 서귀포시 대포동 장기렌트·자동차리스 가격비교 | 행복한렌트몰","제주 서귀포시 대포동 장기렌트와 자동차리스 이용조건을 행복한렌트몰에서 비교하고 차량별 견적과 지역별 상담 정보를 확인해보세요.","같은 차라도 조건은 다릅니다.비교하고 더 좋은 조건을 찾으세요."
"jeju\seogwipo-si\도순동\index.html","제주 서귀포시 도순동 장기렌트·자동차리스 가격비교 | 행복한렌트몰","제주 서귀포시 도순동 장기렌트와 자동차리스 이용조건을 행복한렌트몰에서 비교하고 차량별 견적과 지역별 상담 정보를 확인해보세요.","같은 차라도 조건은 다릅니다.비교하고 더 좋은 조건을 찾으세요."
"jeju\seogwipo-si\동홍동\index.html","제주 서귀포시 동홍동 장기렌트·자동차리스 가격비교 | 행복한렌트몰","제주 서귀포시 동홍동 장기렌트와 자동차리스 이용조건을 행복한렌트몰에서 비교하고 차량별 견적과 지역별 상담 정보를 확인해보세요.","같은 차라도 조건은 다릅니다.비교하고 더 좋은 조건을 찾으세요."
"jeju\seogwipo-si\법환동\index.html","제주 서귀포시 법환동 장기렌트·자동차리스 가격비교 | 행복한렌트몰","제주 서귀포시 법환동 장기렌트와 자동차리스 이용조건을 행복한렌트몰에서 비교하고 차량별 견적과 지역별 상담 정보를 확인해보세요.","같은 차라도 조건은 다릅니다.비교하고 더 좋은 조건을 찾으세요."
"jeju\seogwipo-si\보목동\index.html","제주 서귀포시 보목동 장기렌트·자동차리스 가격비교 | 행복한렌트몰","제주 서귀포시 보목동 장기렌트와 자동차리스 이용조건을 행복한렌트몰에서 비교하고 차량별 견적과 지역별 상담 정보를 확인해보세요.","같은 차라도 조건은 다릅니다.비교하고 더 좋은 조건을 찾으세요."
"jeju\seogwipo-si\상예동\index.html","제주 서귀포시 상예동 장기렌트·자동차리스 가격비교 | 행복한렌트몰","제주 서귀포시 상예동 장기렌트와 자동차리스 이용조건을 행복한렌트몰에서 비교하고 차량별 견적과 지역별 상담 정보를 확인해보세요.","같은 차라도 조건은 다릅니다.비교하고 더 좋은 조건을 찾으세요."
"jeju\seogwipo-si\상효동\index.html","제주 서귀포시 상효동 장기렌트·자동차리스 가격비교 | 행복한렌트몰","제주 서귀포시 상효동 장기렌트와 자동차리스 이용조건을 행복한렌트몰에서 비교하고 차량별 견적과 지역별 상담 정보를 확인해보세요.","같은 차라도 조건은 다릅니다.비교하고 더 좋은 조건을 찾으세요."
"jeju\seogwipo-si\색달동\index.html","제주 서귀포시 색달동 장기렌트·자동차리스 가격비교 | 행복한렌트몰","제주 서귀포시 색달동 장기렌트와 자동차리스 이용조건을 행복한렌트몰에서 비교하고 차량별 견적과 지역별 상담 정보를 확인해보세요.","같은 차라도 조건은 다릅니다.비교하고 더 좋은 조건을 찾으세요."
"jeju\seogwipo-si\서귀동\index.html","제주 서귀포시 서귀동 장기렌트·자동차리스 가격비교 | 행복한렌트몰","제주 서귀포시 서귀동 장기렌트와 자동차리스 이용조건을 행복한렌트몰에서 비교하고 차량별 견적과 지역별 상담 정보를 확인해보세요.","같은 차라도 조건은 다릅니다.비교하고 더 좋은 조건을 찾으세요."
"jeju\seogwipo-si\서호동\index.html","제주 서귀포시 서호동 장기렌트·자동차리스 가격비교 | 행복한렌트몰","제주 서귀포시 서호동 장기렌트와 자동차리스 이용조건을 행복한렌트몰에서 비교하고 차량별 견적과 지역별 상담 정보를 확인해보세요.","같은 차라도 조건은 다릅니다.비교하고 더 좋은 조건을 찾으세요."
"jeju\seogwipo-si\서홍동\index.html","제주 서귀포시 서홍동 장기렌트·자동차리스 가격비교 | 행복한렌트몰","제주 서귀포시 서홍동 장기렌트와 자동차리스 이용조건을 행복한렌트몰에서 비교하고 차량별 견적과 지역별 상담 정보를 확인해보세요.","같은 차라도 조건은 다릅니다.비교하고 더 좋은 조건을 찾으세요."
"jeju\seogwipo-si\성산읍\index.html","제주 서귀포시 성산읍 장기렌트·자동차리스 가격비교 | 행복한렌트몰","제주 서귀포시 성산읍 장기렌트와 자동차리스 이용조건을 행복한렌트몰에서 비교하고 차량별 견적과 지역별 상담 정보를 확인해보세요.","같은 차라도 조건은 다릅니다.비교하고 더 좋은 조건을 찾으세요."
"jeju\seogwipo-si\신효동\index.html","제주 서귀포시 신효동 장기렌트·자동차리스 가격비교 | 행복한렌트몰","제주 서귀포시 신효동 장기렌트와 자동차리스 이용조건을 행복한렌트몰에서 비교하고 차량별 견적과 지역별 상담 정보를 확인해보세요.","같은 차라도 조건은 다릅니다.비교하고 더 좋은 조건을 찾으세요."
"jeju\seogwipo-si\안덕면\index.html","제주 서귀포시 안덕면 장기렌트·자동차리스 가격비교 | 행복한렌트몰","제주 서귀포시 안덕면 장기렌트와 자동차리스 이용조건을 행복한렌트몰에서 비교하고 차량별 견적과 지역별 상담 정보를 확인해보세요.","같은 차라도 조건은 다릅니다.비교하고 더 좋은 조건을 찾으세요."
"jeju\seogwipo-si\영남동\index.html","제주 서귀포시 영남동 장기렌트·자동차리스 가격비교 | 행복한렌트몰","제주 서귀포시 영남동 장기렌트와 자동차리스 이용조건을 행복한렌트몰에서 비교하고 차량별 견적과 지역별 상담 정보를 확인해보세요.","같은 차라도 조건은 다릅니다.비교하고 더 좋은 조건을 찾으세요."
"jeju\seogwipo-si\월평동\index.html","제주 서귀포시 월평동 장기렌트·자동차리스 가격비교 | 행복한렌트몰","제주 서귀포시 월평동 장기렌트와 자동차리스 이용조건을 행복한렌트몰에서 비교하고 차량별 견적과 지역별 상담 정보를 확인해보세요.","같은 차라도 조건은 다릅니다.비교하고 더 좋은 조건을 찾으세요."
"jeju\seogwipo-si\중문동\index.html","제주 서귀포시 중문동 장기렌트·자동차리스 가격비교 | 행복한렌트몰","제주 서귀포시 중문동 장기렌트와 자동차리스 이용조건을 행복한렌트몰에서 비교하고 차량별 견적과 지역별 상담 정보를 확인해보세요.","같은 차라도 조건은 다릅니다.비교하고 더 좋은 조건을 찾으세요."
"jeju\seogwipo-si\토평동\index.html","제주 서귀포시 토평동 장기렌트·자동차리스 가격비교 | 행복한렌트몰","제주 서귀포시 토평동 장기렌트와 자동차리스 이용조건을 행복한렌트몰에서 비교하고 차량별 견적과 지역별 상담 정보를 확인해보세요.","같은 차라도 조건은 다릅니다.비교하고 더 좋은 조건을 찾으세요."
"jeju\seogwipo-si\표선면\index.html","제주 서귀포시 표선면 장기렌트·자동차리스 가격비교 | 행복한렌트몰","제주 서귀포시 표선면 장기렌트와 자동차리스 이용조건을 행복한렌트몰에서 비교하고 차량별 견적과 지역별 상담 정보를 확인해보세요.","같은 차라도 조건은 다릅니다.비교하고 더 좋은 조건을 찾으세요."
"jeju\seogwipo-si\하예동\index.html","제주 서귀포시 하예동 장기렌트·자동차리스 가격비교 | 행복한렌트몰","제주 서귀포시 하예동 장기렌트와 자동차리스 이용조건을 행복한렌트몰에서 비교하고 차량별 견적과 지역별 상담 정보를 확인해보세요.","같은 차라도 조건은 다릅니다.비교하고 더 좋은 조건을 찾으세요."
"jeju\seogwipo-si\하원동\index.html","제주 서귀포시 하원동 장기렌트·자동차리스 가격비교 | 행복한렌트몰","제주 서귀포시 하원동 장기렌트와 자동차리스 이용조건을 행복한렌트몰에서 비교하고 차량별 견적과 지역별 상담 정보를 확인해보세요.","같은 차라도 조건은 다릅니다.비교하고 더 좋은 조건을 찾으세요."
"jeju\seogwipo-si\하효동\index.html","제주 서귀포시 하효동 장기렌트·자동차리스 가격비교 | 행복한렌트몰","제주 서귀포시 하효동 장기렌트와 자동차리스 이용조건을 행복한렌트몰에서 비교하고 차량별 견적과 지역별 상담 정보를 확인해보세요.","같은 차라도 조건은 다릅니다.비교하고 더 좋은 조건을 찾으세요."
"jeju\seogwipo-si\호근동\index.html","제주 서귀포시 호근동 장기렌트·자동차리스 가격비교 | 행복한렌트몰","제주 서귀포시 호근동 장기렌트와 자동차리스 이용조건을 행복한렌트몰에서 비교하고 차량별 견적과 지역별 상담 정보를 확인해보세요.","같은 차라도 조건은 다릅니다.비교하고 더 좋은 조건을 찾으세요."
"jeju\seogwipo-si\회수동\index.html","제주 서귀포시 회수동 장기렌트·자동차리스 가격비교 | 행복한렌트몰","제주 서귀포시 회수동 장기렌트와 자동차리스 이용조건을 행복한렌트몰에서 비교하고 차량별 견적과 지역별 상담 정보를 확인해보세요.","같은 차라도 조건은 다릅니다.비교하고 더 좋은 조건을 찾으세요."
"jeonbuk\index.html","전북 장기렌트·자동차리스 가격비교 | 행복한렌트몰","전북 지역 장기렌트와 자동차리스 조건을 행복한렌트몰에서 비교하고 지역별 바로상담 정보를 확인해보세요.","같은 차라도 조건은 다릅니다.비교하고 더 좋은 조건을 찾으세요."
"jeonbuk\buan-gun\index.html","전북 부안군 장기렌트·자동차리스 가격비교 | 행복한렌트몰","전북 부안군 장기렌트와 자동차리스 조건을 행복한렌트몰에서 비교하고 지역별 상담 정보를 확인해보세요.","같은 차라도 조건은 다릅니다.비교하고 더 좋은 조건을 찾으세요."
"jeonbuk\buan-gun\계화면\index.html","전북 부안군 계화면 장기렌트·자동차리스 가격비교 | 행복한렌트몰","전북 부안군 계화면 장기렌트와 자동차리스 이용조건을 행복한렌트몰에서 비교하고 차량별 견적과 지역별 상담 정보를 확인해보세요.","같은 차라도 조건은 다릅니다.비교하고 더 좋은 조건을 찾으세요."
"jeonbuk\buan-gun\동진면\index.html","전북 부안군 동진면 장기렌트·자동차리스 가격비교 | 행복한렌트몰","전북 부안군 동진면 장기렌트와 자동차리스 이용조건을 행복한렌트몰에서 비교하고 차량별 견적과 지역별 상담 정보를 확인해보세요.","같은 차라도 조건은 다릅니다.비교하고 더 좋은 조건을 찾으세요."
"jeonbuk\buan-gun\백산면\index.html","전북 부안군 백산면 장기렌트·자동차리스 가격비교 | 행복한렌트몰","전북 부안군 백산면 장기렌트와 자동차리스 이용조건을 행복한렌트몰에서 비교하고 차량별 견적과 지역별 상담 정보를 확인해보세요.","같은 차라도 조건은 다릅니다.비교하고 더 좋은 조건을 찾으세요."
"jeonbuk\buan-gun\변산면\index.html","전북 부안군 변산면 장기렌트·자동차리스 가격비교 | 행복한렌트몰","전북 부안군 변산면 장기렌트와 자동차리스 이용조건을 행복한렌트몰에서 비교하고 차량별 견적과 지역별 상담 정보를 확인해보세요.","같은 차라도 조건은 다릅니다.비교하고 더 좋은 조건을 찾으세요."
"jeonbuk\buan-gun\보안면\index.html","전북 부안군 보안면 장기렌트·자동차리스 가격비교 | 행복한렌트몰","전북 부안군 보안면 장기렌트와 자동차리스 이용조건을 행복한렌트몰에서 비교하고 차량별 견적과 지역별 상담 정보를 확인해보세요.","같은 차라도 조건은 다릅니다.비교하고 더 좋은 조건을 찾으세요."
"jeonbuk\buan-gun\부안읍\index.html","전북 부안군 부안읍 장기렌트·자동차리스 가격비교 | 행복한렌트몰","전북 부안군 부안읍 장기렌트와 자동차리스 이용조건을 행복한렌트몰에서 비교하고 차량별 견적과 지역별 상담 정보를 확인해보세요.","같은 차라도 조건은 다릅니다.비교하고 더 좋은 조건을 찾으세요."
"jeonbuk\buan-gun\상서면\index.html","전북 부안군 상서면 장기렌트·자동차리스 가격비교 | 행복한렌트몰","전북 부안군 상서면 장기렌트와 자동차리스 이용조건을 행복한렌트몰에서 비교하고 차량별 견적과 지역별 상담 정보를 확인해보세요.","같은 차라도 조건은 다릅니다.비교하고 더 좋은 조건을 찾으세요."
"jeonbuk\buan-gun\위도면\index.html","전북 부안군 위도면 장기렌트·자동차리스 가격비교 | 행복한렌트몰","전북 부안군 위도면 장기렌트와 자동차리스 이용조건을 행복한렌트몰에서 비교하고 차량별 견적과 지역별 상담 정보를 확인해보세요.","같은 차라도 조건은 다릅니다.비교하고 더 좋은 조건을 찾으세요."
"jeonbuk\buan-gun\주산면\index.html","전북 부안군 주산면 장기렌트·자동차리스 가격비교 | 행복한렌트몰","전북 부안군 주산면 장기렌트와 자동차리스 이용조건을 행복한렌트몰에서 비교하고 차량별 견적과 지역별 상담 정보를 확인해보세요.","같은 차라도 조건은 다릅니다.비교하고 더 좋은 조건을 찾으세요."
"jeonbuk\buan-gun\줄포면\index.html","전북 부안군 줄포면 장기렌트·자동차리스 가격비교 | 행복한렌트몰","전북 부안군 줄포면 장기렌트와 자동차리스 이용조건을 행복한렌트몰에서 비교하고 차량별 견적과 지역별 상담 정보를 확인해보세요.","같은 차라도 조건은 다릅니다.비교하고 더 좋은 조건을 찾으세요."
"jeonbuk\buan-gun\진서면\index.html","전북 부안군 진서면 장기렌트·자동차리스 가격비교 | 행복한렌트몰","전북 부안군 진서면 장기렌트와 자동차리스 이용조건을 행복한렌트몰에서 비교하고 차량별 견적과 지역별 상담 정보를 확인해보세요.","같은 차라도 조건은 다릅니다.비교하고 더 좋은 조건을 찾으세요."
"jeonbuk\buan-gun\하서면\index.html","전북 부안군 하서면 장기렌트·자동차리스 가격비교 | 행복한렌트몰","전북 부안군 하서면 장기렌트와 자동차리스 이용조건을 행복한렌트몰에서 비교하고 차량별 견적과 지역별 상담 정보를 확인해보세요.","같은 차라도 조건은 다릅니다.비교하고 더 좋은 조건을 찾으세요."
"jeonbuk\buan-gun\행안면\index.html","전북 부안군 행안면 장기렌트·자동차리스 가격비교 | 행복한렌트몰","전북 부안군 행안면 장기렌트와 자동차리스 이용조건을 행복한렌트몰에서 비교하고 차량별 견적과 지역별 상담 정보를 확인해보세요.","같은 차라도 조건은 다릅니다.비교하고 더 좋은 조건을 찾으세요."
"jeonbuk\gimje-si\index.html","전북 김제시 장기렌트·자동차리스 가격비교 | 행복한렌트몰","전북 김제시 장기렌트와 자동차리스 조건을 행복한렌트몰에서 비교하고 지역별 상담 정보를 확인해보세요.","같은 차라도 조건은 다릅니다.비교하고 더 좋은 조건을 찾으세요."
"jeonbuk\gimje-si\갈공동\index.html","전북 김제시 갈공동 장기렌트·자동차리스 가격비교 | 행복한렌트몰","전북 김제시 갈공동 장기렌트와 자동차리스 이용조건을 행복한렌트몰에서 비교하고 차량별 견적과 지역별 상담 정보를 확인해보세요.","같은 차라도 조건은 다릅니다.비교하고 더 좋은 조건을 찾으세요."
"jeonbuk\gimje-si\검산동\index.html","전북 김제시 검산동 장기렌트·자동차리스 가격비교 | 행복한렌트몰","전북 김제시 검산동 장기렌트와 자동차리스 이용조건을 행복한렌트몰에서 비교하고 차량별 견적과 지역별 상담 정보를 확인해보세요.","같은 차라도 조건은 다릅니다.비교하고 더 좋은 조건을 찾으세요."
"jeonbuk\gimje-si\공덕면\index.html","전북 김제시 공덕면 장기렌트·자동차리스 가격비교 | 행복한렌트몰","전북 김제시 공덕면 장기렌트와 자동차리스 이용조건을 행복한렌트몰에서 비교하고 차량별 견적과 지역별 상담 정보를 확인해보세요.","같은 차라도 조건은 다릅니다.비교하고 더 좋은 조건을 찾으세요."
"jeonbuk\gimje-si\광활면\index.html","전북 김제시 광활면 장기렌트·자동차리스 가격비교 | 행복한렌트몰","전북 김제시 광활면 장기렌트와 자동차리스 이용조건을 행복한렌트몰에서 비교하고 차량별 견적과 지역별 상담 정보를 확인해보세요.","같은 차라도 조건은 다릅니다.비교하고 더 좋은 조건을 찾으세요."
"jeonbuk\gimje-si\교동\index.html","전북 김제시 교동 장기렌트·자동차리스 가격비교 | 행복한렌트몰","전북 김제시 교동 장기렌트와 자동차리스 이용조건을 행복한렌트몰에서 비교하고 차량별 견적과 지역별 상담 정보를 확인해보세요.","같은 차라도 조건은 다릅니다.비교하고 더 좋은 조건을 찾으세요."
"jeonbuk\gimje-si\금구면\index.html","전북 김제시 금구면 장기렌트·자동차리스 가격비교 | 행복한렌트몰","전북 김제시 금구면 장기렌트와 자동차리스 이용조건을 행복한렌트몰에서 비교하고 차량별 견적과 지역별 상담 정보를 확인해보세요.","같은 차라도 조건은 다릅니다.비교하고 더 좋은 조건을 찾으세요."
"jeonbuk\gimje-si\금산면\index.html","전북 김제시 금산면 장기렌트·자동차리스 가격비교 | 행복한렌트몰","전북 김제시 금산면 장기렌트와 자동차리스 이용조건을 행복한렌트몰에서 비교하고 차량별 견적과 지역별 상담 정보를 확인해보세요.","같은 차라도 조건은 다릅니다.비교하고 더 좋은 조건을 찾으세요."
"jeonbuk\gimje-si\난봉동\index.html","전북 김제시 난봉동 장기렌트·자동차리스 가격비교 | 행복한렌트몰","전북 김제시 난봉동 장기렌트와 자동차리스 이용조건을 행복한렌트몰에서 비교하고 차량별 견적과 지역별 상담 정보를 확인해보세요.","같은 차라도 조건은 다릅니다.비교하고 더 좋은 조건을 찾으세요."
"jeonbuk\gimje-si\도장동\index.html","전북 김제시 도장동 장기렌트·자동차리스 가격비교 | 행복한렌트몰","전북 김제시 도장동 장기렌트와 자동차리스 이용조건을 행복한렌트몰에서 비교하고 차량별 견적과 지역별 상담 정보를 확인해보세요.","같은 차라도 조건은 다릅니다.비교하고 더 좋은 조건을 찾으세요."
"jeonbuk\gimje-si\만경읍\index.html","전북 김제시 만경읍 장기렌트·자동차리스 가격비교 | 행복한렌트몰","전북 김제시 만경읍 장기렌트와 자동차리스 이용조건을 행복한렌트몰에서 비교하고 차량별 견적과 지역별 상담 정보를 확인해보세요.","같은 차라도 조건은 다릅니다.비교하고 더 좋은 조건을 찾으세요."
"jeonbuk\gimje-si\명덕동\index.html","전북 김제시 명덕동 장기렌트·자동차리스 가격비교 | 행복한렌트몰","전북 김제시 명덕동 장기렌트와 자동차리스 이용조건을 행복한렌트몰에서 비교하고 차량별 견적과 지역별 상담 정보를 확인해보세요.","같은 차라도 조건은 다릅니다.비교하고 더 좋은 조건을 찾으세요."
"jeonbuk\gimje-si\백구면\index.html","전북 김제시 백구면 장기렌트·자동차리스 가격비교 | 행복한렌트몰","전북 김제시 백구면 장기렌트와 자동차리스 이용조건을 행복한렌트몰에서 비교하고 차량별 견적과 지역별 상담 정보를 확인해보세요.","같은 차라도 조건은 다릅니다.비교하고 더 좋은 조건을 찾으세요."
"jeonbuk\gimje-si\백산면\index.html","전북 김제시 백산면 장기렌트·자동차리스 가격비교 | 행복한렌트몰","전북 김제시 백산면 장기렌트와 자동차리스 이용조건을 행복한렌트몰에서 비교하고 차량별 견적과 지역별 상담 정보를 확인해보세요.","같은 차라도 조건은 다릅니다.비교하고 더 좋은 조건을 찾으세요."
"jeonbuk\gimje-si\백학동\index.html","전북 김제시 백학동 장기렌트·자동차리스 가격비교 | 행복한렌트몰","전북 김제시 백학동 장기렌트와 자동차리스 이용조건을 행복한렌트몰에서 비교하고 차량별 견적과 지역별 상담 정보를 확인해보세요.","같은 차라도 조건은 다릅니다.비교하고 더 좋은 조건을 찾으세요."
"jeonbuk\gimje-si\복죽동\index.html","전북 김제시 복죽동 장기렌트·자동차리스 가격비교 | 행복한렌트몰","전북 김제시 복죽동 장기렌트와 자동차리스 이용조건을 행복한렌트몰에서 비교하고 차량별 견적과 지역별 상담 정보를 확인해보세요.","같은 차라도 조건은 다릅니다.비교하고 더 좋은 조건을 찾으세요."
"jeonbuk\gimje-si\봉남면\index.html","전북 김제시 봉남면 장기렌트·자동차리스 가격비교 | 행복한렌트몰","전북 김제시 봉남면 장기렌트와 자동차리스 이용조건을 행복한렌트몰에서 비교하고 차량별 견적과 지역별 상담 정보를 확인해보세요.","같은 차라도 조건은 다릅니다.비교하고 더 좋은 조건을 찾으세요."
"jeonbuk\gimje-si\부량면\index.html","전북 김제시 부량면 장기렌트·자동차리스 가격비교 | 행복한렌트몰","전북 김제시 부량면 장기렌트와 자동차리스 이용조건을 행복한렌트몰에서 비교하고 차량별 견적과 지역별 상담 정보를 확인해보세요.","같은 차라도 조건은 다릅니다.비교하고 더 좋은 조건을 찾으세요."
"jeonbuk\gimje-si\상동동\index.html","전북 김제시 상동동 장기렌트·자동차리스 가격비교 | 행복한렌트몰","전북 김제시 상동동 장기렌트와 자동차리스 이용조건을 행복한렌트몰에서 비교하고 차량별 견적과 지역별 상담 정보를 확인해보세요.","같은 차라도 조건은 다릅니다.비교하고 더 좋은 조건을 찾으세요."
"jeonbuk\gimje-si\서암동\index.html","전북 김제시 서암동 장기렌트·자동차리스 가격비교 | 행복한렌트몰","전북 김제시 서암동 장기렌트와 자동차리스 이용조건을 행복한렌트몰에서 비교하고 차량별 견적과 지역별 상담 정보를 확인해보세요.","같은 차라도 조건은 다릅니다.비교하고 더 좋은 조건을 찾으세요."
"jeonbuk\gimje-si\서정동\index.html","전북 김제시 서정동 장기렌트·자동차리스 가격비교 | 행복한렌트몰","전북 김제시 서정동 장기렌트와 자동차리스 이용조건을 행복한렌트몰에서 비교하고 차량별 견적과 지역별 상담 정보를 확인해보세요.","같은 차라도 조건은 다릅니다.비교하고 더 좋은 조건을 찾으세요."
"jeonbuk\gimje-si\성덕면\index.html","전북 김제시 성덕면 장기렌트·자동차리스 가격비교 | 행복한렌트몰","전북 김제시 성덕면 장기렌트와 자동차리스 이용조건을 행복한렌트몰에서 비교하고 차량별 견적과 지역별 상담 정보를 확인해보세요.","같은 차라도 조건은 다릅니다.비교하고 더 좋은 조건을 찾으세요."
"jeonbuk\gimje-si\순동\index.html","전북 김제시 순동 장기렌트·자동차리스 가격비교 | 행복한렌트몰","전북 김제시 순동 장기렌트와 자동차리스 이용조건을 행복한렌트몰에서 비교하고 차량별 견적과 지역별 상담 정보를 확인해보세요.","같은 차라도 조건은 다릅니다.비교하고 더 좋은 조건을 찾으세요."
"jeonbuk\gimje-si\신곡동\index.html","전북 김제시 신곡동 장기렌트·자동차리스 가격비교 | 행복한렌트몰","전북 김제시 신곡동 장기렌트와 자동차리스 이용조건을 행복한렌트몰에서 비교하고 차량별 견적과 지역별 상담 정보를 확인해보세요.","같은 차라도 조건은 다릅니다.비교하고 더 좋은 조건을 찾으세요."
"jeonbuk\gimje-si\신덕동\index.html","전북 김제시 신덕동 장기렌트·자동차리스 가격비교 | 행복한렌트몰","전북 김제시 신덕동 장기렌트와 자동차리스 이용조건을 행복한렌트몰에서 비교하고 차량별 견적과 지역별 상담 정보를 확인해보세요.","같은 차라도 조건은 다릅니다.비교하고 더 좋은 조건을 찾으세요."
"jeonbuk\gimje-si\신월동\index.html","전북 김제시 신월동 장기렌트·자동차리스 가격비교 | 행복한렌트몰","전북 김제시 신월동 장기렌트와 자동차리스 이용조건을 행복한렌트몰에서 비교하고 차량별 견적과 지역별 상담 정보를 확인해보세요.","같은 차라도 조건은 다릅니다.비교하고 더 좋은 조건을 찾으세요."
"jeonbuk\gimje-si\신풍동\index.html","전북 김제시 신풍동 장기렌트·자동차리스 가격비교 | 행복한렌트몰","전북 김제시 신풍동 장기렌트와 자동차리스 이용조건을 행복한렌트몰에서 비교하고 차량별 견적과 지역별 상담 정보를 확인해보세요.","같은 차라도 조건은 다릅니다.비교하고 더 좋은 조건을 찾으세요."
"jeonbuk\gimje-si\양전동\index.html","전북 김제시 양전동 장기렌트·자동차리스 가격비교 | 행복한렌트몰","전북 김제시 양전동 장기렌트와 자동차리스 이용조건을 행복한렌트몰에서 비교하고 차량별 견적과 지역별 상담 정보를 확인해보세요.","같은 차라도 조건은 다릅니다.비교하고 더 좋은 조건을 찾으세요."
"jeonbuk\gimje-si\연정동\index.html","전북 김제시 연정동 장기렌트·자동차리스 가격비교 | 행복한렌트몰","전북 김제시 연정동 장기렌트와 자동차리스 이용조건을 행복한렌트몰에서 비교하고 차량별 견적과 지역별 상담 정보를 확인해보세요.","같은 차라도 조건은 다릅니다.비교하고 더 좋은 조건을 찾으세요."
"jeonbuk\gimje-si\오정동\index.html","전북 김제시 오정동 장기렌트·자동차리스 가격비교 | 행복한렌트몰","전북 김제시 오정동 장기렌트와 자동차리스 이용조건을 행복한렌트몰에서 비교하고 차량별 견적과 지역별 상담 정보를 확인해보세요.","같은 차라도 조건은 다릅니다.비교하고 더 좋은 조건을 찾으세요."
"jeonbuk\gimje-si\옥산동\index.html","전북 김제시 옥산동 장기렌트·자동차리스 가격비교 | 행복한렌트몰","전북 김제시 옥산동 장기렌트와 자동차리스 이용조건을 행복한렌트몰에서 비교하고 차량별 견적과 지역별 상담 정보를 확인해보세요.","같은 차라도 조건은 다릅니다.비교하고 더 좋은 조건을 찾으세요."
"jeonbuk\gimje-si\요촌동\index.html","전북 김제시 요촌동 장기렌트·자동차리스 가격비교 | 행복한렌트몰","전북 김제시 요촌동 장기렌트와 자동차리스 이용조건을 행복한렌트몰에서 비교하고 차량별 견적과 지역별 상담 정보를 확인해보세요.","같은 차라도 조건은 다릅니다.비교하고 더 좋은 조건을 찾으세요."
"jeonbuk\gimje-si\용동\index.html","전북 김제시 용동 장기렌트·자동차리스 가격비교 | 행복한렌트몰","전북 김제시 용동 장기렌트와 자동차리스 이용조건을 행복한렌트몰에서 비교하고 차량별 견적과 지역별 상담 정보를 확인해보세요.","같은 차라도 조건은 다릅니다.비교하고 더 좋은 조건을 찾으세요."
"jeonbuk\gimje-si\용지면\index.html","전북 김제시 용지면 장기렌트·자동차리스 가격비교 | 행복한렌트몰","전북 김제시 용지면 장기렌트와 자동차리스 이용조건을 행복한렌트몰에서 비교하고 차량별 견적과 지역별 상담 정보를 확인해보세요.","같은 차라도 조건은 다릅니다.비교하고 더 좋은 조건을 찾으세요."
"jeonbuk\gimje-si\월봉동\index.html","전북 김제시 월봉동 장기렌트·자동차리스 가격비교 | 행복한렌트몰","전북 김제시 월봉동 장기렌트와 자동차리스 이용조건을 행복한렌트몰에서 비교하고 차량별 견적과 지역별 상담 정보를 확인해보세요.","같은 차라도 조건은 다릅니다.비교하고 더 좋은 조건을 찾으세요."
"jeonbuk\gimje-si\월성동\index.html","전북 김제시 월성동 장기렌트·자동차리스 가격비교 | 행복한렌트몰","전북 김제시 월성동 장기렌트와 자동차리스 이용조건을 행복한렌트몰에서 비교하고 차량별 견적과 지역별 상담 정보를 확인해보세요.","같은 차라도 조건은 다릅니다.비교하고 더 좋은 조건을 찾으세요."
"jeonbuk\gimje-si\입석동\index.html","전북 김제시 입석동 장기렌트·자동차리스 가격비교 | 행복한렌트몰","전북 김제시 입석동 장기렌트와 자동차리스 이용조건을 행복한렌트몰에서 비교하고 차량별 견적과 지역별 상담 정보를 확인해보세요.","같은 차라도 조건은 다릅니다.비교하고 더 좋은 조건을 찾으세요."
"jeonbuk\gimje-si\장화동\index.html","전북 김제시 장화동 장기렌트·자동차리스 가격비교 | 행복한렌트몰","전북 김제시 장화동 장기렌트와 자동차리스 이용조건을 행복한렌트몰에서 비교하고 차량별 견적과 지역별 상담 정보를 확인해보세요.","같은 차라도 조건은 다릅니다.비교하고 더 좋은 조건을 찾으세요."
"jeonbuk\gimje-si\제월동\index.html","전북 김제시 제월동 장기렌트·자동차리스 가격비교 | 행복한렌트몰","전북 김제시 제월동 장기렌트와 자동차리스 이용조건을 행복한렌트몰에서 비교하고 차량별 견적과 지역별 상담 정보를 확인해보세요.","같은 차라도 조건은 다릅니다.비교하고 더 좋은 조건을 찾으세요."
"jeonbuk\gimje-si\죽산면\index.html","전북 김제시 죽산면 장기렌트·자동차리스 가격비교 | 행복한렌트몰","전북 김제시 죽산면 장기렌트와 자동차리스 이용조건을 행복한렌트몰에서 비교하고 차량별 견적과 지역별 상담 정보를 확인해보세요.","같은 차라도 조건은 다릅니다.비교하고 더 좋은 조건을 찾으세요."
"jeonbuk\gimje-si\진봉면\index.html","전북 김제시 진봉면 장기렌트·자동차리스 가격비교 | 행복한렌트몰","전북 김제시 진봉면 장기렌트와 자동차리스 이용조건을 행복한렌트몰에서 비교하고 차량별 견적과 지역별 상담 정보를 확인해보세요.","같은 차라도 조건은 다릅니다.비교하고 더 좋은 조건을 찾으세요."
"jeonbuk\gimje-si\청하면\index.html","전북 김제시 청하면 장기렌트·자동차리스 가격비교 | 행복한렌트몰","전북 김제시 청하면 장기렌트와 자동차리스 이용조건을 행복한렌트몰에서 비교하고 차량별 견적과 지역별 상담 정보를 확인해보세요.","같은 차라도 조건은 다릅니다.비교하고 더 좋은 조건을 찾으세요."
"jeonbuk\gimje-si\하동\index.html","전북 김제시 하동 장기렌트·자동차리스 가격비교 | 행복한렌트몰","전북 김제시 하동 장기렌트와 자동차리스 이용조건을 행복한렌트몰에서 비교하고 차량별 견적과 지역별 상담 정보를 확인해보세요.","같은 차라도 조건은 다릅니다.비교하고 더 좋은 조건을 찾으세요."
"jeonbuk\gimje-si\황산동\index.html","전북 김제시 황산동 장기렌트·자동차리스 가격비교 | 행복한렌트몰","전북 김제시 황산동 장기렌트와 자동차리스 이용조건을 행복한렌트몰에서 비교하고 차량별 견적과 지역별 상담 정보를 확인해보세요.","같은 차라도 조건은 다릅니다.비교하고 더 좋은 조건을 찾으세요."
"jeonbuk\gimje-si\황산면\index.html","전북 김제시 황산면 장기렌트·자동차리스 가격비교 | 행복한렌트몰","전북 김제시 황산면 장기렌트와 자동차리스 이용조건을 행복한렌트몰에서 비교하고 차량별 견적과 지역별 상담 정보를 확인해보세요.","같은 차라도 조건은 다릅니다.비교하고 더 좋은 조건을 찾으세요."
"jeonbuk\gimje-si\흥사동\index.html","전북 김제시 흥사동 장기렌트·자동차리스 가격비교 | 행복한렌트몰","전북 김제시 흥사동 장기렌트와 자동차리스 이용조건을 행복한렌트몰에서 비교하고 차량별 견적과 지역별 상담 정보를 확인해보세요.","같은 차라도 조건은 다릅니다.비교하고 더 좋은 조건을 찾으세요."
"jeonbuk\gochang-gun\index.html","전북 고창군 장기렌트·자동차리스 가격비교 | 행복한렌트몰","전북 고창군 장기렌트와 자동차리스 조건을 행복한렌트몰에서 비교하고 지역별 상담 정보를 확인해보세요.","같은 차라도 조건은 다릅니다.비교하고 더 좋은 조건을 찾으세요."
"jeonbuk\gochang-gun\고수면\index.html","전북 고창군 고수면 장기렌트·자동차리스 가격비교 | 행복한렌트몰","전북 고창군 고수면 장기렌트와 자동차리스 이용조건을 행복한렌트몰에서 비교하고 차량별 견적과 지역별 상담 정보를 확인해보세요.","같은 차라도 조건은 다릅니다.비교하고 더 좋은 조건을 찾으세요."
"jeonbuk\gochang-gun\고창읍\index.html","전북 고창군 고창읍 장기렌트·자동차리스 가격비교 | 행복한렌트몰","전북 고창군 고창읍 장기렌트와 자동차리스 이용조건을 행복한렌트몰에서 비교하고 차량별 견적과 지역별 상담 정보를 확인해보세요.","같은 차라도 조건은 다릅니다.비교하고 더 좋은 조건을 찾으세요."
"jeonbuk\gochang-gun\공음면\index.html","전북 고창군 공음면 장기렌트·자동차리스 가격비교 | 행복한렌트몰","전북 고창군 공음면 장기렌트와 자동차리스 이용조건을 행복한렌트몰에서 비교하고 차량별 견적과 지역별 상담 정보를 확인해보세요.","같은 차라도 조건은 다릅니다.비교하고 더 좋은 조건을 찾으세요."
"jeonbuk\gochang-gun\대산면\index.html","전북 고창군 대산면 장기렌트·자동차리스 가격비교 | 행복한렌트몰","전북 고창군 대산면 장기렌트와 자동차리스 이용조건을 행복한렌트몰에서 비교하고 차량별 견적과 지역별 상담 정보를 확인해보세요.","같은 차라도 조건은 다릅니다.비교하고 더 좋은 조건을 찾으세요."
"jeonbuk\gochang-gun\무장면\index.html","전북 고창군 무장면 장기렌트·자동차리스 가격비교 | 행복한렌트몰","전북 고창군 무장면 장기렌트와 자동차리스 이용조건을 행복한렌트몰에서 비교하고 차량별 견적과 지역별 상담 정보를 확인해보세요.","같은 차라도 조건은 다릅니다.비교하고 더 좋은 조건을 찾으세요."
"jeonbuk\gochang-gun\부안면\index.html","전북 고창군 부안면 장기렌트·자동차리스 가격비교 | 행복한렌트몰","전북 고창군 부안면 장기렌트와 자동차리스 이용조건을 행복한렌트몰에서 비교하고 차량별 견적과 지역별 상담 정보를 확인해보세요.","같은 차라도 조건은 다릅니다.비교하고 더 좋은 조건을 찾으세요."
"jeonbuk\gochang-gun\상하면\index.html","전북 고창군 상하면 장기렌트·자동차리스 가격비교 | 행복한렌트몰","전북 고창군 상하면 장기렌트와 자동차리스 이용조건을 행복한렌트몰에서 비교하고 차량별 견적과 지역별 상담 정보를 확인해보세요.","같은 차라도 조건은 다릅니다.비교하고 더 좋은 조건을 찾으세요."
"jeonbuk\gochang-gun\성내면\index.html","전북 고창군 성내면 장기렌트·자동차리스 가격비교 | 행복한렌트몰","전북 고창군 성내면 장기렌트와 자동차리스 이용조건을 행복한렌트몰에서 비교하고 차량별 견적과 지역별 상담 정보를 확인해보세요.","같은 차라도 조건은 다릅니다.비교하고 더 좋은 조건을 찾으세요."
"jeonbuk\gochang-gun\성송면\index.html","전북 고창군 성송면 장기렌트·자동차리스 가격비교 | 행복한렌트몰","전북 고창군 성송면 장기렌트와 자동차리스 이용조건을 행복한렌트몰에서 비교하고 차량별 견적과 지역별 상담 정보를 확인해보세요.","같은 차라도 조건은 다릅니다.비교하고 더 좋은 조건을 찾으세요."
"jeonbuk\gochang-gun\신림면\index.html","전북 고창군 신림면 장기렌트·자동차리스 가격비교 | 행복한렌트몰","전북 고창군 신림면 장기렌트와 자동차리스 이용조건을 행복한렌트몰에서 비교하고 차량별 견적과 지역별 상담 정보를 확인해보세요.","같은 차라도 조건은 다릅니다.비교하고 더 좋은 조건을 찾으세요."
"jeonbuk\gochang-gun\심원면\index.html","전북 고창군 심원면 장기렌트·자동차리스 가격비교 | 행복한렌트몰","전북 고창군 심원면 장기렌트와 자동차리스 이용조건을 행복한렌트몰에서 비교하고 차량별 견적과 지역별 상담 정보를 확인해보세요.","같은 차라도 조건은 다릅니다.비교하고 더 좋은 조건을 찾으세요."
"jeonbuk\gochang-gun\아산면\index.html","전북 고창군 아산면 장기렌트·자동차리스 가격비교 | 행복한렌트몰","전북 고창군 아산면 장기렌트와 자동차리스 이용조건을 행복한렌트몰에서 비교하고 차량별 견적과 지역별 상담 정보를 확인해보세요.","같은 차라도 조건은 다릅니다.비교하고 더 좋은 조건을 찾으세요."
"jeonbuk\gochang-gun\해리면\index.html","전북 고창군 해리면 장기렌트·자동차리스 가격비교 | 행복한렌트몰","전북 고창군 해리면 장기렌트와 자동차리스 이용조건을 행복한렌트몰에서 비교하고 차량별 견적과 지역별 상담 정보를 확인해보세요.","같은 차라도 조건은 다릅니다.비교하고 더 좋은 조건을 찾으세요."
"jeonbuk\gochang-gun\흥덕면\index.html","전북 고창군 흥덕면 장기렌트·자동차리스 가격비교 | 행복한렌트몰","전북 고창군 흥덕면 장기렌트와 자동차리스 이용조건을 행복한렌트몰에서 비교하고 차량별 견적과 지역별 상담 정보를 확인해보세요.","같은 차라도 조건은 다릅니다.비교하고 더 좋은 조건을 찾으세요."
"jeonbuk\gunsan-si\index.html","전북 군산시 장기렌트·자동차리스 가격비교 | 행복한렌트몰","전북 군산시 장기렌트와 자동차리스 조건을 행복한렌트몰에서 비교하고 지역별 상담 정보를 확인해보세요.","같은 차라도 조건은 다릅니다.비교하고 더 좋은 조건을 찾으세요."
"jeonbuk\gunsan-si\개복동\index.html","전북 군산시 개복동 장기렌트·자동차리스 가격비교 | 행복한렌트몰","전북 군산시 개복동 장기렌트와 자동차리스 이용조건을 행복한렌트몰에서 비교하고 차량별 견적과 지역별 상담 정보를 확인해보세요.","같은 차라도 조건은 다릅니다.비교하고 더 좋은 조건을 찾으세요."
"jeonbuk\gunsan-si\개사동\index.html","전북 군산시 개사동 장기렌트·자동차리스 가격비교 | 행복한렌트몰","전북 군산시 개사동 장기렌트와 자동차리스 이용조건을 행복한렌트몰에서 비교하고 차량별 견적과 지역별 상담 정보를 확인해보세요.","같은 차라도 조건은 다릅니다.비교하고 더 좋은 조건을 찾으세요."
"jeonbuk\gunsan-si\개정동\index.html","전북 군산시 개정동 장기렌트·자동차리스 가격비교 | 행복한렌트몰","전북 군산시 개정동 장기렌트와 자동차리스 이용조건을 행복한렌트몰에서 비교하고 차량별 견적과 지역별 상담 정보를 확인해보세요.","같은 차라도 조건은 다릅니다.비교하고 더 좋은 조건을 찾으세요."
"jeonbuk\gunsan-si\개정면\index.html","전북 군산시 개정면 장기렌트·자동차리스 가격비교 | 행복한렌트몰","전북 군산시 개정면 장기렌트와 자동차리스 이용조건을 행복한렌트몰에서 비교하고 차량별 견적과 지역별 상담 정보를 확인해보세요.","같은 차라도 조건은 다릅니다.비교하고 더 좋은 조건을 찾으세요."
"jeonbuk\gunsan-si\경암동\index.html","전북 군산시 경암동 장기렌트·자동차리스 가격비교 | 행복한렌트몰","전북 군산시 경암동 장기렌트와 자동차리스 이용조건을 행복한렌트몰에서 비교하고 차량별 견적과 지역별 상담 정보를 확인해보세요.","같은 차라도 조건은 다릅니다.비교하고 더 좋은 조건을 찾으세요."
"jeonbuk\gunsan-si\경장동\index.html","전북 군산시 경장동 장기렌트·자동차리스 가격비교 | 행복한렌트몰","전북 군산시 경장동 장기렌트와 자동차리스 이용조건을 행복한렌트몰에서 비교하고 차량별 견적과 지역별 상담 정보를 확인해보세요.","같은 차라도 조건은 다릅니다.비교하고 더 좋은 조건을 찾으세요."
"jeonbuk\gunsan-si\구암동\index.html","전북 군산시 구암동 장기렌트·자동차리스 가격비교 | 행복한렌트몰","전북 군산시 구암동 장기렌트와 자동차리스 이용조건을 행복한렌트몰에서 비교하고 차량별 견적과 지역별 상담 정보를 확인해보세요.","같은 차라도 조건은 다릅니다.비교하고 더 좋은 조건을 찾으세요."
"jeonbuk\gunsan-si\금광동\index.html","전북 군산시 금광동 장기렌트·자동차리스 가격비교 | 행복한렌트몰","전북 군산시 금광동 장기렌트와 자동차리스 이용조건을 행복한렌트몰에서 비교하고 차량별 견적과 지역별 상담 정보를 확인해보세요.","같은 차라도 조건은 다릅니다.비교하고 더 좋은 조건을 찾으세요."
"jeonbuk\gunsan-si\금동\index.html","전북 군산시 금동 장기렌트·자동차리스 가격비교 | 행복한렌트몰","전북 군산시 금동 장기렌트와 자동차리스 이용조건을 행복한렌트몰에서 비교하고 차량별 견적과 지역별 상담 정보를 확인해보세요.","같은 차라도 조건은 다릅니다.비교하고 더 좋은 조건을 찾으세요."
"jeonbuk\gunsan-si\금암동\index.html","전북 군산시 금암동 장기렌트·자동차리스 가격비교 | 행복한렌트몰","전북 군산시 금암동 장기렌트와 자동차리스 이용조건을 행복한렌트몰에서 비교하고 차량별 견적과 지역별 상담 정보를 확인해보세요.","같은 차라도 조건은 다릅니다.비교하고 더 좋은 조건을 찾으세요."
"jeonbuk\gunsan-si\나운동\index.html","전북 군산시 나운동 장기렌트·자동차리스 가격비교 | 행복한렌트몰","전북 군산시 나운동 장기렌트와 자동차리스 이용조건을 행복한렌트몰에서 비교하고 차량별 견적과 지역별 상담 정보를 확인해보세요.","같은 차라도 조건은 다릅니다.비교하고 더 좋은 조건을 찾으세요."
"jeonbuk\gunsan-si\나포면\index.html","전북 군산시 나포면 장기렌트·자동차리스 가격비교 | 행복한렌트몰","전북 군산시 나포면 장기렌트와 자동차리스 이용조건을 행복한렌트몰에서 비교하고 차량별 견적과 지역별 상담 정보를 확인해보세요.","같은 차라도 조건은 다릅니다.비교하고 더 좋은 조건을 찾으세요."
"jeonbuk\gunsan-si\내초동\index.html","전북 군산시 내초동 장기렌트·자동차리스 가격비교 | 행복한렌트몰","전북 군산시 내초동 장기렌트와 자동차리스 이용조건을 행복한렌트몰에서 비교하고 차량별 견적과 지역별 상담 정보를 확인해보세요.","같은 차라도 조건은 다릅니다.비교하고 더 좋은 조건을 찾으세요."
"jeonbuk\gunsan-si\내흥동\index.html","전북 군산시 내흥동 장기렌트·자동차리스 가격비교 | 행복한렌트몰","전북 군산시 내흥동 장기렌트와 자동차리스 이용조건을 행복한렌트몰에서 비교하고 차량별 견적과 지역별 상담 정보를 확인해보세요.","같은 차라도 조건은 다릅니다.비교하고 더 좋은 조건을 찾으세요."
"jeonbuk\gunsan-si\대명동\index.html","전북 군산시 대명동 장기렌트·자동차리스 가격비교 | 행복한렌트몰","전북 군산시 대명동 장기렌트와 자동차리스 이용조건을 행복한렌트몰에서 비교하고 차량별 견적과 지역별 상담 정보를 확인해보세요.","같은 차라도 조건은 다릅니다.비교하고 더 좋은 조건을 찾으세요."
"jeonbuk\gunsan-si\대야면\index.html","전북 군산시 대야면 장기렌트·자동차리스 가격비교 | 행복한렌트몰","전북 군산시 대야면 장기렌트와 자동차리스 이용조건을 행복한렌트몰에서 비교하고 차량별 견적과 지역별 상담 정보를 확인해보세요.","같은 차라도 조건은 다릅니다.비교하고 더 좋은 조건을 찾으세요."
"jeonbuk\gunsan-si\동흥남동\index.html","전북 군산시 동흥남동 장기렌트·자동차리스 가격비교 | 행복한렌트몰","전북 군산시 동흥남동 장기렌트와 자동차리스 이용조건을 행복한렌트몰에서 비교하고 차량별 견적과 지역별 상담 정보를 확인해보세요.","같은 차라도 조건은 다릅니다.비교하고 더 좋은 조건을 찾으세요."
"jeonbuk\gunsan-si\둔율동\index.html","전북 군산시 둔율동 장기렌트·자동차리스 가격비교 | 행복한렌트몰","전북 군산시 둔율동 장기렌트와 자동차리스 이용조건을 행복한렌트몰에서 비교하고 차량별 견적과 지역별 상담 정보를 확인해보세요.","같은 차라도 조건은 다릅니다.비교하고 더 좋은 조건을 찾으세요."
"jeonbuk\gunsan-si\명산동\index.html","전북 군산시 명산동 장기렌트·자동차리스 가격비교 | 행복한렌트몰","전북 군산시 명산동 장기렌트와 자동차리스 이용조건을 행복한렌트몰에서 비교하고 차량별 견적과 지역별 상담 정보를 확인해보세요.","같은 차라도 조건은 다릅니다.비교하고 더 좋은 조건을 찾으세요."
"jeonbuk\gunsan-si\문화동\index.html","전북 군산시 문화동 장기렌트·자동차리스 가격비교 | 행복한렌트몰","전북 군산시 문화동 장기렌트와 자동차리스 이용조건을 행복한렌트몰에서 비교하고 차량별 견적과 지역별 상담 정보를 확인해보세요.","같은 차라도 조건은 다릅니다.비교하고 더 좋은 조건을 찾으세요."
"jeonbuk\gunsan-si\미룡동\index.html","전북 군산시 미룡동 장기렌트·자동차리스 가격비교 | 행복한렌트몰","전북 군산시 미룡동 장기렌트와 자동차리스 이용조건을 행복한렌트몰에서 비교하고 차량별 견적과 지역별 상담 정보를 확인해보세요.","같은 차라도 조건은 다릅니다.비교하고 더 좋은 조건을 찾으세요."
"jeonbuk\gunsan-si\미원동\index.html","전북 군산시 미원동 장기렌트·자동차리스 가격비교 | 행복한렌트몰","전북 군산시 미원동 장기렌트와 자동차리스 이용조건을 행복한렌트몰에서 비교하고 차량별 견적과 지역별 상담 정보를 확인해보세요.","같은 차라도 조건은 다릅니다.비교하고 더 좋은 조건을 찾으세요."
"jeonbuk\gunsan-si\미장동\index.html","전북 군산시 미장동 장기렌트·자동차리스 가격비교 | 행복한렌트몰","전북 군산시 미장동 장기렌트와 자동차리스 이용조건을 행복한렌트몰에서 비교하고 차량별 견적과 지역별 상담 정보를 확인해보세요.","같은 차라도 조건은 다릅니다.비교하고 더 좋은 조건을 찾으세요."
"jeonbuk\gunsan-si\비응도동\index.html","전북 군산시 비응도동 장기렌트·자동차리스 가격비교 | 행복한렌트몰","전북 군산시 비응도동 장기렌트와 자동차리스 이용조건을 행복한렌트몰에서 비교하고 차량별 견적과 지역별 상담 정보를 확인해보세요.","같은 차라도 조건은 다릅니다.비교하고 더 좋은 조건을 찾으세요."
"jeonbuk\gunsan-si\사정동\index.html","전북 군산시 사정동 장기렌트·자동차리스 가격비교 | 행복한렌트몰","전북 군산시 사정동 장기렌트와 자동차리스 이용조건을 행복한렌트몰에서 비교하고 차량별 견적과 지역별 상담 정보를 확인해보세요.","같은 차라도 조건은 다릅니다.비교하고 더 좋은 조건을 찾으세요."
"jeonbuk\gunsan-si\산북동\index.html","전북 군산시 산북동 장기렌트·자동차리스 가격비교 | 행복한렌트몰","전북 군산시 산북동 장기렌트와 자동차리스 이용조건을 행복한렌트몰에서 비교하고 차량별 견적과 지역별 상담 정보를 확인해보세요.","같은 차라도 조건은 다릅니다.비교하고 더 좋은 조건을 찾으세요."
"jeonbuk\gunsan-si\삼학동\index.html","전북 군산시 삼학동 장기렌트·자동차리스 가격비교 | 행복한렌트몰","전북 군산시 삼학동 장기렌트와 자동차리스 이용조건을 행복한렌트몰에서 비교하고 차량별 견적과 지역별 상담 정보를 확인해보세요.","같은 차라도 조건은 다릅니다.비교하고 더 좋은 조건을 찾으세요."
"jeonbuk\gunsan-si\서수면\index.html","전북 군산시 서수면 장기렌트·자동차리스 가격비교 | 행복한렌트몰","전북 군산시 서수면 장기렌트와 자동차리스 이용조건을 행복한렌트몰에서 비교하고 차량별 견적과 지역별 상담 정보를 확인해보세요.","같은 차라도 조건은 다릅니다.비교하고 더 좋은 조건을 찾으세요."
"jeonbuk\gunsan-si\서흥남동\index.html","전북 군산시 서흥남동 장기렌트·자동차리스 가격비교 | 행복한렌트몰","전북 군산시 서흥남동 장기렌트와 자동차리스 이용조건을 행복한렌트몰에서 비교하고 차량별 견적과 지역별 상담 정보를 확인해보세요.","같은 차라도 조건은 다릅니다.비교하고 더 좋은 조건을 찾으세요."
"jeonbuk\gunsan-si\선양동\index.html","전북 군산시 선양동 장기렌트·자동차리스 가격비교 | 행복한렌트몰","전북 군산시 선양동 장기렌트와 자동차리스 이용조건을 행복한렌트몰에서 비교하고 차량별 견적과 지역별 상담 정보를 확인해보세요.","같은 차라도 조건은 다릅니다.비교하고 더 좋은 조건을 찾으세요."
"jeonbuk\gunsan-si\성산면\index.html","전북 군산시 성산면 장기렌트·자동차리스 가격비교 | 행복한렌트몰","전북 군산시 성산면 장기렌트와 자동차리스 이용조건을 행복한렌트몰에서 비교하고 차량별 견적과 지역별 상담 정보를 확인해보세요.","같은 차라도 조건은 다릅니다.비교하고 더 좋은 조건을 찾으세요."
"jeonbuk\gunsan-si\소룡동\index.html","전북 군산시 소룡동 장기렌트·자동차리스 가격비교 | 행복한렌트몰","전북 군산시 소룡동 장기렌트와 자동차리스 이용조건을 행복한렌트몰에서 비교하고 차량별 견적과 지역별 상담 정보를 확인해보세요.","같은 차라도 조건은 다릅니다.비교하고 더 좋은 조건을 찾으세요."
"jeonbuk\gunsan-si\송창동\index.html","전북 군산시 송창동 장기렌트·자동차리스 가격비교 | 행복한렌트몰","전북 군산시 송창동 장기렌트와 자동차리스 이용조건을 행복한렌트몰에서 비교하고 차량별 견적과 지역별 상담 정보를 확인해보세요.","같은 차라도 조건은 다릅니다.비교하고 더 좋은 조건을 찾으세요."
"jeonbuk\gunsan-si\송풍동\index.html","전북 군산시 송풍동 장기렌트·자동차리스 가격비교 | 행복한렌트몰","전북 군산시 송풍동 장기렌트와 자동차리스 이용조건을 행복한렌트몰에서 비교하고 차량별 견적과 지역별 상담 정보를 확인해보세요.","같은 차라도 조건은 다릅니다.비교하고 더 좋은 조건을 찾으세요."
"jeonbuk\gunsan-si\수송동\index.html","전북 군산시 수송동 장기렌트·자동차리스 가격비교 | 행복한렌트몰","전북 군산시 수송동 장기렌트와 자동차리스 이용조건을 행복한렌트몰에서 비교하고 차량별 견적과 지역별 상담 정보를 확인해보세요.","같은 차라도 조건은 다릅니다.비교하고 더 좋은 조건을 찾으세요."
"jeonbuk\gunsan-si\신관동\index.html","전북 군산시 신관동 장기렌트·자동차리스 가격비교 | 행복한렌트몰","전북 군산시 신관동 장기렌트와 자동차리스 이용조건을 행복한렌트몰에서 비교하고 차량별 견적과 지역별 상담 정보를 확인해보세요.","같은 차라도 조건은 다릅니다.비교하고 더 좋은 조건을 찾으세요."
"jeonbuk\gunsan-si\신영동\index.html","전북 군산시 신영동 장기렌트·자동차리스 가격비교 | 행복한렌트몰","전북 군산시 신영동 장기렌트와 자동차리스 이용조건을 행복한렌트몰에서 비교하고 차량별 견적과 지역별 상담 정보를 확인해보세요.","같은 차라도 조건은 다릅니다.비교하고 더 좋은 조건을 찾으세요."
"jeonbuk\gunsan-si\신창동\index.html","전북 군산시 신창동 장기렌트·자동차리스 가격비교 | 행복한렌트몰","전북 군산시 신창동 장기렌트와 자동차리스 이용조건을 행복한렌트몰에서 비교하고 차량별 견적과 지역별 상담 정보를 확인해보세요.","같은 차라도 조건은 다릅니다.비교하고 더 좋은 조건을 찾으세요."
"jeonbuk\gunsan-si\신풍동\index.html","전북 군산시 신풍동 장기렌트·자동차리스 가격비교 | 행복한렌트몰","전북 군산시 신풍동 장기렌트와 자동차리스 이용조건을 행복한렌트몰에서 비교하고 차량별 견적과 지역별 상담 정보를 확인해보세요.","같은 차라도 조건은 다릅니다.비교하고 더 좋은 조건을 찾으세요."
"jeonbuk\gunsan-si\신흥동\index.html","전북 군산시 신흥동 장기렌트·자동차리스 가격비교 | 행복한렌트몰","전북 군산시 신흥동 장기렌트와 자동차리스 이용조건을 행복한렌트몰에서 비교하고 차량별 견적과 지역별 상담 정보를 확인해보세요.","같은 차라도 조건은 다릅니다.비교하고 더 좋은 조건을 찾으세요."
"jeonbuk\gunsan-si\영동\index.html","전북 군산시 영동 장기렌트·자동차리스 가격비교 | 행복한렌트몰","전북 군산시 영동 장기렌트와 자동차리스 이용조건을 행복한렌트몰에서 비교하고 차량별 견적과 지역별 상담 정보를 확인해보세요.","같은 차라도 조건은 다릅니다.비교하고 더 좋은 조건을 찾으세요."
"jeonbuk\gunsan-si\영화동\index.html","전북 군산시 영화동 장기렌트·자동차리스 가격비교 | 행복한렌트몰","전북 군산시 영화동 장기렌트와 자동차리스 이용조건을 행복한렌트몰에서 비교하고 차량별 견적과 지역별 상담 정보를 확인해보세요.","같은 차라도 조건은 다릅니다.비교하고 더 좋은 조건을 찾으세요."
"jeonbuk\gunsan-si\오룡동\index.html","전북 군산시 오룡동 장기렌트·자동차리스 가격비교 | 행복한렌트몰","전북 군산시 오룡동 장기렌트와 자동차리스 이용조건을 행복한렌트몰에서 비교하고 차량별 견적과 지역별 상담 정보를 확인해보세요.","같은 차라도 조건은 다릅니다.비교하고 더 좋은 조건을 찾으세요."
"jeonbuk\gunsan-si\오식도동\index.html","전북 군산시 오식도동 장기렌트·자동차리스 가격비교 | 행복한렌트몰","전북 군산시 오식도동 장기렌트와 자동차리스 이용조건을 행복한렌트몰에서 비교하고 차량별 견적과 지역별 상담 정보를 확인해보세요.","같은 차라도 조건은 다릅니다.비교하고 더 좋은 조건을 찾으세요."
"jeonbuk\gunsan-si\옥구읍\index.html","전북 군산시 옥구읍 장기렌트·자동차리스 가격비교 | 행복한렌트몰","전북 군산시 옥구읍 장기렌트와 자동차리스 이용조건을 행복한렌트몰에서 비교하고 차량별 견적과 지역별 상담 정보를 확인해보세요.","같은 차라도 조건은 다릅니다.비교하고 더 좋은 조건을 찾으세요."
"jeonbuk\gunsan-si\옥도면\index.html","전북 군산시 옥도면 장기렌트·자동차리스 가격비교 | 행복한렌트몰","전북 군산시 옥도면 장기렌트와 자동차리스 이용조건을 행복한렌트몰에서 비교하고 차량별 견적과 지역별 상담 정보를 확인해보세요.","같은 차라도 조건은 다릅니다.비교하고 더 좋은 조건을 찾으세요."
"jeonbuk\gunsan-si\옥산면\index.html","전북 군산시 옥산면 장기렌트·자동차리스 가격비교 | 행복한렌트몰","전북 군산시 옥산면 장기렌트와 자동차리스 이용조건을 행복한렌트몰에서 비교하고 차량별 견적과 지역별 상담 정보를 확인해보세요.","같은 차라도 조건은 다릅니다.비교하고 더 좋은 조건을 찾으세요."
"jeonbuk\gunsan-si\옥서면\index.html","전북 군산시 옥서면 장기렌트·자동차리스 가격비교 | 행복한렌트몰","전북 군산시 옥서면 장기렌트와 자동차리스 이용조건을 행복한렌트몰에서 비교하고 차량별 견적과 지역별 상담 정보를 확인해보세요.","같은 차라도 조건은 다릅니다.비교하고 더 좋은 조건을 찾으세요."
"jeonbuk\gunsan-si\월명동\index.html","전북 군산시 월명동 장기렌트·자동차리스 가격비교 | 행복한렌트몰","전북 군산시 월명동 장기렌트와 자동차리스 이용조건을 행복한렌트몰에서 비교하고 차량별 견적과 지역별 상담 정보를 확인해보세요.","같은 차라도 조건은 다릅니다.비교하고 더 좋은 조건을 찾으세요."
"jeonbuk\gunsan-si\임피면\index.html","전북 군산시 임피면 장기렌트·자동차리스 가격비교 | 행복한렌트몰","전북 군산시 임피면 장기렌트와 자동차리스 이용조건을 행복한렌트몰에서 비교하고 차량별 견적과 지역별 상담 정보를 확인해보세요.","같은 차라도 조건은 다릅니다.비교하고 더 좋은 조건을 찾으세요."
"jeonbuk\gunsan-si\장미동\index.html","전북 군산시 장미동 장기렌트·자동차리스 가격비교 | 행복한렌트몰","전북 군산시 장미동 장기렌트와 자동차리스 이용조건을 행복한렌트몰에서 비교하고 차량별 견적과 지역별 상담 정보를 확인해보세요.","같은 차라도 조건은 다릅니다.비교하고 더 좋은 조건을 찾으세요."
"jeonbuk\gunsan-si\장재동\index.html","전북 군산시 장재동 장기렌트·자동차리스 가격비교 | 행복한렌트몰","전북 군산시 장재동 장기렌트와 자동차리스 이용조건을 행복한렌트몰에서 비교하고 차량별 견적과 지역별 상담 정보를 확인해보세요.","같은 차라도 조건은 다릅니다.비교하고 더 좋은 조건을 찾으세요."
"jeonbuk\gunsan-si\조촌동\index.html","전북 군산시 조촌동 장기렌트·자동차리스 가격비교 | 행복한렌트몰","전북 군산시 조촌동 장기렌트와 자동차리스 이용조건을 행복한렌트몰에서 비교하고 차량별 견적과 지역별 상담 정보를 확인해보세요.","같은 차라도 조건은 다릅니다.비교하고 더 좋은 조건을 찾으세요."
"jeonbuk\gunsan-si\죽성동\index.html","전북 군산시 죽성동 장기렌트·자동차리스 가격비교 | 행복한렌트몰","전북 군산시 죽성동 장기렌트와 자동차리스 이용조건을 행복한렌트몰에서 비교하고 차량별 견적과 지역별 상담 정보를 확인해보세요.","같은 차라도 조건은 다릅니다.비교하고 더 좋은 조건을 찾으세요."
"jeonbuk\gunsan-si\중동\index.html","전북 군산시 중동 장기렌트·자동차리스 가격비교 | 행복한렌트몰","전북 군산시 중동 장기렌트와 자동차리스 이용조건을 행복한렌트몰에서 비교하고 차량별 견적과 지역별 상담 정보를 확인해보세요.","같은 차라도 조건은 다릅니다.비교하고 더 좋은 조건을 찾으세요."
"jeonbuk\gunsan-si\지곡동\index.html","전북 군산시 지곡동 장기렌트·자동차리스 가격비교 | 행복한렌트몰","전북 군산시 지곡동 장기렌트와 자동차리스 이용조건을 행복한렌트몰에서 비교하고 차량별 견적과 지역별 상담 정보를 확인해보세요.","같은 차라도 조건은 다릅니다.비교하고 더 좋은 조건을 찾으세요."
"jeonbuk\gunsan-si\창성동\index.html","전북 군산시 창성동 장기렌트·자동차리스 가격비교 | 행복한렌트몰","전북 군산시 창성동 장기렌트와 자동차리스 이용조건을 행복한렌트몰에서 비교하고 차량별 견적과 지역별 상담 정보를 확인해보세요.","같은 차라도 조건은 다릅니다.비교하고 더 좋은 조건을 찾으세요."
"jeonbuk\gunsan-si\평화동\index.html","전북 군산시 평화동 장기렌트·자동차리스 가격비교 | 행복한렌트몰","전북 군산시 평화동 장기렌트와 자동차리스 이용조건을 행복한렌트몰에서 비교하고 차량별 견적과 지역별 상담 정보를 확인해보세요.","같은 차라도 조건은 다릅니다.비교하고 더 좋은 조건을 찾으세요."
"jeonbuk\gunsan-si\해망동\index.html","전북 군산시 해망동 장기렌트·자동차리스 가격비교 | 행복한렌트몰","전북 군산시 해망동 장기렌트와 자동차리스 이용조건을 행복한렌트몰에서 비교하고 차량별 견적과 지역별 상담 정보를 확인해보세요.","같은 차라도 조건은 다릅니다.비교하고 더 좋은 조건을 찾으세요."
"jeonbuk\gunsan-si\회현면\index.html","전북 군산시 회현면 장기렌트·자동차리스 가격비교 | 행복한렌트몰","전북 군산시 회현면 장기렌트와 자동차리스 이용조건을 행복한렌트몰에서 비교하고 차량별 견적과 지역별 상담 정보를 확인해보세요.","같은 차라도 조건은 다릅니다.비교하고 더 좋은 조건을 찾으세요."
"jeonbuk\iksan-si\index.html","전북 익산시 장기렌트·자동차리스 가격비교 | 행복한렌트몰","전북 익산시 장기렌트와 자동차리스 조건을 행복한렌트몰에서 비교하고 지역별 상담 정보를 확인해보세요.","같은 차라도 조건은 다릅니다.비교하고 더 좋은 조건을 찾으세요."
"jeonbuk\iksan-si\갈산동\index.html","전북 익산시 갈산동 장기렌트·자동차리스 가격비교 | 행복한렌트몰","전북 익산시 갈산동 장기렌트와 자동차리스 이용조건을 행복한렌트몰에서 비교하고 차량별 견적과 지역별 상담 정보를 확인해보세요.","같은 차라도 조건은 다릅니다.비교하고 더 좋은 조건을 찾으세요."
"jeonbuk\iksan-si\금강동\index.html","전북 익산시 금강동 장기렌트·자동차리스 가격비교 | 행복한렌트몰","전북 익산시 금강동 장기렌트와 자동차리스 이용조건을 행복한렌트몰에서 비교하고 차량별 견적과 지역별 상담 정보를 확인해보세요.","같은 차라도 조건은 다릅니다.비교하고 더 좋은 조건을 찾으세요."
"jeonbuk\iksan-si\금마면\index.html","전북 익산시 금마면 장기렌트·자동차리스 가격비교 | 행복한렌트몰","전북 익산시 금마면 장기렌트와 자동차리스 이용조건을 행복한렌트몰에서 비교하고 차량별 견적과 지역별 상담 정보를 확인해보세요.","같은 차라도 조건은 다릅니다.비교하고 더 좋은 조건을 찾으세요."
"jeonbuk\iksan-si\남중동\index.html","전북 익산시 남중동 장기렌트·자동차리스 가격비교 | 행복한렌트몰","전북 익산시 남중동 장기렌트와 자동차리스 이용조건을 행복한렌트몰에서 비교하고 차량별 견적과 지역별 상담 정보를 확인해보세요.","같은 차라도 조건은 다릅니다.비교하고 더 좋은 조건을 찾으세요."
"jeonbuk\iksan-si\낭산면\index.html","전북 익산시 낭산면 장기렌트·자동차리스 가격비교 | 행복한렌트몰","전북 익산시 낭산면 장기렌트와 자동차리스 이용조건을 행복한렌트몰에서 비교하고 차량별 견적과 지역별 상담 정보를 확인해보세요.","같은 차라도 조건은 다릅니다.비교하고 더 좋은 조건을 찾으세요."
"jeonbuk\iksan-si\덕기동\index.html","전북 익산시 덕기동 장기렌트·자동차리스 가격비교 | 행복한렌트몰","전북 익산시 덕기동 장기렌트와 자동차리스 이용조건을 행복한렌트몰에서 비교하고 차량별 견적과 지역별 상담 정보를 확인해보세요.","같은 차라도 조건은 다릅니다.비교하고 더 좋은 조건을 찾으세요."
"jeonbuk\iksan-si\동산동\index.html","전북 익산시 동산동 장기렌트·자동차리스 가격비교 | 행복한렌트몰","전북 익산시 동산동 장기렌트와 자동차리스 이용조건을 행복한렌트몰에서 비교하고 차량별 견적과 지역별 상담 정보를 확인해보세요.","같은 차라도 조건은 다릅니다.비교하고 더 좋은 조건을 찾으세요."
"jeonbuk\iksan-si\마동\index.html","전북 익산시 마동 장기렌트·자동차리스 가격비교 | 행복한렌트몰","전북 익산시 마동 장기렌트와 자동차리스 이용조건을 행복한렌트몰에서 비교하고 차량별 견적과 지역별 상담 정보를 확인해보세요.","같은 차라도 조건은 다릅니다.비교하고 더 좋은 조건을 찾으세요."
"jeonbuk\iksan-si\만석동\index.html","전북 익산시 만석동 장기렌트·자동차리스 가격비교 | 행복한렌트몰","전북 익산시 만석동 장기렌트와 자동차리스 이용조건을 행복한렌트몰에서 비교하고 차량별 견적과 지역별 상담 정보를 확인해보세요.","같은 차라도 조건은 다릅니다.비교하고 더 좋은 조건을 찾으세요."
"jeonbuk\iksan-si\망성면\index.html","전북 익산시 망성면 장기렌트·자동차리스 가격비교 | 행복한렌트몰","전북 익산시 망성면 장기렌트와 자동차리스 이용조건을 행복한렌트몰에서 비교하고 차량별 견적과 지역별 상담 정보를 확인해보세요.","같은 차라도 조건은 다릅니다.비교하고 더 좋은 조건을 찾으세요."
"jeonbuk\iksan-si\목천동\index.html","전북 익산시 목천동 장기렌트·자동차리스 가격비교 | 행복한렌트몰","전북 익산시 목천동 장기렌트와 자동차리스 이용조건을 행복한렌트몰에서 비교하고 차량별 견적과 지역별 상담 정보를 확인해보세요.","같은 차라도 조건은 다릅니다.비교하고 더 좋은 조건을 찾으세요."
"jeonbuk\iksan-si\부송동\index.html","전북 익산시 부송동 장기렌트·자동차리스 가격비교 | 행복한렌트몰","전북 익산시 부송동 장기렌트와 자동차리스 이용조건을 행복한렌트몰에서 비교하고 차량별 견적과 지역별 상담 정보를 확인해보세요.","같은 차라도 조건은 다릅니다.비교하고 더 좋은 조건을 찾으세요."
"jeonbuk\iksan-si\삼기면\index.html","전북 익산시 삼기면 장기렌트·자동차리스 가격비교 | 행복한렌트몰","전북 익산시 삼기면 장기렌트와 자동차리스 이용조건을 행복한렌트몰에서 비교하고 차량별 견적과 지역별 상담 정보를 확인해보세요.","같은 차라도 조건은 다릅니다.비교하고 더 좋은 조건을 찾으세요."
"jeonbuk\iksan-si\석암동\index.html","전북 익산시 석암동 장기렌트·자동차리스 가격비교 | 행복한렌트몰","전북 익산시 석암동 장기렌트와 자동차리스 이용조건을 행복한렌트몰에서 비교하고 차량별 견적과 지역별 상담 정보를 확인해보세요.","같은 차라도 조건은 다릅니다.비교하고 더 좋은 조건을 찾으세요."
"jeonbuk\iksan-si\석왕동\index.html","전북 익산시 석왕동 장기렌트·자동차리스 가격비교 | 행복한렌트몰","전북 익산시 석왕동 장기렌트와 자동차리스 이용조건을 행복한렌트몰에서 비교하고 차량별 견적과 지역별 상담 정보를 확인해보세요.","같은 차라도 조건은 다릅니다.비교하고 더 좋은 조건을 찾으세요."
"jeonbuk\iksan-si\석탄동\index.html","전북 익산시 석탄동 장기렌트·자동차리스 가격비교 | 행복한렌트몰","전북 익산시 석탄동 장기렌트와 자동차리스 이용조건을 행복한렌트몰에서 비교하고 차량별 견적과 지역별 상담 정보를 확인해보세요.","같은 차라도 조건은 다릅니다.비교하고 더 좋은 조건을 찾으세요."
"jeonbuk\iksan-si\성당면\index.html","전북 익산시 성당면 장기렌트·자동차리스 가격비교 | 행복한렌트몰","전북 익산시 성당면 장기렌트와 자동차리스 이용조건을 행복한렌트몰에서 비교하고 차량별 견적과 지역별 상담 정보를 확인해보세요.","같은 차라도 조건은 다릅니다.비교하고 더 좋은 조건을 찾으세요."
"jeonbuk\iksan-si\송학동\index.html","전북 익산시 송학동 장기렌트·자동차리스 가격비교 | 행복한렌트몰","전북 익산시 송학동 장기렌트와 자동차리스 이용조건을 행복한렌트몰에서 비교하고 차량별 견적과 지역별 상담 정보를 확인해보세요.","같은 차라도 조건은 다릅니다.비교하고 더 좋은 조건을 찾으세요."
"jeonbuk\iksan-si\신동\index.html","전북 익산시 신동 장기렌트·자동차리스 가격비교 | 행복한렌트몰","전북 익산시 신동 장기렌트와 자동차리스 이용조건을 행복한렌트몰에서 비교하고 차량별 견적과 지역별 상담 정보를 확인해보세요.","같은 차라도 조건은 다릅니다.비교하고 더 좋은 조건을 찾으세요."
"jeonbuk\iksan-si\신용동\index.html","전북 익산시 신용동 장기렌트·자동차리스 가격비교 | 행복한렌트몰","전북 익산시 신용동 장기렌트와 자동차리스 이용조건을 행복한렌트몰에서 비교하고 차량별 견적과 지역별 상담 정보를 확인해보세요.","같은 차라도 조건은 다릅니다.비교하고 더 좋은 조건을 찾으세요."
"jeonbuk\iksan-si\신흥동\index.html","전북 익산시 신흥동 장기렌트·자동차리스 가격비교 | 행복한렌트몰","전북 익산시 신흥동 장기렌트와 자동차리스 이용조건을 행복한렌트몰에서 비교하고 차량별 견적과 지역별 상담 정보를 확인해보세요.","같은 차라도 조건은 다릅니다.비교하고 더 좋은 조건을 찾으세요."
"jeonbuk\iksan-si\어양동\index.html","전북 익산시 어양동 장기렌트·자동차리스 가격비교 | 행복한렌트몰","전북 익산시 어양동 장기렌트와 자동차리스 이용조건을 행복한렌트몰에서 비교하고 차량별 견적과 지역별 상담 정보를 확인해보세요.","같은 차라도 조건은 다릅니다.비교하고 더 좋은 조건을 찾으세요."
"jeonbuk\iksan-si\여산면\index.html","전북 익산시 여산면 장기렌트·자동차리스 가격비교 | 행복한렌트몰","전북 익산시 여산면 장기렌트와 자동차리스 이용조건을 행복한렌트몰에서 비교하고 차량별 견적과 지역별 상담 정보를 확인해보세요.","같은 차라도 조건은 다릅니다.비교하고 더 좋은 조건을 찾으세요."
"jeonbuk\iksan-si\영등동\index.html","전북 익산시 영등동 장기렌트·자동차리스 가격비교 | 행복한렌트몰","전북 익산시 영등동 장기렌트와 자동차리스 이용조건을 행복한렌트몰에서 비교하고 차량별 견적과 지역별 상담 정보를 확인해보세요.","같은 차라도 조건은 다릅니다.비교하고 더 좋은 조건을 찾으세요."
"jeonbuk\iksan-si\오산면\index.html","전북 익산시 오산면 장기렌트·자동차리스 가격비교 | 행복한렌트몰","전북 익산시 오산면 장기렌트와 자동차리스 이용조건을 행복한렌트몰에서 비교하고 차량별 견적과 지역별 상담 정보를 확인해보세요.","같은 차라도 조건은 다릅니다.비교하고 더 좋은 조건을 찾으세요."
"jeonbuk\iksan-si\왕궁면\index.html","전북 익산시 왕궁면 장기렌트·자동차리스 가격비교 | 행복한렌트몰","전북 익산시 왕궁면 장기렌트와 자동차리스 이용조건을 행복한렌트몰에서 비교하고 차량별 견적과 지역별 상담 정보를 확인해보세요.","같은 차라도 조건은 다릅니다.비교하고 더 좋은 조건을 찾으세요."
"jeonbuk\iksan-si\용동면\index.html","전북 익산시 용동면 장기렌트·자동차리스 가격비교 | 행복한렌트몰","전북 익산시 용동면 장기렌트와 자동차리스 이용조건을 행복한렌트몰에서 비교하고 차량별 견적과 지역별 상담 정보를 확인해보세요.","같은 차라도 조건은 다릅니다.비교하고 더 좋은 조건을 찾으세요."
"jeonbuk\iksan-si\용안면\index.html","전북 익산시 용안면 장기렌트·자동차리스 가격비교 | 행복한렌트몰","전북 익산시 용안면 장기렌트와 자동차리스 이용조건을 행복한렌트몰에서 비교하고 차량별 견적과 지역별 상담 정보를 확인해보세요.","같은 차라도 조건은 다릅니다.비교하고 더 좋은 조건을 찾으세요."
"jeonbuk\iksan-si\용제동\index.html","전북 익산시 용제동 장기렌트·자동차리스 가격비교 | 행복한렌트몰","전북 익산시 용제동 장기렌트와 자동차리스 이용조건을 행복한렌트몰에서 비교하고 차량별 견적과 지역별 상담 정보를 확인해보세요.","같은 차라도 조건은 다릅니다.비교하고 더 좋은 조건을 찾으세요."
"jeonbuk\iksan-si\웅포면\index.html","전북 익산시 웅포면 장기렌트·자동차리스 가격비교 | 행복한렌트몰","전북 익산시 웅포면 장기렌트와 자동차리스 이용조건을 행복한렌트몰에서 비교하고 차량별 견적과 지역별 상담 정보를 확인해보세요.","같은 차라도 조건은 다릅니다.비교하고 더 좋은 조건을 찾으세요."
"jeonbuk\iksan-si\월성동\index.html","전북 익산시 월성동 장기렌트·자동차리스 가격비교 | 행복한렌트몰","전북 익산시 월성동 장기렌트와 자동차리스 이용조건을 행복한렌트몰에서 비교하고 차량별 견적과 지역별 상담 정보를 확인해보세요.","같은 차라도 조건은 다릅니다.비교하고 더 좋은 조건을 찾으세요."
"jeonbuk\iksan-si\은기동\index.html","전북 익산시 은기동 장기렌트·자동차리스 가격비교 | 행복한렌트몰","전북 익산시 은기동 장기렌트와 자동차리스 이용조건을 행복한렌트몰에서 비교하고 차량별 견적과 지역별 상담 정보를 확인해보세요.","같은 차라도 조건은 다릅니다.비교하고 더 좋은 조건을 찾으세요."
"jeonbuk\iksan-si\임상동\index.html","전북 익산시 임상동 장기렌트·자동차리스 가격비교 | 행복한렌트몰","전북 익산시 임상동 장기렌트와 자동차리스 이용조건을 행복한렌트몰에서 비교하고 차량별 견적과 지역별 상담 정보를 확인해보세요.","같은 차라도 조건은 다릅니다.비교하고 더 좋은 조건을 찾으세요."
"jeonbuk\iksan-si\정족동\index.html","전북 익산시 정족동 장기렌트·자동차리스 가격비교 | 행복한렌트몰","전북 익산시 정족동 장기렌트와 자동차리스 이용조건을 행복한렌트몰에서 비교하고 차량별 견적과 지역별 상담 정보를 확인해보세요.","같은 차라도 조건은 다릅니다.비교하고 더 좋은 조건을 찾으세요."
"jeonbuk\iksan-si\주현동\index.html","전북 익산시 주현동 장기렌트·자동차리스 가격비교 | 행복한렌트몰","전북 익산시 주현동 장기렌트와 자동차리스 이용조건을 행복한렌트몰에서 비교하고 차량별 견적과 지역별 상담 정보를 확인해보세요.","같은 차라도 조건은 다릅니다.비교하고 더 좋은 조건을 찾으세요."
"jeonbuk\iksan-si\춘포면\index.html","전북 익산시 춘포면 장기렌트·자동차리스 가격비교 | 행복한렌트몰","전북 익산시 춘포면 장기렌트와 자동차리스 이용조건을 행복한렌트몰에서 비교하고 차량별 견적과 지역별 상담 정보를 확인해보세요.","같은 차라도 조건은 다릅니다.비교하고 더 좋은 조건을 찾으세요."
"jeonbuk\iksan-si\팔봉동\index.html","전북 익산시 팔봉동 장기렌트·자동차리스 가격비교 | 행복한렌트몰","전북 익산시 팔봉동 장기렌트와 자동차리스 이용조건을 행복한렌트몰에서 비교하고 차량별 견적과 지역별 상담 정보를 확인해보세요.","같은 차라도 조건은 다릅니다.비교하고 더 좋은 조건을 찾으세요."
"jeonbuk\iksan-si\평화동\index.html","전북 익산시 평화동 장기렌트·자동차리스 가격비교 | 행복한렌트몰","전북 익산시 평화동 장기렌트와 자동차리스 이용조건을 행복한렌트몰에서 비교하고 차량별 견적과 지역별 상담 정보를 확인해보세요.","같은 차라도 조건은 다릅니다.비교하고 더 좋은 조건을 찾으세요."
"jeonbuk\iksan-si\함라면\index.html","전북 익산시 함라면 장기렌트·자동차리스 가격비교 | 행복한렌트몰","전북 익산시 함라면 장기렌트와 자동차리스 이용조건을 행복한렌트몰에서 비교하고 차량별 견적과 지역별 상담 정보를 확인해보세요.","같은 차라도 조건은 다릅니다.비교하고 더 좋은 조건을 찾으세요."
"jeonbuk\iksan-si\함열읍\index.html","전북 익산시 함열읍 장기렌트·자동차리스 가격비교 | 행복한렌트몰","전북 익산시 함열읍 장기렌트와 자동차리스 이용조건을 행복한렌트몰에서 비교하고 차량별 견적과 지역별 상담 정보를 확인해보세요.","같은 차라도 조건은 다릅니다.비교하고 더 좋은 조건을 찾으세요."
"jeonbuk\iksan-si\현영동\index.html","전북 익산시 현영동 장기렌트·자동차리스 가격비교 | 행복한렌트몰","전북 익산시 현영동 장기렌트와 자동차리스 이용조건을 행복한렌트몰에서 비교하고 차량별 견적과 지역별 상담 정보를 확인해보세요.","같은 차라도 조건은 다릅니다.비교하고 더 좋은 조건을 찾으세요."
"jeonbuk\iksan-si\황등면\index.html","전북 익산시 황등면 장기렌트·자동차리스 가격비교 | 행복한렌트몰","전북 익산시 황등면 장기렌트와 자동차리스 이용조건을 행복한렌트몰에서 비교하고 차량별 견적과 지역별 상담 정보를 확인해보세요.","같은 차라도 조건은 다릅니다.비교하고 더 좋은 조건을 찾으세요."
"jeonbuk\imsil-gun\index.html","전북 임실군 장기렌트·자동차리스 가격비교 | 행복한렌트몰","전북 임실군 장기렌트와 자동차리스 조건을 행복한렌트몰에서 비교하고 지역별 상담 정보를 확인해보세요.","같은 차라도 조건은 다릅니다.비교하고 더 좋은 조건을 찾으세요."
"jeonbuk\imsil-gun\강진면\index.html","전북 임실군 강진면 장기렌트·자동차리스 가격비교 | 행복한렌트몰","전북 임실군 강진면 장기렌트와 자동차리스 이용조건을 행복한렌트몰에서 비교하고 차량별 견적과 지역별 상담 정보를 확인해보세요.","같은 차라도 조건은 다릅니다.비교하고 더 좋은 조건을 찾으세요."
"jeonbuk\imsil-gun\관촌면\index.html","전북 임실군 관촌면 장기렌트·자동차리스 가격비교 | 행복한렌트몰","전북 임실군 관촌면 장기렌트와 자동차리스 이용조건을 행복한렌트몰에서 비교하고 차량별 견적과 지역별 상담 정보를 확인해보세요.","같은 차라도 조건은 다릅니다.비교하고 더 좋은 조건을 찾으세요."
"jeonbuk\imsil-gun\덕치면\index.html","전북 임실군 덕치면 장기렌트·자동차리스 가격비교 | 행복한렌트몰","전북 임실군 덕치면 장기렌트와 자동차리스 이용조건을 행복한렌트몰에서 비교하고 차량별 견적과 지역별 상담 정보를 확인해보세요.","같은 차라도 조건은 다릅니다.비교하고 더 좋은 조건을 찾으세요."
"jeonbuk\imsil-gun\삼계면\index.html","전북 임실군 삼계면 장기렌트·자동차리스 가격비교 | 행복한렌트몰","전북 임실군 삼계면 장기렌트와 자동차리스 이용조건을 행복한렌트몰에서 비교하고 차량별 견적과 지역별 상담 정보를 확인해보세요.","같은 차라도 조건은 다릅니다.비교하고 더 좋은 조건을 찾으세요."
"jeonbuk\imsil-gun\성수면\index.html","전북 임실군 성수면 장기렌트·자동차리스 가격비교 | 행복한렌트몰","전북 임실군 성수면 장기렌트와 자동차리스 이용조건을 행복한렌트몰에서 비교하고 차량별 견적과 지역별 상담 정보를 확인해보세요.","같은 차라도 조건은 다릅니다.비교하고 더 좋은 조건을 찾으세요."
"jeonbuk\imsil-gun\신덕면\index.html","전북 임실군 신덕면 장기렌트·자동차리스 가격비교 | 행복한렌트몰","전북 임실군 신덕면 장기렌트와 자동차리스 이용조건을 행복한렌트몰에서 비교하고 차량별 견적과 지역별 상담 정보를 확인해보세요.","같은 차라도 조건은 다릅니다.비교하고 더 좋은 조건을 찾으세요."
"jeonbuk\imsil-gun\신평면\index.html","전북 임실군 신평면 장기렌트·자동차리스 가격비교 | 행복한렌트몰","전북 임실군 신평면 장기렌트와 자동차리스 이용조건을 행복한렌트몰에서 비교하고 차량별 견적과 지역별 상담 정보를 확인해보세요.","같은 차라도 조건은 다릅니다.비교하고 더 좋은 조건을 찾으세요."
"jeonbuk\imsil-gun\오수면\index.html","전북 임실군 오수면 장기렌트·자동차리스 가격비교 | 행복한렌트몰","전북 임실군 오수면 장기렌트와 자동차리스 이용조건을 행복한렌트몰에서 비교하고 차량별 견적과 지역별 상담 정보를 확인해보세요.","같은 차라도 조건은 다릅니다.비교하고 더 좋은 조건을 찾으세요."
"jeonbuk\imsil-gun\운암면\index.html","전북 임실군 운암면 장기렌트·자동차리스 가격비교 | 행복한렌트몰","전북 임실군 운암면 장기렌트와 자동차리스 이용조건을 행복한렌트몰에서 비교하고 차량별 견적과 지역별 상담 정보를 확인해보세요.","같은 차라도 조건은 다릅니다.비교하고 더 좋은 조건을 찾으세요."
"jeonbuk\imsil-gun\임실읍\index.html","전북 임실군 임실읍 장기렌트·자동차리스 가격비교 | 행복한렌트몰","전북 임실군 임실읍 장기렌트와 자동차리스 이용조건을 행복한렌트몰에서 비교하고 차량별 견적과 지역별 상담 정보를 확인해보세요.","같은 차라도 조건은 다릅니다.비교하고 더 좋은 조건을 찾으세요."
"jeonbuk\imsil-gun\지사면\index.html","전북 임실군 지사면 장기렌트·자동차리스 가격비교 | 행복한렌트몰","전북 임실군 지사면 장기렌트와 자동차리스 이용조건을 행복한렌트몰에서 비교하고 차량별 견적과 지역별 상담 정보를 확인해보세요.","같은 차라도 조건은 다릅니다.비교하고 더 좋은 조건을 찾으세요."
"jeonbuk\imsil-gun\청웅면\index.html","전북 임실군 청웅면 장기렌트·자동차리스 가격비교 | 행복한렌트몰","전북 임실군 청웅면 장기렌트와 자동차리스 이용조건을 행복한렌트몰에서 비교하고 차량별 견적과 지역별 상담 정보를 확인해보세요.","같은 차라도 조건은 다릅니다.비교하고 더 좋은 조건을 찾으세요."
"jeonbuk\jangsu-gun\index.html","전북 장수군 장기렌트·자동차리스 가격비교 | 행복한렌트몰","전북 장수군 장기렌트와 자동차리스 조건을 행복한렌트몰에서 비교하고 지역별 상담 정보를 확인해보세요.","같은 차라도 조건은 다릅니다.비교하고 더 좋은 조건을 찾으세요."
"jeonbuk\jangsu-gun\계남면\index.html","전북 장수군 계남면 장기렌트·자동차리스 가격비교 | 행복한렌트몰","전북 장수군 계남면 장기렌트와 자동차리스 이용조건을 행복한렌트몰에서 비교하고 차량별 견적과 지역별 상담 정보를 확인해보세요.","같은 차라도 조건은 다릅니다.비교하고 더 좋은 조건을 찾으세요."
"jeonbuk\jangsu-gun\계북면\index.html","전북 장수군 계북면 장기렌트·자동차리스 가격비교 | 행복한렌트몰","전북 장수군 계북면 장기렌트와 자동차리스 이용조건을 행복한렌트몰에서 비교하고 차량별 견적과 지역별 상담 정보를 확인해보세요.","같은 차라도 조건은 다릅니다.비교하고 더 좋은 조건을 찾으세요."
"jeonbuk\jangsu-gun\번암면\index.html","전북 장수군 번암면 장기렌트·자동차리스 가격비교 | 행복한렌트몰","전북 장수군 번암면 장기렌트와 자동차리스 이용조건을 행복한렌트몰에서 비교하고 차량별 견적과 지역별 상담 정보를 확인해보세요.","같은 차라도 조건은 다릅니다.비교하고 더 좋은 조건을 찾으세요."
"jeonbuk\jangsu-gun\산서면\index.html","전북 장수군 산서면 장기렌트·자동차리스 가격비교 | 행복한렌트몰","전북 장수군 산서면 장기렌트와 자동차리스 이용조건을 행복한렌트몰에서 비교하고 차량별 견적과 지역별 상담 정보를 확인해보세요.","같은 차라도 조건은 다릅니다.비교하고 더 좋은 조건을 찾으세요."
"jeonbuk\jangsu-gun\장계면\index.html","전북 장수군 장계면 장기렌트·자동차리스 가격비교 | 행복한렌트몰","전북 장수군 장계면 장기렌트와 자동차리스 이용조건을 행복한렌트몰에서 비교하고 차량별 견적과 지역별 상담 정보를 확인해보세요.","같은 차라도 조건은 다릅니다.비교하고 더 좋은 조건을 찾으세요."
"jeonbuk\jangsu-gun\장수읍\index.html","전북 장수군 장수읍 장기렌트·자동차리스 가격비교 | 행복한렌트몰","전북 장수군 장수읍 장기렌트와 자동차리스 이용조건을 행복한렌트몰에서 비교하고 차량별 견적과 지역별 상담 정보를 확인해보세요.","같은 차라도 조건은 다릅니다.비교하고 더 좋은 조건을 찾으세요."
"jeonbuk\jangsu-gun\천천면\index.html","전북 장수군 천천면 장기렌트·자동차리스 가격비교 | 행복한렌트몰","전북 장수군 천천면 장기렌트와 자동차리스 이용조건을 행복한렌트몰에서 비교하고 차량별 견적과 지역별 상담 정보를 확인해보세요.","같은 차라도 조건은 다릅니다.비교하고 더 좋은 조건을 찾으세요."
"jeonbuk\jeongeup-si\index.html","전북 정읍시 장기렌트·자동차리스 가격비교 | 행복한렌트몰","전북 정읍시 장기렌트와 자동차리스 조건을 행복한렌트몰에서 비교하고 지역별 상담 정보를 확인해보세요.","같은 차라도 조건은 다릅니다.비교하고 더 좋은 조건을 찾으세요."
"jeonbuk\jeongeup-si\감곡면\index.html","전북 정읍시 감곡면 장기렌트·자동차리스 가격비교 | 행복한렌트몰","전북 정읍시 감곡면 장기렌트와 자동차리스 이용조건을 행복한렌트몰에서 비교하고 차량별 견적과 지역별 상담 정보를 확인해보세요.","같은 차라도 조건은 다릅니다.비교하고 더 좋은 조건을 찾으세요."
"jeonbuk\jeongeup-si\고부면\index.html","전북 정읍시 고부면 장기렌트·자동차리스 가격비교 | 행복한렌트몰","전북 정읍시 고부면 장기렌트와 자동차리스 이용조건을 행복한렌트몰에서 비교하고 차량별 견적과 지역별 상담 정보를 확인해보세요.","같은 차라도 조건은 다릅니다.비교하고 더 좋은 조건을 찾으세요."
"jeonbuk\jeongeup-si\공평동\index.html","전북 정읍시 공평동 장기렌트·자동차리스 가격비교 | 행복한렌트몰","전북 정읍시 공평동 장기렌트와 자동차리스 이용조건을 행복한렌트몰에서 비교하고 차량별 견적과 지역별 상담 정보를 확인해보세요.","같은 차라도 조건은 다릅니다.비교하고 더 좋은 조건을 찾으세요."
"jeonbuk\jeongeup-si\과교동\index.html","전북 정읍시 과교동 장기렌트·자동차리스 가격비교 | 행복한렌트몰","전북 정읍시 과교동 장기렌트와 자동차리스 이용조건을 행복한렌트몰에서 비교하고 차량별 견적과 지역별 상담 정보를 확인해보세요.","같은 차라도 조건은 다릅니다.비교하고 더 좋은 조건을 찾으세요."
"jeonbuk\jeongeup-si\교암동\index.html","전북 정읍시 교암동 장기렌트·자동차리스 가격비교 | 행복한렌트몰","전북 정읍시 교암동 장기렌트와 자동차리스 이용조건을 행복한렌트몰에서 비교하고 차량별 견적과 지역별 상담 정보를 확인해보세요.","같은 차라도 조건은 다릅니다.비교하고 더 좋은 조건을 찾으세요."
"jeonbuk\jeongeup-si\구룡동\index.html","전북 정읍시 구룡동 장기렌트·자동차리스 가격비교 | 행복한렌트몰","전북 정읍시 구룡동 장기렌트와 자동차리스 이용조건을 행복한렌트몰에서 비교하고 차량별 견적과 지역별 상담 정보를 확인해보세요.","같은 차라도 조건은 다릅니다.비교하고 더 좋은 조건을 찾으세요."
"jeonbuk\jeongeup-si\금붕동\index.html","전북 정읍시 금붕동 장기렌트·자동차리스 가격비교 | 행복한렌트몰","전북 정읍시 금붕동 장기렌트와 자동차리스 이용조건을 행복한렌트몰에서 비교하고 차량별 견적과 지역별 상담 정보를 확인해보세요.","같은 차라도 조건은 다릅니다.비교하고 더 좋은 조건을 찾으세요."
"jeonbuk\jeongeup-si\내장동\index.html","전북 정읍시 내장동 장기렌트·자동차리스 가격비교 | 행복한렌트몰","전북 정읍시 내장동 장기렌트와 자동차리스 이용조건을 행복한렌트몰에서 비교하고 차량별 견적과 지역별 상담 정보를 확인해보세요.","같은 차라도 조건은 다릅니다.비교하고 더 좋은 조건을 찾으세요."
"jeonbuk\jeongeup-si\농소동\index.html","전북 정읍시 농소동 장기렌트·자동차리스 가격비교 | 행복한렌트몰","전북 정읍시 농소동 장기렌트와 자동차리스 이용조건을 행복한렌트몰에서 비교하고 차량별 견적과 지역별 상담 정보를 확인해보세요.","같은 차라도 조건은 다릅니다.비교하고 더 좋은 조건을 찾으세요."
"jeonbuk\jeongeup-si\덕천면\index.html","전북 정읍시 덕천면 장기렌트·자동차리스 가격비교 | 행복한렌트몰","전북 정읍시 덕천면 장기렌트와 자동차리스 이용조건을 행복한렌트몰에서 비교하고 차량별 견적과 지역별 상담 정보를 확인해보세요.","같은 차라도 조건은 다릅니다.비교하고 더 좋은 조건을 찾으세요."
"jeonbuk\jeongeup-si\망제동\index.html","전북 정읍시 망제동 장기렌트·자동차리스 가격비교 | 행복한렌트몰","전북 정읍시 망제동 장기렌트와 자동차리스 이용조건을 행복한렌트몰에서 비교하고 차량별 견적과 지역별 상담 정보를 확인해보세요.","같은 차라도 조건은 다릅니다.비교하고 더 좋은 조건을 찾으세요."
"jeonbuk\jeongeup-si\부전동\index.html","전북 정읍시 부전동 장기렌트·자동차리스 가격비교 | 행복한렌트몰","전북 정읍시 부전동 장기렌트와 자동차리스 이용조건을 행복한렌트몰에서 비교하고 차량별 견적과 지역별 상담 정보를 확인해보세요.","같은 차라도 조건은 다릅니다.비교하고 더 좋은 조건을 찾으세요."
"jeonbuk\jeongeup-si\북면\index.html","전북 정읍시 북면 장기렌트·자동차리스 가격비교 | 행복한렌트몰","전북 정읍시 북면 장기렌트와 자동차리스 이용조건을 행복한렌트몰에서 비교하고 차량별 견적과 지역별 상담 정보를 확인해보세요.","같은 차라도 조건은 다릅니다.비교하고 더 좋은 조건을 찾으세요."
"jeonbuk\jeongeup-si\산내면\index.html","전북 정읍시 산내면 장기렌트·자동차리스 가격비교 | 행복한렌트몰","전북 정읍시 산내면 장기렌트와 자동차리스 이용조건을 행복한렌트몰에서 비교하고 차량별 견적과 지역별 상담 정보를 확인해보세요.","같은 차라도 조건은 다릅니다.비교하고 더 좋은 조건을 찾으세요."
"jeonbuk\jeongeup-si\산외면\index.html","전북 정읍시 산외면 장기렌트·자동차리스 가격비교 | 행복한렌트몰","전북 정읍시 산외면 장기렌트와 자동차리스 이용조건을 행복한렌트몰에서 비교하고 차량별 견적과 지역별 상담 정보를 확인해보세요.","같은 차라도 조건은 다릅니다.비교하고 더 좋은 조건을 찾으세요."
"jeonbuk\jeongeup-si\삼산동\index.html","전북 정읍시 삼산동 장기렌트·자동차리스 가격비교 | 행복한렌트몰","전북 정읍시 삼산동 장기렌트와 자동차리스 이용조건을 행복한렌트몰에서 비교하고 차량별 견적과 지역별 상담 정보를 확인해보세요.","같은 차라도 조건은 다릅니다.비교하고 더 좋은 조건을 찾으세요."
"jeonbuk\jeongeup-si\상동\index.html","전북 정읍시 상동 장기렌트·자동차리스 가격비교 | 행복한렌트몰","전북 정읍시 상동 장기렌트와 자동차리스 이용조건을 행복한렌트몰에서 비교하고 차량별 견적과 지역별 상담 정보를 확인해보세요.","같은 차라도 조건은 다릅니다.비교하고 더 좋은 조건을 찾으세요."
"jeonbuk\jeongeup-si\상평동\index.html","전북 정읍시 상평동 장기렌트·자동차리스 가격비교 | 행복한렌트몰","전북 정읍시 상평동 장기렌트와 자동차리스 이용조건을 행복한렌트몰에서 비교하고 차량별 견적과 지역별 상담 정보를 확인해보세요.","같은 차라도 조건은 다릅니다.비교하고 더 좋은 조건을 찾으세요."
"jeonbuk\jeongeup-si\소성면\index.html","전북 정읍시 소성면 장기렌트·자동차리스 가격비교 | 행복한렌트몰","전북 정읍시 소성면 장기렌트와 자동차리스 이용조건을 행복한렌트몰에서 비교하고 차량별 견적과 지역별 상담 정보를 확인해보세요.","같은 차라도 조건은 다릅니다.비교하고 더 좋은 조건을 찾으세요."
"jeonbuk\jeongeup-si\송산동\index.html","전북 정읍시 송산동 장기렌트·자동차리스 가격비교 | 행복한렌트몰","전북 정읍시 송산동 장기렌트와 자동차리스 이용조건을 행복한렌트몰에서 비교하고 차량별 견적과 지역별 상담 정보를 확인해보세요.","같은 차라도 조건은 다릅니다.비교하고 더 좋은 조건을 찾으세요."
"jeonbuk\jeongeup-si\수성동\index.html","전북 정읍시 수성동 장기렌트·자동차리스 가격비교 | 행복한렌트몰","전북 정읍시 수성동 장기렌트와 자동차리스 이용조건을 행복한렌트몰에서 비교하고 차량별 견적과 지역별 상담 정보를 확인해보세요.","같은 차라도 조건은 다릅니다.비교하고 더 좋은 조건을 찾으세요."
"jeonbuk\jeongeup-si\시기동\index.html","전북 정읍시 시기동 장기렌트·자동차리스 가격비교 | 행복한렌트몰","전북 정읍시 시기동 장기렌트와 자동차리스 이용조건을 행복한렌트몰에서 비교하고 차량별 견적과 지역별 상담 정보를 확인해보세요.","같은 차라도 조건은 다릅니다.비교하고 더 좋은 조건을 찾으세요."
"jeonbuk\jeongeup-si\신월동\index.html","전북 정읍시 신월동 장기렌트·자동차리스 가격비교 | 행복한렌트몰","전북 정읍시 신월동 장기렌트와 자동차리스 이용조건을 행복한렌트몰에서 비교하고 차량별 견적과 지역별 상담 정보를 확인해보세요.","같은 차라도 조건은 다릅니다.비교하고 더 좋은 조건을 찾으세요."
"jeonbuk\jeongeup-si\신정동\index.html","전북 정읍시 신정동 장기렌트·자동차리스 가격비교 | 행복한렌트몰","전북 정읍시 신정동 장기렌트와 자동차리스 이용조건을 행복한렌트몰에서 비교하고 차량별 견적과 지역별 상담 정보를 확인해보세요.","같은 차라도 조건은 다릅니다.비교하고 더 좋은 조건을 찾으세요."
"jeonbuk\jeongeup-si\신태인읍\index.html","전북 정읍시 신태인읍 장기렌트·자동차리스 가격비교 | 행복한렌트몰","전북 정읍시 신태인읍 장기렌트와 자동차리스 이용조건을 행복한렌트몰에서 비교하고 차량별 견적과 지역별 상담 정보를 확인해보세요.","같은 차라도 조건은 다릅니다.비교하고 더 좋은 조건을 찾으세요."
"jeonbuk\jeongeup-si\쌍암동\index.html","전북 정읍시 쌍암동 장기렌트·자동차리스 가격비교 | 행복한렌트몰","전북 정읍시 쌍암동 장기렌트와 자동차리스 이용조건을 행복한렌트몰에서 비교하고 차량별 견적과 지역별 상담 정보를 확인해보세요.","같은 차라도 조건은 다릅니다.비교하고 더 좋은 조건을 찾으세요."
"jeonbuk\jeongeup-si\연지동\index.html","전북 정읍시 연지동 장기렌트·자동차리스 가격비교 | 행복한렌트몰","전북 정읍시 연지동 장기렌트와 자동차리스 이용조건을 행복한렌트몰에서 비교하고 차량별 견적과 지역별 상담 정보를 확인해보세요.","같은 차라도 조건은 다릅니다.비교하고 더 좋은 조건을 찾으세요."
"jeonbuk\jeongeup-si\영원면\index.html","전북 정읍시 영원면 장기렌트·자동차리스 가격비교 | 행복한렌트몰","전북 정읍시 영원면 장기렌트와 자동차리스 이용조건을 행복한렌트몰에서 비교하고 차량별 견적과 지역별 상담 정보를 확인해보세요.","같은 차라도 조건은 다릅니다.비교하고 더 좋은 조건을 찾으세요."
"jeonbuk\jeongeup-si\영파동\index.html","전북 정읍시 영파동 장기렌트·자동차리스 가격비교 | 행복한렌트몰","전북 정읍시 영파동 장기렌트와 자동차리스 이용조건을 행복한렌트몰에서 비교하고 차량별 견적과 지역별 상담 정보를 확인해보세요.","같은 차라도 조건은 다릅니다.비교하고 더 좋은 조건을 찾으세요."
"jeonbuk\jeongeup-si\옹동면\index.html","전북 정읍시 옹동면 장기렌트·자동차리스 가격비교 | 행복한렌트몰","전북 정읍시 옹동면 장기렌트와 자동차리스 이용조건을 행복한렌트몰에서 비교하고 차량별 견적과 지역별 상담 정보를 확인해보세요.","같은 차라도 조건은 다릅니다.비교하고 더 좋은 조건을 찾으세요."
"jeonbuk\jeongeup-si\용계동\index.html","전북 정읍시 용계동 장기렌트·자동차리스 가격비교 | 행복한렌트몰","전북 정읍시 용계동 장기렌트와 자동차리스 이용조건을 행복한렌트몰에서 비교하고 차량별 견적과 지역별 상담 정보를 확인해보세요.","같은 차라도 조건은 다릅니다.비교하고 더 좋은 조건을 찾으세요."
"jeonbuk\jeongeup-si\용산동\index.html","전북 정읍시 용산동 장기렌트·자동차리스 가격비교 | 행복한렌트몰","전북 정읍시 용산동 장기렌트와 자동차리스 이용조건을 행복한렌트몰에서 비교하고 차량별 견적과 지역별 상담 정보를 확인해보세요.","같은 차라도 조건은 다릅니다.비교하고 더 좋은 조건을 찾으세요."
"jeonbuk\jeongeup-si\이평면\index.html","전북 정읍시 이평면 장기렌트·자동차리스 가격비교 | 행복한렌트몰","전북 정읍시 이평면 장기렌트와 자동차리스 이용조건을 행복한렌트몰에서 비교하고 차량별 견적과 지역별 상담 정보를 확인해보세요.","같은 차라도 조건은 다릅니다.비교하고 더 좋은 조건을 찾으세요."
"jeonbuk\jeongeup-si\입암면\index.html","전북 정읍시 입암면 장기렌트·자동차리스 가격비교 | 행복한렌트몰","전북 정읍시 입암면 장기렌트와 자동차리스 이용조건을 행복한렌트몰에서 비교하고 차량별 견적과 지역별 상담 정보를 확인해보세요.","같은 차라도 조건은 다릅니다.비교하고 더 좋은 조건을 찾으세요."
"jeonbuk\jeongeup-si\장명동\index.html","전북 정읍시 장명동 장기렌트·자동차리스 가격비교 | 행복한렌트몰","전북 정읍시 장명동 장기렌트와 자동차리스 이용조건을 행복한렌트몰에서 비교하고 차량별 견적과 지역별 상담 정보를 확인해보세요.","같은 차라도 조건은 다릅니다.비교하고 더 좋은 조건을 찾으세요."
"jeonbuk\jeongeup-si\정우면\index.html","전북 정읍시 정우면 장기렌트·자동차리스 가격비교 | 행복한렌트몰","전북 정읍시 정우면 장기렌트와 자동차리스 이용조건을 행복한렌트몰에서 비교하고 차량별 견적과 지역별 상담 정보를 확인해보세요.","같은 차라도 조건은 다릅니다.비교하고 더 좋은 조건을 찾으세요."
"jeonbuk\jeongeup-si\진산동\index.html","전북 정읍시 진산동 장기렌트·자동차리스 가격비교 | 행복한렌트몰","전북 정읍시 진산동 장기렌트와 자동차리스 이용조건을 행복한렌트몰에서 비교하고 차량별 견적과 지역별 상담 정보를 확인해보세요.","같은 차라도 조건은 다릅니다.비교하고 더 좋은 조건을 찾으세요."
"jeonbuk\jeongeup-si\칠보면\index.html","전북 정읍시 칠보면 장기렌트·자동차리스 가격비교 | 행복한렌트몰","전북 정읍시 칠보면 장기렌트와 자동차리스 이용조건을 행복한렌트몰에서 비교하고 차량별 견적과 지역별 상담 정보를 확인해보세요.","같은 차라도 조건은 다릅니다.비교하고 더 좋은 조건을 찾으세요."
"jeonbuk\jeongeup-si\태인면\index.html","전북 정읍시 태인면 장기렌트·자동차리스 가격비교 | 행복한렌트몰","전북 정읍시 태인면 장기렌트와 자동차리스 이용조건을 행복한렌트몰에서 비교하고 차량별 견적과 지역별 상담 정보를 확인해보세요.","같은 차라도 조건은 다릅니다.비교하고 더 좋은 조건을 찾으세요."
"jeonbuk\jeongeup-si\하모동\index.html","전북 정읍시 하모동 장기렌트·자동차리스 가격비교 | 행복한렌트몰","전북 정읍시 하모동 장기렌트와 자동차리스 이용조건을 행복한렌트몰에서 비교하고 차량별 견적과 지역별 상담 정보를 확인해보세요.","같은 차라도 조건은 다릅니다.비교하고 더 좋은 조건을 찾으세요."
"jeonbuk\jeongeup-si\하북동\index.html","전북 정읍시 하북동 장기렌트·자동차리스 가격비교 | 행복한렌트몰","전북 정읍시 하북동 장기렌트와 자동차리스 이용조건을 행복한렌트몰에서 비교하고 차량별 견적과 지역별 상담 정보를 확인해보세요.","같은 차라도 조건은 다릅니다.비교하고 더 좋은 조건을 찾으세요."
"jeonbuk\jeongeup-si\흑암동\index.html","전북 정읍시 흑암동 장기렌트·자동차리스 가격비교 | 행복한렌트몰","전북 정읍시 흑암동 장기렌트와 자동차리스 이용조건을 행복한렌트몰에서 비교하고 차량별 견적과 지역별 상담 정보를 확인해보세요.","같은 차라도 조건은 다릅니다.비교하고 더 좋은 조건을 찾으세요."
"jeonbuk\jeonju-si\index.html","전북 전주시 장기렌트·자동차리스 가격비교 | 행복한렌트몰","전북 전주시 장기렌트와 자동차리스 조건을 행복한렌트몰에서 비교하고 지역별 상담 정보를 확인해보세요.","같은 차라도 조건은 다릅니다.비교하고 더 좋은 조건을 찾으세요."
"jeonbuk\jeonju-si\덕진구\index.html","전북 전주시 덕진구 장기렌트·자동차리스 가격비교 | 행복한렌트몰","전북 전주시 덕진구 장기렌트와 자동차리스 이용조건을 행복한렌트몰에서 비교하고 차량별 견적과 지역별 상담 정보를 확인해보세요.","같은 차라도 조건은 다릅니다.비교하고 더 좋은 조건을 찾으세요."
"jeonbuk\jeonju-si\덕진구\강흥동\index.html","전북 전주시 덕진구 강흥동 장기렌트·자동차리스 가격비교 | 행복한렌트몰","전북 전주시 덕진구 강흥동 장기렌트와 자동차리스 이용조건을 행복한렌트몰에서 비교하고 차량별 견적과 지역별 상담 정보를 확인해보세요.","같은 차라도 조건은 다릅니다.비교하고 더 좋은 조건을 찾으세요."
"jeonbuk\jeonju-si\덕진구\고랑동\index.html","전북 전주시 덕진구 고랑동 장기렌트·자동차리스 가격비교 | 행복한렌트몰","전북 전주시 덕진구 고랑동 장기렌트와 자동차리스 이용조건을 행복한렌트몰에서 비교하고 차량별 견적과 지역별 상담 정보를 확인해보세요.","같은 차라도 조건은 다릅니다.비교하고 더 좋은 조건을 찾으세요."
"jeonbuk\jeonju-si\덕진구\금상동\index.html","전북 전주시 덕진구 금상동 장기렌트·자동차리스 가격비교 | 행복한렌트몰","전북 전주시 덕진구 금상동 장기렌트와 자동차리스 이용조건을 행복한렌트몰에서 비교하고 차량별 견적과 지역별 상담 정보를 확인해보세요.","같은 차라도 조건은 다릅니다.비교하고 더 좋은 조건을 찾으세요."
"jeonbuk\jeonju-si\덕진구\금암동\index.html","전북 전주시 덕진구 금암동 장기렌트·자동차리스 가격비교 | 행복한렌트몰","전북 전주시 덕진구 금암동 장기렌트와 자동차리스 이용조건을 행복한렌트몰에서 비교하고 차량별 견적과 지역별 상담 정보를 확인해보세요.","같은 차라도 조건은 다릅니다.비교하고 더 좋은 조건을 찾으세요."
"jeonbuk\jeonju-si\덕진구\남정동\index.html","전북 전주시 덕진구 남정동 장기렌트·자동차리스 가격비교 | 행복한렌트몰","전북 전주시 덕진구 남정동 장기렌트와 자동차리스 이용조건을 행복한렌트몰에서 비교하고 차량별 견적과 지역별 상담 정보를 확인해보세요.","같은 차라도 조건은 다릅니다.비교하고 더 좋은 조건을 찾으세요."
"jeonbuk\jeonju-si\덕진구\도덕동\index.html","전북 전주시 덕진구 도덕동 장기렌트·자동차리스 가격비교 | 행복한렌트몰","전북 전주시 덕진구 도덕동 장기렌트와 자동차리스 이용조건을 행복한렌트몰에서 비교하고 차량별 견적과 지역별 상담 정보를 확인해보세요.","같은 차라도 조건은 다릅니다.비교하고 더 좋은 조건을 찾으세요."
"jeonbuk\jeonju-si\덕진구\도도동\index.html","전북 전주시 덕진구 도도동 장기렌트·자동차리스 가격비교 | 행복한렌트몰","전북 전주시 덕진구 도도동 장기렌트와 자동차리스 이용조건을 행복한렌트몰에서 비교하고 차량별 견적과 지역별 상담 정보를 확인해보세요.","같은 차라도 조건은 다릅니다.비교하고 더 좋은 조건을 찾으세요."
"jeonbuk\jeonju-si\덕진구\만성동\index.html","전북 전주시 덕진구 만성동 장기렌트·자동차리스 가격비교 | 행복한렌트몰","전북 전주시 덕진구 만성동 장기렌트와 자동차리스 이용조건을 행복한렌트몰에서 비교하고 차량별 견적과 지역별 상담 정보를 확인해보세요.","같은 차라도 조건은 다릅니다.비교하고 더 좋은 조건을 찾으세요."
"jeonbuk\jeonju-si\덕진구\반월동\index.html","전북 전주시 덕진구 반월동 장기렌트·자동차리스 가격비교 | 행복한렌트몰","전북 전주시 덕진구 반월동 장기렌트와 자동차리스 이용조건을 행복한렌트몰에서 비교하고 차량별 견적과 지역별 상담 정보를 확인해보세요.","같은 차라도 조건은 다릅니다.비교하고 더 좋은 조건을 찾으세요."
"jeonbuk\jeonju-si\덕진구\산정동\index.html","전북 전주시 덕진구 산정동 장기렌트·자동차리스 가격비교 | 행복한렌트몰","전북 전주시 덕진구 산정동 장기렌트와 자동차리스 이용조건을 행복한렌트몰에서 비교하고 차량별 견적과 지역별 상담 정보를 확인해보세요.","같은 차라도 조건은 다릅니다.비교하고 더 좋은 조건을 찾으세요."
"jeonbuk\jeonju-si\덕진구\성덕동\index.html","전북 전주시 덕진구 성덕동 장기렌트·자동차리스 가격비교 | 행복한렌트몰","전북 전주시 덕진구 성덕동 장기렌트와 자동차리스 이용조건을 행복한렌트몰에서 비교하고 차량별 견적과 지역별 상담 정보를 확인해보세요.","같은 차라도 조건은 다릅니다.비교하고 더 좋은 조건을 찾으세요."
"jeonbuk\jeonju-si\덕진구\여의동\index.html","전북 전주시 덕진구 여의동 장기렌트·자동차리스 가격비교 | 행복한렌트몰","전북 전주시 덕진구 여의동 장기렌트와 자동차리스 이용조건을 행복한렌트몰에서 비교하고 차량별 견적과 지역별 상담 정보를 확인해보세요.","같은 차라도 조건은 다릅니다.비교하고 더 좋은 조건을 찾으세요."
"jeonbuk\jeonju-si\덕진구\용정동\index.html","전북 전주시 덕진구 용정동 장기렌트·자동차리스 가격비교 | 행복한렌트몰","전북 전주시 덕진구 용정동 장기렌트와 자동차리스 이용조건을 행복한렌트몰에서 비교하고 차량별 견적과 지역별 상담 정보를 확인해보세요.","같은 차라도 조건은 다릅니다.비교하고 더 좋은 조건을 찾으세요."
"jeonbuk\jeonju-si\덕진구\원동\index.html","전북 전주시 덕진구 원동 장기렌트·자동차리스 가격비교 | 행복한렌트몰","전북 전주시 덕진구 원동 장기렌트와 자동차리스 이용조건을 행복한렌트몰에서 비교하고 차량별 견적과 지역별 상담 정보를 확인해보세요.","같은 차라도 조건은 다릅니다.비교하고 더 좋은 조건을 찾으세요."
"jeonbuk\jeonju-si\덕진구\장동\index.html","전북 전주시 덕진구 장동 장기렌트·자동차리스 가격비교 | 행복한렌트몰","전북 전주시 덕진구 장동 장기렌트와 자동차리스 이용조건을 행복한렌트몰에서 비교하고 차량별 견적과 지역별 상담 정보를 확인해보세요.","같은 차라도 조건은 다릅니다.비교하고 더 좋은 조건을 찾으세요."
"jeonbuk\jeonju-si\덕진구\중동\index.html","전북 전주시 덕진구 중동 장기렌트·자동차리스 가격비교 | 행복한렌트몰","전북 전주시 덕진구 중동 장기렌트와 자동차리스 이용조건을 행복한렌트몰에서 비교하고 차량별 견적과 지역별 상담 정보를 확인해보세요.","같은 차라도 조건은 다릅니다.비교하고 더 좋은 조건을 찾으세요."
"jeonbuk\jeonju-si\덕진구\진북동\index.html","전북 전주시 덕진구 진북동 장기렌트·자동차리스 가격비교 | 행복한렌트몰","전북 전주시 덕진구 진북동 장기렌트와 자동차리스 이용조건을 행복한렌트몰에서 비교하고 차량별 견적과 지역별 상담 정보를 확인해보세요.","같은 차라도 조건은 다릅니다.비교하고 더 좋은 조건을 찾으세요."
"jeonbuk\jeonju-si\덕진구\화전동\index.html","전북 전주시 덕진구 화전동 장기렌트·자동차리스 가격비교 | 행복한렌트몰","전북 전주시 덕진구 화전동 장기렌트와 자동차리스 이용조건을 행복한렌트몰에서 비교하고 차량별 견적과 지역별 상담 정보를 확인해보세요.","같은 차라도 조건은 다릅니다.비교하고 더 좋은 조건을 찾으세요."
"jeonbuk\jeonju-si\완산구\index.html","전북 전주시 완산구 장기렌트·자동차리스 가격비교 | 행복한렌트몰","전북 전주시 완산구 장기렌트와 자동차리스 이용조건을 행복한렌트몰에서 비교하고 차량별 견적과 지역별 상담 정보를 확인해보세요.","같은 차라도 조건은 다릅니다.비교하고 더 좋은 조건을 찾으세요."
"jeonbuk\jeonju-si\완산구\고사동\index.html","전북 전주시 완산구 고사동 장기렌트·자동차리스 가격비교 | 행복한렌트몰","전북 전주시 완산구 고사동 장기렌트와 자동차리스 이용조건을 행복한렌트몰에서 비교하고 차량별 견적과 지역별 상담 정보를 확인해보세요.","같은 차라도 조건은 다릅니다.비교하고 더 좋은 조건을 찾으세요."
"jeonbuk\jeonju-si\완산구\교동\index.html","전북 전주시 완산구 교동 장기렌트·자동차리스 가격비교 | 행복한렌트몰","전북 전주시 완산구 교동 장기렌트와 자동차리스 이용조건을 행복한렌트몰에서 비교하고 차량별 견적과 지역별 상담 정보를 확인해보세요.","같은 차라도 조건은 다릅니다.비교하고 더 좋은 조건을 찾으세요."
"jeonbuk\jeonju-si\완산구\남노송동\index.html","전북 전주시 완산구 남노송동 장기렌트·자동차리스 가격비교 | 행복한렌트몰","전북 전주시 완산구 남노송동 장기렌트와 자동차리스 이용조건을 행복한렌트몰에서 비교하고 차량별 견적과 지역별 상담 정보를 확인해보세요.","같은 차라도 조건은 다릅니다.비교하고 더 좋은 조건을 찾으세요."
"jeonbuk\jeonju-si\완산구\대성동\index.html","전북 전주시 완산구 대성동 장기렌트·자동차리스 가격비교 | 행복한렌트몰","전북 전주시 완산구 대성동 장기렌트와 자동차리스 이용조건을 행복한렌트몰에서 비교하고 차량별 견적과 지역별 상담 정보를 확인해보세요.","같은 차라도 조건은 다릅니다.비교하고 더 좋은 조건을 찾으세요."
"jeonbuk\jeonju-si\완산구\동서학동\index.html","전북 전주시 완산구 동서학동 장기렌트·자동차리스 가격비교 | 행복한렌트몰","전북 전주시 완산구 동서학동 장기렌트와 자동차리스 이용조건을 행복한렌트몰에서 비교하고 차량별 견적과 지역별 상담 정보를 확인해보세요.","같은 차라도 조건은 다릅니다.비교하고 더 좋은 조건을 찾으세요."
"jeonbuk\jeonju-si\완산구\동완산동\index.html","전북 전주시 완산구 동완산동 장기렌트·자동차리스 가격비교 | 행복한렌트몰","전북 전주시 완산구 동완산동 장기렌트와 자동차리스 이용조건을 행복한렌트몰에서 비교하고 차량별 견적과 지역별 상담 정보를 확인해보세요.","같은 차라도 조건은 다릅니다.비교하고 더 좋은 조건을 찾으세요."
"jeonbuk\jeonju-si\완산구\상림동\index.html","전북 전주시 완산구 상림동 장기렌트·자동차리스 가격비교 | 행복한렌트몰","전북 전주시 완산구 상림동 장기렌트와 자동차리스 이용조건을 행복한렌트몰에서 비교하고 차량별 견적과 지역별 상담 정보를 확인해보세요.","같은 차라도 조건은 다릅니다.비교하고 더 좋은 조건을 찾으세요."
"jeonbuk\jeonju-si\완산구\색장동\index.html","전북 전주시 완산구 색장동 장기렌트·자동차리스 가격비교 | 행복한렌트몰","전북 전주시 완산구 색장동 장기렌트와 자동차리스 이용조건을 행복한렌트몰에서 비교하고 차량별 견적과 지역별 상담 정보를 확인해보세요.","같은 차라도 조건은 다릅니다.비교하고 더 좋은 조건을 찾으세요."
"jeonbuk\jeonju-si\완산구\서노송동\index.html","전북 전주시 완산구 서노송동 장기렌트·자동차리스 가격비교 | 행복한렌트몰","전북 전주시 완산구 서노송동 장기렌트와 자동차리스 이용조건을 행복한렌트몰에서 비교하고 차량별 견적과 지역별 상담 정보를 확인해보세요.","같은 차라도 조건은 다릅니다.비교하고 더 좋은 조건을 찾으세요."
"jeonbuk\jeonju-si\완산구\서서학동\index.html","전북 전주시 완산구 서서학동 장기렌트·자동차리스 가격비교 | 행복한렌트몰","전북 전주시 완산구 서서학동 장기렌트와 자동차리스 이용조건을 행복한렌트몰에서 비교하고 차량별 견적과 지역별 상담 정보를 확인해보세요.","같은 차라도 조건은 다릅니다.비교하고 더 좋은 조건을 찾으세요."
"jeonbuk\jeonju-si\완산구\서신동\index.html","전북 전주시 완산구 서신동 장기렌트·자동차리스 가격비교 | 행복한렌트몰","전북 전주시 완산구 서신동 장기렌트와 자동차리스 이용조건을 행복한렌트몰에서 비교하고 차량별 견적과 지역별 상담 정보를 확인해보세요.","같은 차라도 조건은 다릅니다.비교하고 더 좋은 조건을 찾으세요."
"jeonbuk\jeonju-si\완산구\석구동\index.html","전북 전주시 완산구 석구동 장기렌트·자동차리스 가격비교 | 행복한렌트몰","전북 전주시 완산구 석구동 장기렌트와 자동차리스 이용조건을 행복한렌트몰에서 비교하고 차량별 견적과 지역별 상담 정보를 확인해보세요.","같은 차라도 조건은 다릅니다.비교하고 더 좋은 조건을 찾으세요."
"jeonbuk\jeonju-si\완산구\용복동\index.html","전북 전주시 완산구 용복동 장기렌트·자동차리스 가격비교 | 행복한렌트몰","전북 전주시 완산구 용복동 장기렌트와 자동차리스 이용조건을 행복한렌트몰에서 비교하고 차량별 견적과 지역별 상담 정보를 확인해보세요.","같은 차라도 조건은 다릅니다.비교하고 더 좋은 조건을 찾으세요."
"jeonbuk\jeonju-si\완산구\원당동\index.html","전북 전주시 완산구 원당동 장기렌트·자동차리스 가격비교 | 행복한렌트몰","전북 전주시 완산구 원당동 장기렌트와 자동차리스 이용조건을 행복한렌트몰에서 비교하고 차량별 견적과 지역별 상담 정보를 확인해보세요.","같은 차라도 조건은 다릅니다.비교하고 더 좋은 조건을 찾으세요."
"jeonbuk\jeonju-si\완산구\전동\index.html","전북 전주시 완산구 전동 장기렌트·자동차리스 가격비교 | 행복한렌트몰","전북 전주시 완산구 전동 장기렌트와 자동차리스 이용조건을 행복한렌트몰에서 비교하고 차량별 견적과 지역별 상담 정보를 확인해보세요.","같은 차라도 조건은 다릅니다.비교하고 더 좋은 조건을 찾으세요."
"jeonbuk\jeonju-si\완산구\중노송동\index.html","전북 전주시 완산구 중노송동 장기렌트·자동차리스 가격비교 | 행복한렌트몰","전북 전주시 완산구 중노송동 장기렌트와 자동차리스 이용조건을 행복한렌트몰에서 비교하고 차량별 견적과 지역별 상담 정보를 확인해보세요.","같은 차라도 조건은 다릅니다.비교하고 더 좋은 조건을 찾으세요."
"jeonbuk\jeonju-si\완산구\중인동\index.html","전북 전주시 완산구 중인동 장기렌트·자동차리스 가격비교 | 행복한렌트몰","전북 전주시 완산구 중인동 장기렌트와 자동차리스 이용조건을 행복한렌트몰에서 비교하고 차량별 견적과 지역별 상담 정보를 확인해보세요.","같은 차라도 조건은 다릅니다.비교하고 더 좋은 조건을 찾으세요."
"jeonbuk\jeonju-si\완산구\태평동\index.html","전북 전주시 완산구 태평동 장기렌트·자동차리스 가격비교 | 행복한렌트몰","전북 전주시 완산구 태평동 장기렌트와 자동차리스 이용조건을 행복한렌트몰에서 비교하고 차량별 견적과 지역별 상담 정보를 확인해보세요.","같은 차라도 조건은 다릅니다.비교하고 더 좋은 조건을 찾으세요."
"jeonbuk\jinan-gun\index.html","전북 진안군 장기렌트·자동차리스 가격비교 | 행복한렌트몰","전북 진안군 장기렌트와 자동차리스 조건을 행복한렌트몰에서 비교하고 지역별 상담 정보를 확인해보세요.","같은 차라도 조건은 다릅니다.비교하고 더 좋은 조건을 찾으세요."
"jeonbuk\jinan-gun\동향면\index.html","전북 진안군 동향면 장기렌트·자동차리스 가격비교 | 행복한렌트몰","전북 진안군 동향면 장기렌트와 자동차리스 이용조건을 행복한렌트몰에서 비교하고 차량별 견적과 지역별 상담 정보를 확인해보세요.","같은 차라도 조건은 다릅니다.비교하고 더 좋은 조건을 찾으세요."
"jeonbuk\jinan-gun\마령면\index.html","전북 진안군 마령면 장기렌트·자동차리스 가격비교 | 행복한렌트몰","전북 진안군 마령면 장기렌트와 자동차리스 이용조건을 행복한렌트몰에서 비교하고 차량별 견적과 지역별 상담 정보를 확인해보세요.","같은 차라도 조건은 다릅니다.비교하고 더 좋은 조건을 찾으세요."
"jeonbuk\jinan-gun\백운면\index.html","전북 진안군 백운면 장기렌트·자동차리스 가격비교 | 행복한렌트몰","전북 진안군 백운면 장기렌트와 자동차리스 이용조건을 행복한렌트몰에서 비교하고 차량별 견적과 지역별 상담 정보를 확인해보세요.","같은 차라도 조건은 다릅니다.비교하고 더 좋은 조건을 찾으세요."
"jeonbuk\jinan-gun\부귀면\index.html","전북 진안군 부귀면 장기렌트·자동차리스 가격비교 | 행복한렌트몰","전북 진안군 부귀면 장기렌트와 자동차리스 이용조건을 행복한렌트몰에서 비교하고 차량별 견적과 지역별 상담 정보를 확인해보세요.","같은 차라도 조건은 다릅니다.비교하고 더 좋은 조건을 찾으세요."
"jeonbuk\jinan-gun\상전면\index.html","전북 진안군 상전면 장기렌트·자동차리스 가격비교 | 행복한렌트몰","전북 진안군 상전면 장기렌트와 자동차리스 이용조건을 행복한렌트몰에서 비교하고 차량별 견적과 지역별 상담 정보를 확인해보세요.","같은 차라도 조건은 다릅니다.비교하고 더 좋은 조건을 찾으세요."
"jeonbuk\jinan-gun\성수면\index.html","전북 진안군 성수면 장기렌트·자동차리스 가격비교 | 행복한렌트몰","전북 진안군 성수면 장기렌트와 자동차리스 이용조건을 행복한렌트몰에서 비교하고 차량별 견적과 지역별 상담 정보를 확인해보세요.","같은 차라도 조건은 다릅니다.비교하고 더 좋은 조건을 찾으세요."
"jeonbuk\jinan-gun\안천면\index.html","전북 진안군 안천면 장기렌트·자동차리스 가격비교 | 행복한렌트몰","전북 진안군 안천면 장기렌트와 자동차리스 이용조건을 행복한렌트몰에서 비교하고 차량별 견적과 지역별 상담 정보를 확인해보세요.","같은 차라도 조건은 다릅니다.비교하고 더 좋은 조건을 찾으세요."
"jeonbuk\jinan-gun\용담면\index.html","전북 진안군 용담면 장기렌트·자동차리스 가격비교 | 행복한렌트몰","전북 진안군 용담면 장기렌트와 자동차리스 이용조건을 행복한렌트몰에서 비교하고 차량별 견적과 지역별 상담 정보를 확인해보세요.","같은 차라도 조건은 다릅니다.비교하고 더 좋은 조건을 찾으세요."
"jeonbuk\jinan-gun\정천면\index.html","전북 진안군 정천면 장기렌트·자동차리스 가격비교 | 행복한렌트몰","전북 진안군 정천면 장기렌트와 자동차리스 이용조건을 행복한렌트몰에서 비교하고 차량별 견적과 지역별 상담 정보를 확인해보세요.","같은 차라도 조건은 다릅니다.비교하고 더 좋은 조건을 찾으세요."
"jeonbuk\jinan-gun\주천면\index.html","전북 진안군 주천면 장기렌트·자동차리스 가격비교 | 행복한렌트몰","전북 진안군 주천면 장기렌트와 자동차리스 이용조건을 행복한렌트몰에서 비교하고 차량별 견적과 지역별 상담 정보를 확인해보세요.","같은 차라도 조건은 다릅니다.비교하고 더 좋은 조건을 찾으세요."
"jeonbuk\jinan-gun\진안읍\index.html","전북 진안군 진안읍 장기렌트·자동차리스 가격비교 | 행복한렌트몰","전북 진안군 진안읍 장기렌트와 자동차리스 이용조건을 행복한렌트몰에서 비교하고 차량별 견적과 지역별 상담 정보를 확인해보세요.","같은 차라도 조건은 다릅니다.비교하고 더 좋은 조건을 찾으세요."
"jeonbuk\muju-gun\index.html","전북 무주군 장기렌트·자동차리스 가격비교 | 행복한렌트몰","전북 무주군 장기렌트와 자동차리스 조건을 행복한렌트몰에서 비교하고 지역별 상담 정보를 확인해보세요.","같은 차라도 조건은 다릅니다.비교하고 더 좋은 조건을 찾으세요."
"jeonbuk\muju-gun\무주읍\index.html","전북 무주군 무주읍 장기렌트·자동차리스 가격비교 | 행복한렌트몰","전북 무주군 무주읍 장기렌트와 자동차리스 이용조건을 행복한렌트몰에서 비교하고 차량별 견적과 지역별 상담 정보를 확인해보세요.","같은 차라도 조건은 다릅니다.비교하고 더 좋은 조건을 찾으세요."
"jeonbuk\muju-gun\무풍면\index.html","전북 무주군 무풍면 장기렌트·자동차리스 가격비교 | 행복한렌트몰","전북 무주군 무풍면 장기렌트와 자동차리스 이용조건을 행복한렌트몰에서 비교하고 차량별 견적과 지역별 상담 정보를 확인해보세요.","같은 차라도 조건은 다릅니다.비교하고 더 좋은 조건을 찾으세요."
"jeonbuk\muju-gun\부남면\index.html","전북 무주군 부남면 장기렌트·자동차리스 가격비교 | 행복한렌트몰","전북 무주군 부남면 장기렌트와 자동차리스 이용조건을 행복한렌트몰에서 비교하고 차량별 견적과 지역별 상담 정보를 확인해보세요.","같은 차라도 조건은 다릅니다.비교하고 더 좋은 조건을 찾으세요."
"jeonbuk\muju-gun\설천면\index.html","전북 무주군 설천면 장기렌트·자동차리스 가격비교 | 행복한렌트몰","전북 무주군 설천면 장기렌트와 자동차리스 이용조건을 행복한렌트몰에서 비교하고 차량별 견적과 지역별 상담 정보를 확인해보세요.","같은 차라도 조건은 다릅니다.비교하고 더 좋은 조건을 찾으세요."
"jeonbuk\muju-gun\안성면\index.html","전북 무주군 안성면 장기렌트·자동차리스 가격비교 | 행복한렌트몰","전북 무주군 안성면 장기렌트와 자동차리스 이용조건을 행복한렌트몰에서 비교하고 차량별 견적과 지역별 상담 정보를 확인해보세요.","같은 차라도 조건은 다릅니다.비교하고 더 좋은 조건을 찾으세요."
"jeonbuk\muju-gun\적상면\index.html","전북 무주군 적상면 장기렌트·자동차리스 가격비교 | 행복한렌트몰","전북 무주군 적상면 장기렌트와 자동차리스 이용조건을 행복한렌트몰에서 비교하고 차량별 견적과 지역별 상담 정보를 확인해보세요.","같은 차라도 조건은 다릅니다.비교하고 더 좋은 조건을 찾으세요."
"jeonbuk\namwon-si\index.html","전북 남원시 장기렌트·자동차리스 가격비교 | 행복한렌트몰","전북 남원시 장기렌트와 자동차리스 조건을 행복한렌트몰에서 비교하고 지역별 상담 정보를 확인해보세요.","같은 차라도 조건은 다릅니다.비교하고 더 좋은 조건을 찾으세요."
"jeonbuk\namwon-si\갈치동\index.html","전북 남원시 갈치동 장기렌트·자동차리스 가격비교 | 행복한렌트몰","전북 남원시 갈치동 장기렌트와 자동차리스 이용조건을 행복한렌트몰에서 비교하고 차량별 견적과 지역별 상담 정보를 확인해보세요.","같은 차라도 조건은 다릅니다.비교하고 더 좋은 조건을 찾으세요."
"jeonbuk\namwon-si\고죽동\index.html","전북 남원시 고죽동 장기렌트·자동차리스 가격비교 | 행복한렌트몰","전북 남원시 고죽동 장기렌트와 자동차리스 이용조건을 행복한렌트몰에서 비교하고 차량별 견적과 지역별 상담 정보를 확인해보세요.","같은 차라도 조건은 다릅니다.비교하고 더 좋은 조건을 찾으세요."
"jeonbuk\namwon-si\광치동\index.html","전북 남원시 광치동 장기렌트·자동차리스 가격비교 | 행복한렌트몰","전북 남원시 광치동 장기렌트와 자동차리스 이용조건을 행복한렌트몰에서 비교하고 차량별 견적과 지역별 상담 정보를 확인해보세요.","같은 차라도 조건은 다릅니다.비교하고 더 좋은 조건을 찾으세요."
"jeonbuk\namwon-si\금동\index.html","전북 남원시 금동 장기렌트·자동차리스 가격비교 | 행복한렌트몰","전북 남원시 금동 장기렌트와 자동차리스 이용조건을 행복한렌트몰에서 비교하고 차량별 견적과 지역별 상담 정보를 확인해보세요.","같은 차라도 조건은 다릅니다.비교하고 더 좋은 조건을 찾으세요."
"jeonbuk\namwon-si\금지면\index.html","전북 남원시 금지면 장기렌트·자동차리스 가격비교 | 행복한렌트몰","전북 남원시 금지면 장기렌트와 자동차리스 이용조건을 행복한렌트몰에서 비교하고 차량별 견적과 지역별 상담 정보를 확인해보세요.","같은 차라도 조건은 다릅니다.비교하고 더 좋은 조건을 찾으세요."
"jeonbuk\namwon-si\내척동\index.html","전북 남원시 내척동 장기렌트·자동차리스 가격비교 | 행복한렌트몰","전북 남원시 내척동 장기렌트와 자동차리스 이용조건을 행복한렌트몰에서 비교하고 차량별 견적과 지역별 상담 정보를 확인해보세요.","같은 차라도 조건은 다릅니다.비교하고 더 좋은 조건을 찾으세요."
"jeonbuk\namwon-si\노암동\index.html","전북 남원시 노암동 장기렌트·자동차리스 가격비교 | 행복한렌트몰","전북 남원시 노암동 장기렌트와 자동차리스 이용조건을 행복한렌트몰에서 비교하고 차량별 견적과 지역별 상담 정보를 확인해보세요.","같은 차라도 조건은 다릅니다.비교하고 더 좋은 조건을 찾으세요."
"jeonbuk\namwon-si\대강면\index.html","전북 남원시 대강면 장기렌트·자동차리스 가격비교 | 행복한렌트몰","전북 남원시 대강면 장기렌트와 자동차리스 이용조건을 행복한렌트몰에서 비교하고 차량별 견적과 지역별 상담 정보를 확인해보세요.","같은 차라도 조건은 다릅니다.비교하고 더 좋은 조건을 찾으세요."
"jeonbuk\namwon-si\대산면\index.html","전북 남원시 대산면 장기렌트·자동차리스 가격비교 | 행복한렌트몰","전북 남원시 대산면 장기렌트와 자동차리스 이용조건을 행복한렌트몰에서 비교하고 차량별 견적과 지역별 상담 정보를 확인해보세요.","같은 차라도 조건은 다릅니다.비교하고 더 좋은 조건을 찾으세요."
"jeonbuk\namwon-si\덕과면\index.html","전북 남원시 덕과면 장기렌트·자동차리스 가격비교 | 행복한렌트몰","전북 남원시 덕과면 장기렌트와 자동차리스 이용조건을 행복한렌트몰에서 비교하고 차량별 견적과 지역별 상담 정보를 확인해보세요.","같은 차라도 조건은 다릅니다.비교하고 더 좋은 조건을 찾으세요."
"jeonbuk\namwon-si\도통동\index.html","전북 남원시 도통동 장기렌트·자동차리스 가격비교 | 행복한렌트몰","전북 남원시 도통동 장기렌트와 자동차리스 이용조건을 행복한렌트몰에서 비교하고 차량별 견적과 지역별 상담 정보를 확인해보세요.","같은 차라도 조건은 다릅니다.비교하고 더 좋은 조건을 찾으세요."
"jeonbuk\namwon-si\동충동\index.html","전북 남원시 동충동 장기렌트·자동차리스 가격비교 | 행복한렌트몰","전북 남원시 동충동 장기렌트와 자동차리스 이용조건을 행복한렌트몰에서 비교하고 차량별 견적과 지역별 상담 정보를 확인해보세요.","같은 차라도 조건은 다릅니다.비교하고 더 좋은 조건을 찾으세요."
"jeonbuk\namwon-si\보절면\index.html","전북 남원시 보절면 장기렌트·자동차리스 가격비교 | 행복한렌트몰","전북 남원시 보절면 장기렌트와 자동차리스 이용조건을 행복한렌트몰에서 비교하고 차량별 견적과 지역별 상담 정보를 확인해보세요.","같은 차라도 조건은 다릅니다.비교하고 더 좋은 조건을 찾으세요."
"jeonbuk\namwon-si\사매면\index.html","전북 남원시 사매면 장기렌트·자동차리스 가격비교 | 행복한렌트몰","전북 남원시 사매면 장기렌트와 자동차리스 이용조건을 행복한렌트몰에서 비교하고 차량별 견적과 지역별 상담 정보를 확인해보세요.","같은 차라도 조건은 다릅니다.비교하고 더 좋은 조건을 찾으세요."
"jeonbuk\namwon-si\산곡동\index.html","전북 남원시 산곡동 장기렌트·자동차리스 가격비교 | 행복한렌트몰","전북 남원시 산곡동 장기렌트와 자동차리스 이용조건을 행복한렌트몰에서 비교하고 차량별 견적과 지역별 상담 정보를 확인해보세요.","같은 차라도 조건은 다릅니다.비교하고 더 좋은 조건을 찾으세요."
"jeonbuk\namwon-si\산내면\index.html","전북 남원시 산내면 장기렌트·자동차리스 가격비교 | 행복한렌트몰","전북 남원시 산내면 장기렌트와 자동차리스 이용조건을 행복한렌트몰에서 비교하고 차량별 견적과 지역별 상담 정보를 확인해보세요.","같은 차라도 조건은 다릅니다.비교하고 더 좋은 조건을 찾으세요."
"jeonbuk\namwon-si\산동면\index.html","전북 남원시 산동면 장기렌트·자동차리스 가격비교 | 행복한렌트몰","전북 남원시 산동면 장기렌트와 자동차리스 이용조건을 행복한렌트몰에서 비교하고 차량별 견적과 지역별 상담 정보를 확인해보세요.","같은 차라도 조건은 다릅니다.비교하고 더 좋은 조건을 찾으세요."
"jeonbuk\namwon-si\송동면\index.html","전북 남원시 송동면 장기렌트·자동차리스 가격비교 | 행복한렌트몰","전북 남원시 송동면 장기렌트와 자동차리스 이용조건을 행복한렌트몰에서 비교하고 차량별 견적과 지역별 상담 정보를 확인해보세요.","같은 차라도 조건은 다릅니다.비교하고 더 좋은 조건을 찾으세요."
"jeonbuk\namwon-si\수지면\index.html","전북 남원시 수지면 장기렌트·자동차리스 가격비교 | 행복한렌트몰","전북 남원시 수지면 장기렌트와 자동차리스 이용조건을 행복한렌트몰에서 비교하고 차량별 견적과 지역별 상담 정보를 확인해보세요.","같은 차라도 조건은 다릅니다.비교하고 더 좋은 조건을 찾으세요."
"jeonbuk\namwon-si\식정동\index.html","전북 남원시 식정동 장기렌트·자동차리스 가격비교 | 행복한렌트몰","전북 남원시 식정동 장기렌트와 자동차리스 이용조건을 행복한렌트몰에서 비교하고 차량별 견적과 지역별 상담 정보를 확인해보세요.","같은 차라도 조건은 다릅니다.비교하고 더 좋은 조건을 찾으세요."
"jeonbuk\namwon-si\신정동\index.html","전북 남원시 신정동 장기렌트·자동차리스 가격비교 | 행복한렌트몰","전북 남원시 신정동 장기렌트와 자동차리스 이용조건을 행복한렌트몰에서 비교하고 차량별 견적과 지역별 상담 정보를 확인해보세요.","같은 차라도 조건은 다릅니다.비교하고 더 좋은 조건을 찾으세요."
"jeonbuk\namwon-si\신촌동\index.html","전북 남원시 신촌동 장기렌트·자동차리스 가격비교 | 행복한렌트몰","전북 남원시 신촌동 장기렌트와 자동차리스 이용조건을 행복한렌트몰에서 비교하고 차량별 견적과 지역별 상담 정보를 확인해보세요.","같은 차라도 조건은 다릅니다.비교하고 더 좋은 조건을 찾으세요."
"jeonbuk\namwon-si\쌍교동\index.html","전북 남원시 쌍교동 장기렌트·자동차리스 가격비교 | 행복한렌트몰","전북 남원시 쌍교동 장기렌트와 자동차리스 이용조건을 행복한렌트몰에서 비교하고 차량별 견적과 지역별 상담 정보를 확인해보세요.","같은 차라도 조건은 다릅니다.비교하고 더 좋은 조건을 찾으세요."
"jeonbuk\namwon-si\아영면\index.html","전북 남원시 아영면 장기렌트·자동차리스 가격비교 | 행복한렌트몰","전북 남원시 아영면 장기렌트와 자동차리스 이용조건을 행복한렌트몰에서 비교하고 차량별 견적과 지역별 상담 정보를 확인해보세요.","같은 차라도 조건은 다릅니다.비교하고 더 좋은 조건을 찾으세요."
"jeonbuk\namwon-si\어현동\index.html","전북 남원시 어현동 장기렌트·자동차리스 가격비교 | 행복한렌트몰","전북 남원시 어현동 장기렌트와 자동차리스 이용조건을 행복한렌트몰에서 비교하고 차량별 견적과 지역별 상담 정보를 확인해보세요.","같은 차라도 조건은 다릅니다.비교하고 더 좋은 조건을 찾으세요."
"jeonbuk\namwon-si\왕정동\index.html","전북 남원시 왕정동 장기렌트·자동차리스 가격비교 | 행복한렌트몰","전북 남원시 왕정동 장기렌트와 자동차리스 이용조건을 행복한렌트몰에서 비교하고 차량별 견적과 지역별 상담 정보를 확인해보세요.","같은 차라도 조건은 다릅니다.비교하고 더 좋은 조건을 찾으세요."
"jeonbuk\namwon-si\용정동\index.html","전북 남원시 용정동 장기렌트·자동차리스 가격비교 | 행복한렌트몰","전북 남원시 용정동 장기렌트와 자동차리스 이용조건을 행복한렌트몰에서 비교하고 차량별 견적과 지역별 상담 정보를 확인해보세요.","같은 차라도 조건은 다릅니다.비교하고 더 좋은 조건을 찾으세요."
"jeonbuk\namwon-si\운봉읍\index.html","전북 남원시 운봉읍 장기렌트·자동차리스 가격비교 | 행복한렌트몰","전북 남원시 운봉읍 장기렌트와 자동차리스 이용조건을 행복한렌트몰에서 비교하고 차량별 견적과 지역별 상담 정보를 확인해보세요.","같은 차라도 조건은 다릅니다.비교하고 더 좋은 조건을 찾으세요."
"jeonbuk\namwon-si\월락동\index.html","전북 남원시 월락동 장기렌트·자동차리스 가격비교 | 행복한렌트몰","전북 남원시 월락동 장기렌트와 자동차리스 이용조건을 행복한렌트몰에서 비교하고 차량별 견적과 지역별 상담 정보를 확인해보세요.","같은 차라도 조건은 다릅니다.비교하고 더 좋은 조건을 찾으세요."
"jeonbuk\namwon-si\이백면\index.html","전북 남원시 이백면 장기렌트·자동차리스 가격비교 | 행복한렌트몰","전북 남원시 이백면 장기렌트와 자동차리스 이용조건을 행복한렌트몰에서 비교하고 차량별 견적과 지역별 상담 정보를 확인해보세요.","같은 차라도 조건은 다릅니다.비교하고 더 좋은 조건을 찾으세요."
"jeonbuk\namwon-si\인월면\index.html","전북 남원시 인월면 장기렌트·자동차리스 가격비교 | 행복한렌트몰","전북 남원시 인월면 장기렌트와 자동차리스 이용조건을 행복한렌트몰에서 비교하고 차량별 견적과 지역별 상담 정보를 확인해보세요.","같은 차라도 조건은 다릅니다.비교하고 더 좋은 조건을 찾으세요."
"jeonbuk\namwon-si\조산동\index.html","전북 남원시 조산동 장기렌트·자동차리스 가격비교 | 행복한렌트몰","전북 남원시 조산동 장기렌트와 자동차리스 이용조건을 행복한렌트몰에서 비교하고 차량별 견적과 지역별 상담 정보를 확인해보세요.","같은 차라도 조건은 다릅니다.비교하고 더 좋은 조건을 찾으세요."
"jeonbuk\namwon-si\주생면\index.html","전북 남원시 주생면 장기렌트·자동차리스 가격비교 | 행복한렌트몰","전북 남원시 주생면 장기렌트와 자동차리스 이용조건을 행복한렌트몰에서 비교하고 차량별 견적과 지역별 상담 정보를 확인해보세요.","같은 차라도 조건은 다릅니다.비교하고 더 좋은 조건을 찾으세요."
"jeonbuk\namwon-si\주천면\index.html","전북 남원시 주천면 장기렌트·자동차리스 가격비교 | 행복한렌트몰","전북 남원시 주천면 장기렌트와 자동차리스 이용조건을 행복한렌트몰에서 비교하고 차량별 견적과 지역별 상담 정보를 확인해보세요.","같은 차라도 조건은 다릅니다.비교하고 더 좋은 조건을 찾으세요."
"jeonbuk\namwon-si\죽항동\index.html","전북 남원시 죽항동 장기렌트·자동차리스 가격비교 | 행복한렌트몰","전북 남원시 죽항동 장기렌트와 자동차리스 이용조건을 행복한렌트몰에서 비교하고 차량별 견적과 지역별 상담 정보를 확인해보세요.","같은 차라도 조건은 다릅니다.비교하고 더 좋은 조건을 찾으세요."
"jeonbuk\namwon-si\천거동\index.html","전북 남원시 천거동 장기렌트·자동차리스 가격비교 | 행복한렌트몰","전북 남원시 천거동 장기렌트와 자동차리스 이용조건을 행복한렌트몰에서 비교하고 차량별 견적과 지역별 상담 정보를 확인해보세요.","같은 차라도 조건은 다릅니다.비교하고 더 좋은 조건을 찾으세요."
"jeonbuk\namwon-si\하정동\index.html","전북 남원시 하정동 장기렌트·자동차리스 가격비교 | 행복한렌트몰","전북 남원시 하정동 장기렌트와 자동차리스 이용조건을 행복한렌트몰에서 비교하고 차량별 견적과 지역별 상담 정보를 확인해보세요.","같은 차라도 조건은 다릅니다.비교하고 더 좋은 조건을 찾으세요."
"jeonbuk\namwon-si\향교동\index.html","전북 남원시 향교동 장기렌트·자동차리스 가격비교 | 행복한렌트몰","전북 남원시 향교동 장기렌트와 자동차리스 이용조건을 행복한렌트몰에서 비교하고 차량별 견적과 지역별 상담 정보를 확인해보세요.","같은 차라도 조건은 다릅니다.비교하고 더 좋은 조건을 찾으세요."
"jeonbuk\namwon-si\화정동\index.html","전북 남원시 화정동 장기렌트·자동차리스 가격비교 | 행복한렌트몰","전북 남원시 화정동 장기렌트와 자동차리스 이용조건을 행복한렌트몰에서 비교하고 차량별 견적과 지역별 상담 정보를 확인해보세요.","같은 차라도 조건은 다릅니다.비교하고 더 좋은 조건을 찾으세요."
"jeonbuk\sunchang-gun\index.html","전북 순창군 장기렌트·자동차리스 가격비교 | 행복한렌트몰","전북 순창군 장기렌트와 자동차리스 조건을 행복한렌트몰에서 비교하고 지역별 상담 정보를 확인해보세요.","같은 차라도 조건은 다릅니다.비교하고 더 좋은 조건을 찾으세요."
"jeonbuk\sunchang-gun\구림면\index.html","전북 순창군 구림면 장기렌트·자동차리스 가격비교 | 행복한렌트몰","전북 순창군 구림면 장기렌트와 자동차리스 이용조건을 행복한렌트몰에서 비교하고 차량별 견적과 지역별 상담 정보를 확인해보세요.","같은 차라도 조건은 다릅니다.비교하고 더 좋은 조건을 찾으세요."
"jeonbuk\sunchang-gun\금과면\index.html","전북 순창군 금과면 장기렌트·자동차리스 가격비교 | 행복한렌트몰","전북 순창군 금과면 장기렌트와 자동차리스 이용조건을 행복한렌트몰에서 비교하고 차량별 견적과 지역별 상담 정보를 확인해보세요.","같은 차라도 조건은 다릅니다.비교하고 더 좋은 조건을 찾으세요."
"jeonbuk\sunchang-gun\동계면\index.html","전북 순창군 동계면 장기렌트·자동차리스 가격비교 | 행복한렌트몰","전북 순창군 동계면 장기렌트와 자동차리스 이용조건을 행복한렌트몰에서 비교하고 차량별 견적과 지역별 상담 정보를 확인해보세요.","같은 차라도 조건은 다릅니다.비교하고 더 좋은 조건을 찾으세요."
"jeonbuk\sunchang-gun\복흥면\index.html","전북 순창군 복흥면 장기렌트·자동차리스 가격비교 | 행복한렌트몰","전북 순창군 복흥면 장기렌트와 자동차리스 이용조건을 행복한렌트몰에서 비교하고 차량별 견적과 지역별 상담 정보를 확인해보세요.","같은 차라도 조건은 다릅니다.비교하고 더 좋은 조건을 찾으세요."
"jeonbuk\sunchang-gun\순창읍\index.html","전북 순창군 순창읍 장기렌트·자동차리스 가격비교 | 행복한렌트몰","전북 순창군 순창읍 장기렌트와 자동차리스 이용조건을 행복한렌트몰에서 비교하고 차량별 견적과 지역별 상담 정보를 확인해보세요.","같은 차라도 조건은 다릅니다.비교하고 더 좋은 조건을 찾으세요."
"jeonbuk\sunchang-gun\쌍치면\index.html","전북 순창군 쌍치면 장기렌트·자동차리스 가격비교 | 행복한렌트몰","전북 순창군 쌍치면 장기렌트와 자동차리스 이용조건을 행복한렌트몰에서 비교하고 차량별 견적과 지역별 상담 정보를 확인해보세요.","같은 차라도 조건은 다릅니다.비교하고 더 좋은 조건을 찾으세요."
"jeonbuk\sunchang-gun\유등면\index.html","전북 순창군 유등면 장기렌트·자동차리스 가격비교 | 행복한렌트몰","전북 순창군 유등면 장기렌트와 자동차리스 이용조건을 행복한렌트몰에서 비교하고 차량별 견적과 지역별 상담 정보를 확인해보세요.","같은 차라도 조건은 다릅니다.비교하고 더 좋은 조건을 찾으세요."
"jeonbuk\sunchang-gun\인계면\index.html","전북 순창군 인계면 장기렌트·자동차리스 가격비교 | 행복한렌트몰","전북 순창군 인계면 장기렌트와 자동차리스 이용조건을 행복한렌트몰에서 비교하고 차량별 견적과 지역별 상담 정보를 확인해보세요.","같은 차라도 조건은 다릅니다.비교하고 더 좋은 조건을 찾으세요."
"jeonbuk\sunchang-gun\적성면\index.html","전북 순창군 적성면 장기렌트·자동차리스 가격비교 | 행복한렌트몰","전북 순창군 적성면 장기렌트와 자동차리스 이용조건을 행복한렌트몰에서 비교하고 차량별 견적과 지역별 상담 정보를 확인해보세요.","같은 차라도 조건은 다릅니다.비교하고 더 좋은 조건을 찾으세요."
"jeonbuk\sunchang-gun\팔덕면\index.html","전북 순창군 팔덕면 장기렌트·자동차리스 가격비교 | 행복한렌트몰","전북 순창군 팔덕면 장기렌트와 자동차리스 이용조건을 행복한렌트몰에서 비교하고 차량별 견적과 지역별 상담 정보를 확인해보세요.","같은 차라도 조건은 다릅니다.비교하고 더 좋은 조건을 찾으세요."
"jeonbuk\sunchang-gun\풍산면\index.html","전북 순창군 풍산면 장기렌트·자동차리스 가격비교 | 행복한렌트몰","전북 순창군 풍산면 장기렌트와 자동차리스 이용조건을 행복한렌트몰에서 비교하고 차량별 견적과 지역별 상담 정보를 확인해보세요.","같은 차라도 조건은 다릅니다.비교하고 더 좋은 조건을 찾으세요."
"jeonbuk\wanju-gun\index.html","전북 완주군 장기렌트·자동차리스 가격비교 | 행복한렌트몰","전북 완주군 장기렌트와 자동차리스 조건을 행복한렌트몰에서 비교하고 지역별 상담 정보를 확인해보세요.","같은 차라도 조건은 다릅니다.비교하고 더 좋은 조건을 찾으세요."
"jeonbuk\wanju-gun\경천면\index.html","전북 완주군 경천면 장기렌트·자동차리스 가격비교 | 행복한렌트몰","전북 완주군 경천면 장기렌트와 자동차리스 이용조건을 행복한렌트몰에서 비교하고 차량별 견적과 지역별 상담 정보를 확인해보세요.","같은 차라도 조건은 다릅니다.비교하고 더 좋은 조건을 찾으세요."
"jeonbuk\wanju-gun\고산면\index.html","전북 완주군 고산면 장기렌트·자동차리스 가격비교 | 행복한렌트몰","전북 완주군 고산면 장기렌트와 자동차리스 이용조건을 행복한렌트몰에서 비교하고 차량별 견적과 지역별 상담 정보를 확인해보세요.","같은 차라도 조건은 다릅니다.비교하고 더 좋은 조건을 찾으세요."
"jeonbuk\wanju-gun\구이면\index.html","전북 완주군 구이면 장기렌트·자동차리스 가격비교 | 행복한렌트몰","전북 완주군 구이면 장기렌트와 자동차리스 이용조건을 행복한렌트몰에서 비교하고 차량별 견적과 지역별 상담 정보를 확인해보세요.","같은 차라도 조건은 다릅니다.비교하고 더 좋은 조건을 찾으세요."
"jeonbuk\wanju-gun\동상면\index.html","전북 완주군 동상면 장기렌트·자동차리스 가격비교 | 행복한렌트몰","전북 완주군 동상면 장기렌트와 자동차리스 이용조건을 행복한렌트몰에서 비교하고 차량별 견적과 지역별 상담 정보를 확인해보세요.","같은 차라도 조건은 다릅니다.비교하고 더 좋은 조건을 찾으세요."
"jeonbuk\wanju-gun\봉동읍\index.html","전북 완주군 봉동읍 장기렌트·자동차리스 가격비교 | 행복한렌트몰","전북 완주군 봉동읍 장기렌트와 자동차리스 이용조건을 행복한렌트몰에서 비교하고 차량별 견적과 지역별 상담 정보를 확인해보세요.","같은 차라도 조건은 다릅니다.비교하고 더 좋은 조건을 찾으세요."
"jeonbuk\wanju-gun\비봉면\index.html","전북 완주군 비봉면 장기렌트·자동차리스 가격비교 | 행복한렌트몰","전북 완주군 비봉면 장기렌트와 자동차리스 이용조건을 행복한렌트몰에서 비교하고 차량별 견적과 지역별 상담 정보를 확인해보세요.","같은 차라도 조건은 다릅니다.비교하고 더 좋은 조건을 찾으세요."
"jeonbuk\wanju-gun\삼례읍\index.html","전북 완주군 삼례읍 장기렌트·자동차리스 가격비교 | 행복한렌트몰","전북 완주군 삼례읍 장기렌트와 자동차리스 이용조건을 행복한렌트몰에서 비교하고 차량별 견적과 지역별 상담 정보를 확인해보세요.","같은 차라도 조건은 다릅니다.비교하고 더 좋은 조건을 찾으세요."
"jeonbuk\wanju-gun\상관면\index.html","전북 완주군 상관면 장기렌트·자동차리스 가격비교 | 행복한렌트몰","전북 완주군 상관면 장기렌트와 자동차리스 이용조건을 행복한렌트몰에서 비교하고 차량별 견적과 지역별 상담 정보를 확인해보세요.","같은 차라도 조건은 다릅니다.비교하고 더 좋은 조건을 찾으세요."
"jeonbuk\wanju-gun\소양면\index.html","전북 완주군 소양면 장기렌트·자동차리스 가격비교 | 행복한렌트몰","전북 완주군 소양면 장기렌트와 자동차리스 이용조건을 행복한렌트몰에서 비교하고 차량별 견적과 지역별 상담 정보를 확인해보세요.","같은 차라도 조건은 다릅니다.비교하고 더 좋은 조건을 찾으세요."
"jeonbuk\wanju-gun\용진읍\index.html","전북 완주군 용진읍 장기렌트·자동차리스 가격비교 | 행복한렌트몰","전북 완주군 용진읍 장기렌트와 자동차리스 이용조건을 행복한렌트몰에서 비교하고 차량별 견적과 지역별 상담 정보를 확인해보세요.","같은 차라도 조건은 다릅니다.비교하고 더 좋은 조건을 찾으세요."
"jeonbuk\wanju-gun\운주면\index.html","전북 완주군 운주면 장기렌트·자동차리스 가격비교 | 행복한렌트몰","전북 완주군 운주면 장기렌트와 자동차리스 이용조건을 행복한렌트몰에서 비교하고 차량별 견적과 지역별 상담 정보를 확인해보세요.","같은 차라도 조건은 다릅니다.비교하고 더 좋은 조건을 찾으세요."
"jeonbuk\wanju-gun\이서면\index.html","전북 완주군 이서면 장기렌트·자동차리스 가격비교 | 행복한렌트몰","전북 완주군 이서면 장기렌트와 자동차리스 이용조건을 행복한렌트몰에서 비교하고 차량별 견적과 지역별 상담 정보를 확인해보세요.","같은 차라도 조건은 다릅니다.비교하고 더 좋은 조건을 찾으세요."
"jeonbuk\wanju-gun\화산면\index.html","전북 완주군 화산면 장기렌트·자동차리스 가격비교 | 행복한렌트몰","전북 완주군 화산면 장기렌트와 자동차리스 이용조건을 행복한렌트몰에서 비교하고 차량별 견적과 지역별 상담 정보를 확인해보세요.","같은 차라도 조건은 다릅니다.비교하고 더 좋은 조건을 찾으세요."
"jeonnam\index.html","전남 장기렌트·자동차리스 가격비교 | 행복한렌트몰","전남 지역 장기렌트와 자동차리스 조건을 행복한렌트몰에서 비교하고 지역별 바로상담 정보를 확인해보세요.","같은 차라도 조건은 다릅니다.비교하고 더 좋은 조건을 찾으세요."
"jeonnam\boseong-gun\index.html","전남 보성군 장기렌트·자동차리스 가격비교 | 행복한렌트몰","전남 보성군 장기렌트와 자동차리스 조건을 행복한렌트몰에서 비교하고 지역별 상담 정보를 확인해보세요.","같은 차라도 조건은 다릅니다.비교하고 더 좋은 조건을 찾으세요."
"jeonnam\damyang-gun\index.html","전남 담양군 장기렌트·자동차리스 가격비교 | 행복한렌트몰","전남 담양군 장기렌트와 자동차리스 조건을 행복한렌트몰에서 비교하고 지역별 상담 정보를 확인해보세요.","같은 차라도 조건은 다릅니다.비교하고 더 좋은 조건을 찾으세요."
"jeonnam\gangjin-gun\index.html","전남 강진군 장기렌트·자동차리스 가격비교 | 행복한렌트몰","전남 강진군 장기렌트와 자동차리스 조건을 행복한렌트몰에서 비교하고 지역별 상담 정보를 확인해보세요.","같은 차라도 조건은 다릅니다.비교하고 더 좋은 조건을 찾으세요."
"jeonnam\goheung-gun\index.html","전남 고흥군 장기렌트·자동차리스 가격비교 | 행복한렌트몰","전남 고흥군 장기렌트와 자동차리스 조건을 행복한렌트몰에서 비교하고 지역별 상담 정보를 확인해보세요.","같은 차라도 조건은 다릅니다.비교하고 더 좋은 조건을 찾으세요."
"jeonnam\gokseong-gun\index.html","전남 곡성군 장기렌트·자동차리스 가격비교 | 행복한렌트몰","전남 곡성군 장기렌트와 자동차리스 조건을 행복한렌트몰에서 비교하고 지역별 상담 정보를 확인해보세요.","같은 차라도 조건은 다릅니다.비교하고 더 좋은 조건을 찾으세요."
"jeonnam\gurye-gun\index.html","전남 구례군 장기렌트·자동차리스 가격비교 | 행복한렌트몰","전남 구례군 장기렌트와 자동차리스 조건을 행복한렌트몰에서 비교하고 지역별 상담 정보를 확인해보세요.","같은 차라도 조건은 다릅니다.비교하고 더 좋은 조건을 찾으세요."
"jeonnam\gwangyang-si\index.html","전남 광양시 장기렌트·자동차리스 가격비교 | 행복한렌트몰","전남 광양시 장기렌트와 자동차리스 조건을 행복한렌트몰에서 비교하고 지역별 상담 정보를 확인해보세요.","같은 차라도 조건은 다릅니다.비교하고 더 좋은 조건을 찾으세요."
"jeonnam\haenam-gun\index.html","전남 해남군 장기렌트·자동차리스 가격비교 | 행복한렌트몰","전남 해남군 장기렌트와 자동차리스 조건을 행복한렌트몰에서 비교하고 지역별 상담 정보를 확인해보세요.","같은 차라도 조건은 다릅니다.비교하고 더 좋은 조건을 찾으세요."
"jeonnam\hampyeong-gun\index.html","전남 함평군 장기렌트·자동차리스 가격비교 | 행복한렌트몰","전남 함평군 장기렌트와 자동차리스 조건을 행복한렌트몰에서 비교하고 지역별 상담 정보를 확인해보세요.","같은 차라도 조건은 다릅니다.비교하고 더 좋은 조건을 찾으세요."
"jeonnam\hwasun-gun\index.html","전남 화순군 장기렌트·자동차리스 가격비교 | 행복한렌트몰","전남 화순군 장기렌트와 자동차리스 조건을 행복한렌트몰에서 비교하고 지역별 상담 정보를 확인해보세요.","같은 차라도 조건은 다릅니다.비교하고 더 좋은 조건을 찾으세요."
"jeonnam\jangheung-gun\index.html","전남 장흥군 장기렌트·자동차리스 가격비교 | 행복한렌트몰","전남 장흥군 장기렌트와 자동차리스 조건을 행복한렌트몰에서 비교하고 지역별 상담 정보를 확인해보세요.","같은 차라도 조건은 다릅니다.비교하고 더 좋은 조건을 찾으세요."
"jeonnam\jangseong-gun\index.html","전남 장성군 장기렌트·자동차리스 가격비교 | 행복한렌트몰","전남 장성군 장기렌트와 자동차리스 조건을 행복한렌트몰에서 비교하고 지역별 상담 정보를 확인해보세요.","같은 차라도 조건은 다릅니다.비교하고 더 좋은 조건을 찾으세요."
"jeonnam\jindo-gun\index.html","전남 진도군 장기렌트·자동차리스 가격비교 | 행복한렌트몰","전남 진도군 장기렌트와 자동차리스 조건을 행복한렌트몰에서 비교하고 지역별 상담 정보를 확인해보세요.","같은 차라도 조건은 다릅니다.비교하고 더 좋은 조건을 찾으세요."
"jeonnam\mokpo-si\index.html","전남 목포시 장기렌트·자동차리스 가격비교 | 행복한렌트몰","전남 목포시 장기렌트와 자동차리스 조건을 행복한렌트몰에서 비교하고 지역별 상담 정보를 확인해보세요.","같은 차라도 조건은 다릅니다.비교하고 더 좋은 조건을 찾으세요."
"jeonnam\muan-gun\index.html","전남 무안군 장기렌트·자동차리스 가격비교 | 행복한렌트몰","전남 무안군 장기렌트와 자동차리스 조건을 행복한렌트몰에서 비교하고 지역별 상담 정보를 확인해보세요.","같은 차라도 조건은 다릅니다.비교하고 더 좋은 조건을 찾으세요."
"jeonnam\naju-si\index.html","전남 나주시 장기렌트·자동차리스 가격비교 | 행복한렌트몰","전남 나주시 장기렌트와 자동차리스 조건을 행복한렌트몰에서 비교하고 지역별 상담 정보를 확인해보세요.","같은 차라도 조건은 다릅니다.비교하고 더 좋은 조건을 찾으세요."
"jeonnam\sinan-gun\index.html","전남 신안군 장기렌트·자동차리스 가격비교 | 행복한렌트몰","전남 신안군 장기렌트와 자동차리스 조건을 행복한렌트몰에서 비교하고 지역별 상담 정보를 확인해보세요.","같은 차라도 조건은 다릅니다.비교하고 더 좋은 조건을 찾으세요."
"jeonnam\suncheon-si\index.html","전남 순천시 장기렌트·자동차리스 가격비교 | 행복한렌트몰","전남 순천시 장기렌트와 자동차리스 조건을 행복한렌트몰에서 비교하고 지역별 상담 정보를 확인해보세요.","같은 차라도 조건은 다릅니다.비교하고 더 좋은 조건을 찾으세요."
"jeonnam\wando-gun\index.html","전남 완도군 장기렌트·자동차리스 가격비교 | 행복한렌트몰","전남 완도군 장기렌트와 자동차리스 조건을 행복한렌트몰에서 비교하고 지역별 상담 정보를 확인해보세요.","같은 차라도 조건은 다릅니다.비교하고 더 좋은 조건을 찾으세요."
"jeonnam\yeongam-gun\index.html","전남 영암군 장기렌트·자동차리스 가격비교 | 행복한렌트몰","전남 영암군 장기렌트와 자동차리스 조건을 행복한렌트몰에서 비교하고 지역별 상담 정보를 확인해보세요.","같은 차라도 조건은 다릅니다.비교하고 더 좋은 조건을 찾으세요."
"jeonnam\yeonggwang-gun\index.html","전남 영광군 장기렌트·자동차리스 가격비교 | 행복한렌트몰","전남 영광군 장기렌트와 자동차리스 조건을 행복한렌트몰에서 비교하고 지역별 상담 정보를 확인해보세요.","같은 차라도 조건은 다릅니다.비교하고 더 좋은 조건을 찾으세요."
"jeonnam\yeosu-si\index.html","전남 여수시 장기렌트·자동차리스 가격비교 | 행복한렌트몰","전남 여수시 장기렌트와 자동차리스 조건을 행복한렌트몰에서 비교하고 지역별 상담 정보를 확인해보세요.","같은 차라도 조건은 다릅니다.비교하고 더 좋은 조건을 찾으세요."
"sejong\index.html","세종 장기렌트·자동차리스 가격비교 | 행복한렌트몰","세종 지역 장기렌트와 자동차리스 조건을 행복한렌트몰에서 비교하고 지역별 바로상담 정보를 확인해보세요.","같은 차라도 조건은 다릅니다.비교하고 더 좋은 조건을 찾으세요."
"sejong\areum-dong\index.html","세종 아름동 장기렌트·자동차리스 가격비교 | 행복한렌트몰","세종 아름동 장기렌트와 자동차리스 조건을 행복한렌트몰에서 비교하고 지역별 상담 정보를 확인해보세요.","같은 차라도 조건은 다릅니다.비교하고 더 좋은 조건을 찾으세요."
"sejong\bangok-dong\index.html","세종 반곡동 장기렌트·자동차리스 가격비교 | 행복한렌트몰","세종 반곡동 장기렌트와 자동차리스 조건을 행복한렌트몰에서 비교하고 지역별 상담 정보를 확인해보세요.","같은 차라도 조건은 다릅니다.비교하고 더 좋은 조건을 찾으세요."
"sejong\boram-dong\index.html","세종 보람동 장기렌트·자동차리스 가격비교 | 행복한렌트몰","세종 보람동 장기렌트와 자동차리스 조건을 행복한렌트몰에서 비교하고 지역별 상담 정보를 확인해보세요.","같은 차라도 조건은 다릅니다.비교하고 더 좋은 조건을 찾으세요."
"sejong\bugang-myeon\index.html","세종 부강면 장기렌트·자동차리스 가격비교 | 행복한렌트몰","세종 부강면 장기렌트와 자동차리스 조건을 행복한렌트몰에서 비교하고 지역별 상담 정보를 확인해보세요.","같은 차라도 조건은 다릅니다.비교하고 더 좋은 조건을 찾으세요."
"sejong\daepyeong-dong\index.html","세종 대평동 장기렌트·자동차리스 가격비교 | 행복한렌트몰","세종 대평동 장기렌트와 자동차리스 조건을 행복한렌트몰에서 비교하고 지역별 상담 정보를 확인해보세요.","같은 차라도 조건은 다릅니다.비교하고 더 좋은 조건을 찾으세요."
"sejong\dajeong-dong\index.html","세종 다정동 장기렌트·자동차리스 가격비교 | 행복한렌트몰","세종 다정동 장기렌트와 자동차리스 조건을 행복한렌트몰에서 비교하고 지역별 상담 정보를 확인해보세요.","같은 차라도 조건은 다릅니다.비교하고 더 좋은 조건을 찾으세요."
"sejong\dodam-dong\index.html","세종 도담동 장기렌트·자동차리스 가격비교 | 행복한렌트몰","세종 도담동 장기렌트와 자동차리스 조건을 행복한렌트몰에서 비교하고 지역별 상담 정보를 확인해보세요.","같은 차라도 조건은 다릅니다.비교하고 더 좋은 조건을 찾으세요."
"sejong\eojin-dong\index.html","세종 어진동 장기렌트·자동차리스 가격비교 | 행복한렌트몰","세종 어진동 장기렌트와 자동차리스 조건을 행복한렌트몰에서 비교하고 지역별 상담 정보를 확인해보세요.","같은 차라도 조건은 다릅니다.비교하고 더 좋은 조건을 찾으세요."
"sejong\geumnam-myeon\index.html","세종 금남면 장기렌트·자동차리스 가격비교 | 행복한렌트몰","세종 금남면 장기렌트와 자동차리스 조건을 행복한렌트몰에서 비교하고 지역별 상담 정보를 확인해보세요.","같은 차라도 조건은 다릅니다.비교하고 더 좋은 조건을 찾으세요."
"sejong\goun-dong\index.html","세종 고운동 장기렌트·자동차리스 가격비교 | 행복한렌트몰","세종 고운동 장기렌트와 자동차리스 조건을 행복한렌트몰에서 비교하고 지역별 상담 정보를 확인해보세요.","같은 차라도 조건은 다릅니다.비교하고 더 좋은 조건을 찾으세요."
"sejong\haemil-dong\index.html","세종 해밀동 장기렌트·자동차리스 가격비교 | 행복한렌트몰","세종 해밀동 장기렌트와 자동차리스 조건을 행복한렌트몰에서 비교하고 지역별 상담 정보를 확인해보세요.","같은 차라도 조건은 다릅니다.비교하고 더 좋은 조건을 찾으세요."
"sejong\hansol-dong\index.html","세종 한솔동 장기렌트·자동차리스 가격비교 | 행복한렌트몰","세종 한솔동 장기렌트와 자동차리스 조건을 행복한렌트몰에서 비교하고 지역별 상담 정보를 확인해보세요.","같은 차라도 조건은 다릅니다.비교하고 더 좋은 조건을 찾으세요."
"sejong\janggun-myeon\index.html","세종 장군면 장기렌트·자동차리스 가격비교 | 행복한렌트몰","세종 장군면 장기렌트와 자동차리스 조건을 행복한렌트몰에서 비교하고 지역별 상담 정보를 확인해보세요.","같은 차라도 조건은 다릅니다.비교하고 더 좋은 조건을 찾으세요."
"sejong\jeondong-myeon\index.html","세종 전동면 장기렌트·자동차리스 가격비교 | 행복한렌트몰","세종 전동면 장기렌트와 자동차리스 조건을 행복한렌트몰에서 비교하고 지역별 상담 정보를 확인해보세요.","같은 차라도 조건은 다릅니다.비교하고 더 좋은 조건을 찾으세요."
"sejong\jeonui-myeon\index.html","세종 전의면 장기렌트·자동차리스 가격비교 | 행복한렌트몰","세종 전의면 장기렌트와 자동차리스 조건을 행복한렌트몰에서 비교하고 지역별 상담 정보를 확인해보세요.","같은 차라도 조건은 다릅니다.비교하고 더 좋은 조건을 찾으세요."
"sejong\jochwon-eup\index.html","세종 조치원읍 장기렌트·자동차리스 가격비교 | 행복한렌트몰","세종 조치원읍 장기렌트와 자동차리스 조건을 행복한렌트몰에서 비교하고 지역별 상담 정보를 확인해보세요.","같은 차라도 조건은 다릅니다.비교하고 더 좋은 조건을 찾으세요."
"sejong\jongchon-dong\index.html","세종 종촌동 장기렌트·자동차리스 가격비교 | 행복한렌트몰","세종 종촌동 장기렌트와 자동차리스 조건을 행복한렌트몰에서 비교하고 지역별 상담 정보를 확인해보세요.","같은 차라도 조건은 다릅니다.비교하고 더 좋은 조건을 찾으세요."
"sejong\naseong-dong\index.html","세종 나성동 장기렌트·자동차리스 가격비교 | 행복한렌트몰","세종 나성동 장기렌트와 자동차리스 조건을 행복한렌트몰에서 비교하고 지역별 상담 정보를 확인해보세요.","같은 차라도 조건은 다릅니다.비교하고 더 좋은 조건을 찾으세요."
"sejong\saerom-dong\index.html","세종 새롬동 장기렌트·자동차리스 가격비교 | 행복한렌트몰","세종 새롬동 장기렌트와 자동차리스 조건을 행복한렌트몰에서 비교하고 지역별 상담 정보를 확인해보세요.","같은 차라도 조건은 다릅니다.비교하고 더 좋은 조건을 찾으세요."
"sejong\sodam-dong\index.html","세종 소담동 장기렌트·자동차리스 가격비교 | 행복한렌트몰","세종 소담동 장기렌트와 자동차리스 조건을 행복한렌트몰에서 비교하고 지역별 상담 정보를 확인해보세요.","같은 차라도 조건은 다릅니다.비교하고 더 좋은 조건을 찾으세요."
"sejong\sojeong-myeon\index.html","세종 소정면 장기렌트·자동차리스 가격비교 | 행복한렌트몰","세종 소정면 장기렌트와 자동차리스 조건을 행복한렌트몰에서 비교하고 지역별 상담 정보를 확인해보세요.","같은 차라도 조건은 다릅니다.비교하고 더 좋은 조건을 찾으세요."
"sejong\yeondong-myeon\index.html","세종 연동면 장기렌트·자동차리스 가격비교 | 행복한렌트몰","세종 연동면 장기렌트와 자동차리스 조건을 행복한렌트몰에서 비교하고 지역별 상담 정보를 확인해보세요.","같은 차라도 조건은 다릅니다.비교하고 더 좋은 조건을 찾으세요."
"sejong\yeongi-myeon\index.html","세종 연기면 장기렌트·자동차리스 가격비교 | 행복한렌트몰","세종 연기면 장기렌트와 자동차리스 조건을 행복한렌트몰에서 비교하고 지역별 상담 정보를 확인해보세요.","같은 차라도 조건은 다릅니다.비교하고 더 좋은 조건을 찾으세요."
"sejong\yeonseo-myeon\index.html","세종 연서면 장기렌트·자동차리스 가격비교 | 행복한렌트몰","세종 연서면 장기렌트와 자동차리스 조건을 행복한렌트몰에서 비교하고 지역별 상담 정보를 확인해보세요.","같은 차라도 조건은 다릅니다.비교하고 더 좋은 조건을 찾으세요."
"seoul\index.html","서울 신차장기렌트카 가격비교 | 신차리스 할부 견적 비교","서울 신차장기렌트카와 신차리스·할부 견적을 비교해보세요. 계약기간, 초기비용, 보증금, 선납금, 연간 주행거리 등 신차 이용에 필요한 조건을 살펴보고 서울 전 지역에서 자신에게 맞는 견적을 확인할 수 있습니다.","서울 신차장기렌트카·신차리스 견적 비교"
"seoul\dobong-gu\index.html","서울 도봉구 장기렌트·자동차리스 가격비교 | 행복한렌트몰","서울 도봉구 장기렌트와 자동차리스 조건을 행복한렌트몰에서 비교하고 지역별 상담 정보를 확인해보세요.","같은 차라도 조건은 다릅니다.비교하고 더 좋은 조건을 찾으세요."
"seoul\dobong-gu\도봉동\index.html","서울 도봉구 도봉동 장기렌트·자동차리스 가격비교 | 행복한렌트몰","서울 도봉구 도봉동 장기렌트와 자동차리스 이용조건을 행복한렌트몰에서 비교하고 차량별 견적과 지역별 상담 정보를 확인해보세요.","같은 차라도 조건은 다릅니다.비교하고 더 좋은 조건을 찾으세요."
"seoul\dobong-gu\방학동\index.html","서울 도봉구 방학동 장기렌트·자동차리스 가격비교 | 행복한렌트몰","서울 도봉구 방학동 장기렌트와 자동차리스 이용조건을 행복한렌트몰에서 비교하고 차량별 견적과 지역별 상담 정보를 확인해보세요.","같은 차라도 조건은 다릅니다.비교하고 더 좋은 조건을 찾으세요."
"seoul\dobong-gu\쌍문동\index.html","서울 도봉구 쌍문동 장기렌트·자동차리스 가격비교 | 행복한렌트몰","서울 도봉구 쌍문동 장기렌트와 자동차리스 이용조건을 행복한렌트몰에서 비교하고 차량별 견적과 지역별 상담 정보를 확인해보세요.","같은 차라도 조건은 다릅니다.비교하고 더 좋은 조건을 찾으세요."
"seoul\dobong-gu\창동\index.html","서울 도봉구 창동 장기렌트·자동차리스 가격비교 | 행복한렌트몰","서울 도봉구 창동 장기렌트와 자동차리스 이용조건을 행복한렌트몰에서 비교하고 차량별 견적과 지역별 상담 정보를 확인해보세요.","같은 차라도 조건은 다릅니다.비교하고 더 좋은 조건을 찾으세요."
"seoul\dongdaemun-gu\index.html","서울 동대문구 장기렌트·자동차리스 가격비교 | 행복한렌트몰","서울 동대문구 장기렌트와 자동차리스 조건을 행복한렌트몰에서 비교하고 지역별 상담 정보를 확인해보세요.","같은 차라도 조건은 다릅니다.비교하고 더 좋은 조건을 찾으세요."
"seoul\dongdaemun-gu\답십리동\index.html","서울 동대문구 답십리동 장기렌트·자동차리스 가격비교 | 행복한렌트몰","서울 동대문구 답십리동 장기렌트와 자동차리스 이용조건을 행복한렌트몰에서 비교하고 차량별 견적과 지역별 상담 정보를 확인해보세요.","같은 차라도 조건은 다릅니다.비교하고 더 좋은 조건을 찾으세요."
"seoul\dongdaemun-gu\신설동\index.html","서울 동대문구 신설동 장기렌트·자동차리스 가격비교 | 행복한렌트몰","서울 동대문구 신설동 장기렌트와 자동차리스 이용조건을 행복한렌트몰에서 비교하고 차량별 견적과 지역별 상담 정보를 확인해보세요.","같은 차라도 조건은 다릅니다.비교하고 더 좋은 조건을 찾으세요."
"seoul\dongdaemun-gu\용두동\index.html","서울 동대문구 용두동 장기렌트·자동차리스 가격비교 | 행복한렌트몰","서울 동대문구 용두동 장기렌트와 자동차리스 이용조건을 행복한렌트몰에서 비교하고 차량별 견적과 지역별 상담 정보를 확인해보세요.","같은 차라도 조건은 다릅니다.비교하고 더 좋은 조건을 찾으세요."
"seoul\dongdaemun-gu\이문동\index.html","서울 동대문구 이문동 장기렌트·자동차리스 가격비교 | 행복한렌트몰","서울 동대문구 이문동 장기렌트와 자동차리스 이용조건을 행복한렌트몰에서 비교하고 차량별 견적과 지역별 상담 정보를 확인해보세요.","같은 차라도 조건은 다릅니다.비교하고 더 좋은 조건을 찾으세요."
"seoul\dongdaemun-gu\장안동\index.html","서울 동대문구 장안동 장기렌트·자동차리스 가격비교 | 행복한렌트몰","서울 동대문구 장안동 장기렌트와 자동차리스 이용조건을 행복한렌트몰에서 비교하고 차량별 견적과 지역별 상담 정보를 확인해보세요.","같은 차라도 조건은 다릅니다.비교하고 더 좋은 조건을 찾으세요."
"seoul\dongdaemun-gu\전농동\index.html","서울 동대문구 전농동 장기렌트·자동차리스 가격비교 | 행복한렌트몰","서울 동대문구 전농동 장기렌트와 자동차리스 이용조건을 행복한렌트몰에서 비교하고 차량별 견적과 지역별 상담 정보를 확인해보세요.","같은 차라도 조건은 다릅니다.비교하고 더 좋은 조건을 찾으세요."
"seoul\dongdaemun-gu\제기동\index.html","서울 동대문구 제기동 장기렌트·자동차리스 가격비교 | 행복한렌트몰","서울 동대문구 제기동 장기렌트와 자동차리스 이용조건을 행복한렌트몰에서 비교하고 차량별 견적과 지역별 상담 정보를 확인해보세요.","같은 차라도 조건은 다릅니다.비교하고 더 좋은 조건을 찾으세요."
"seoul\dongdaemun-gu\청량리동\index.html","서울 동대문구 청량리동 장기렌트·자동차리스 가격비교 | 행복한렌트몰","서울 동대문구 청량리동 장기렌트와 자동차리스 이용조건을 행복한렌트몰에서 비교하고 차량별 견적과 지역별 상담 정보를 확인해보세요.","같은 차라도 조건은 다릅니다.비교하고 더 좋은 조건을 찾으세요."
"seoul\dongdaemun-gu\회기동\index.html","서울 동대문구 회기동 장기렌트·자동차리스 가격비교 | 행복한렌트몰","서울 동대문구 회기동 장기렌트와 자동차리스 이용조건을 행복한렌트몰에서 비교하고 차량별 견적과 지역별 상담 정보를 확인해보세요.","같은 차라도 조건은 다릅니다.비교하고 더 좋은 조건을 찾으세요."
"seoul\dongdaemun-gu\휘경동\index.html","서울 동대문구 휘경동 장기렌트·자동차리스 가격비교 | 행복한렌트몰","서울 동대문구 휘경동 장기렌트와 자동차리스 이용조건을 행복한렌트몰에서 비교하고 차량별 견적과 지역별 상담 정보를 확인해보세요.","같은 차라도 조건은 다릅니다.비교하고 더 좋은 조건을 찾으세요."
"seoul\dongjak-gu\index.html","서울 동작구 장기렌트·자동차리스 가격비교 | 행복한렌트몰","서울 동작구 장기렌트와 자동차리스 조건을 행복한렌트몰에서 비교하고 지역별 상담 정보를 확인해보세요.","같은 차라도 조건은 다릅니다.비교하고 더 좋은 조건을 찾으세요."
"seoul\dongjak-gu\노량진동\index.html","서울 동작구 노량진동 장기렌트·자동차리스 가격비교 | 행복한렌트몰","서울 동작구 노량진동 장기렌트와 자동차리스 이용조건을 행복한렌트몰에서 비교하고 차량별 견적과 지역별 상담 정보를 확인해보세요.","같은 차라도 조건은 다릅니다.비교하고 더 좋은 조건을 찾으세요."
"seoul\dongjak-gu\대방동\index.html","서울 동작구 대방동 장기렌트·자동차리스 가격비교 | 행복한렌트몰","서울 동작구 대방동 장기렌트와 자동차리스 이용조건을 행복한렌트몰에서 비교하고 차량별 견적과 지역별 상담 정보를 확인해보세요.","같은 차라도 조건은 다릅니다.비교하고 더 좋은 조건을 찾으세요."
"seoul\dongjak-gu\동작동\index.html","서울 동작구 동작동 장기렌트·자동차리스 가격비교 | 행복한렌트몰","서울 동작구 동작동 장기렌트와 자동차리스 이용조건을 행복한렌트몰에서 비교하고 차량별 견적과 지역별 상담 정보를 확인해보세요.","같은 차라도 조건은 다릅니다.비교하고 더 좋은 조건을 찾으세요."
"seoul\dongjak-gu\본동\index.html","서울 동작구 본동 장기렌트·자동차리스 가격비교 | 행복한렌트몰","서울 동작구 본동 장기렌트와 자동차리스 이용조건을 행복한렌트몰에서 비교하고 차량별 견적과 지역별 상담 정보를 확인해보세요.","같은 차라도 조건은 다릅니다.비교하고 더 좋은 조건을 찾으세요."
"seoul\dongjak-gu\사당동\index.html","서울 동작구 사당동 장기렌트·자동차리스 가격비교 | 행복한렌트몰","서울 동작구 사당동 장기렌트와 자동차리스 이용조건을 행복한렌트몰에서 비교하고 차량별 견적과 지역별 상담 정보를 확인해보세요.","같은 차라도 조건은 다릅니다.비교하고 더 좋은 조건을 찾으세요."
"seoul\dongjak-gu\상도1동\index.html","서울 동작구 상도1동 장기렌트·자동차리스 가격비교 | 행복한렌트몰","서울 동작구 상도1동 장기렌트와 자동차리스 이용조건을 행복한렌트몰에서 비교하고 차량별 견적과 지역별 상담 정보를 확인해보세요.","같은 차라도 조건은 다릅니다.비교하고 더 좋은 조건을 찾으세요."
"seoul\dongjak-gu\상도동\index.html","서울 동작구 상도동 장기렌트·자동차리스 가격비교 | 행복한렌트몰","서울 동작구 상도동 장기렌트와 자동차리스 이용조건을 행복한렌트몰에서 비교하고 차량별 견적과 지역별 상담 정보를 확인해보세요.","같은 차라도 조건은 다릅니다.비교하고 더 좋은 조건을 찾으세요."
"seoul\dongjak-gu\신대방동\index.html","서울 동작구 신대방동 장기렌트·자동차리스 가격비교 | 행복한렌트몰","서울 동작구 신대방동 장기렌트와 자동차리스 이용조건을 행복한렌트몰에서 비교하고 차량별 견적과 지역별 상담 정보를 확인해보세요.","같은 차라도 조건은 다릅니다.비교하고 더 좋은 조건을 찾으세요."
"seoul\dongjak-gu\흑석동\index.html","서울 동작구 흑석동 장기렌트·자동차리스 가격비교 | 행복한렌트몰","서울 동작구 흑석동 장기렌트와 자동차리스 이용조건을 행복한렌트몰에서 비교하고 차량별 견적과 지역별 상담 정보를 확인해보세요.","같은 차라도 조건은 다릅니다.비교하고 더 좋은 조건을 찾으세요."
"seoul\eunpyeong-gu\index.html","서울 은평구 장기렌트·자동차리스 가격비교 | 행복한렌트몰","서울 은평구 장기렌트와 자동차리스 조건을 행복한렌트몰에서 비교하고 지역별 상담 정보를 확인해보세요.","같은 차라도 조건은 다릅니다.비교하고 더 좋은 조건을 찾으세요."
"seoul\eunpyeong-gu\갈현동\index.html","서울 은평구 갈현동 장기렌트·자동차리스 가격비교 | 행복한렌트몰","서울 은평구 갈현동 장기렌트와 자동차리스 이용조건을 행복한렌트몰에서 비교하고 차량별 견적과 지역별 상담 정보를 확인해보세요.","같은 차라도 조건은 다릅니다.비교하고 더 좋은 조건을 찾으세요."
"seoul\eunpyeong-gu\구산동\index.html","서울 은평구 구산동 장기렌트·자동차리스 가격비교 | 행복한렌트몰","서울 은평구 구산동 장기렌트와 자동차리스 이용조건을 행복한렌트몰에서 비교하고 차량별 견적과 지역별 상담 정보를 확인해보세요.","같은 차라도 조건은 다릅니다.비교하고 더 좋은 조건을 찾으세요."
"seoul\eunpyeong-gu\녹번동\index.html","서울 은평구 녹번동 장기렌트·자동차리스 가격비교 | 행복한렌트몰","서울 은평구 녹번동 장기렌트와 자동차리스 이용조건을 행복한렌트몰에서 비교하고 차량별 견적과 지역별 상담 정보를 확인해보세요.","같은 차라도 조건은 다릅니다.비교하고 더 좋은 조건을 찾으세요."
"seoul\eunpyeong-gu\대조동\index.html","서울 은평구 대조동 장기렌트·자동차리스 가격비교 | 행복한렌트몰","서울 은평구 대조동 장기렌트와 자동차리스 이용조건을 행복한렌트몰에서 비교하고 차량별 견적과 지역별 상담 정보를 확인해보세요.","같은 차라도 조건은 다릅니다.비교하고 더 좋은 조건을 찾으세요."
"seoul\eunpyeong-gu\불광동\index.html","서울 은평구 불광동 장기렌트·자동차리스 가격비교 | 행복한렌트몰","서울 은평구 불광동 장기렌트와 자동차리스 이용조건을 행복한렌트몰에서 비교하고 차량별 견적과 지역별 상담 정보를 확인해보세요.","같은 차라도 조건은 다릅니다.비교하고 더 좋은 조건을 찾으세요."
"seoul\eunpyeong-gu\수색동\index.html","서울 은평구 수색동 장기렌트·자동차리스 가격비교 | 행복한렌트몰","서울 은평구 수색동 장기렌트와 자동차리스 이용조건을 행복한렌트몰에서 비교하고 차량별 견적과 지역별 상담 정보를 확인해보세요.","같은 차라도 조건은 다릅니다.비교하고 더 좋은 조건을 찾으세요."
"seoul\eunpyeong-gu\신사동\index.html","서울 은평구 신사동 장기렌트·자동차리스 가격비교 | 행복한렌트몰","서울 은평구 신사동 장기렌트와 자동차리스 이용조건을 행복한렌트몰에서 비교하고 차량별 견적과 지역별 상담 정보를 확인해보세요.","같은 차라도 조건은 다릅니다.비교하고 더 좋은 조건을 찾으세요."
"seoul\eunpyeong-gu\역촌동\index.html","서울 은평구 역촌동 장기렌트·자동차리스 가격비교 | 행복한렌트몰","서울 은평구 역촌동 장기렌트와 자동차리스 이용조건을 행복한렌트몰에서 비교하고 차량별 견적과 지역별 상담 정보를 확인해보세요.","같은 차라도 조건은 다릅니다.비교하고 더 좋은 조건을 찾으세요."
"seoul\eunpyeong-gu\응암동\index.html","서울 은평구 응암동 장기렌트·자동차리스 가격비교 | 행복한렌트몰","서울 은평구 응암동 장기렌트와 자동차리스 이용조건을 행복한렌트몰에서 비교하고 차량별 견적과 지역별 상담 정보를 확인해보세요.","같은 차라도 조건은 다릅니다.비교하고 더 좋은 조건을 찾으세요."
"seoul\eunpyeong-gu\증산동\index.html","서울 은평구 증산동 장기렌트·자동차리스 가격비교 | 행복한렌트몰","서울 은평구 증산동 장기렌트와 자동차리스 이용조건을 행복한렌트몰에서 비교하고 차량별 견적과 지역별 상담 정보를 확인해보세요.","같은 차라도 조건은 다릅니다.비교하고 더 좋은 조건을 찾으세요."
"seoul\eunpyeong-gu\진관동\index.html","서울 은평구 진관동 장기렌트·자동차리스 가격비교 | 행복한렌트몰","서울 은평구 진관동 장기렌트와 자동차리스 이용조건을 행복한렌트몰에서 비교하고 차량별 견적과 지역별 상담 정보를 확인해보세요.","같은 차라도 조건은 다릅니다.비교하고 더 좋은 조건을 찾으세요."
"seoul\gangbuk-gu\index.html","서울 강북구 장기렌트·자동차리스 가격비교 | 행복한렌트몰","서울 강북구 장기렌트와 자동차리스 조건을 행복한렌트몰에서 비교하고 지역별 상담 정보를 확인해보세요.","같은 차라도 조건은 다릅니다.비교하고 더 좋은 조건을 찾으세요."
"seoul\gangbuk-gu\미아동\index.html","서울 강북구 미아동 장기렌트·자동차리스 가격비교 | 행복한렌트몰","서울 강북구 미아동 장기렌트와 자동차리스 이용조건을 행복한렌트몰에서 비교하고 차량별 견적과 지역별 상담 정보를 확인해보세요.","같은 차라도 조건은 다릅니다.비교하고 더 좋은 조건을 찾으세요."
"seoul\gangbuk-gu\번동\index.html","서울 강북구 번동 장기렌트·자동차리스 가격비교 | 행복한렌트몰","서울 강북구 번동 장기렌트와 자동차리스 이용조건을 행복한렌트몰에서 비교하고 차량별 견적과 지역별 상담 정보를 확인해보세요.","같은 차라도 조건은 다릅니다.비교하고 더 좋은 조건을 찾으세요."
"seoul\gangbuk-gu\수유동\index.html","서울 강북구 수유동 장기렌트·자동차리스 가격비교 | 행복한렌트몰","서울 강북구 수유동 장기렌트와 자동차리스 이용조건을 행복한렌트몰에서 비교하고 차량별 견적과 지역별 상담 정보를 확인해보세요.","같은 차라도 조건은 다릅니다.비교하고 더 좋은 조건을 찾으세요."
"seoul\gangbuk-gu\우이동\index.html","서울 강북구 우이동 장기렌트·자동차리스 가격비교 | 행복한렌트몰","서울 강북구 우이동 장기렌트와 자동차리스 이용조건을 행복한렌트몰에서 비교하고 차량별 견적과 지역별 상담 정보를 확인해보세요.","같은 차라도 조건은 다릅니다.비교하고 더 좋은 조건을 찾으세요."
"seoul\gangdong-gu\index.html","서울 강동구 장기렌트·자동차리스 가격비교 | 행복한렌트몰","서울 강동구 장기렌트와 자동차리스 조건을 행복한렌트몰에서 비교하고 지역별 상담 정보를 확인해보세요.","같은 차라도 조건은 다릅니다.비교하고 더 좋은 조건을 찾으세요."
"seoul\gangdong-gu\강일동\index.html","서울 강동구 강일동 장기렌트·자동차리스 가격비교 | 행복한렌트몰","서울 강동구 강일동 장기렌트와 자동차리스 이용조건을 행복한렌트몰에서 비교하고 차량별 견적과 지역별 상담 정보를 확인해보세요.","같은 차라도 조건은 다릅니다.비교하고 더 좋은 조건을 찾으세요."
"seoul\gangdong-gu\고덕동\index.html","서울 강동구 고덕동 장기렌트·자동차리스 가격비교 | 행복한렌트몰","서울 강동구 고덕동 장기렌트와 자동차리스 이용조건을 행복한렌트몰에서 비교하고 차량별 견적과 지역별 상담 정보를 확인해보세요.","같은 차라도 조건은 다릅니다.비교하고 더 좋은 조건을 찾으세요."
"seoul\gangdong-gu\길동\index.html","서울 강동구 길동 장기렌트·자동차리스 가격비교 | 행복한렌트몰","서울 강동구 길동 장기렌트와 자동차리스 이용조건을 행복한렌트몰에서 비교하고 차량별 견적과 지역별 상담 정보를 확인해보세요.","같은 차라도 조건은 다릅니다.비교하고 더 좋은 조건을 찾으세요."
"seoul\gangdong-gu\둔촌동\index.html","서울 강동구 둔촌동 장기렌트·자동차리스 가격비교 | 행복한렌트몰","서울 강동구 둔촌동 장기렌트와 자동차리스 이용조건을 행복한렌트몰에서 비교하고 차량별 견적과 지역별 상담 정보를 확인해보세요.","같은 차라도 조건은 다릅니다.비교하고 더 좋은 조건을 찾으세요."
"seoul\gangdong-gu\명일동\index.html","서울 강동구 명일동 장기렌트·자동차리스 가격비교 | 행복한렌트몰","서울 강동구 명일동 장기렌트와 자동차리스 이용조건을 행복한렌트몰에서 비교하고 차량별 견적과 지역별 상담 정보를 확인해보세요.","같은 차라도 조건은 다릅니다.비교하고 더 좋은 조건을 찾으세요."
"seoul\gangdong-gu\상일동\index.html","서울 강동구 상일동 장기렌트·자동차리스 가격비교 | 행복한렌트몰","서울 강동구 상일동 장기렌트와 자동차리스 이용조건을 행복한렌트몰에서 비교하고 차량별 견적과 지역별 상담 정보를 확인해보세요.","같은 차라도 조건은 다릅니다.비교하고 더 좋은 조건을 찾으세요."
"seoul\gangdong-gu\성내동\index.html","서울 강동구 성내동 장기렌트·자동차리스 가격비교 | 행복한렌트몰","서울 강동구 성내동 장기렌트와 자동차리스 이용조건을 행복한렌트몰에서 비교하고 차량별 견적과 지역별 상담 정보를 확인해보세요.","같은 차라도 조건은 다릅니다.비교하고 더 좋은 조건을 찾으세요."
"seoul\gangdong-gu\암사동\index.html","서울 강동구 암사동 장기렌트·자동차리스 가격비교 | 행복한렌트몰","서울 강동구 암사동 장기렌트와 자동차리스 이용조건을 행복한렌트몰에서 비교하고 차량별 견적과 지역별 상담 정보를 확인해보세요.","같은 차라도 조건은 다릅니다.비교하고 더 좋은 조건을 찾으세요."
"seoul\gangdong-gu\천호동\index.html","서울 강동구 천호동 장기렌트·자동차리스 가격비교 | 행복한렌트몰","서울 강동구 천호동 장기렌트와 자동차리스 이용조건을 행복한렌트몰에서 비교하고 차량별 견적과 지역별 상담 정보를 확인해보세요.","같은 차라도 조건은 다릅니다.비교하고 더 좋은 조건을 찾으세요."
"seoul\gangnam-gu\index.html","서울 강남구 장기렌트·자동차리스 가격비교 | 행복한렌트몰","서울 강남구 장기렌트와 자동차리스 조건을 행복한렌트몰에서 비교하고 지역별 상담 정보를 확인해보세요.","같은 차라도 조건은 다릅니다.비교하고 더 좋은 조건을 찾으세요."
"seoul\gangnam-gu\개포동\index.html","서울 강남구 개포동 장기렌트·자동차리스 가격비교 | 행복한렌트몰","서울 강남구 개포동 장기렌트와 자동차리스 이용조건을 행복한렌트몰에서 비교하고 차량별 견적과 지역별 상담 정보를 확인해보세요.","같은 차라도 조건은 다릅니다.비교하고 더 좋은 조건을 찾으세요."
"seoul\gangnam-gu\논현동\index.html","서울 강남구 논현동 장기렌트·자동차리스 가격비교 | 행복한렌트몰","서울 강남구 논현동 장기렌트와 자동차리스 이용조건을 행복한렌트몰에서 비교하고 차량별 견적과 지역별 상담 정보를 확인해보세요.","같은 차라도 조건은 다릅니다.비교하고 더 좋은 조건을 찾으세요."
"seoul\gangnam-gu\대치동\index.html","서울 강남구 대치동 장기렌트·자동차리스 가격비교 | 행복한렌트몰","서울 강남구 대치동 장기렌트와 자동차리스 이용조건을 행복한렌트몰에서 비교하고 차량별 견적과 지역별 상담 정보를 확인해보세요.","같은 차라도 조건은 다릅니다.비교하고 더 좋은 조건을 찾으세요."
"seoul\gangnam-gu\도곡동\index.html","서울 강남구 도곡동 장기렌트·자동차리스 가격비교 | 행복한렌트몰","서울 강남구 도곡동 장기렌트와 자동차리스 이용조건을 행복한렌트몰에서 비교하고 차량별 견적과 지역별 상담 정보를 확인해보세요.","같은 차라도 조건은 다릅니다.비교하고 더 좋은 조건을 찾으세요."
"seoul\gangnam-gu\삼성동\index.html","서울 강남구 삼성동 장기렌트·자동차리스 가격비교 | 행복한렌트몰","서울 강남구 삼성동 장기렌트와 자동차리스 이용조건을 행복한렌트몰에서 비교하고 차량별 견적과 지역별 상담 정보를 확인해보세요.","같은 차라도 조건은 다릅니다.비교하고 더 좋은 조건을 찾으세요."
"seoul\gangnam-gu\세곡동\index.html","서울 강남구 세곡동 장기렌트·자동차리스 가격비교 | 행복한렌트몰","서울 강남구 세곡동 장기렌트와 자동차리스 이용조건을 행복한렌트몰에서 비교하고 차량별 견적과 지역별 상담 정보를 확인해보세요.","같은 차라도 조건은 다릅니다.비교하고 더 좋은 조건을 찾으세요."
"seoul\gangnam-gu\수서동\index.html","서울 강남구 수서동 장기렌트·자동차리스 가격비교 | 행복한렌트몰","서울 강남구 수서동 장기렌트와 자동차리스 이용조건을 행복한렌트몰에서 비교하고 차량별 견적과 지역별 상담 정보를 확인해보세요.","같은 차라도 조건은 다릅니다.비교하고 더 좋은 조건을 찾으세요."
"seoul\gangnam-gu\신사동\index.html","서울 강남구 신사동 장기렌트·자동차리스 가격비교 | 행복한렌트몰","서울 강남구 신사동 장기렌트와 자동차리스 이용조건을 행복한렌트몰에서 비교하고 차량별 견적과 지역별 상담 정보를 확인해보세요.","같은 차라도 조건은 다릅니다.비교하고 더 좋은 조건을 찾으세요."
"seoul\gangnam-gu\압구정동\index.html","서울 강남구 압구정동 장기렌트·자동차리스 가격비교 | 행복한렌트몰","서울 강남구 압구정동 장기렌트와 자동차리스 이용조건을 행복한렌트몰에서 비교하고 차량별 견적과 지역별 상담 정보를 확인해보세요.","같은 차라도 조건은 다릅니다.비교하고 더 좋은 조건을 찾으세요."
"seoul\gangnam-gu\역삼동\index.html","서울 강남구 역삼동 장기렌트·자동차리스 가격비교 | 행복한렌트몰","서울 강남구 역삼동 장기렌트와 자동차리스 이용조건을 행복한렌트몰에서 비교하고 차량별 견적과 지역별 상담 정보를 확인해보세요.","같은 차라도 조건은 다릅니다.비교하고 더 좋은 조건을 찾으세요."
"seoul\gangnam-gu\율현동\index.html","서울 강남구 율현동 장기렌트·자동차리스 가격비교 | 행복한렌트몰","서울 강남구 율현동 장기렌트와 자동차리스 이용조건을 행복한렌트몰에서 비교하고 차량별 견적과 지역별 상담 정보를 확인해보세요.","같은 차라도 조건은 다릅니다.비교하고 더 좋은 조건을 찾으세요."
"seoul\gangnam-gu\일원동\index.html","서울 강남구 일원동 장기렌트·자동차리스 가격비교 | 행복한렌트몰","서울 강남구 일원동 장기렌트와 자동차리스 이용조건을 행복한렌트몰에서 비교하고 차량별 견적과 지역별 상담 정보를 확인해보세요.","같은 차라도 조건은 다릅니다.비교하고 더 좋은 조건을 찾으세요."
"seoul\gangnam-gu\자곡동\index.html","서울 강남구 자곡동 장기렌트·자동차리스 가격비교 | 행복한렌트몰","서울 강남구 자곡동 장기렌트와 자동차리스 이용조건을 행복한렌트몰에서 비교하고 차량별 견적과 지역별 상담 정보를 확인해보세요.","같은 차라도 조건은 다릅니다.비교하고 더 좋은 조건을 찾으세요."
"seoul\gangnam-gu\청담동\index.html","서울 강남구 청담동 장기렌트·자동차리스 가격비교 | 행복한렌트몰","서울 강남구 청담동 장기렌트와 자동차리스 이용조건을 행복한렌트몰에서 비교하고 차량별 견적과 지역별 상담 정보를 확인해보세요.","같은 차라도 조건은 다릅니다.비교하고 더 좋은 조건을 찾으세요."
"seoul\gangseo-gu\index.html","서울 강서구 장기렌트·자동차리스 가격비교 | 행복한렌트몰","서울 강서구 장기렌트와 자동차리스 조건을 행복한렌트몰에서 비교하고 지역별 상담 정보를 확인해보세요.","같은 차라도 조건은 다릅니다.비교하고 더 좋은 조건을 찾으세요."
"seoul\gangseo-gu\가양동\index.html","서울 강서구 가양동 장기렌트·자동차리스 가격비교 | 행복한렌트몰","서울 강서구 가양동 장기렌트와 자동차리스 이용조건을 행복한렌트몰에서 비교하고 차량별 견적과 지역별 상담 정보를 확인해보세요.","같은 차라도 조건은 다릅니다.비교하고 더 좋은 조건을 찾으세요."
"seoul\gangseo-gu\개화동\index.html","서울 강서구 개화동 장기렌트·자동차리스 가격비교 | 행복한렌트몰","서울 강서구 개화동 장기렌트와 자동차리스 이용조건을 행복한렌트몰에서 비교하고 차량별 견적과 지역별 상담 정보를 확인해보세요.","같은 차라도 조건은 다릅니다.비교하고 더 좋은 조건을 찾으세요."
"seoul\gangseo-gu\공항동\index.html","서울 강서구 공항동 장기렌트·자동차리스 가격비교 | 행복한렌트몰","서울 강서구 공항동 장기렌트와 자동차리스 이용조건을 행복한렌트몰에서 비교하고 차량별 견적과 지역별 상담 정보를 확인해보세요.","같은 차라도 조건은 다릅니다.비교하고 더 좋은 조건을 찾으세요."
"seoul\gangseo-gu\과해동\index.html","서울 강서구 과해동 장기렌트·자동차리스 가격비교 | 행복한렌트몰","서울 강서구 과해동 장기렌트와 자동차리스 이용조건을 행복한렌트몰에서 비교하고 차량별 견적과 지역별 상담 정보를 확인해보세요.","같은 차라도 조건은 다릅니다.비교하고 더 좋은 조건을 찾으세요."
"seoul\gangseo-gu\내발산동\index.html","서울 강서구 내발산동 장기렌트·자동차리스 가격비교 | 행복한렌트몰","서울 강서구 내발산동 장기렌트와 자동차리스 이용조건을 행복한렌트몰에서 비교하고 차량별 견적과 지역별 상담 정보를 확인해보세요.","같은 차라도 조건은 다릅니다.비교하고 더 좋은 조건을 찾으세요."
"seoul\gangseo-gu\등촌동\index.html","서울 강서구 등촌동 장기렌트·자동차리스 가격비교 | 행복한렌트몰","서울 강서구 등촌동 장기렌트와 자동차리스 이용조건을 행복한렌트몰에서 비교하고 차량별 견적과 지역별 상담 정보를 확인해보세요.","같은 차라도 조건은 다릅니다.비교하고 더 좋은 조건을 찾으세요."
"seoul\gangseo-gu\마곡동\index.html","서울 강서구 마곡동 장기렌트·자동차리스 가격비교 | 행복한렌트몰","서울 강서구 마곡동 장기렌트와 자동차리스 이용조건을 행복한렌트몰에서 비교하고 차량별 견적과 지역별 상담 정보를 확인해보세요.","같은 차라도 조건은 다릅니다.비교하고 더 좋은 조건을 찾으세요."
"seoul\gangseo-gu\방화동\index.html","서울 강서구 방화동 장기렌트·자동차리스 가격비교 | 행복한렌트몰","서울 강서구 방화동 장기렌트와 자동차리스 이용조건을 행복한렌트몰에서 비교하고 차량별 견적과 지역별 상담 정보를 확인해보세요.","같은 차라도 조건은 다릅니다.비교하고 더 좋은 조건을 찾으세요."
"seoul\gangseo-gu\염창동\index.html","서울 강서구 염창동 장기렌트·자동차리스 가격비교 | 행복한렌트몰","서울 강서구 염창동 장기렌트와 자동차리스 이용조건을 행복한렌트몰에서 비교하고 차량별 견적과 지역별 상담 정보를 확인해보세요.","같은 차라도 조건은 다릅니다.비교하고 더 좋은 조건을 찾으세요."
"seoul\gangseo-gu\오곡동\index.html","서울 강서구 오곡동 장기렌트·자동차리스 가격비교 | 행복한렌트몰","서울 강서구 오곡동 장기렌트와 자동차리스 이용조건을 행복한렌트몰에서 비교하고 차량별 견적과 지역별 상담 정보를 확인해보세요.","같은 차라도 조건은 다릅니다.비교하고 더 좋은 조건을 찾으세요."
"seoul\gangseo-gu\오쇠동\index.html","서울 강서구 오쇠동 장기렌트·자동차리스 가격비교 | 행복한렌트몰","서울 강서구 오쇠동 장기렌트와 자동차리스 이용조건을 행복한렌트몰에서 비교하고 차량별 견적과 지역별 상담 정보를 확인해보세요.","같은 차라도 조건은 다릅니다.비교하고 더 좋은 조건을 찾으세요."
"seoul\gangseo-gu\외발산동\index.html","서울 강서구 외발산동 장기렌트·자동차리스 가격비교 | 행복한렌트몰","서울 강서구 외발산동 장기렌트와 자동차리스 이용조건을 행복한렌트몰에서 비교하고 차량별 견적과 지역별 상담 정보를 확인해보세요.","같은 차라도 조건은 다릅니다.비교하고 더 좋은 조건을 찾으세요."
"seoul\gangseo-gu\화곡동\index.html","서울 강서구 화곡동 장기렌트·자동차리스 가격비교 | 행복한렌트몰","서울 강서구 화곡동 장기렌트와 자동차리스 이용조건을 행복한렌트몰에서 비교하고 차량별 견적과 지역별 상담 정보를 확인해보세요.","같은 차라도 조건은 다릅니다.비교하고 더 좋은 조건을 찾으세요."
"seoul\geumcheon-gu\index.html","서울 금천구 장기렌트·자동차리스 가격비교 | 행복한렌트몰","서울 금천구 장기렌트와 자동차리스 조건을 행복한렌트몰에서 비교하고 지역별 상담 정보를 확인해보세요.","같은 차라도 조건은 다릅니다.비교하고 더 좋은 조건을 찾으세요."
"seoul\geumcheon-gu\가산동\index.html","서울 금천구 가산동 장기렌트·자동차리스 가격비교 | 행복한렌트몰","서울 금천구 가산동 장기렌트와 자동차리스 이용조건을 행복한렌트몰에서 비교하고 차량별 견적과 지역별 상담 정보를 확인해보세요.","같은 차라도 조건은 다릅니다.비교하고 더 좋은 조건을 찾으세요."
"seoul\geumcheon-gu\독산동\index.html","서울 금천구 독산동 장기렌트·자동차리스 가격비교 | 행복한렌트몰","서울 금천구 독산동 장기렌트와 자동차리스 이용조건을 행복한렌트몰에서 비교하고 차량별 견적과 지역별 상담 정보를 확인해보세요.","같은 차라도 조건은 다릅니다.비교하고 더 좋은 조건을 찾으세요."
"seoul\geumcheon-gu\시흥동\index.html","서울 금천구 시흥동 장기렌트·자동차리스 가격비교 | 행복한렌트몰","서울 금천구 시흥동 장기렌트와 자동차리스 이용조건을 행복한렌트몰에서 비교하고 차량별 견적과 지역별 상담 정보를 확인해보세요.","같은 차라도 조건은 다릅니다.비교하고 더 좋은 조건을 찾으세요."
"seoul\guro-gu\index.html","서울 구로구 장기렌트·자동차리스 가격비교 | 행복한렌트몰","서울 구로구 장기렌트와 자동차리스 조건을 행복한렌트몰에서 비교하고 지역별 상담 정보를 확인해보세요.","같은 차라도 조건은 다릅니다.비교하고 더 좋은 조건을 찾으세요."
"seoul\guro-gu\가리봉동\index.html","서울 구로구 가리봉동 장기렌트·자동차리스 가격비교 | 행복한렌트몰","서울 구로구 가리봉동 장기렌트와 자동차리스 이용조건을 행복한렌트몰에서 비교하고 차량별 견적과 지역별 상담 정보를 확인해보세요.","같은 차라도 조건은 다릅니다.비교하고 더 좋은 조건을 찾으세요."
"seoul\guro-gu\개봉동\index.html","서울 구로구 개봉동 장기렌트·자동차리스 가격비교 | 행복한렌트몰","서울 구로구 개봉동 장기렌트와 자동차리스 이용조건을 행복한렌트몰에서 비교하고 차량별 견적과 지역별 상담 정보를 확인해보세요.","같은 차라도 조건은 다릅니다.비교하고 더 좋은 조건을 찾으세요."
"seoul\guro-gu\고척동\index.html","서울 구로구 고척동 장기렌트·자동차리스 가격비교 | 행복한렌트몰","서울 구로구 고척동 장기렌트와 자동차리스 이용조건을 행복한렌트몰에서 비교하고 차량별 견적과 지역별 상담 정보를 확인해보세요.","같은 차라도 조건은 다릅니다.비교하고 더 좋은 조건을 찾으세요."
"seoul\guro-gu\구로동\index.html","서울 구로구 구로동 장기렌트·자동차리스 가격비교 | 행복한렌트몰","서울 구로구 구로동 장기렌트와 자동차리스 이용조건을 행복한렌트몰에서 비교하고 차량별 견적과 지역별 상담 정보를 확인해보세요.","같은 차라도 조건은 다릅니다.비교하고 더 좋은 조건을 찾으세요."
"seoul\guro-gu\궁동\index.html","서울 구로구 궁동 장기렌트·자동차리스 가격비교 | 행복한렌트몰","서울 구로구 궁동 장기렌트와 자동차리스 이용조건을 행복한렌트몰에서 비교하고 차량별 견적과 지역별 상담 정보를 확인해보세요.","같은 차라도 조건은 다릅니다.비교하고 더 좋은 조건을 찾으세요."
"seoul\guro-gu\신도림동\index.html","서울 구로구 신도림동 장기렌트·자동차리스 가격비교 | 행복한렌트몰","서울 구로구 신도림동 장기렌트와 자동차리스 이용조건을 행복한렌트몰에서 비교하고 차량별 견적과 지역별 상담 정보를 확인해보세요.","같은 차라도 조건은 다릅니다.비교하고 더 좋은 조건을 찾으세요."
"seoul\guro-gu\오류동\index.html","서울 구로구 오류동 장기렌트·자동차리스 가격비교 | 행복한렌트몰","서울 구로구 오류동 장기렌트와 자동차리스 이용조건을 행복한렌트몰에서 비교하고 차량별 견적과 지역별 상담 정보를 확인해보세요.","같은 차라도 조건은 다릅니다.비교하고 더 좋은 조건을 찾으세요."
"seoul\guro-gu\온수동\index.html","서울 구로구 온수동 장기렌트·자동차리스 가격비교 | 행복한렌트몰","서울 구로구 온수동 장기렌트와 자동차리스 이용조건을 행복한렌트몰에서 비교하고 차량별 견적과 지역별 상담 정보를 확인해보세요.","같은 차라도 조건은 다릅니다.비교하고 더 좋은 조건을 찾으세요."
"seoul\guro-gu\천왕동\index.html","서울 구로구 천왕동 장기렌트·자동차리스 가격비교 | 행복한렌트몰","서울 구로구 천왕동 장기렌트와 자동차리스 이용조건을 행복한렌트몰에서 비교하고 차량별 견적과 지역별 상담 정보를 확인해보세요.","같은 차라도 조건은 다릅니다.비교하고 더 좋은 조건을 찾으세요."
"seoul\guro-gu\항동\index.html","서울 구로구 항동 장기렌트·자동차리스 가격비교 | 행복한렌트몰","서울 구로구 항동 장기렌트와 자동차리스 이용조건을 행복한렌트몰에서 비교하고 차량별 견적과 지역별 상담 정보를 확인해보세요.","같은 차라도 조건은 다릅니다.비교하고 더 좋은 조건을 찾으세요."
"seoul\gwanak-gu\index.html","서울 관악구 장기렌트·자동차리스 가격비교 | 행복한렌트몰","서울 관악구 장기렌트와 자동차리스 조건을 행복한렌트몰에서 비교하고 지역별 상담 정보를 확인해보세요.","같은 차라도 조건은 다릅니다.비교하고 더 좋은 조건을 찾으세요."
"seoul\gwanak-gu\남현동\index.html","서울 관악구 남현동 장기렌트·자동차리스 가격비교 | 행복한렌트몰","서울 관악구 남현동 장기렌트와 자동차리스 이용조건을 행복한렌트몰에서 비교하고 차량별 견적과 지역별 상담 정보를 확인해보세요.","같은 차라도 조건은 다릅니다.비교하고 더 좋은 조건을 찾으세요."
"seoul\gwanak-gu\봉천동\index.html","서울 관악구 봉천동 장기렌트·자동차리스 가격비교 | 행복한렌트몰","서울 관악구 봉천동 장기렌트와 자동차리스 이용조건을 행복한렌트몰에서 비교하고 차량별 견적과 지역별 상담 정보를 확인해보세요.","같은 차라도 조건은 다릅니다.비교하고 더 좋은 조건을 찾으세요."
"seoul\gwanak-gu\신림동\index.html","서울 관악구 신림동 장기렌트·자동차리스 가격비교 | 행복한렌트몰","서울 관악구 신림동 장기렌트와 자동차리스 이용조건을 행복한렌트몰에서 비교하고 차량별 견적과 지역별 상담 정보를 확인해보세요.","같은 차라도 조건은 다릅니다.비교하고 더 좋은 조건을 찾으세요."
"seoul\gwangjin-gu\index.html","서울 광진구 장기렌트·자동차리스 가격비교 | 행복한렌트몰","서울 광진구 장기렌트와 자동차리스 조건을 행복한렌트몰에서 비교하고 지역별 상담 정보를 확인해보세요.","같은 차라도 조건은 다릅니다.비교하고 더 좋은 조건을 찾으세요."
"seoul\gwangjin-gu\광장동\index.html","서울 광진구 광장동 장기렌트·자동차리스 가격비교 | 행복한렌트몰","서울 광진구 광장동 장기렌트와 자동차리스 이용조건을 행복한렌트몰에서 비교하고 차량별 견적과 지역별 상담 정보를 확인해보세요.","같은 차라도 조건은 다릅니다.비교하고 더 좋은 조건을 찾으세요."
"seoul\gwangjin-gu\구의동\index.html","서울 광진구 구의동 장기렌트·자동차리스 가격비교 | 행복한렌트몰","서울 광진구 구의동 장기렌트와 자동차리스 이용조건을 행복한렌트몰에서 비교하고 차량별 견적과 지역별 상담 정보를 확인해보세요.","같은 차라도 조건은 다릅니다.비교하고 더 좋은 조건을 찾으세요."
"seoul\gwangjin-gu\군자동\index.html","서울 광진구 군자동 장기렌트·자동차리스 가격비교 | 행복한렌트몰","서울 광진구 군자동 장기렌트와 자동차리스 이용조건을 행복한렌트몰에서 비교하고 차량별 견적과 지역별 상담 정보를 확인해보세요.","같은 차라도 조건은 다릅니다.비교하고 더 좋은 조건을 찾으세요."
"seoul\gwangjin-gu\능동\index.html","서울 광진구 능동 장기렌트·자동차리스 가격비교 | 행복한렌트몰","서울 광진구 능동 장기렌트와 자동차리스 이용조건을 행복한렌트몰에서 비교하고 차량별 견적과 지역별 상담 정보를 확인해보세요.","같은 차라도 조건은 다릅니다.비교하고 더 좋은 조건을 찾으세요."
"seoul\gwangjin-gu\자양동\index.html","서울 광진구 자양동 장기렌트·자동차리스 가격비교 | 행복한렌트몰","서울 광진구 자양동 장기렌트와 자동차리스 이용조건을 행복한렌트몰에서 비교하고 차량별 견적과 지역별 상담 정보를 확인해보세요.","같은 차라도 조건은 다릅니다.비교하고 더 좋은 조건을 찾으세요."
"seoul\gwangjin-gu\중곡동\index.html","서울 광진구 중곡동 장기렌트·자동차리스 가격비교 | 행복한렌트몰","서울 광진구 중곡동 장기렌트와 자동차리스 이용조건을 행복한렌트몰에서 비교하고 차량별 견적과 지역별 상담 정보를 확인해보세요.","같은 차라도 조건은 다릅니다.비교하고 더 좋은 조건을 찾으세요."
"seoul\gwangjin-gu\화양동\index.html","서울 광진구 화양동 장기렌트·자동차리스 가격비교 | 행복한렌트몰","서울 광진구 화양동 장기렌트와 자동차리스 이용조건을 행복한렌트몰에서 비교하고 차량별 견적과 지역별 상담 정보를 확인해보세요.","같은 차라도 조건은 다릅니다.비교하고 더 좋은 조건을 찾으세요."
"seoul\jongno-gu\index.html","종로구 신차장기렌트카 견적비교 | 신차리스·할부 조건 확인","종로구에서 신차장기렌트카를 알아본다면 월 이용조건과 계약기간, 보증금 및 선납금 방식부터 비교해보세요. 청운동·신교동·효자동 등 종로구 지역별 상담 정보를 확인하고 신차리스와 할부까지 이용 목적에 맞춰 견적 조건을 살펴볼 수 있습니다.","종로구 신차장기렌트카 견적과 신차리스 조건 비교"
"seoul\jongno-gu\가회동\index.html","서울 종로구 가회동 장기렌트·자동차리스 가격비교 | 행복한렌트몰","서울 종로구 가회동 장기렌트와 자동차리스 이용조건을 행복한렌트몰에서 비교하고 차량별 견적과 지역별 상담 정보를 확인해보세요.","같은 차라도 조건은 다릅니다.비교하고 더 좋은 조건을 찾으세요."
"seoul\jongno-gu\견지동\index.html","서울 종로구 견지동 장기렌트·자동차리스 가격비교 | 행복한렌트몰","서울 종로구 견지동 장기렌트와 자동차리스 이용조건을 행복한렌트몰에서 비교하고 차량별 견적과 지역별 상담 정보를 확인해보세요.","같은 차라도 조건은 다릅니다.비교하고 더 좋은 조건을 찾으세요."
"seoul\jongno-gu\경운동\index.html","서울 종로구 경운동 장기렌트·자동차리스 가격비교 | 행복한렌트몰","서울 종로구 경운동 장기렌트와 자동차리스 이용조건을 행복한렌트몰에서 비교하고 차량별 견적과 지역별 상담 정보를 확인해보세요.","같은 차라도 조건은 다릅니다.비교하고 더 좋은 조건을 찾으세요."
"seoul\jongno-gu\계동\index.html","서울 종로구 계동 장기렌트·자동차리스 가격비교 | 행복한렌트몰","서울 종로구 계동 장기렌트와 자동차리스 이용조건을 행복한렌트몰에서 비교하고 차량별 견적과 지역별 상담 정보를 확인해보세요.","같은 차라도 조건은 다릅니다.비교하고 더 좋은 조건을 찾으세요."
"seoul\jongno-gu\공평동\index.html","서울 종로구 공평동 장기렌트·자동차리스 가격비교 | 행복한렌트몰","서울 종로구 공평동 장기렌트와 자동차리스 이용조건을 행복한렌트몰에서 비교하고 차량별 견적과 지역별 상담 정보를 확인해보세요.","같은 차라도 조건은 다릅니다.비교하고 더 좋은 조건을 찾으세요."
"seoul\jongno-gu\관수동\index.html","서울 종로구 관수동 장기렌트·자동차리스 가격비교 | 행복한렌트몰","서울 종로구 관수동 장기렌트와 자동차리스 이용조건을 행복한렌트몰에서 비교하고 차량별 견적과 지역별 상담 정보를 확인해보세요.","같은 차라도 조건은 다릅니다.비교하고 더 좋은 조건을 찾으세요."
"seoul\jongno-gu\관철동\index.html","서울 종로구 관철동 장기렌트·자동차리스 가격비교 | 행복한렌트몰","서울 종로구 관철동 장기렌트와 자동차리스 이용조건을 행복한렌트몰에서 비교하고 차량별 견적과 지역별 상담 정보를 확인해보세요.","같은 차라도 조건은 다릅니다.비교하고 더 좋은 조건을 찾으세요."
"seoul\jongno-gu\관훈동\index.html","서울 종로구 관훈동 장기렌트·자동차리스 가격비교 | 행복한렌트몰","서울 종로구 관훈동 장기렌트와 자동차리스 이용조건을 행복한렌트몰에서 비교하고 차량별 견적과 지역별 상담 정보를 확인해보세요.","같은 차라도 조건은 다릅니다.비교하고 더 좋은 조건을 찾으세요."
"seoul\jongno-gu\교남동\index.html","서울 종로구 교남동 장기렌트·자동차리스 가격비교 | 행복한렌트몰","서울 종로구 교남동 장기렌트와 자동차리스 이용조건을 행복한렌트몰에서 비교하고 차량별 견적과 지역별 상담 정보를 확인해보세요.","같은 차라도 조건은 다릅니다.비교하고 더 좋은 조건을 찾으세요."
"seoul\jongno-gu\교북동\index.html","서울 종로구 교북동 장기렌트·자동차리스 가격비교 | 행복한렌트몰","서울 종로구 교북동 장기렌트와 자동차리스 이용조건을 행복한렌트몰에서 비교하고 차량별 견적과 지역별 상담 정보를 확인해보세요.","같은 차라도 조건은 다릅니다.비교하고 더 좋은 조건을 찾으세요."
"seoul\jongno-gu\구기동\index.html","서울 종로구 구기동 장기렌트·자동차리스 가격비교 | 행복한렌트몰","서울 종로구 구기동 장기렌트와 자동차리스 이용조건을 행복한렌트몰에서 비교하고 차량별 견적과 지역별 상담 정보를 확인해보세요.","같은 차라도 조건은 다릅니다.비교하고 더 좋은 조건을 찾으세요."
"seoul\jongno-gu\궁정동\index.html","서울 종로구 궁정동 장기렌트·자동차리스 가격비교 | 행복한렌트몰","서울 종로구 궁정동 장기렌트와 자동차리스 이용조건을 행복한렌트몰에서 비교하고 차량별 견적과 지역별 상담 정보를 확인해보세요.","같은 차라도 조건은 다릅니다.비교하고 더 좋은 조건을 찾으세요."
"seoul\jongno-gu\권농동\index.html","서울 종로구 권농동 장기렌트·자동차리스 가격비교 | 행복한렌트몰","서울 종로구 권농동 장기렌트와 자동차리스 이용조건을 행복한렌트몰에서 비교하고 차량별 견적과 지역별 상담 정보를 확인해보세요.","같은 차라도 조건은 다릅니다.비교하고 더 좋은 조건을 찾으세요."
"seoul\jongno-gu\낙원동\index.html","서울 종로구 낙원동 장기렌트·자동차리스 가격비교 | 행복한렌트몰","서울 종로구 낙원동 장기렌트와 자동차리스 이용조건을 행복한렌트몰에서 비교하고 차량별 견적과 지역별 상담 정보를 확인해보세요.","같은 차라도 조건은 다릅니다.비교하고 더 좋은 조건을 찾으세요."
"seoul\jongno-gu\내수동\index.html","서울 종로구 내수동 장기렌트·자동차리스 가격비교 | 행복한렌트몰","서울 종로구 내수동 장기렌트와 자동차리스 이용조건을 행복한렌트몰에서 비교하고 차량별 견적과 지역별 상담 정보를 확인해보세요.","같은 차라도 조건은 다릅니다.비교하고 더 좋은 조건을 찾으세요."
"seoul\jongno-gu\내자동\index.html","서울 종로구 내자동 장기렌트·자동차리스 가격비교 | 행복한렌트몰","서울 종로구 내자동 장기렌트와 자동차리스 이용조건을 행복한렌트몰에서 비교하고 차량별 견적과 지역별 상담 정보를 확인해보세요.","같은 차라도 조건은 다릅니다.비교하고 더 좋은 조건을 찾으세요."
"seoul\jongno-gu\누상동\index.html","서울 종로구 누상동 장기렌트·자동차리스 가격비교 | 행복한렌트몰","서울 종로구 누상동 장기렌트와 자동차리스 이용조건을 행복한렌트몰에서 비교하고 차량별 견적과 지역별 상담 정보를 확인해보세요.","같은 차라도 조건은 다릅니다.비교하고 더 좋은 조건을 찾으세요."
"seoul\jongno-gu\누하동\index.html","서울 종로구 누하동 장기렌트·자동차리스 가격비교 | 행복한렌트몰","서울 종로구 누하동 장기렌트와 자동차리스 이용조건을 행복한렌트몰에서 비교하고 차량별 견적과 지역별 상담 정보를 확인해보세요.","같은 차라도 조건은 다릅니다.비교하고 더 좋은 조건을 찾으세요."
"seoul\jongno-gu\당주동\index.html","서울 종로구 당주동 장기렌트·자동차리스 가격비교 | 행복한렌트몰","서울 종로구 당주동 장기렌트와 자동차리스 이용조건을 행복한렌트몰에서 비교하고 차량별 견적과 지역별 상담 정보를 확인해보세요.","같은 차라도 조건은 다릅니다.비교하고 더 좋은 조건을 찾으세요."
"seoul\jongno-gu\도렴동\index.html","서울 종로구 도렴동 장기렌트·자동차리스 가격비교 | 행복한렌트몰","서울 종로구 도렴동 장기렌트와 자동차리스 이용조건을 행복한렌트몰에서 비교하고 차량별 견적과 지역별 상담 정보를 확인해보세요.","같은 차라도 조건은 다릅니다.비교하고 더 좋은 조건을 찾으세요."
"seoul\jongno-gu\돈의동\index.html","서울 종로구 돈의동 장기렌트·자동차리스 가격비교 | 행복한렌트몰","서울 종로구 돈의동 장기렌트와 자동차리스 이용조건을 행복한렌트몰에서 비교하고 차량별 견적과 지역별 상담 정보를 확인해보세요.","같은 차라도 조건은 다릅니다.비교하고 더 좋은 조건을 찾으세요."
"seoul\jongno-gu\동숭동\index.html","서울 종로구 동숭동 장기렌트·자동차리스 가격비교 | 행복한렌트몰","서울 종로구 동숭동 장기렌트와 자동차리스 이용조건을 행복한렌트몰에서 비교하고 차량별 견적과 지역별 상담 정보를 확인해보세요.","같은 차라도 조건은 다릅니다.비교하고 더 좋은 조건을 찾으세요."
"seoul\jongno-gu\묘동\index.html","서울 종로구 묘동 장기렌트·자동차리스 가격비교 | 행복한렌트몰","서울 종로구 묘동 장기렌트와 자동차리스 이용조건을 행복한렌트몰에서 비교하고 차량별 견적과 지역별 상담 정보를 확인해보세요.","같은 차라도 조건은 다릅니다.비교하고 더 좋은 조건을 찾으세요."
"seoul\jongno-gu\무악동\index.html","서울 종로구 무악동 장기렌트·자동차리스 가격비교 | 행복한렌트몰","서울 종로구 무악동 장기렌트와 자동차리스 이용조건을 행복한렌트몰에서 비교하고 차량별 견적과 지역별 상담 정보를 확인해보세요.","같은 차라도 조건은 다릅니다.비교하고 더 좋은 조건을 찾으세요."
"seoul\jongno-gu\봉익동\index.html","서울 종로구 봉익동 장기렌트·자동차리스 가격비교 | 행복한렌트몰","서울 종로구 봉익동 장기렌트와 자동차리스 이용조건을 행복한렌트몰에서 비교하고 차량별 견적과 지역별 상담 정보를 확인해보세요.","같은 차라도 조건은 다릅니다.비교하고 더 좋은 조건을 찾으세요."
"seoul\jongno-gu\부암동\index.html","서울 종로구 부암동 장기렌트·자동차리스 가격비교 | 행복한렌트몰","서울 종로구 부암동 장기렌트와 자동차리스 이용조건을 행복한렌트몰에서 비교하고 차량별 견적과 지역별 상담 정보를 확인해보세요.","같은 차라도 조건은 다릅니다.비교하고 더 좋은 조건을 찾으세요."
"seoul\jongno-gu\사간동\index.html","서울 종로구 사간동 장기렌트·자동차리스 가격비교 | 행복한렌트몰","서울 종로구 사간동 장기렌트와 자동차리스 이용조건을 행복한렌트몰에서 비교하고 차량별 견적과 지역별 상담 정보를 확인해보세요.","같은 차라도 조건은 다릅니다.비교하고 더 좋은 조건을 찾으세요."
"seoul\jongno-gu\사직동\index.html","서울 종로구 사직동 장기렌트·자동차리스 가격비교 | 행복한렌트몰","서울 종로구 사직동 장기렌트와 자동차리스 이용조건을 행복한렌트몰에서 비교하고 차량별 견적과 지역별 상담 정보를 확인해보세요.","같은 차라도 조건은 다릅니다.비교하고 더 좋은 조건을 찾으세요."
"seoul\jongno-gu\삼청동\index.html","서울 종로구 삼청동 장기렌트·자동차리스 가격비교 | 행복한렌트몰","서울 종로구 삼청동 장기렌트와 자동차리스 이용조건을 행복한렌트몰에서 비교하고 차량별 견적과 지역별 상담 정보를 확인해보세요.","같은 차라도 조건은 다릅니다.비교하고 더 좋은 조건을 찾으세요."
"seoul\jongno-gu\서린동\index.html","서울 종로구 서린동 장기렌트·자동차리스 가격비교 | 행복한렌트몰","서울 종로구 서린동 장기렌트와 자동차리스 이용조건을 행복한렌트몰에서 비교하고 차량별 견적과 지역별 상담 정보를 확인해보세요.","같은 차라도 조건은 다릅니다.비교하고 더 좋은 조건을 찾으세요."
"seoul\jongno-gu\소격동\index.html","서울 종로구 소격동 장기렌트·자동차리스 가격비교 | 행복한렌트몰","서울 종로구 소격동 장기렌트와 자동차리스 이용조건을 행복한렌트몰에서 비교하고 차량별 견적과 지역별 상담 정보를 확인해보세요.","같은 차라도 조건은 다릅니다.비교하고 더 좋은 조건을 찾으세요."
"seoul\jongno-gu\송월동\index.html","서울 종로구 송월동 장기렌트·자동차리스 가격비교 | 행복한렌트몰","서울 종로구 송월동 장기렌트와 자동차리스 이용조건을 행복한렌트몰에서 비교하고 차량별 견적과 지역별 상담 정보를 확인해보세요.","같은 차라도 조건은 다릅니다.비교하고 더 좋은 조건을 찾으세요."
"seoul\jongno-gu\송현동\index.html","서울 종로구 송현동 장기렌트·자동차리스 가격비교 | 행복한렌트몰","서울 종로구 송현동 장기렌트와 자동차리스 이용조건을 행복한렌트몰에서 비교하고 차량별 견적과 지역별 상담 정보를 확인해보세요.","같은 차라도 조건은 다릅니다.비교하고 더 좋은 조건을 찾으세요."
"seoul\jongno-gu\수송동\index.html","서울 종로구 수송동 장기렌트·자동차리스 가격비교 | 행복한렌트몰","서울 종로구 수송동 장기렌트와 자동차리스 이용조건을 행복한렌트몰에서 비교하고 차량별 견적과 지역별 상담 정보를 확인해보세요.","같은 차라도 조건은 다릅니다.비교하고 더 좋은 조건을 찾으세요."
"seoul\jongno-gu\숭인동\index.html","서울 종로구 숭인동 장기렌트·자동차리스 가격비교 | 행복한렌트몰","서울 종로구 숭인동 장기렌트와 자동차리스 이용조건을 행복한렌트몰에서 비교하고 차량별 견적과 지역별 상담 정보를 확인해보세요.","같은 차라도 조건은 다릅니다.비교하고 더 좋은 조건을 찾으세요."
"seoul\jongno-gu\신교동\index.html","서울 종로구 신교동 장기렌트·자동차리스 가격비교 | 행복한렌트몰","서울 종로구 신교동 장기렌트와 자동차리스 이용조건을 행복한렌트몰에서 비교하고 차량별 견적과 지역별 상담 정보를 확인해보세요.","같은 차라도 조건은 다릅니다.비교하고 더 좋은 조건을 찾으세요."
"seoul\jongno-gu\신영동\index.html","서울 종로구 신영동 장기렌트·자동차리스 가격비교 | 행복한렌트몰","서울 종로구 신영동 장기렌트와 자동차리스 이용조건을 행복한렌트몰에서 비교하고 차량별 견적과 지역별 상담 정보를 확인해보세요.","같은 차라도 조건은 다릅니다.비교하고 더 좋은 조건을 찾으세요."
"seoul\jongno-gu\안국동\index.html","서울 종로구 안국동 장기렌트·자동차리스 가격비교 | 행복한렌트몰","서울 종로구 안국동 장기렌트와 자동차리스 이용조건을 행복한렌트몰에서 비교하고 차량별 견적과 지역별 상담 정보를 확인해보세요.","같은 차라도 조건은 다릅니다.비교하고 더 좋은 조건을 찾으세요."
"seoul\jongno-gu\연건동\index.html","서울 종로구 연건동 장기렌트·자동차리스 가격비교 | 행복한렌트몰","서울 종로구 연건동 장기렌트와 자동차리스 이용조건을 행복한렌트몰에서 비교하고 차량별 견적과 지역별 상담 정보를 확인해보세요.","같은 차라도 조건은 다릅니다.비교하고 더 좋은 조건을 찾으세요."
"seoul\jongno-gu\연지동\index.html","서울 종로구 연지동 장기렌트·자동차리스 가격비교 | 행복한렌트몰","서울 종로구 연지동 장기렌트와 자동차리스 이용조건을 행복한렌트몰에서 비교하고 차량별 견적과 지역별 상담 정보를 확인해보세요.","같은 차라도 조건은 다릅니다.비교하고 더 좋은 조건을 찾으세요."
"seoul\jongno-gu\예지동\index.html","서울 종로구 예지동 장기렌트·자동차리스 가격비교 | 행복한렌트몰","서울 종로구 예지동 장기렌트와 자동차리스 이용조건을 행복한렌트몰에서 비교하고 차량별 견적과 지역별 상담 정보를 확인해보세요.","같은 차라도 조건은 다릅니다.비교하고 더 좋은 조건을 찾으세요."
"seoul\jongno-gu\옥인동\index.html","서울 종로구 옥인동 장기렌트·자동차리스 가격비교 | 행복한렌트몰","서울 종로구 옥인동 장기렌트와 자동차리스 이용조건을 행복한렌트몰에서 비교하고 차량별 견적과 지역별 상담 정보를 확인해보세요.","같은 차라도 조건은 다릅니다.비교하고 더 좋은 조건을 찾으세요."
"seoul\jongno-gu\와룡동\index.html","서울 종로구 와룡동 장기렌트·자동차리스 가격비교 | 행복한렌트몰","서울 종로구 와룡동 장기렌트와 자동차리스 이용조건을 행복한렌트몰에서 비교하고 차량별 견적과 지역별 상담 정보를 확인해보세요.","같은 차라도 조건은 다릅니다.비교하고 더 좋은 조건을 찾으세요."
"seoul\jongno-gu\운니동\index.html","서울 종로구 운니동 장기렌트·자동차리스 가격비교 | 행복한렌트몰","서울 종로구 운니동 장기렌트와 자동차리스 이용조건을 행복한렌트몰에서 비교하고 차량별 견적과 지역별 상담 정보를 확인해보세요.","같은 차라도 조건은 다릅니다.비교하고 더 좋은 조건을 찾으세요."
"seoul\jongno-gu\원남동\index.html","서울 종로구 원남동 장기렌트·자동차리스 가격비교 | 행복한렌트몰","서울 종로구 원남동 장기렌트와 자동차리스 이용조건을 행복한렌트몰에서 비교하고 차량별 견적과 지역별 상담 정보를 확인해보세요.","같은 차라도 조건은 다릅니다.비교하고 더 좋은 조건을 찾으세요."
"seoul\jongno-gu\원서동\index.html","서울 종로구 원서동 장기렌트·자동차리스 가격비교 | 행복한렌트몰","서울 종로구 원서동 장기렌트와 자동차리스 이용조건을 행복한렌트몰에서 비교하고 차량별 견적과 지역별 상담 정보를 확인해보세요.","같은 차라도 조건은 다릅니다.비교하고 더 좋은 조건을 찾으세요."
"seoul\jongno-gu\이화동\index.html","서울 종로구 이화동 장기렌트·자동차리스 가격비교 | 행복한렌트몰","서울 종로구 이화동 장기렌트와 자동차리스 이용조건을 행복한렌트몰에서 비교하고 차량별 견적과 지역별 상담 정보를 확인해보세요.","같은 차라도 조건은 다릅니다.비교하고 더 좋은 조건을 찾으세요."
"seoul\jongno-gu\익선동\index.html","서울 종로구 익선동 장기렌트·자동차리스 가격비교 | 행복한렌트몰","서울 종로구 익선동 장기렌트와 자동차리스 이용조건을 행복한렌트몰에서 비교하고 차량별 견적과 지역별 상담 정보를 확인해보세요.","같은 차라도 조건은 다릅니다.비교하고 더 좋은 조건을 찾으세요."
"seoul\jongno-gu\인사동\index.html","서울 종로구 인사동 장기렌트·자동차리스 가격비교 | 행복한렌트몰","서울 종로구 인사동 장기렌트와 자동차리스 이용조건을 행복한렌트몰에서 비교하고 차량별 견적과 지역별 상담 정보를 확인해보세요.","같은 차라도 조건은 다릅니다.비교하고 더 좋은 조건을 찾으세요."
"seoul\jongno-gu\인의동\index.html","서울 종로구 인의동 장기렌트·자동차리스 가격비교 | 행복한렌트몰","서울 종로구 인의동 장기렌트와 자동차리스 이용조건을 행복한렌트몰에서 비교하고 차량별 견적과 지역별 상담 정보를 확인해보세요.","같은 차라도 조건은 다릅니다.비교하고 더 좋은 조건을 찾으세요."
"seoul\jongno-gu\장사동\index.html","서울 종로구 장사동 장기렌트·자동차리스 가격비교 | 행복한렌트몰","서울 종로구 장사동 장기렌트와 자동차리스 이용조건을 행복한렌트몰에서 비교하고 차량별 견적과 지역별 상담 정보를 확인해보세요.","같은 차라도 조건은 다릅니다.비교하고 더 좋은 조건을 찾으세요."
"seoul\jongno-gu\재동\index.html","서울 종로구 재동 장기렌트·자동차리스 가격비교 | 행복한렌트몰","서울 종로구 재동 장기렌트와 자동차리스 이용조건을 행복한렌트몰에서 비교하고 차량별 견적과 지역별 상담 정보를 확인해보세요.","같은 차라도 조건은 다릅니다.비교하고 더 좋은 조건을 찾으세요."
"seoul\jongno-gu\적선동\index.html","서울 종로구 적선동 장기렌트·자동차리스 가격비교 | 행복한렌트몰","서울 종로구 적선동 장기렌트와 자동차리스 이용조건을 행복한렌트몰에서 비교하고 차량별 견적과 지역별 상담 정보를 확인해보세요.","같은 차라도 조건은 다릅니다.비교하고 더 좋은 조건을 찾으세요."
"seoul\jongno-gu\중학동\index.html","서울 종로구 중학동 장기렌트·자동차리스 가격비교 | 행복한렌트몰","서울 종로구 중학동 장기렌트와 자동차리스 이용조건을 행복한렌트몰에서 비교하고 차량별 견적과 지역별 상담 정보를 확인해보세요.","같은 차라도 조건은 다릅니다.비교하고 더 좋은 조건을 찾으세요."
"seoul\jongno-gu\창성동\index.html","서울 종로구 창성동 장기렌트·자동차리스 가격비교 | 행복한렌트몰","서울 종로구 창성동 장기렌트와 자동차리스 이용조건을 행복한렌트몰에서 비교하고 차량별 견적과 지역별 상담 정보를 확인해보세요.","같은 차라도 조건은 다릅니다.비교하고 더 좋은 조건을 찾으세요."
"seoul\jongno-gu\창신동\index.html","서울 종로구 창신동 장기렌트·자동차리스 가격비교 | 행복한렌트몰","서울 종로구 창신동 장기렌트와 자동차리스 이용조건을 행복한렌트몰에서 비교하고 차량별 견적과 지역별 상담 정보를 확인해보세요.","같은 차라도 조건은 다릅니다.비교하고 더 좋은 조건을 찾으세요."
"seoul\jongno-gu\청운동\index.html","청운동 신차장기렌트카 가격비교 | 신차리스·할부 이용조건","청운동에서 신차를 장기간 이용할 계획이라면 월 납입금뿐 아니라 계약기간, 초기비용, 연간 주행거리와 정비 조건을 함께 살펴보세요. 종로구 청운동을 기준으로 신차장기렌트카와 신차리스·할부의 차이를 비교하고 필요한 견적 조건을 확인할 수 있습니다.","청운동 신차장기렌트카 가격과 신차리스 이용조건"
"seoul\jongno-gu\청진동\index.html","서울 종로구 청진동 장기렌트·자동차리스 가격비교 | 행복한렌트몰","서울 종로구 청진동 장기렌트와 자동차리스 이용조건을 행복한렌트몰에서 비교하고 차량별 견적과 지역별 상담 정보를 확인해보세요.","같은 차라도 조건은 다릅니다.비교하고 더 좋은 조건을 찾으세요."
"seoul\jongno-gu\체부동\index.html","서울 종로구 체부동 장기렌트·자동차리스 가격비교 | 행복한렌트몰","서울 종로구 체부동 장기렌트와 자동차리스 이용조건을 행복한렌트몰에서 비교하고 차량별 견적과 지역별 상담 정보를 확인해보세요.","같은 차라도 조건은 다릅니다.비교하고 더 좋은 조건을 찾으세요."
"seoul\jongno-gu\충신동\index.html","서울 종로구 충신동 장기렌트·자동차리스 가격비교 | 행복한렌트몰","서울 종로구 충신동 장기렌트와 자동차리스 이용조건을 행복한렌트몰에서 비교하고 차량별 견적과 지역별 상담 정보를 확인해보세요.","같은 차라도 조건은 다릅니다.비교하고 더 좋은 조건을 찾으세요."
"seoul\jongno-gu\통의동\index.html","서울 종로구 통의동 장기렌트·자동차리스 가격비교 | 행복한렌트몰","서울 종로구 통의동 장기렌트와 자동차리스 이용조건을 행복한렌트몰에서 비교하고 차량별 견적과 지역별 상담 정보를 확인해보세요.","같은 차라도 조건은 다릅니다.비교하고 더 좋은 조건을 찾으세요."
"seoul\jongno-gu\통인동\index.html","서울 종로구 통인동 장기렌트·자동차리스 가격비교 | 행복한렌트몰","서울 종로구 통인동 장기렌트와 자동차리스 이용조건을 행복한렌트몰에서 비교하고 차량별 견적과 지역별 상담 정보를 확인해보세요.","같은 차라도 조건은 다릅니다.비교하고 더 좋은 조건을 찾으세요."
"seoul\jongno-gu\팔판동\index.html","서울 종로구 팔판동 장기렌트·자동차리스 가격비교 | 행복한렌트몰","서울 종로구 팔판동 장기렌트와 자동차리스 이용조건을 행복한렌트몰에서 비교하고 차량별 견적과 지역별 상담 정보를 확인해보세요.","같은 차라도 조건은 다릅니다.비교하고 더 좋은 조건을 찾으세요."
"seoul\jongno-gu\평동\index.html","서울 종로구 평동 장기렌트·자동차리스 가격비교 | 행복한렌트몰","서울 종로구 평동 장기렌트와 자동차리스 이용조건을 행복한렌트몰에서 비교하고 차량별 견적과 지역별 상담 정보를 확인해보세요.","같은 차라도 조건은 다릅니다.비교하고 더 좋은 조건을 찾으세요."
"seoul\jongno-gu\평창동\index.html","서울 종로구 평창동 장기렌트·자동차리스 가격비교 | 행복한렌트몰","서울 종로구 평창동 장기렌트와 자동차리스 이용조건을 행복한렌트몰에서 비교하고 차량별 견적과 지역별 상담 정보를 확인해보세요.","같은 차라도 조건은 다릅니다.비교하고 더 좋은 조건을 찾으세요."
"seoul\jongno-gu\필운동\index.html","서울 종로구 필운동 장기렌트·자동차리스 가격비교 | 행복한렌트몰","서울 종로구 필운동 장기렌트와 자동차리스 이용조건을 행복한렌트몰에서 비교하고 차량별 견적과 지역별 상담 정보를 확인해보세요.","같은 차라도 조건은 다릅니다.비교하고 더 좋은 조건을 찾으세요."
"seoul\jongno-gu\행촌동\index.html","서울 종로구 행촌동 장기렌트·자동차리스 가격비교 | 행복한렌트몰","서울 종로구 행촌동 장기렌트와 자동차리스 이용조건을 행복한렌트몰에서 비교하고 차량별 견적과 지역별 상담 정보를 확인해보세요.","같은 차라도 조건은 다릅니다.비교하고 더 좋은 조건을 찾으세요."
"seoul\jongno-gu\혜화동\index.html","서울 종로구 혜화동 장기렌트·자동차리스 가격비교 | 행복한렌트몰","서울 종로구 혜화동 장기렌트와 자동차리스 이용조건을 행복한렌트몰에서 비교하고 차량별 견적과 지역별 상담 정보를 확인해보세요.","같은 차라도 조건은 다릅니다.비교하고 더 좋은 조건을 찾으세요."
"seoul\jongno-gu\홍지동\index.html","서울 종로구 홍지동 장기렌트·자동차리스 가격비교 | 행복한렌트몰","서울 종로구 홍지동 장기렌트와 자동차리스 이용조건을 행복한렌트몰에서 비교하고 차량별 견적과 지역별 상담 정보를 확인해보세요.","같은 차라도 조건은 다릅니다.비교하고 더 좋은 조건을 찾으세요."
"seoul\jongno-gu\홍파동\index.html","서울 종로구 홍파동 장기렌트·자동차리스 가격비교 | 행복한렌트몰","서울 종로구 홍파동 장기렌트와 자동차리스 이용조건을 행복한렌트몰에서 비교하고 차량별 견적과 지역별 상담 정보를 확인해보세요.","같은 차라도 조건은 다릅니다.비교하고 더 좋은 조건을 찾으세요."
"seoul\jongno-gu\화동\index.html","서울 종로구 화동 장기렌트·자동차리스 가격비교 | 행복한렌트몰","서울 종로구 화동 장기렌트와 자동차리스 이용조건을 행복한렌트몰에서 비교하고 차량별 견적과 지역별 상담 정보를 확인해보세요.","같은 차라도 조건은 다릅니다.비교하고 더 좋은 조건을 찾으세요."
"seoul\jongno-gu\효자동\index.html","서울 종로구 효자동 장기렌트·자동차리스 가격비교 | 행복한렌트몰","서울 종로구 효자동 장기렌트와 자동차리스 이용조건을 행복한렌트몰에서 비교하고 차량별 견적과 지역별 상담 정보를 확인해보세요.","같은 차라도 조건은 다릅니다.비교하고 더 좋은 조건을 찾으세요."
"seoul\jongno-gu\효제동\index.html","서울 종로구 효제동 장기렌트·자동차리스 가격비교 | 행복한렌트몰","서울 종로구 효제동 장기렌트와 자동차리스 이용조건을 행복한렌트몰에서 비교하고 차량별 견적과 지역별 상담 정보를 확인해보세요.","같은 차라도 조건은 다릅니다.비교하고 더 좋은 조건을 찾으세요."
"seoul\jongno-gu\훈정동\index.html","서울 종로구 훈정동 장기렌트·자동차리스 가격비교 | 행복한렌트몰","서울 종로구 훈정동 장기렌트와 자동차리스 이용조건을 행복한렌트몰에서 비교하고 차량별 견적과 지역별 상담 정보를 확인해보세요.","같은 차라도 조건은 다릅니다.비교하고 더 좋은 조건을 찾으세요."
"seoul\jung-gu\index.html","서울 중구 장기렌트·자동차리스 가격비교 | 행복한렌트몰","서울 중구 장기렌트와 자동차리스 조건을 행복한렌트몰에서 비교하고 지역별 상담 정보를 확인해보세요.","같은 차라도 조건은 다릅니다.비교하고 더 좋은 조건을 찾으세요."
"seoul\jung-gu\남창동\index.html","서울 중구 남창동 장기렌트·자동차리스 가격비교 | 행복한렌트몰","서울 중구 남창동 장기렌트와 자동차리스 이용조건을 행복한렌트몰에서 비교하고 차량별 견적과 지역별 상담 정보를 확인해보세요.","같은 차라도 조건은 다릅니다.비교하고 더 좋은 조건을 찾으세요."
"seoul\jung-gu\남학동\index.html","서울 중구 남학동 장기렌트·자동차리스 가격비교 | 행복한렌트몰","서울 중구 남학동 장기렌트와 자동차리스 이용조건을 행복한렌트몰에서 비교하고 차량별 견적과 지역별 상담 정보를 확인해보세요.","같은 차라도 조건은 다릅니다.비교하고 더 좋은 조건을 찾으세요."
"seoul\jung-gu\다동\index.html","서울 중구 다동 장기렌트·자동차리스 가격비교 | 행복한렌트몰","서울 중구 다동 장기렌트와 자동차리스 이용조건을 행복한렌트몰에서 비교하고 차량별 견적과 지역별 상담 정보를 확인해보세요.","같은 차라도 조건은 다릅니다.비교하고 더 좋은 조건을 찾으세요."
"seoul\jung-gu\무교동\index.html","서울 중구 무교동 장기렌트·자동차리스 가격비교 | 행복한렌트몰","서울 중구 무교동 장기렌트와 자동차리스 이용조건을 행복한렌트몰에서 비교하고 차량별 견적과 지역별 상담 정보를 확인해보세요.","같은 차라도 조건은 다릅니다.비교하고 더 좋은 조건을 찾으세요."
"seoul\jung-gu\무학동\index.html","서울 중구 무학동 장기렌트·자동차리스 가격비교 | 행복한렌트몰","서울 중구 무학동 장기렌트와 자동차리스 이용조건을 행복한렌트몰에서 비교하고 차량별 견적과 지역별 상담 정보를 확인해보세요.","같은 차라도 조건은 다릅니다.비교하고 더 좋은 조건을 찾으세요."
"seoul\jung-gu\묵정동\index.html","서울 중구 묵정동 장기렌트·자동차리스 가격비교 | 행복한렌트몰","서울 중구 묵정동 장기렌트와 자동차리스 이용조건을 행복한렌트몰에서 비교하고 차량별 견적과 지역별 상담 정보를 확인해보세요.","같은 차라도 조건은 다릅니다.비교하고 더 좋은 조건을 찾으세요."
"seoul\jung-gu\방산동\index.html","서울 중구 방산동 장기렌트·자동차리스 가격비교 | 행복한렌트몰","서울 중구 방산동 장기렌트와 자동차리스 이용조건을 행복한렌트몰에서 비교하고 차량별 견적과 지역별 상담 정보를 확인해보세요.","같은 차라도 조건은 다릅니다.비교하고 더 좋은 조건을 찾으세요."
"seoul\jung-gu\북창동\index.html","서울 중구 북창동 장기렌트·자동차리스 가격비교 | 행복한렌트몰","서울 중구 북창동 장기렌트와 자동차리스 이용조건을 행복한렌트몰에서 비교하고 차량별 견적과 지역별 상담 정보를 확인해보세요.","같은 차라도 조건은 다릅니다.비교하고 더 좋은 조건을 찾으세요."
"seoul\jung-gu\산림동\index.html","서울 중구 산림동 장기렌트·자동차리스 가격비교 | 행복한렌트몰","서울 중구 산림동 장기렌트와 자동차리스 이용조건을 행복한렌트몰에서 비교하고 차량별 견적과 지역별 상담 정보를 확인해보세요.","같은 차라도 조건은 다릅니다.비교하고 더 좋은 조건을 찾으세요."
"seoul\jung-gu\삼각동\index.html","서울 중구 삼각동 장기렌트·자동차리스 가격비교 | 행복한렌트몰","서울 중구 삼각동 장기렌트와 자동차리스 이용조건을 행복한렌트몰에서 비교하고 차량별 견적과 지역별 상담 정보를 확인해보세요.","같은 차라도 조건은 다릅니다.비교하고 더 좋은 조건을 찾으세요."
"seoul\jung-gu\서소문동\index.html","서울 중구 서소문동 장기렌트·자동차리스 가격비교 | 행복한렌트몰","서울 중구 서소문동 장기렌트와 자동차리스 이용조건을 행복한렌트몰에서 비교하고 차량별 견적과 지역별 상담 정보를 확인해보세요.","같은 차라도 조건은 다릅니다.비교하고 더 좋은 조건을 찾으세요."
"seoul\jung-gu\소공동\index.html","서울 중구 소공동 장기렌트·자동차리스 가격비교 | 행복한렌트몰","서울 중구 소공동 장기렌트와 자동차리스 이용조건을 행복한렌트몰에서 비교하고 차량별 견적과 지역별 상담 정보를 확인해보세요.","같은 차라도 조건은 다릅니다.비교하고 더 좋은 조건을 찾으세요."
"seoul\jung-gu\수표동\index.html","서울 중구 수표동 장기렌트·자동차리스 가격비교 | 행복한렌트몰","서울 중구 수표동 장기렌트와 자동차리스 이용조건을 행복한렌트몰에서 비교하고 차량별 견적과 지역별 상담 정보를 확인해보세요.","같은 차라도 조건은 다릅니다.비교하고 더 좋은 조건을 찾으세요."
"seoul\jung-gu\수하동\index.html","서울 중구 수하동 장기렌트·자동차리스 가격비교 | 행복한렌트몰","서울 중구 수하동 장기렌트와 자동차리스 이용조건을 행복한렌트몰에서 비교하고 차량별 견적과 지역별 상담 정보를 확인해보세요.","같은 차라도 조건은 다릅니다.비교하고 더 좋은 조건을 찾으세요."
"seoul\jung-gu\순화동\index.html","서울 중구 순화동 장기렌트·자동차리스 가격비교 | 행복한렌트몰","서울 중구 순화동 장기렌트와 자동차리스 이용조건을 행복한렌트몰에서 비교하고 차량별 견적과 지역별 상담 정보를 확인해보세요.","같은 차라도 조건은 다릅니다.비교하고 더 좋은 조건을 찾으세요."
"seoul\jung-gu\신당동\index.html","서울 중구 신당동 장기렌트·자동차리스 가격비교 | 행복한렌트몰","서울 중구 신당동 장기렌트와 자동차리스 이용조건을 행복한렌트몰에서 비교하고 차량별 견적과 지역별 상담 정보를 확인해보세요.","같은 차라도 조건은 다릅니다.비교하고 더 좋은 조건을 찾으세요."
"seoul\jung-gu\쌍림동\index.html","서울 중구 쌍림동 장기렌트·자동차리스 가격비교 | 행복한렌트몰","서울 중구 쌍림동 장기렌트와 자동차리스 이용조건을 행복한렌트몰에서 비교하고 차량별 견적과 지역별 상담 정보를 확인해보세요.","같은 차라도 조건은 다릅니다.비교하고 더 좋은 조건을 찾으세요."
"seoul\jung-gu\예관동\index.html","서울 중구 예관동 장기렌트·자동차리스 가격비교 | 행복한렌트몰","서울 중구 예관동 장기렌트와 자동차리스 이용조건을 행복한렌트몰에서 비교하고 차량별 견적과 지역별 상담 정보를 확인해보세요.","같은 차라도 조건은 다릅니다.비교하고 더 좋은 조건을 찾으세요."
"seoul\jung-gu\예장동\index.html","서울 중구 예장동 장기렌트·자동차리스 가격비교 | 행복한렌트몰","서울 중구 예장동 장기렌트와 자동차리스 이용조건을 행복한렌트몰에서 비교하고 차량별 견적과 지역별 상담 정보를 확인해보세요.","같은 차라도 조건은 다릅니다.비교하고 더 좋은 조건을 찾으세요."
"seoul\jung-gu\오장동\index.html","서울 중구 오장동 장기렌트·자동차리스 가격비교 | 행복한렌트몰","서울 중구 오장동 장기렌트와 자동차리스 이용조건을 행복한렌트몰에서 비교하고 차량별 견적과 지역별 상담 정보를 확인해보세요.","같은 차라도 조건은 다릅니다.비교하고 더 좋은 조건을 찾으세요."
"seoul\jung-gu\입정동\index.html","서울 중구 입정동 장기렌트·자동차리스 가격비교 | 행복한렌트몰","서울 중구 입정동 장기렌트와 자동차리스 이용조건을 행복한렌트몰에서 비교하고 차량별 견적과 지역별 상담 정보를 확인해보세요.","같은 차라도 조건은 다릅니다.비교하고 더 좋은 조건을 찾으세요."
"seoul\jung-gu\장교동\index.html","서울 중구 장교동 장기렌트·자동차리스 가격비교 | 행복한렌트몰","서울 중구 장교동 장기렌트와 자동차리스 이용조건을 행복한렌트몰에서 비교하고 차량별 견적과 지역별 상담 정보를 확인해보세요.","같은 차라도 조건은 다릅니다.비교하고 더 좋은 조건을 찾으세요."
"seoul\jung-gu\정동\index.html","서울 중구 정동 장기렌트·자동차리스 가격비교 | 행복한렌트몰","서울 중구 정동 장기렌트와 자동차리스 이용조건을 행복한렌트몰에서 비교하고 차량별 견적과 지역별 상담 정보를 확인해보세요.","같은 차라도 조건은 다릅니다.비교하고 더 좋은 조건을 찾으세요."
"seoul\jung-gu\주교동\index.html","서울 중구 주교동 장기렌트·자동차리스 가격비교 | 행복한렌트몰","서울 중구 주교동 장기렌트와 자동차리스 이용조건을 행복한렌트몰에서 비교하고 차량별 견적과 지역별 상담 정보를 확인해보세요.","같은 차라도 조건은 다릅니다.비교하고 더 좋은 조건을 찾으세요."
"seoul\jung-gu\주자동\index.html","서울 중구 주자동 장기렌트·자동차리스 가격비교 | 행복한렌트몰","서울 중구 주자동 장기렌트와 자동차리스 이용조건을 행복한렌트몰에서 비교하고 차량별 견적과 지역별 상담 정보를 확인해보세요.","같은 차라도 조건은 다릅니다.비교하고 더 좋은 조건을 찾으세요."
"seoul\jung-gu\중림동\index.html","서울 중구 중림동 장기렌트·자동차리스 가격비교 | 행복한렌트몰","서울 중구 중림동 장기렌트와 자동차리스 이용조건을 행복한렌트몰에서 비교하고 차량별 견적과 지역별 상담 정보를 확인해보세요.","같은 차라도 조건은 다릅니다.비교하고 더 좋은 조건을 찾으세요."
"seoul\jung-gu\초동\index.html","서울 중구 초동 장기렌트·자동차리스 가격비교 | 행복한렌트몰","서울 중구 초동 장기렌트와 자동차리스 이용조건을 행복한렌트몰에서 비교하고 차량별 견적과 지역별 상담 정보를 확인해보세요.","같은 차라도 조건은 다릅니다.비교하고 더 좋은 조건을 찾으세요."
"seoul\jung-gu\황학동\index.html","서울 중구 황학동 장기렌트·자동차리스 가격비교 | 행복한렌트몰","서울 중구 황학동 장기렌트와 자동차리스 이용조건을 행복한렌트몰에서 비교하고 차량별 견적과 지역별 상담 정보를 확인해보세요.","같은 차라도 조건은 다릅니다.비교하고 더 좋은 조건을 찾으세요."
"seoul\jung-gu\흥인동\index.html","서울 중구 흥인동 장기렌트·자동차리스 가격비교 | 행복한렌트몰","서울 중구 흥인동 장기렌트와 자동차리스 이용조건을 행복한렌트몰에서 비교하고 차량별 견적과 지역별 상담 정보를 확인해보세요.","같은 차라도 조건은 다릅니다.비교하고 더 좋은 조건을 찾으세요."
"seoul\jungnang-gu\index.html","서울 중랑구 장기렌트·자동차리스 가격비교 | 행복한렌트몰","서울 중랑구 장기렌트와 자동차리스 조건을 행복한렌트몰에서 비교하고 지역별 상담 정보를 확인해보세요.","같은 차라도 조건은 다릅니다.비교하고 더 좋은 조건을 찾으세요."
"seoul\jungnang-gu\망우동\index.html","서울 중랑구 망우동 장기렌트·자동차리스 가격비교 | 행복한렌트몰","서울 중랑구 망우동 장기렌트와 자동차리스 이용조건을 행복한렌트몰에서 비교하고 차량별 견적과 지역별 상담 정보를 확인해보세요.","같은 차라도 조건은 다릅니다.비교하고 더 좋은 조건을 찾으세요."
"seoul\jungnang-gu\면목동\index.html","서울 중랑구 면목동 장기렌트·자동차리스 가격비교 | 행복한렌트몰","서울 중랑구 면목동 장기렌트와 자동차리스 이용조건을 행복한렌트몰에서 비교하고 차량별 견적과 지역별 상담 정보를 확인해보세요.","같은 차라도 조건은 다릅니다.비교하고 더 좋은 조건을 찾으세요."
"seoul\jungnang-gu\묵동\index.html","서울 중랑구 묵동 장기렌트·자동차리스 가격비교 | 행복한렌트몰","서울 중랑구 묵동 장기렌트와 자동차리스 이용조건을 행복한렌트몰에서 비교하고 차량별 견적과 지역별 상담 정보를 확인해보세요.","같은 차라도 조건은 다릅니다.비교하고 더 좋은 조건을 찾으세요."
"seoul\jungnang-gu\상봉동\index.html","서울 중랑구 상봉동 장기렌트·자동차리스 가격비교 | 행복한렌트몰","서울 중랑구 상봉동 장기렌트와 자동차리스 이용조건을 행복한렌트몰에서 비교하고 차량별 견적과 지역별 상담 정보를 확인해보세요.","같은 차라도 조건은 다릅니다.비교하고 더 좋은 조건을 찾으세요."
"seoul\jungnang-gu\신내동\index.html","서울 중랑구 신내동 장기렌트·자동차리스 가격비교 | 행복한렌트몰","서울 중랑구 신내동 장기렌트와 자동차리스 이용조건을 행복한렌트몰에서 비교하고 차량별 견적과 지역별 상담 정보를 확인해보세요.","같은 차라도 조건은 다릅니다.비교하고 더 좋은 조건을 찾으세요."
"seoul\jungnang-gu\중화동\index.html","서울 중랑구 중화동 장기렌트·자동차리스 가격비교 | 행복한렌트몰","서울 중랑구 중화동 장기렌트와 자동차리스 이용조건을 행복한렌트몰에서 비교하고 차량별 견적과 지역별 상담 정보를 확인해보세요.","같은 차라도 조건은 다릅니다.비교하고 더 좋은 조건을 찾으세요."
"seoul\mapo-gu\index.html","서울 마포구 장기렌트·자동차리스 가격비교 | 행복한렌트몰","서울 마포구 장기렌트와 자동차리스 조건을 행복한렌트몰에서 비교하고 지역별 상담 정보를 확인해보세요.","같은 차라도 조건은 다릅니다.비교하고 더 좋은 조건을 찾으세요."
"seoul\mapo-gu\공덕동\index.html","서울 마포구 공덕동 장기렌트·자동차리스 가격비교 | 행복한렌트몰","서울 마포구 공덕동 장기렌트와 자동차리스 이용조건을 행복한렌트몰에서 비교하고 차량별 견적과 지역별 상담 정보를 확인해보세요.","같은 차라도 조건은 다릅니다.비교하고 더 좋은 조건을 찾으세요."
"seoul\mapo-gu\구수동\index.html","서울 마포구 구수동 장기렌트·자동차리스 가격비교 | 행복한렌트몰","서울 마포구 구수동 장기렌트와 자동차리스 이용조건을 행복한렌트몰에서 비교하고 차량별 견적과 지역별 상담 정보를 확인해보세요.","같은 차라도 조건은 다릅니다.비교하고 더 좋은 조건을 찾으세요."
"seoul\mapo-gu\노고산동\index.html","서울 마포구 노고산동 장기렌트·자동차리스 가격비교 | 행복한렌트몰","서울 마포구 노고산동 장기렌트와 자동차리스 이용조건을 행복한렌트몰에서 비교하고 차량별 견적과 지역별 상담 정보를 확인해보세요.","같은 차라도 조건은 다릅니다.비교하고 더 좋은 조건을 찾으세요."
"seoul\mapo-gu\당인동\index.html","서울 마포구 당인동 장기렌트·자동차리스 가격비교 | 행복한렌트몰","서울 마포구 당인동 장기렌트와 자동차리스 이용조건을 행복한렌트몰에서 비교하고 차량별 견적과 지역별 상담 정보를 확인해보세요.","같은 차라도 조건은 다릅니다.비교하고 더 좋은 조건을 찾으세요."
"seoul\mapo-gu\대흥동\index.html","서울 마포구 대흥동 장기렌트·자동차리스 가격비교 | 행복한렌트몰","서울 마포구 대흥동 장기렌트와 자동차리스 이용조건을 행복한렌트몰에서 비교하고 차량별 견적과 지역별 상담 정보를 확인해보세요.","같은 차라도 조건은 다릅니다.비교하고 더 좋은 조건을 찾으세요."
"seoul\mapo-gu\도화동\index.html","서울 마포구 도화동 장기렌트·자동차리스 가격비교 | 행복한렌트몰","서울 마포구 도화동 장기렌트와 자동차리스 이용조건을 행복한렌트몰에서 비교하고 차량별 견적과 지역별 상담 정보를 확인해보세요.","같은 차라도 조건은 다릅니다.비교하고 더 좋은 조건을 찾으세요."
"seoul\mapo-gu\동교동\index.html","서울 마포구 동교동 장기렌트·자동차리스 가격비교 | 행복한렌트몰","서울 마포구 동교동 장기렌트와 자동차리스 이용조건을 행복한렌트몰에서 비교하고 차량별 견적과 지역별 상담 정보를 확인해보세요.","같은 차라도 조건은 다릅니다.비교하고 더 좋은 조건을 찾으세요."
"seoul\mapo-gu\마포동\index.html","서울 마포구 마포동 장기렌트·자동차리스 가격비교 | 행복한렌트몰","서울 마포구 마포동 장기렌트와 자동차리스 이용조건을 행복한렌트몰에서 비교하고 차량별 견적과 지역별 상담 정보를 확인해보세요.","같은 차라도 조건은 다릅니다.비교하고 더 좋은 조건을 찾으세요."
"seoul\mapo-gu\망원동\index.html","서울 마포구 망원동 장기렌트·자동차리스 가격비교 | 행복한렌트몰","서울 마포구 망원동 장기렌트와 자동차리스 이용조건을 행복한렌트몰에서 비교하고 차량별 견적과 지역별 상담 정보를 확인해보세요.","같은 차라도 조건은 다릅니다.비교하고 더 좋은 조건을 찾으세요."
"seoul\mapo-gu\상수동\index.html","서울 마포구 상수동 장기렌트·자동차리스 가격비교 | 행복한렌트몰","서울 마포구 상수동 장기렌트와 자동차리스 이용조건을 행복한렌트몰에서 비교하고 차량별 견적과 지역별 상담 정보를 확인해보세요.","같은 차라도 조건은 다릅니다.비교하고 더 좋은 조건을 찾으세요."
"seoul\mapo-gu\상암동\index.html","서울 마포구 상암동 장기렌트·자동차리스 가격비교 | 행복한렌트몰","서울 마포구 상암동 장기렌트와 자동차리스 이용조건을 행복한렌트몰에서 비교하고 차량별 견적과 지역별 상담 정보를 확인해보세요.","같은 차라도 조건은 다릅니다.비교하고 더 좋은 조건을 찾으세요."
"seoul\mapo-gu\서교동\index.html","서울 마포구 서교동 장기렌트·자동차리스 가격비교 | 행복한렌트몰","서울 마포구 서교동 장기렌트와 자동차리스 이용조건을 행복한렌트몰에서 비교하고 차량별 견적과 지역별 상담 정보를 확인해보세요.","같은 차라도 조건은 다릅니다.비교하고 더 좋은 조건을 찾으세요."
"seoul\mapo-gu\성산동\index.html","서울 마포구 성산동 장기렌트·자동차리스 가격비교 | 행복한렌트몰","서울 마포구 성산동 장기렌트와 자동차리스 이용조건을 행복한렌트몰에서 비교하고 차량별 견적과 지역별 상담 정보를 확인해보세요.","같은 차라도 조건은 다릅니다.비교하고 더 좋은 조건을 찾으세요."
"seoul\mapo-gu\신공덕동\index.html","서울 마포구 신공덕동 장기렌트·자동차리스 가격비교 | 행복한렌트몰","서울 마포구 신공덕동 장기렌트와 자동차리스 이용조건을 행복한렌트몰에서 비교하고 차량별 견적과 지역별 상담 정보를 확인해보세요.","같은 차라도 조건은 다릅니다.비교하고 더 좋은 조건을 찾으세요."
"seoul\mapo-gu\신수동\index.html","서울 마포구 신수동 장기렌트·자동차리스 가격비교 | 행복한렌트몰","서울 마포구 신수동 장기렌트와 자동차리스 이용조건을 행복한렌트몰에서 비교하고 차량별 견적과 지역별 상담 정보를 확인해보세요.","같은 차라도 조건은 다릅니다.비교하고 더 좋은 조건을 찾으세요."
"seoul\mapo-gu\신정동\index.html","서울 마포구 신정동 장기렌트·자동차리스 가격비교 | 행복한렌트몰","서울 마포구 신정동 장기렌트와 자동차리스 이용조건을 행복한렌트몰에서 비교하고 차량별 견적과 지역별 상담 정보를 확인해보세요.","같은 차라도 조건은 다릅니다.비교하고 더 좋은 조건을 찾으세요."
"seoul\mapo-gu\아현동\index.html","서울 마포구 아현동 장기렌트·자동차리스 가격비교 | 행복한렌트몰","서울 마포구 아현동 장기렌트와 자동차리스 이용조건을 행복한렌트몰에서 비교하고 차량별 견적과 지역별 상담 정보를 확인해보세요.","같은 차라도 조건은 다릅니다.비교하고 더 좋은 조건을 찾으세요."
"seoul\mapo-gu\연남동\index.html","서울 마포구 연남동 장기렌트·자동차리스 가격비교 | 행복한렌트몰","서울 마포구 연남동 장기렌트와 자동차리스 이용조건을 행복한렌트몰에서 비교하고 차량별 견적과 지역별 상담 정보를 확인해보세요.","같은 차라도 조건은 다릅니다.비교하고 더 좋은 조건을 찾으세요."
"seoul\mapo-gu\염리동\index.html","서울 마포구 염리동 장기렌트·자동차리스 가격비교 | 행복한렌트몰","서울 마포구 염리동 장기렌트와 자동차리스 이용조건을 행복한렌트몰에서 비교하고 차량별 견적과 지역별 상담 정보를 확인해보세요.","같은 차라도 조건은 다릅니다.비교하고 더 좋은 조건을 찾으세요."
"seoul\mapo-gu\용강동\index.html","서울 마포구 용강동 장기렌트·자동차리스 가격비교 | 행복한렌트몰","서울 마포구 용강동 장기렌트와 자동차리스 이용조건을 행복한렌트몰에서 비교하고 차량별 견적과 지역별 상담 정보를 확인해보세요.","같은 차라도 조건은 다릅니다.비교하고 더 좋은 조건을 찾으세요."
"seoul\mapo-gu\중동\index.html","서울 마포구 중동 장기렌트·자동차리스 가격비교 | 행복한렌트몰","서울 마포구 중동 장기렌트와 자동차리스 이용조건을 행복한렌트몰에서 비교하고 차량별 견적과 지역별 상담 정보를 확인해보세요.","같은 차라도 조건은 다릅니다.비교하고 더 좋은 조건을 찾으세요."
"seoul\mapo-gu\창전동\index.html","서울 마포구 창전동 장기렌트·자동차리스 가격비교 | 행복한렌트몰","서울 마포구 창전동 장기렌트와 자동차리스 이용조건을 행복한렌트몰에서 비교하고 차량별 견적과 지역별 상담 정보를 확인해보세요.","같은 차라도 조건은 다릅니다.비교하고 더 좋은 조건을 찾으세요."
"seoul\mapo-gu\토정동\index.html","서울 마포구 토정동 장기렌트·자동차리스 가격비교 | 행복한렌트몰","서울 마포구 토정동 장기렌트와 자동차리스 이용조건을 행복한렌트몰에서 비교하고 차량별 견적과 지역별 상담 정보를 확인해보세요.","같은 차라도 조건은 다릅니다.비교하고 더 좋은 조건을 찾으세요."
"seoul\mapo-gu\하중동\index.html","서울 마포구 하중동 장기렌트·자동차리스 가격비교 | 행복한렌트몰","서울 마포구 하중동 장기렌트와 자동차리스 이용조건을 행복한렌트몰에서 비교하고 차량별 견적과 지역별 상담 정보를 확인해보세요.","같은 차라도 조건은 다릅니다.비교하고 더 좋은 조건을 찾으세요."
"seoul\mapo-gu\합정동\index.html","서울 마포구 합정동 장기렌트·자동차리스 가격비교 | 행복한렌트몰","서울 마포구 합정동 장기렌트와 자동차리스 이용조건을 행복한렌트몰에서 비교하고 차량별 견적과 지역별 상담 정보를 확인해보세요.","같은 차라도 조건은 다릅니다.비교하고 더 좋은 조건을 찾으세요."
"seoul\mapo-gu\현석동\index.html","서울 마포구 현석동 장기렌트·자동차리스 가격비교 | 행복한렌트몰","서울 마포구 현석동 장기렌트와 자동차리스 이용조건을 행복한렌트몰에서 비교하고 차량별 견적과 지역별 상담 정보를 확인해보세요.","같은 차라도 조건은 다릅니다.비교하고 더 좋은 조건을 찾으세요."
"seoul\nowon-gu\index.html","서울 노원구 장기렌트·자동차리스 가격비교 | 행복한렌트몰","서울 노원구 장기렌트와 자동차리스 조건을 행복한렌트몰에서 비교하고 지역별 상담 정보를 확인해보세요.","같은 차라도 조건은 다릅니다.비교하고 더 좋은 조건을 찾으세요."
"seoul\nowon-gu\공릉동\index.html","서울 노원구 공릉동 장기렌트·자동차리스 가격비교 | 행복한렌트몰","서울 노원구 공릉동 장기렌트와 자동차리스 이용조건을 행복한렌트몰에서 비교하고 차량별 견적과 지역별 상담 정보를 확인해보세요.","같은 차라도 조건은 다릅니다.비교하고 더 좋은 조건을 찾으세요."
"seoul\nowon-gu\상계동\index.html","서울 노원구 상계동 장기렌트·자동차리스 가격비교 | 행복한렌트몰","서울 노원구 상계동 장기렌트와 자동차리스 이용조건을 행복한렌트몰에서 비교하고 차량별 견적과 지역별 상담 정보를 확인해보세요.","같은 차라도 조건은 다릅니다.비교하고 더 좋은 조건을 찾으세요."
"seoul\nowon-gu\월계동\index.html","서울 노원구 월계동 장기렌트·자동차리스 가격비교 | 행복한렌트몰","서울 노원구 월계동 장기렌트와 자동차리스 이용조건을 행복한렌트몰에서 비교하고 차량별 견적과 지역별 상담 정보를 확인해보세요.","같은 차라도 조건은 다릅니다.비교하고 더 좋은 조건을 찾으세요."
"seoul\nowon-gu\중계동\index.html","서울 노원구 중계동 장기렌트·자동차리스 가격비교 | 행복한렌트몰","서울 노원구 중계동 장기렌트와 자동차리스 이용조건을 행복한렌트몰에서 비교하고 차량별 견적과 지역별 상담 정보를 확인해보세요.","같은 차라도 조건은 다릅니다.비교하고 더 좋은 조건을 찾으세요."
"seoul\nowon-gu\하계동\index.html","서울 노원구 하계동 장기렌트·자동차리스 가격비교 | 행복한렌트몰","서울 노원구 하계동 장기렌트와 자동차리스 이용조건을 행복한렌트몰에서 비교하고 차량별 견적과 지역별 상담 정보를 확인해보세요.","같은 차라도 조건은 다릅니다.비교하고 더 좋은 조건을 찾으세요."
"seoul\seocho-gu\index.html","서울 서초구 장기렌트·자동차리스 가격비교 | 행복한렌트몰","서울 서초구 장기렌트와 자동차리스 조건을 행복한렌트몰에서 비교하고 지역별 상담 정보를 확인해보세요.","같은 차라도 조건은 다릅니다.비교하고 더 좋은 조건을 찾으세요."
"seoul\seocho-gu\내곡동\index.html","서울 서초구 내곡동 장기렌트·자동차리스 가격비교 | 행복한렌트몰","서울 서초구 내곡동 장기렌트와 자동차리스 이용조건을 행복한렌트몰에서 비교하고 차량별 견적과 지역별 상담 정보를 확인해보세요.","같은 차라도 조건은 다릅니다.비교하고 더 좋은 조건을 찾으세요."
"seoul\seocho-gu\반포동\index.html","서울 서초구 반포동 장기렌트·자동차리스 가격비교 | 행복한렌트몰","서울 서초구 반포동 장기렌트와 자동차리스 이용조건을 행복한렌트몰에서 비교하고 차량별 견적과 지역별 상담 정보를 확인해보세요.","같은 차라도 조건은 다릅니다.비교하고 더 좋은 조건을 찾으세요."
"seoul\seocho-gu\방배동\index.html","서울 서초구 방배동 장기렌트·자동차리스 가격비교 | 행복한렌트몰","서울 서초구 방배동 장기렌트와 자동차리스 이용조건을 행복한렌트몰에서 비교하고 차량별 견적과 지역별 상담 정보를 확인해보세요.","같은 차라도 조건은 다릅니다.비교하고 더 좋은 조건을 찾으세요."
"seoul\seocho-gu\서초동\index.html","서울 서초구 서초동 장기렌트·자동차리스 가격비교 | 행복한렌트몰","서울 서초구 서초동 장기렌트와 자동차리스 이용조건을 행복한렌트몰에서 비교하고 차량별 견적과 지역별 상담 정보를 확인해보세요.","같은 차라도 조건은 다릅니다.비교하고 더 좋은 조건을 찾으세요."
"seoul\seocho-gu\신원동\index.html","서울 서초구 신원동 장기렌트·자동차리스 가격비교 | 행복한렌트몰","서울 서초구 신원동 장기렌트와 자동차리스 이용조건을 행복한렌트몰에서 비교하고 차량별 견적과 지역별 상담 정보를 확인해보세요.","같은 차라도 조건은 다릅니다.비교하고 더 좋은 조건을 찾으세요."
"seoul\seocho-gu\양재동\index.html","서울 서초구 양재동 장기렌트·자동차리스 가격비교 | 행복한렌트몰","서울 서초구 양재동 장기렌트와 자동차리스 이용조건을 행복한렌트몰에서 비교하고 차량별 견적과 지역별 상담 정보를 확인해보세요.","같은 차라도 조건은 다릅니다.비교하고 더 좋은 조건을 찾으세요."
"seoul\seocho-gu\염곡동\index.html","서울 서초구 염곡동 장기렌트·자동차리스 가격비교 | 행복한렌트몰","서울 서초구 염곡동 장기렌트와 자동차리스 이용조건을 행복한렌트몰에서 비교하고 차량별 견적과 지역별 상담 정보를 확인해보세요.","같은 차라도 조건은 다릅니다.비교하고 더 좋은 조건을 찾으세요."
"seoul\seocho-gu\우면동\index.html","서울 서초구 우면동 장기렌트·자동차리스 가격비교 | 행복한렌트몰","서울 서초구 우면동 장기렌트와 자동차리스 이용조건을 행복한렌트몰에서 비교하고 차량별 견적과 지역별 상담 정보를 확인해보세요.","같은 차라도 조건은 다릅니다.비교하고 더 좋은 조건을 찾으세요."
"seoul\seocho-gu\원지동\index.html","서울 서초구 원지동 장기렌트·자동차리스 가격비교 | 행복한렌트몰","서울 서초구 원지동 장기렌트와 자동차리스 이용조건을 행복한렌트몰에서 비교하고 차량별 견적과 지역별 상담 정보를 확인해보세요.","같은 차라도 조건은 다릅니다.비교하고 더 좋은 조건을 찾으세요."
"seoul\seocho-gu\잠원동\index.html","서울 서초구 잠원동 장기렌트·자동차리스 가격비교 | 행복한렌트몰","서울 서초구 잠원동 장기렌트와 자동차리스 이용조건을 행복한렌트몰에서 비교하고 차량별 견적과 지역별 상담 정보를 확인해보세요.","같은 차라도 조건은 다릅니다.비교하고 더 좋은 조건을 찾으세요."
"seoul\seodaemun-gu\index.html","서울 서대문구 장기렌트·자동차리스 가격비교 | 행복한렌트몰","서울 서대문구 장기렌트와 자동차리스 조건을 행복한렌트몰에서 비교하고 지역별 상담 정보를 확인해보세요.","같은 차라도 조건은 다릅니다.비교하고 더 좋은 조건을 찾으세요."
"seoul\seodaemun-gu\남가좌동\index.html","서울 서대문구 남가좌동 장기렌트·자동차리스 가격비교 | 행복한렌트몰","서울 서대문구 남가좌동 장기렌트와 자동차리스 이용조건을 행복한렌트몰에서 비교하고 차량별 견적과 지역별 상담 정보를 확인해보세요.","같은 차라도 조건은 다릅니다.비교하고 더 좋은 조건을 찾으세요."
"seoul\seodaemun-gu\냉천동\index.html","서울 서대문구 냉천동 장기렌트·자동차리스 가격비교 | 행복한렌트몰","서울 서대문구 냉천동 장기렌트와 자동차리스 이용조건을 행복한렌트몰에서 비교하고 차량별 견적과 지역별 상담 정보를 확인해보세요.","같은 차라도 조건은 다릅니다.비교하고 더 좋은 조건을 찾으세요."
"seoul\seodaemun-gu\대신동\index.html","서울 서대문구 대신동 장기렌트·자동차리스 가격비교 | 행복한렌트몰","서울 서대문구 대신동 장기렌트와 자동차리스 이용조건을 행복한렌트몰에서 비교하고 차량별 견적과 지역별 상담 정보를 확인해보세요.","같은 차라도 조건은 다릅니다.비교하고 더 좋은 조건을 찾으세요."
"seoul\seodaemun-gu\대현동\index.html","서울 서대문구 대현동 장기렌트·자동차리스 가격비교 | 행복한렌트몰","서울 서대문구 대현동 장기렌트와 자동차리스 이용조건을 행복한렌트몰에서 비교하고 차량별 견적과 지역별 상담 정보를 확인해보세요.","같은 차라도 조건은 다릅니다.비교하고 더 좋은 조건을 찾으세요."
"seoul\seodaemun-gu\미근동\index.html","서울 서대문구 미근동 장기렌트·자동차리스 가격비교 | 행복한렌트몰","서울 서대문구 미근동 장기렌트와 자동차리스 이용조건을 행복한렌트몰에서 비교하고 차량별 견적과 지역별 상담 정보를 확인해보세요.","같은 차라도 조건은 다릅니다.비교하고 더 좋은 조건을 찾으세요."
"seoul\seodaemun-gu\봉원동\index.html","서울 서대문구 봉원동 장기렌트·자동차리스 가격비교 | 행복한렌트몰","서울 서대문구 봉원동 장기렌트와 자동차리스 이용조건을 행복한렌트몰에서 비교하고 차량별 견적과 지역별 상담 정보를 확인해보세요.","같은 차라도 조건은 다릅니다.비교하고 더 좋은 조건을 찾으세요."
"seoul\seodaemun-gu\북가좌동\index.html","서울 서대문구 북가좌동 장기렌트·자동차리스 가격비교 | 행복한렌트몰","서울 서대문구 북가좌동 장기렌트와 자동차리스 이용조건을 행복한렌트몰에서 비교하고 차량별 견적과 지역별 상담 정보를 확인해보세요.","같은 차라도 조건은 다릅니다.비교하고 더 좋은 조건을 찾으세요."
"seoul\seodaemun-gu\북아현동\index.html","서울 서대문구 북아현동 장기렌트·자동차리스 가격비교 | 행복한렌트몰","서울 서대문구 북아현동 장기렌트와 자동차리스 이용조건을 행복한렌트몰에서 비교하고 차량별 견적과 지역별 상담 정보를 확인해보세요.","같은 차라도 조건은 다릅니다.비교하고 더 좋은 조건을 찾으세요."
"seoul\seodaemun-gu\신촌동\index.html","서울 서대문구 신촌동 장기렌트·자동차리스 가격비교 | 행복한렌트몰","서울 서대문구 신촌동 장기렌트와 자동차리스 이용조건을 행복한렌트몰에서 비교하고 차량별 견적과 지역별 상담 정보를 확인해보세요.","같은 차라도 조건은 다릅니다.비교하고 더 좋은 조건을 찾으세요."
"seoul\seodaemun-gu\연희동\index.html","서울 서대문구 연희동 장기렌트·자동차리스 가격비교 | 행복한렌트몰","서울 서대문구 연희동 장기렌트와 자동차리스 이용조건을 행복한렌트몰에서 비교하고 차량별 견적과 지역별 상담 정보를 확인해보세요.","같은 차라도 조건은 다릅니다.비교하고 더 좋은 조건을 찾으세요."
"seoul\seodaemun-gu\영천동\index.html","서울 서대문구 영천동 장기렌트·자동차리스 가격비교 | 행복한렌트몰","서울 서대문구 영천동 장기렌트와 자동차리스 이용조건을 행복한렌트몰에서 비교하고 차량별 견적과 지역별 상담 정보를 확인해보세요.","같은 차라도 조건은 다릅니다.비교하고 더 좋은 조건을 찾으세요."
"seoul\seodaemun-gu\옥천동\index.html","서울 서대문구 옥천동 장기렌트·자동차리스 가격비교 | 행복한렌트몰","서울 서대문구 옥천동 장기렌트와 자동차리스 이용조건을 행복한렌트몰에서 비교하고 차량별 견적과 지역별 상담 정보를 확인해보세요.","같은 차라도 조건은 다릅니다.비교하고 더 좋은 조건을 찾으세요."
"seoul\seodaemun-gu\창천동\index.html","서울 서대문구 창천동 장기렌트·자동차리스 가격비교 | 행복한렌트몰","서울 서대문구 창천동 장기렌트와 자동차리스 이용조건을 행복한렌트몰에서 비교하고 차량별 견적과 지역별 상담 정보를 확인해보세요.","같은 차라도 조건은 다릅니다.비교하고 더 좋은 조건을 찾으세요."
"seoul\seodaemun-gu\천연동\index.html","서울 서대문구 천연동 장기렌트·자동차리스 가격비교 | 행복한렌트몰","서울 서대문구 천연동 장기렌트와 자동차리스 이용조건을 행복한렌트몰에서 비교하고 차량별 견적과 지역별 상담 정보를 확인해보세요.","같은 차라도 조건은 다릅니다.비교하고 더 좋은 조건을 찾으세요."
"seoul\seodaemun-gu\합동\index.html","서울 서대문구 합동 장기렌트·자동차리스 가격비교 | 행복한렌트몰","서울 서대문구 합동 장기렌트와 자동차리스 이용조건을 행복한렌트몰에서 비교하고 차량별 견적과 지역별 상담 정보를 확인해보세요.","같은 차라도 조건은 다릅니다.비교하고 더 좋은 조건을 찾으세요."
"seoul\seodaemun-gu\현저동\index.html","서울 서대문구 현저동 장기렌트·자동차리스 가격비교 | 행복한렌트몰","서울 서대문구 현저동 장기렌트와 자동차리스 이용조건을 행복한렌트몰에서 비교하고 차량별 견적과 지역별 상담 정보를 확인해보세요.","같은 차라도 조건은 다릅니다.비교하고 더 좋은 조건을 찾으세요."
"seoul\seodaemun-gu\홍은동\index.html","서울 서대문구 홍은동 장기렌트·자동차리스 가격비교 | 행복한렌트몰","서울 서대문구 홍은동 장기렌트와 자동차리스 이용조건을 행복한렌트몰에서 비교하고 차량별 견적과 지역별 상담 정보를 확인해보세요.","같은 차라도 조건은 다릅니다.비교하고 더 좋은 조건을 찾으세요."
"seoul\seodaemun-gu\홍제동\index.html","서울 서대문구 홍제동 장기렌트·자동차리스 가격비교 | 행복한렌트몰","서울 서대문구 홍제동 장기렌트와 자동차리스 이용조건을 행복한렌트몰에서 비교하고 차량별 견적과 지역별 상담 정보를 확인해보세요.","같은 차라도 조건은 다릅니다.비교하고 더 좋은 조건을 찾으세요."
"seoul\seongbuk-gu\index.html","서울 성북구 장기렌트·자동차리스 가격비교 | 행복한렌트몰","서울 성북구 장기렌트와 자동차리스 조건을 행복한렌트몰에서 비교하고 지역별 상담 정보를 확인해보세요.","같은 차라도 조건은 다릅니다.비교하고 더 좋은 조건을 찾으세요."
"seoul\seongbuk-gu\길음동\index.html","서울 성북구 길음동 장기렌트·자동차리스 가격비교 | 행복한렌트몰","서울 성북구 길음동 장기렌트와 자동차리스 이용조건을 행복한렌트몰에서 비교하고 차량별 견적과 지역별 상담 정보를 확인해보세요.","같은 차라도 조건은 다릅니다.비교하고 더 좋은 조건을 찾으세요."
"seoul\seongbuk-gu\돈암동\index.html","서울 성북구 돈암동 장기렌트·자동차리스 가격비교 | 행복한렌트몰","서울 성북구 돈암동 장기렌트와 자동차리스 이용조건을 행복한렌트몰에서 비교하고 차량별 견적과 지역별 상담 정보를 확인해보세요.","같은 차라도 조건은 다릅니다.비교하고 더 좋은 조건을 찾으세요."
"seoul\seongbuk-gu\상월곡동\index.html","서울 성북구 상월곡동 장기렌트·자동차리스 가격비교 | 행복한렌트몰","서울 성북구 상월곡동 장기렌트와 자동차리스 이용조건을 행복한렌트몰에서 비교하고 차량별 견적과 지역별 상담 정보를 확인해보세요.","같은 차라도 조건은 다릅니다.비교하고 더 좋은 조건을 찾으세요."
"seoul\seongbuk-gu\석관동\index.html","서울 성북구 석관동 장기렌트·자동차리스 가격비교 | 행복한렌트몰","서울 성북구 석관동 장기렌트와 자동차리스 이용조건을 행복한렌트몰에서 비교하고 차량별 견적과 지역별 상담 정보를 확인해보세요.","같은 차라도 조건은 다릅니다.비교하고 더 좋은 조건을 찾으세요."
"seoul\seongbuk-gu\성북동\index.html","서울 성북구 성북동 장기렌트·자동차리스 가격비교 | 행복한렌트몰","서울 성북구 성북동 장기렌트와 자동차리스 이용조건을 행복한렌트몰에서 비교하고 차량별 견적과 지역별 상담 정보를 확인해보세요.","같은 차라도 조건은 다릅니다.비교하고 더 좋은 조건을 찾으세요."
"seoul\seongbuk-gu\장위동\index.html","서울 성북구 장위동 장기렌트·자동차리스 가격비교 | 행복한렌트몰","서울 성북구 장위동 장기렌트와 자동차리스 이용조건을 행복한렌트몰에서 비교하고 차량별 견적과 지역별 상담 정보를 확인해보세요.","같은 차라도 조건은 다릅니다.비교하고 더 좋은 조건을 찾으세요."
"seoul\seongbuk-gu\정릉동\index.html","서울 성북구 정릉동 장기렌트·자동차리스 가격비교 | 행복한렌트몰","서울 성북구 정릉동 장기렌트와 자동차리스 이용조건을 행복한렌트몰에서 비교하고 차량별 견적과 지역별 상담 정보를 확인해보세요.","같은 차라도 조건은 다릅니다.비교하고 더 좋은 조건을 찾으세요."
"seoul\seongbuk-gu\종암동\index.html","서울 성북구 종암동 장기렌트·자동차리스 가격비교 | 행복한렌트몰","서울 성북구 종암동 장기렌트와 자동차리스 이용조건을 행복한렌트몰에서 비교하고 차량별 견적과 지역별 상담 정보를 확인해보세요.","같은 차라도 조건은 다릅니다.비교하고 더 좋은 조건을 찾으세요."
"seoul\seongbuk-gu\하월곡동\index.html","서울 성북구 하월곡동 장기렌트·자동차리스 가격비교 | 행복한렌트몰","서울 성북구 하월곡동 장기렌트와 자동차리스 이용조건을 행복한렌트몰에서 비교하고 차량별 견적과 지역별 상담 정보를 확인해보세요.","같은 차라도 조건은 다릅니다.비교하고 더 좋은 조건을 찾으세요."
"seoul\seongdong-gu\index.html","서울 성동구 장기렌트·자동차리스 가격비교 | 행복한렌트몰","서울 성동구 장기렌트와 자동차리스 조건을 행복한렌트몰에서 비교하고 지역별 상담 정보를 확인해보세요.","같은 차라도 조건은 다릅니다.비교하고 더 좋은 조건을 찾으세요."
"seoul\seongdong-gu\도선동\index.html","서울 성동구 도선동 장기렌트·자동차리스 가격비교 | 행복한렌트몰","서울 성동구 도선동 장기렌트와 자동차리스 이용조건을 행복한렌트몰에서 비교하고 차량별 견적과 지역별 상담 정보를 확인해보세요.","같은 차라도 조건은 다릅니다.비교하고 더 좋은 조건을 찾으세요."
"seoul\seongdong-gu\마장동\index.html","서울 성동구 마장동 장기렌트·자동차리스 가격비교 | 행복한렌트몰","서울 성동구 마장동 장기렌트와 자동차리스 이용조건을 행복한렌트몰에서 비교하고 차량별 견적과 지역별 상담 정보를 확인해보세요.","같은 차라도 조건은 다릅니다.비교하고 더 좋은 조건을 찾으세요."
"seoul\seongdong-gu\사근동\index.html","서울 성동구 사근동 장기렌트·자동차리스 가격비교 | 행복한렌트몰","서울 성동구 사근동 장기렌트와 자동차리스 이용조건을 행복한렌트몰에서 비교하고 차량별 견적과 지역별 상담 정보를 확인해보세요.","같은 차라도 조건은 다릅니다.비교하고 더 좋은 조건을 찾으세요."
"seoul\seongdong-gu\상왕십리동\index.html","서울 성동구 상왕십리동 장기렌트·자동차리스 가격비교 | 행복한렌트몰","서울 성동구 상왕십리동 장기렌트와 자동차리스 이용조건을 행복한렌트몰에서 비교하고 차량별 견적과 지역별 상담 정보를 확인해보세요.","같은 차라도 조건은 다릅니다.비교하고 더 좋은 조건을 찾으세요."
"seoul\seongdong-gu\송정동\index.html","서울 성동구 송정동 장기렌트·자동차리스 가격비교 | 행복한렌트몰","서울 성동구 송정동 장기렌트와 자동차리스 이용조건을 행복한렌트몰에서 비교하고 차량별 견적과 지역별 상담 정보를 확인해보세요.","같은 차라도 조건은 다릅니다.비교하고 더 좋은 조건을 찾으세요."
"seoul\seongdong-gu\옥수동\index.html","서울 성동구 옥수동 장기렌트·자동차리스 가격비교 | 행복한렌트몰","서울 성동구 옥수동 장기렌트와 자동차리스 이용조건을 행복한렌트몰에서 비교하고 차량별 견적과 지역별 상담 정보를 확인해보세요.","같은 차라도 조건은 다릅니다.비교하고 더 좋은 조건을 찾으세요."
"seoul\seongdong-gu\용답동\index.html","서울 성동구 용답동 장기렌트·자동차리스 가격비교 | 행복한렌트몰","서울 성동구 용답동 장기렌트와 자동차리스 이용조건을 행복한렌트몰에서 비교하고 차량별 견적과 지역별 상담 정보를 확인해보세요.","같은 차라도 조건은 다릅니다.비교하고 더 좋은 조건을 찾으세요."
"seoul\seongdong-gu\응봉동\index.html","서울 성동구 응봉동 장기렌트·자동차리스 가격비교 | 행복한렌트몰","서울 성동구 응봉동 장기렌트와 자동차리스 이용조건을 행복한렌트몰에서 비교하고 차량별 견적과 지역별 상담 정보를 확인해보세요.","같은 차라도 조건은 다릅니다.비교하고 더 좋은 조건을 찾으세요."
"seoul\seongdong-gu\하왕십리동\index.html","서울 성동구 하왕십리동 장기렌트·자동차리스 가격비교 | 행복한렌트몰","서울 성동구 하왕십리동 장기렌트와 자동차리스 이용조건을 행복한렌트몰에서 비교하고 차량별 견적과 지역별 상담 정보를 확인해보세요.","같은 차라도 조건은 다릅니다.비교하고 더 좋은 조건을 찾으세요."
"seoul\seongdong-gu\행당동\index.html","서울 성동구 행당동 장기렌트·자동차리스 가격비교 | 행복한렌트몰","서울 성동구 행당동 장기렌트와 자동차리스 이용조건을 행복한렌트몰에서 비교하고 차량별 견적과 지역별 상담 정보를 확인해보세요.","같은 차라도 조건은 다릅니다.비교하고 더 좋은 조건을 찾으세요."
"seoul\seongdong-gu\홍익동\index.html","서울 성동구 홍익동 장기렌트·자동차리스 가격비교 | 행복한렌트몰","서울 성동구 홍익동 장기렌트와 자동차리스 이용조건을 행복한렌트몰에서 비교하고 차량별 견적과 지역별 상담 정보를 확인해보세요.","같은 차라도 조건은 다릅니다.비교하고 더 좋은 조건을 찾으세요."
"seoul\songpa-gu\index.html","서울 송파구 장기렌트·자동차리스 가격비교 | 행복한렌트몰","서울 송파구 장기렌트와 자동차리스 조건을 행복한렌트몰에서 비교하고 지역별 상담 정보를 확인해보세요.","같은 차라도 조건은 다릅니다.비교하고 더 좋은 조건을 찾으세요."
"seoul\songpa-gu\가락동\index.html","서울 송파구 가락동 장기렌트·자동차리스 가격비교 | 행복한렌트몰","서울 송파구 가락동 장기렌트와 자동차리스 이용조건을 행복한렌트몰에서 비교하고 차량별 견적과 지역별 상담 정보를 확인해보세요.","같은 차라도 조건은 다릅니다.비교하고 더 좋은 조건을 찾으세요."
"seoul\songpa-gu\거여동\index.html","서울 송파구 거여동 장기렌트·자동차리스 가격비교 | 행복한렌트몰","서울 송파구 거여동 장기렌트와 자동차리스 이용조건을 행복한렌트몰에서 비교하고 차량별 견적과 지역별 상담 정보를 확인해보세요.","같은 차라도 조건은 다릅니다.비교하고 더 좋은 조건을 찾으세요."
"seoul\songpa-gu\마천동\index.html","서울 송파구 마천동 장기렌트·자동차리스 가격비교 | 행복한렌트몰","서울 송파구 마천동 장기렌트와 자동차리스 이용조건을 행복한렌트몰에서 비교하고 차량별 견적과 지역별 상담 정보를 확인해보세요.","같은 차라도 조건은 다릅니다.비교하고 더 좋은 조건을 찾으세요."
"seoul\songpa-gu\문정동\index.html","서울 송파구 문정동 장기렌트·자동차리스 가격비교 | 행복한렌트몰","서울 송파구 문정동 장기렌트와 자동차리스 이용조건을 행복한렌트몰에서 비교하고 차량별 견적과 지역별 상담 정보를 확인해보세요.","같은 차라도 조건은 다릅니다.비교하고 더 좋은 조건을 찾으세요."
"seoul\songpa-gu\방이동\index.html","서울 송파구 방이동 장기렌트·자동차리스 가격비교 | 행복한렌트몰","서울 송파구 방이동 장기렌트와 자동차리스 이용조건을 행복한렌트몰에서 비교하고 차량별 견적과 지역별 상담 정보를 확인해보세요.","같은 차라도 조건은 다릅니다.비교하고 더 좋은 조건을 찾으세요."
"seoul\songpa-gu\삼전동\index.html","서울 송파구 삼전동 장기렌트·자동차리스 가격비교 | 행복한렌트몰","서울 송파구 삼전동 장기렌트와 자동차리스 이용조건을 행복한렌트몰에서 비교하고 차량별 견적과 지역별 상담 정보를 확인해보세요.","같은 차라도 조건은 다릅니다.비교하고 더 좋은 조건을 찾으세요."
"seoul\songpa-gu\석촌동\index.html","서울 송파구 석촌동 장기렌트·자동차리스 가격비교 | 행복한렌트몰","서울 송파구 석촌동 장기렌트와 자동차리스 이용조건을 행복한렌트몰에서 비교하고 차량별 견적과 지역별 상담 정보를 확인해보세요.","같은 차라도 조건은 다릅니다.비교하고 더 좋은 조건을 찾으세요."
"seoul\songpa-gu\송파동\index.html","서울 송파구 송파동 장기렌트·자동차리스 가격비교 | 행복한렌트몰","서울 송파구 송파동 장기렌트와 자동차리스 이용조건을 행복한렌트몰에서 비교하고 차량별 견적과 지역별 상담 정보를 확인해보세요.","같은 차라도 조건은 다릅니다.비교하고 더 좋은 조건을 찾으세요."
"seoul\songpa-gu\신천동\index.html","서울 송파구 신천동 장기렌트·자동차리스 가격비교 | 행복한렌트몰","서울 송파구 신천동 장기렌트와 자동차리스 이용조건을 행복한렌트몰에서 비교하고 차량별 견적과 지역별 상담 정보를 확인해보세요.","같은 차라도 조건은 다릅니다.비교하고 더 좋은 조건을 찾으세요."
"seoul\songpa-gu\오금동\index.html","서울 송파구 오금동 장기렌트·자동차리스 가격비교 | 행복한렌트몰","서울 송파구 오금동 장기렌트와 자동차리스 이용조건을 행복한렌트몰에서 비교하고 차량별 견적과 지역별 상담 정보를 확인해보세요.","같은 차라도 조건은 다릅니다.비교하고 더 좋은 조건을 찾으세요."
"seoul\songpa-gu\잠실동\index.html","서울 송파구 잠실동 장기렌트·자동차리스 가격비교 | 행복한렌트몰","서울 송파구 잠실동 장기렌트와 자동차리스 이용조건을 행복한렌트몰에서 비교하고 차량별 견적과 지역별 상담 정보를 확인해보세요.","같은 차라도 조건은 다릅니다.비교하고 더 좋은 조건을 찾으세요."
"seoul\songpa-gu\장지동\index.html","서울 송파구 장지동 장기렌트·자동차리스 가격비교 | 행복한렌트몰","서울 송파구 장지동 장기렌트와 자동차리스 이용조건을 행복한렌트몰에서 비교하고 차량별 견적과 지역별 상담 정보를 확인해보세요.","같은 차라도 조건은 다릅니다.비교하고 더 좋은 조건을 찾으세요."
"seoul\songpa-gu\풍납동\index.html","서울 송파구 풍납동 장기렌트·자동차리스 가격비교 | 행복한렌트몰","서울 송파구 풍납동 장기렌트와 자동차리스 이용조건을 행복한렌트몰에서 비교하고 차량별 견적과 지역별 상담 정보를 확인해보세요.","같은 차라도 조건은 다릅니다.비교하고 더 좋은 조건을 찾으세요."
"seoul\yangcheon-gu\index.html","서울 양천구 장기렌트·자동차리스 가격비교 | 행복한렌트몰","서울 양천구 장기렌트와 자동차리스 조건을 행복한렌트몰에서 비교하고 지역별 상담 정보를 확인해보세요.","같은 차라도 조건은 다릅니다.비교하고 더 좋은 조건을 찾으세요."
"seoul\yangcheon-gu\목동\index.html","서울 양천구 목동 장기렌트·자동차리스 가격비교 | 행복한렌트몰","서울 양천구 목동 장기렌트와 자동차리스 이용조건을 행복한렌트몰에서 비교하고 차량별 견적과 지역별 상담 정보를 확인해보세요.","같은 차라도 조건은 다릅니다.비교하고 더 좋은 조건을 찾으세요."
"seoul\yangcheon-gu\신월동\index.html","서울 양천구 신월동 장기렌트·자동차리스 가격비교 | 행복한렌트몰","서울 양천구 신월동 장기렌트와 자동차리스 이용조건을 행복한렌트몰에서 비교하고 차량별 견적과 지역별 상담 정보를 확인해보세요.","같은 차라도 조건은 다릅니다.비교하고 더 좋은 조건을 찾으세요."
"seoul\yangcheon-gu\신정동\index.html","서울 양천구 신정동 장기렌트·자동차리스 가격비교 | 행복한렌트몰","서울 양천구 신정동 장기렌트와 자동차리스 이용조건을 행복한렌트몰에서 비교하고 차량별 견적과 지역별 상담 정보를 확인해보세요.","같은 차라도 조건은 다릅니다.비교하고 더 좋은 조건을 찾으세요."
"seoul\yeongdeungpo-gu\index.html","서울 영등포구 장기렌트·자동차리스 가격비교 | 행복한렌트몰","서울 영등포구 장기렌트와 자동차리스 조건을 행복한렌트몰에서 비교하고 지역별 상담 정보를 확인해보세요.","같은 차라도 조건은 다릅니다.비교하고 더 좋은 조건을 찾으세요."
"seoul\yeongdeungpo-gu\당산동\index.html","서울 영등포구 당산동 장기렌트·자동차리스 가격비교 | 행복한렌트몰","서울 영등포구 당산동 장기렌트와 자동차리스 이용조건을 행복한렌트몰에서 비교하고 차량별 견적과 지역별 상담 정보를 확인해보세요.","같은 차라도 조건은 다릅니다.비교하고 더 좋은 조건을 찾으세요."
"seoul\yeongdeungpo-gu\대림동\index.html","서울 영등포구 대림동 장기렌트·자동차리스 가격비교 | 행복한렌트몰","서울 영등포구 대림동 장기렌트와 자동차리스 이용조건을 행복한렌트몰에서 비교하고 차량별 견적과 지역별 상담 정보를 확인해보세요.","같은 차라도 조건은 다릅니다.비교하고 더 좋은 조건을 찾으세요."
"seoul\yeongdeungpo-gu\도림동\index.html","서울 영등포구 도림동 장기렌트·자동차리스 가격비교 | 행복한렌트몰","서울 영등포구 도림동 장기렌트와 자동차리스 이용조건을 행복한렌트몰에서 비교하고 차량별 견적과 지역별 상담 정보를 확인해보세요.","같은 차라도 조건은 다릅니다.비교하고 더 좋은 조건을 찾으세요."
"seoul\yeongdeungpo-gu\신길동\index.html","서울 영등포구 신길동 장기렌트·자동차리스 가격비교 | 행복한렌트몰","서울 영등포구 신길동 장기렌트와 자동차리스 이용조건을 행복한렌트몰에서 비교하고 차량별 견적과 지역별 상담 정보를 확인해보세요.","같은 차라도 조건은 다릅니다.비교하고 더 좋은 조건을 찾으세요."
"seoul\yeongdeungpo-gu\양평동\index.html","서울 영등포구 양평동 장기렌트·자동차리스 가격비교 | 행복한렌트몰","서울 영등포구 양평동 장기렌트와 자동차리스 이용조건을 행복한렌트몰에서 비교하고 차량별 견적과 지역별 상담 정보를 확인해보세요.","같은 차라도 조건은 다릅니다.비교하고 더 좋은 조건을 찾으세요."
"seoul\yeongdeungpo-gu\양화동\index.html","서울 영등포구 양화동 장기렌트·자동차리스 가격비교 | 행복한렌트몰","서울 영등포구 양화동 장기렌트와 자동차리스 이용조건을 행복한렌트몰에서 비교하고 차량별 견적과 지역별 상담 정보를 확인해보세요.","같은 차라도 조건은 다릅니다.비교하고 더 좋은 조건을 찾으세요."
"seoul\yeongdeungpo-gu\여의도동\index.html","서울 영등포구 여의도동 장기렌트·자동차리스 가격비교 | 행복한렌트몰","서울 영등포구 여의도동 장기렌트와 자동차리스 이용조건을 행복한렌트몰에서 비교하고 차량별 견적과 지역별 상담 정보를 확인해보세요.","같은 차라도 조건은 다릅니다.비교하고 더 좋은 조건을 찾으세요."
"seoul\yeongdeungpo-gu\영등포동\index.html","서울 영등포구 영등포동 장기렌트·자동차리스 가격비교 | 행복한렌트몰","서울 영등포구 영등포동 장기렌트와 자동차리스 이용조건을 행복한렌트몰에서 비교하고 차량별 견적과 지역별 상담 정보를 확인해보세요.","같은 차라도 조건은 다릅니다.비교하고 더 좋은 조건을 찾으세요."
"seoul\yongsan-gu\index.html","서울 용산구 장기렌트·자동차리스 가격비교 | 행복한렌트몰","서울 용산구 장기렌트와 자동차리스 조건을 행복한렌트몰에서 비교하고 지역별 상담 정보를 확인해보세요.","같은 차라도 조건은 다릅니다.비교하고 더 좋은 조건을 찾으세요."
"seoul\yongsan-gu\갈월동\index.html","서울 용산구 갈월동 장기렌트·자동차리스 가격비교 | 행복한렌트몰","서울 용산구 갈월동 장기렌트와 자동차리스 이용조건을 행복한렌트몰에서 비교하고 차량별 견적과 지역별 상담 정보를 확인해보세요.","같은 차라도 조건은 다릅니다.비교하고 더 좋은 조건을 찾으세요."
"seoul\yongsan-gu\남영동\index.html","서울 용산구 남영동 장기렌트·자동차리스 가격비교 | 행복한렌트몰","서울 용산구 남영동 장기렌트와 자동차리스 이용조건을 행복한렌트몰에서 비교하고 차량별 견적과 지역별 상담 정보를 확인해보세요.","같은 차라도 조건은 다릅니다.비교하고 더 좋은 조건을 찾으세요."
"seoul\yongsan-gu\도원동\index.html","서울 용산구 도원동 장기렌트·자동차리스 가격비교 | 행복한렌트몰","서울 용산구 도원동 장기렌트와 자동차리스 이용조건을 행복한렌트몰에서 비교하고 차량별 견적과 지역별 상담 정보를 확인해보세요.","같은 차라도 조건은 다릅니다.비교하고 더 좋은 조건을 찾으세요."
"seoul\yongsan-gu\동빙고동\index.html","서울 용산구 동빙고동 장기렌트·자동차리스 가격비교 | 행복한렌트몰","서울 용산구 동빙고동 장기렌트와 자동차리스 이용조건을 행복한렌트몰에서 비교하고 차량별 견적과 지역별 상담 정보를 확인해보세요.","같은 차라도 조건은 다릅니다.비교하고 더 좋은 조건을 찾으세요."
"seoul\yongsan-gu\동자동\index.html","서울 용산구 동자동 장기렌트·자동차리스 가격비교 | 행복한렌트몰","서울 용산구 동자동 장기렌트와 자동차리스 이용조건을 행복한렌트몰에서 비교하고 차량별 견적과 지역별 상담 정보를 확인해보세요.","같은 차라도 조건은 다릅니다.비교하고 더 좋은 조건을 찾으세요."
"seoul\yongsan-gu\문배동\index.html","서울 용산구 문배동 장기렌트·자동차리스 가격비교 | 행복한렌트몰","서울 용산구 문배동 장기렌트와 자동차리스 이용조건을 행복한렌트몰에서 비교하고 차량별 견적과 지역별 상담 정보를 확인해보세요.","같은 차라도 조건은 다릅니다.비교하고 더 좋은 조건을 찾으세요."
"seoul\yongsan-gu\보광동\index.html","서울 용산구 보광동 장기렌트·자동차리스 가격비교 | 행복한렌트몰","서울 용산구 보광동 장기렌트와 자동차리스 이용조건을 행복한렌트몰에서 비교하고 차량별 견적과 지역별 상담 정보를 확인해보세요.","같은 차라도 조건은 다릅니다.비교하고 더 좋은 조건을 찾으세요."
"seoul\yongsan-gu\산천동\index.html","서울 용산구 산천동 장기렌트·자동차리스 가격비교 | 행복한렌트몰","서울 용산구 산천동 장기렌트와 자동차리스 이용조건을 행복한렌트몰에서 비교하고 차량별 견적과 지역별 상담 정보를 확인해보세요.","같은 차라도 조건은 다릅니다.비교하고 더 좋은 조건을 찾으세요."
"seoul\yongsan-gu\서계동\index.html","서울 용산구 서계동 장기렌트·자동차리스 가격비교 | 행복한렌트몰","서울 용산구 서계동 장기렌트와 자동차리스 이용조건을 행복한렌트몰에서 비교하고 차량별 견적과 지역별 상담 정보를 확인해보세요.","같은 차라도 조건은 다릅니다.비교하고 더 좋은 조건을 찾으세요."
"seoul\yongsan-gu\서빙고동\index.html","서울 용산구 서빙고동 장기렌트·자동차리스 가격비교 | 행복한렌트몰","서울 용산구 서빙고동 장기렌트와 자동차리스 이용조건을 행복한렌트몰에서 비교하고 차량별 견적과 지역별 상담 정보를 확인해보세요.","같은 차라도 조건은 다릅니다.비교하고 더 좋은 조건을 찾으세요."
"seoul\yongsan-gu\신계동\index.html","서울 용산구 신계동 장기렌트·자동차리스 가격비교 | 행복한렌트몰","서울 용산구 신계동 장기렌트와 자동차리스 이용조건을 행복한렌트몰에서 비교하고 차량별 견적과 지역별 상담 정보를 확인해보세요.","같은 차라도 조건은 다릅니다.비교하고 더 좋은 조건을 찾으세요."
"seoul\yongsan-gu\신창동\index.html","서울 용산구 신창동 장기렌트·자동차리스 가격비교 | 행복한렌트몰","서울 용산구 신창동 장기렌트와 자동차리스 이용조건을 행복한렌트몰에서 비교하고 차량별 견적과 지역별 상담 정보를 확인해보세요.","같은 차라도 조건은 다릅니다.비교하고 더 좋은 조건을 찾으세요."
"seoul\yongsan-gu\용문동\index.html","서울 용산구 용문동 장기렌트·자동차리스 가격비교 | 행복한렌트몰","서울 용산구 용문동 장기렌트와 자동차리스 이용조건을 행복한렌트몰에서 비교하고 차량별 견적과 지역별 상담 정보를 확인해보세요.","같은 차라도 조건은 다릅니다.비교하고 더 좋은 조건을 찾으세요."
"seoul\yongsan-gu\이촌동\index.html","서울 용산구 이촌동 장기렌트·자동차리스 가격비교 | 행복한렌트몰","서울 용산구 이촌동 장기렌트와 자동차리스 이용조건을 행복한렌트몰에서 비교하고 차량별 견적과 지역별 상담 정보를 확인해보세요.","같은 차라도 조건은 다릅니다.비교하고 더 좋은 조건을 찾으세요."
"seoul\yongsan-gu\이태원동\index.html","서울 용산구 이태원동 장기렌트·자동차리스 가격비교 | 행복한렌트몰","서울 용산구 이태원동 장기렌트와 자동차리스 이용조건을 행복한렌트몰에서 비교하고 차량별 견적과 지역별 상담 정보를 확인해보세요.","같은 차라도 조건은 다릅니다.비교하고 더 좋은 조건을 찾으세요."
"seoul\yongsan-gu\주성동\index.html","서울 용산구 주성동 장기렌트·자동차리스 가격비교 | 행복한렌트몰","서울 용산구 주성동 장기렌트와 자동차리스 이용조건을 행복한렌트몰에서 비교하고 차량별 견적과 지역별 상담 정보를 확인해보세요.","같은 차라도 조건은 다릅니다.비교하고 더 좋은 조건을 찾으세요."
"seoul\yongsan-gu\청암동\index.html","서울 용산구 청암동 장기렌트·자동차리스 가격비교 | 행복한렌트몰","서울 용산구 청암동 장기렌트와 자동차리스 이용조건을 행복한렌트몰에서 비교하고 차량별 견적과 지역별 상담 정보를 확인해보세요.","같은 차라도 조건은 다릅니다.비교하고 더 좋은 조건을 찾으세요."
"seoul\yongsan-gu\한남동\index.html","서울 용산구 한남동 장기렌트·자동차리스 가격비교 | 행복한렌트몰","서울 용산구 한남동 장기렌트와 자동차리스 이용조건을 행복한렌트몰에서 비교하고 차량별 견적과 지역별 상담 정보를 확인해보세요.","같은 차라도 조건은 다릅니다.비교하고 더 좋은 조건을 찾으세요."
"seoul\yongsan-gu\효창동\index.html","서울 용산구 효창동 장기렌트·자동차리스 가격비교 | 행복한렌트몰","서울 용산구 효창동 장기렌트와 자동차리스 이용조건을 행복한렌트몰에서 비교하고 차량별 견적과 지역별 상담 정보를 확인해보세요.","같은 차라도 조건은 다릅니다.비교하고 더 좋은 조건을 찾으세요."
"seoul\yongsan-gu\후암동\index.html","서울 용산구 후암동 장기렌트·자동차리스 가격비교 | 행복한렌트몰","서울 용산구 후암동 장기렌트와 자동차리스 이용조건을 행복한렌트몰에서 비교하고 차량별 견적과 지역별 상담 정보를 확인해보세요.","같은 차라도 조건은 다릅니다.비교하고 더 좋은 조건을 찾으세요."
"ulsan\index.html","울산 장기렌트·자동차리스 가격비교 | 행복한렌트몰","울산 지역 장기렌트와 자동차리스 조건을 행복한렌트몰에서 비교하고 지역별 바로상담 정보를 확인해보세요.","같은 차라도 조건은 다릅니다.비교하고 더 좋은 조건을 찾으세요."
"ulsan\buk-gu\index.html","울산 북구 장기렌트·자동차리스 가격비교 | 행복한렌트몰","울산 북구 장기렌트와 자동차리스 조건을 행복한렌트몰에서 비교하고 지역별 상담 정보를 확인해보세요.","같은 차라도 조건은 다릅니다.비교하고 더 좋은 조건을 찾으세요."
"ulsan\buk-gu\가대동\index.html","울산 북구 가대동 장기렌트·자동차리스 가격비교 | 행복한렌트몰","울산 북구 가대동 장기렌트와 자동차리스 이용조건을 행복한렌트몰에서 비교하고 차량별 견적과 지역별 상담 정보를 확인해보세요.","같은 차라도 조건은 다릅니다.비교하고 더 좋은 조건을 찾으세요."
"ulsan\buk-gu\구유동\index.html","울산 북구 구유동 장기렌트·자동차리스 가격비교 | 행복한렌트몰","울산 북구 구유동 장기렌트와 자동차리스 이용조건을 행복한렌트몰에서 비교하고 차량별 견적과 지역별 상담 정보를 확인해보세요.","같은 차라도 조건은 다릅니다.비교하고 더 좋은 조건을 찾으세요."
"ulsan\buk-gu\달천동\index.html","울산 북구 달천동 장기렌트·자동차리스 가격비교 | 행복한렌트몰","울산 북구 달천동 장기렌트와 자동차리스 이용조건을 행복한렌트몰에서 비교하고 차량별 견적과 지역별 상담 정보를 확인해보세요.","같은 차라도 조건은 다릅니다.비교하고 더 좋은 조건을 찾으세요."
"ulsan\buk-gu\당사동\index.html","울산 북구 당사동 장기렌트·자동차리스 가격비교 | 행복한렌트몰","울산 북구 당사동 장기렌트와 자동차리스 이용조건을 행복한렌트몰에서 비교하고 차량별 견적과 지역별 상담 정보를 확인해보세요.","같은 차라도 조건은 다릅니다.비교하고 더 좋은 조건을 찾으세요."
"ulsan\buk-gu\대안동\index.html","울산 북구 대안동 장기렌트·자동차리스 가격비교 | 행복한렌트몰","울산 북구 대안동 장기렌트와 자동차리스 이용조건을 행복한렌트몰에서 비교하고 차량별 견적과 지역별 상담 정보를 확인해보세요.","같은 차라도 조건은 다릅니다.비교하고 더 좋은 조건을 찾으세요."
"ulsan\buk-gu\매곡동\index.html","울산 북구 매곡동 장기렌트·자동차리스 가격비교 | 행복한렌트몰","울산 북구 매곡동 장기렌트와 자동차리스 이용조건을 행복한렌트몰에서 비교하고 차량별 견적과 지역별 상담 정보를 확인해보세요.","같은 차라도 조건은 다릅니다.비교하고 더 좋은 조건을 찾으세요."
"ulsan\buk-gu\명촌동\index.html","울산 북구 명촌동 장기렌트·자동차리스 가격비교 | 행복한렌트몰","울산 북구 명촌동 장기렌트와 자동차리스 이용조건을 행복한렌트몰에서 비교하고 차량별 견적과 지역별 상담 정보를 확인해보세요.","같은 차라도 조건은 다릅니다.비교하고 더 좋은 조건을 찾으세요."
"ulsan\buk-gu\무룡동\index.html","울산 북구 무룡동 장기렌트·자동차리스 가격비교 | 행복한렌트몰","울산 북구 무룡동 장기렌트와 자동차리스 이용조건을 행복한렌트몰에서 비교하고 차량별 견적과 지역별 상담 정보를 확인해보세요.","같은 차라도 조건은 다릅니다.비교하고 더 좋은 조건을 찾으세요."
"ulsan\buk-gu\산하동\index.html","울산 북구 산하동 장기렌트·자동차리스 가격비교 | 행복한렌트몰","울산 북구 산하동 장기렌트와 자동차리스 이용조건을 행복한렌트몰에서 비교하고 차량별 견적과 지역별 상담 정보를 확인해보세요.","같은 차라도 조건은 다릅니다.비교하고 더 좋은 조건을 찾으세요."
"ulsan\buk-gu\상안동\index.html","울산 북구 상안동 장기렌트·자동차리스 가격비교 | 행복한렌트몰","울산 북구 상안동 장기렌트와 자동차리스 이용조건을 행복한렌트몰에서 비교하고 차량별 견적과 지역별 상담 정보를 확인해보세요.","같은 차라도 조건은 다릅니다.비교하고 더 좋은 조건을 찾으세요."
"ulsan\buk-gu\송정동\index.html","울산 북구 송정동 장기렌트·자동차리스 가격비교 | 행복한렌트몰","울산 북구 송정동 장기렌트와 자동차리스 이용조건을 행복한렌트몰에서 비교하고 차량별 견적과 지역별 상담 정보를 확인해보세요.","같은 차라도 조건은 다릅니다.비교하고 더 좋은 조건을 찾으세요."
"ulsan\buk-gu\시례동\index.html","울산 북구 시례동 장기렌트·자동차리스 가격비교 | 행복한렌트몰","울산 북구 시례동 장기렌트와 자동차리스 이용조건을 행복한렌트몰에서 비교하고 차량별 견적과 지역별 상담 정보를 확인해보세요.","같은 차라도 조건은 다릅니다.비교하고 더 좋은 조건을 찾으세요."
"ulsan\buk-gu\신명동\index.html","울산 북구 신명동 장기렌트·자동차리스 가격비교 | 행복한렌트몰","울산 북구 신명동 장기렌트와 자동차리스 이용조건을 행복한렌트몰에서 비교하고 차량별 견적과 지역별 상담 정보를 확인해보세요.","같은 차라도 조건은 다릅니다.비교하고 더 좋은 조건을 찾으세요."
"ulsan\buk-gu\신천동\index.html","울산 북구 신천동 장기렌트·자동차리스 가격비교 | 행복한렌트몰","울산 북구 신천동 장기렌트와 자동차리스 이용조건을 행복한렌트몰에서 비교하고 차량별 견적과 지역별 상담 정보를 확인해보세요.","같은 차라도 조건은 다릅니다.비교하고 더 좋은 조건을 찾으세요."
"ulsan\buk-gu\신현동\index.html","울산 북구 신현동 장기렌트·자동차리스 가격비교 | 행복한렌트몰","울산 북구 신현동 장기렌트와 자동차리스 이용조건을 행복한렌트몰에서 비교하고 차량별 견적과 지역별 상담 정보를 확인해보세요.","같은 차라도 조건은 다릅니다.비교하고 더 좋은 조건을 찾으세요."
"ulsan\buk-gu\양정동\index.html","울산 북구 양정동 장기렌트·자동차리스 가격비교 | 행복한렌트몰","울산 북구 양정동 장기렌트와 자동차리스 이용조건을 행복한렌트몰에서 비교하고 차량별 견적과 지역별 상담 정보를 확인해보세요.","같은 차라도 조건은 다릅니다.비교하고 더 좋은 조건을 찾으세요."
"ulsan\buk-gu\어물동\index.html","울산 북구 어물동 장기렌트·자동차리스 가격비교 | 행복한렌트몰","울산 북구 어물동 장기렌트와 자동차리스 이용조건을 행복한렌트몰에서 비교하고 차량별 견적과 지역별 상담 정보를 확인해보세요.","같은 차라도 조건은 다릅니다.비교하고 더 좋은 조건을 찾으세요."
"ulsan\buk-gu\연암동\index.html","울산 북구 연암동 장기렌트·자동차리스 가격비교 | 행복한렌트몰","울산 북구 연암동 장기렌트와 자동차리스 이용조건을 행복한렌트몰에서 비교하고 차량별 견적과 지역별 상담 정보를 확인해보세요.","같은 차라도 조건은 다릅니다.비교하고 더 좋은 조건을 찾으세요."
"ulsan\buk-gu\염포동\index.html","울산 북구 염포동 장기렌트·자동차리스 가격비교 | 행복한렌트몰","울산 북구 염포동 장기렌트와 자동차리스 이용조건을 행복한렌트몰에서 비교하고 차량별 견적과 지역별 상담 정보를 확인해보세요.","같은 차라도 조건은 다릅니다.비교하고 더 좋은 조건을 찾으세요."
"ulsan\buk-gu\정자동\index.html","울산 북구 정자동 장기렌트·자동차리스 가격비교 | 행복한렌트몰","울산 북구 정자동 장기렌트와 자동차리스 이용조건을 행복한렌트몰에서 비교하고 차량별 견적과 지역별 상담 정보를 확인해보세요.","같은 차라도 조건은 다릅니다.비교하고 더 좋은 조건을 찾으세요."
"ulsan\buk-gu\중산동\index.html","울산 북구 중산동 장기렌트·자동차리스 가격비교 | 행복한렌트몰","울산 북구 중산동 장기렌트와 자동차리스 이용조건을 행복한렌트몰에서 비교하고 차량별 견적과 지역별 상담 정보를 확인해보세요.","같은 차라도 조건은 다릅니다.비교하고 더 좋은 조건을 찾으세요."
"ulsan\buk-gu\진장동\index.html","울산 북구 진장동 장기렌트·자동차리스 가격비교 | 행복한렌트몰","울산 북구 진장동 장기렌트와 자동차리스 이용조건을 행복한렌트몰에서 비교하고 차량별 견적과 지역별 상담 정보를 확인해보세요.","같은 차라도 조건은 다릅니다.비교하고 더 좋은 조건을 찾으세요."
"ulsan\buk-gu\창평동\index.html","울산 북구 창평동 장기렌트·자동차리스 가격비교 | 행복한렌트몰","울산 북구 창평동 장기렌트와 자동차리스 이용조건을 행복한렌트몰에서 비교하고 차량별 견적과 지역별 상담 정보를 확인해보세요.","같은 차라도 조건은 다릅니다.비교하고 더 좋은 조건을 찾으세요."
"ulsan\buk-gu\천곡동\index.html","울산 북구 천곡동 장기렌트·자동차리스 가격비교 | 행복한렌트몰","울산 북구 천곡동 장기렌트와 자동차리스 이용조건을 행복한렌트몰에서 비교하고 차량별 견적과 지역별 상담 정보를 확인해보세요.","같은 차라도 조건은 다릅니다.비교하고 더 좋은 조건을 찾으세요."
"ulsan\buk-gu\호계동\index.html","울산 북구 호계동 장기렌트·자동차리스 가격비교 | 행복한렌트몰","울산 북구 호계동 장기렌트와 자동차리스 이용조건을 행복한렌트몰에서 비교하고 차량별 견적과 지역별 상담 정보를 확인해보세요.","같은 차라도 조건은 다릅니다.비교하고 더 좋은 조건을 찾으세요."
"ulsan\buk-gu\화봉동\index.html","울산 북구 화봉동 장기렌트·자동차리스 가격비교 | 행복한렌트몰","울산 북구 화봉동 장기렌트와 자동차리스 이용조건을 행복한렌트몰에서 비교하고 차량별 견적과 지역별 상담 정보를 확인해보세요.","같은 차라도 조건은 다릅니다.비교하고 더 좋은 조건을 찾으세요."
"ulsan\buk-gu\효문동\index.html","울산 북구 효문동 장기렌트·자동차리스 가격비교 | 행복한렌트몰","울산 북구 효문동 장기렌트와 자동차리스 이용조건을 행복한렌트몰에서 비교하고 차량별 견적과 지역별 상담 정보를 확인해보세요.","같은 차라도 조건은 다릅니다.비교하고 더 좋은 조건을 찾으세요."
"ulsan\dong-gu\index.html","울산 동구 장기렌트·자동차리스 가격비교 | 행복한렌트몰","울산 동구 장기렌트와 자동차리스 조건을 행복한렌트몰에서 비교하고 지역별 상담 정보를 확인해보세요.","같은 차라도 조건은 다릅니다.비교하고 더 좋은 조건을 찾으세요."
"ulsan\dong-gu\동부동\index.html","울산 동구 동부동 장기렌트·자동차리스 가격비교 | 행복한렌트몰","울산 동구 동부동 장기렌트와 자동차리스 이용조건을 행복한렌트몰에서 비교하고 차량별 견적과 지역별 상담 정보를 확인해보세요.","같은 차라도 조건은 다릅니다.비교하고 더 좋은 조건을 찾으세요."
"ulsan\dong-gu\미포동\index.html","울산 동구 미포동 장기렌트·자동차리스 가격비교 | 행복한렌트몰","울산 동구 미포동 장기렌트와 자동차리스 이용조건을 행복한렌트몰에서 비교하고 차량별 견적과 지역별 상담 정보를 확인해보세요.","같은 차라도 조건은 다릅니다.비교하고 더 좋은 조건을 찾으세요."
"ulsan\dong-gu\방어동\index.html","울산 동구 방어동 장기렌트·자동차리스 가격비교 | 행복한렌트몰","울산 동구 방어동 장기렌트와 자동차리스 이용조건을 행복한렌트몰에서 비교하고 차량별 견적과 지역별 상담 정보를 확인해보세요.","같은 차라도 조건은 다릅니다.비교하고 더 좋은 조건을 찾으세요."
"ulsan\dong-gu\서부동\index.html","울산 동구 서부동 장기렌트·자동차리스 가격비교 | 행복한렌트몰","울산 동구 서부동 장기렌트와 자동차리스 이용조건을 행복한렌트몰에서 비교하고 차량별 견적과 지역별 상담 정보를 확인해보세요.","같은 차라도 조건은 다릅니다.비교하고 더 좋은 조건을 찾으세요."
"ulsan\dong-gu\일산동\index.html","울산 동구 일산동 장기렌트·자동차리스 가격비교 | 행복한렌트몰","울산 동구 일산동 장기렌트와 자동차리스 이용조건을 행복한렌트몰에서 비교하고 차량별 견적과 지역별 상담 정보를 확인해보세요.","같은 차라도 조건은 다릅니다.비교하고 더 좋은 조건을 찾으세요."
"ulsan\dong-gu\전하동\index.html","울산 동구 전하동 장기렌트·자동차리스 가격비교 | 행복한렌트몰","울산 동구 전하동 장기렌트와 자동차리스 이용조건을 행복한렌트몰에서 비교하고 차량별 견적과 지역별 상담 정보를 확인해보세요.","같은 차라도 조건은 다릅니다.비교하고 더 좋은 조건을 찾으세요."
"ulsan\dong-gu\주전동\index.html","울산 동구 주전동 장기렌트·자동차리스 가격비교 | 행복한렌트몰","울산 동구 주전동 장기렌트와 자동차리스 이용조건을 행복한렌트몰에서 비교하고 차량별 견적과 지역별 상담 정보를 확인해보세요.","같은 차라도 조건은 다릅니다.비교하고 더 좋은 조건을 찾으세요."
"ulsan\dong-gu\화정동\index.html","울산 동구 화정동 장기렌트·자동차리스 가격비교 | 행복한렌트몰","울산 동구 화정동 장기렌트와 자동차리스 이용조건을 행복한렌트몰에서 비교하고 차량별 견적과 지역별 상담 정보를 확인해보세요.","같은 차라도 조건은 다릅니다.비교하고 더 좋은 조건을 찾으세요."
"ulsan\jung-gu\index.html","울산 중구 장기렌트·자동차리스 가격비교 | 행복한렌트몰","울산 중구 장기렌트와 자동차리스 조건을 행복한렌트몰에서 비교하고 지역별 상담 정보를 확인해보세요.","같은 차라도 조건은 다릅니다.비교하고 더 좋은 조건을 찾으세요."
"ulsan\jung-gu\교동\index.html","울산 중구 교동 장기렌트·자동차리스 가격비교 | 행복한렌트몰","울산 중구 교동 장기렌트와 자동차리스 이용조건을 행복한렌트몰에서 비교하고 차량별 견적과 지역별 상담 정보를 확인해보세요.","같은 차라도 조건은 다릅니다.비교하고 더 좋은 조건을 찾으세요."
"ulsan\jung-gu\남외동\index.html","울산 중구 남외동 장기렌트·자동차리스 가격비교 | 행복한렌트몰","울산 중구 남외동 장기렌트와 자동차리스 이용조건을 행복한렌트몰에서 비교하고 차량별 견적과 지역별 상담 정보를 확인해보세요.","같은 차라도 조건은 다릅니다.비교하고 더 좋은 조건을 찾으세요."
"ulsan\jung-gu\다운동\index.html","울산 중구 다운동 장기렌트·자동차리스 가격비교 | 행복한렌트몰","울산 중구 다운동 장기렌트와 자동차리스 이용조건을 행복한렌트몰에서 비교하고 차량별 견적과 지역별 상담 정보를 확인해보세요.","같은 차라도 조건은 다릅니다.비교하고 더 좋은 조건을 찾으세요."
"ulsan\jung-gu\동동\index.html","울산 중구 동동 장기렌트·자동차리스 가격비교 | 행복한렌트몰","울산 중구 동동 장기렌트와 자동차리스 이용조건을 행복한렌트몰에서 비교하고 차량별 견적과 지역별 상담 정보를 확인해보세요.","같은 차라도 조건은 다릅니다.비교하고 더 좋은 조건을 찾으세요."
"ulsan\jung-gu\반구동\index.html","울산 중구 반구동 장기렌트·자동차리스 가격비교 | 행복한렌트몰","울산 중구 반구동 장기렌트와 자동차리스 이용조건을 행복한렌트몰에서 비교하고 차량별 견적과 지역별 상담 정보를 확인해보세요.","같은 차라도 조건은 다릅니다.비교하고 더 좋은 조건을 찾으세요."
"ulsan\jung-gu\복산동\index.html","울산 중구 복산동 장기렌트·자동차리스 가격비교 | 행복한렌트몰","울산 중구 복산동 장기렌트와 자동차리스 이용조건을 행복한렌트몰에서 비교하고 차량별 견적과 지역별 상담 정보를 확인해보세요.","같은 차라도 조건은 다릅니다.비교하고 더 좋은 조건을 찾으세요."
"ulsan\jung-gu\북정동\index.html","울산 중구 북정동 장기렌트·자동차리스 가격비교 | 행복한렌트몰","울산 중구 북정동 장기렌트와 자동차리스 이용조건을 행복한렌트몰에서 비교하고 차량별 견적과 지역별 상담 정보를 확인해보세요.","같은 차라도 조건은 다릅니다.비교하고 더 좋은 조건을 찾으세요."
"ulsan\jung-gu\서동\index.html","울산 중구 서동 장기렌트·자동차리스 가격비교 | 행복한렌트몰","울산 중구 서동 장기렌트와 자동차리스 이용조건을 행복한렌트몰에서 비교하고 차량별 견적과 지역별 상담 정보를 확인해보세요.","같은 차라도 조건은 다릅니다.비교하고 더 좋은 조건을 찾으세요."
"ulsan\jung-gu\성남동\index.html","울산 중구 성남동 장기렌트·자동차리스 가격비교 | 행복한렌트몰","울산 중구 성남동 장기렌트와 자동차리스 이용조건을 행복한렌트몰에서 비교하고 차량별 견적과 지역별 상담 정보를 확인해보세요.","같은 차라도 조건은 다릅니다.비교하고 더 좋은 조건을 찾으세요."
"ulsan\jung-gu\성안동\index.html","울산 중구 성안동 장기렌트·자동차리스 가격비교 | 행복한렌트몰","울산 중구 성안동 장기렌트와 자동차리스 이용조건을 행복한렌트몰에서 비교하고 차량별 견적과 지역별 상담 정보를 확인해보세요.","같은 차라도 조건은 다릅니다.비교하고 더 좋은 조건을 찾으세요."
"ulsan\jung-gu\약사동\index.html","울산 중구 약사동 장기렌트·자동차리스 가격비교 | 행복한렌트몰","울산 중구 약사동 장기렌트와 자동차리스 이용조건을 행복한렌트몰에서 비교하고 차량별 견적과 지역별 상담 정보를 확인해보세요.","같은 차라도 조건은 다릅니다.비교하고 더 좋은 조건을 찾으세요."
"ulsan\jung-gu\옥교동\index.html","울산 중구 옥교동 장기렌트·자동차리스 가격비교 | 행복한렌트몰","울산 중구 옥교동 장기렌트와 자동차리스 이용조건을 행복한렌트몰에서 비교하고 차량별 견적과 지역별 상담 정보를 확인해보세요.","같은 차라도 조건은 다릅니다.비교하고 더 좋은 조건을 찾으세요."
"ulsan\jung-gu\우정동\index.html","울산 중구 우정동 장기렌트·자동차리스 가격비교 | 행복한렌트몰","울산 중구 우정동 장기렌트와 자동차리스 이용조건을 행복한렌트몰에서 비교하고 차량별 견적과 지역별 상담 정보를 확인해보세요.","같은 차라도 조건은 다릅니다.비교하고 더 좋은 조건을 찾으세요."
"ulsan\jung-gu\유곡동\index.html","울산 중구 유곡동 장기렌트·자동차리스 가격비교 | 행복한렌트몰","울산 중구 유곡동 장기렌트와 자동차리스 이용조건을 행복한렌트몰에서 비교하고 차량별 견적과 지역별 상담 정보를 확인해보세요.","같은 차라도 조건은 다릅니다.비교하고 더 좋은 조건을 찾으세요."
"ulsan\jung-gu\장현동\index.html","울산 중구 장현동 장기렌트·자동차리스 가격비교 | 행복한렌트몰","울산 중구 장현동 장기렌트와 자동차리스 이용조건을 행복한렌트몰에서 비교하고 차량별 견적과 지역별 상담 정보를 확인해보세요.","같은 차라도 조건은 다릅니다.비교하고 더 좋은 조건을 찾으세요."
"ulsan\jung-gu\태화동\index.html","울산 중구 태화동 장기렌트·자동차리스 가격비교 | 행복한렌트몰","울산 중구 태화동 장기렌트와 자동차리스 이용조건을 행복한렌트몰에서 비교하고 차량별 견적과 지역별 상담 정보를 확인해보세요.","같은 차라도 조건은 다릅니다.비교하고 더 좋은 조건을 찾으세요."
"ulsan\jung-gu\학산동\index.html","울산 중구 학산동 장기렌트·자동차리스 가격비교 | 행복한렌트몰","울산 중구 학산동 장기렌트와 자동차리스 이용조건을 행복한렌트몰에서 비교하고 차량별 견적과 지역별 상담 정보를 확인해보세요.","같은 차라도 조건은 다릅니다.비교하고 더 좋은 조건을 찾으세요."
"ulsan\jung-gu\학성동\index.html","울산 중구 학성동 장기렌트·자동차리스 가격비교 | 행복한렌트몰","울산 중구 학성동 장기렌트와 자동차리스 이용조건을 행복한렌트몰에서 비교하고 차량별 견적과 지역별 상담 정보를 확인해보세요.","같은 차라도 조건은 다릅니다.비교하고 더 좋은 조건을 찾으세요."
"ulsan\nam-gu\index.html","울산 남구 장기렌트·자동차리스 가격비교 | 행복한렌트몰","울산 남구 장기렌트와 자동차리스 조건을 행복한렌트몰에서 비교하고 지역별 상담 정보를 확인해보세요.","같은 차라도 조건은 다릅니다.비교하고 더 좋은 조건을 찾으세요."
"ulsan\nam-gu\고사동\index.html","울산 남구 고사동 장기렌트·자동차리스 가격비교 | 행복한렌트몰","울산 남구 고사동 장기렌트와 자동차리스 이용조건을 행복한렌트몰에서 비교하고 차량별 견적과 지역별 상담 정보를 확인해보세요.","같은 차라도 조건은 다릅니다.비교하고 더 좋은 조건을 찾으세요."
"ulsan\nam-gu\남화동\index.html","울산 남구 남화동 장기렌트·자동차리스 가격비교 | 행복한렌트몰","울산 남구 남화동 장기렌트와 자동차리스 이용조건을 행복한렌트몰에서 비교하고 차량별 견적과 지역별 상담 정보를 확인해보세요.","같은 차라도 조건은 다릅니다.비교하고 더 좋은 조건을 찾으세요."
"ulsan\nam-gu\달동\index.html","울산 남구 달동 장기렌트·자동차리스 가격비교 | 행복한렌트몰","울산 남구 달동 장기렌트와 자동차리스 이용조건을 행복한렌트몰에서 비교하고 차량별 견적과 지역별 상담 정보를 확인해보세요.","같은 차라도 조건은 다릅니다.비교하고 더 좋은 조건을 찾으세요."
"ulsan\nam-gu\두왕동\index.html","울산 남구 두왕동 장기렌트·자동차리스 가격비교 | 행복한렌트몰","울산 남구 두왕동 장기렌트와 자동차리스 이용조건을 행복한렌트몰에서 비교하고 차량별 견적과 지역별 상담 정보를 확인해보세요.","같은 차라도 조건은 다릅니다.비교하고 더 좋은 조건을 찾으세요."
"ulsan\nam-gu\매암동\index.html","울산 남구 매암동 장기렌트·자동차리스 가격비교 | 행복한렌트몰","울산 남구 매암동 장기렌트와 자동차리스 이용조건을 행복한렌트몰에서 비교하고 차량별 견적과 지역별 상담 정보를 확인해보세요.","같은 차라도 조건은 다릅니다.비교하고 더 좋은 조건을 찾으세요."
"ulsan\nam-gu\무거동\index.html","울산 남구 무거동 장기렌트·자동차리스 가격비교 | 행복한렌트몰","울산 남구 무거동 장기렌트와 자동차리스 이용조건을 행복한렌트몰에서 비교하고 차량별 견적과 지역별 상담 정보를 확인해보세요.","같은 차라도 조건은 다릅니다.비교하고 더 좋은 조건을 찾으세요."
"ulsan\nam-gu\부곡동\index.html","울산 남구 부곡동 장기렌트·자동차리스 가격비교 | 행복한렌트몰","울산 남구 부곡동 장기렌트와 자동차리스 이용조건을 행복한렌트몰에서 비교하고 차량별 견적과 지역별 상담 정보를 확인해보세요.","같은 차라도 조건은 다릅니다.비교하고 더 좋은 조건을 찾으세요."
"ulsan\nam-gu\삼산동\index.html","울산 남구 삼산동 장기렌트·자동차리스 가격비교 | 행복한렌트몰","울산 남구 삼산동 장기렌트와 자동차리스 이용조건을 행복한렌트몰에서 비교하고 차량별 견적과 지역별 상담 정보를 확인해보세요.","같은 차라도 조건은 다릅니다.비교하고 더 좋은 조건을 찾으세요."
"ulsan\nam-gu\상개동\index.html","울산 남구 상개동 장기렌트·자동차리스 가격비교 | 행복한렌트몰","울산 남구 상개동 장기렌트와 자동차리스 이용조건을 행복한렌트몰에서 비교하고 차량별 견적과 지역별 상담 정보를 확인해보세요.","같은 차라도 조건은 다릅니다.비교하고 더 좋은 조건을 찾으세요."
"ulsan\nam-gu\선암동\index.html","울산 남구 선암동 장기렌트·자동차리스 가격비교 | 행복한렌트몰","울산 남구 선암동 장기렌트와 자동차리스 이용조건을 행복한렌트몰에서 비교하고 차량별 견적과 지역별 상담 정보를 확인해보세요.","같은 차라도 조건은 다릅니다.비교하고 더 좋은 조건을 찾으세요."
"ulsan\nam-gu\성암동\index.html","울산 남구 성암동 장기렌트·자동차리스 가격비교 | 행복한렌트몰","울산 남구 성암동 장기렌트와 자동차리스 이용조건을 행복한렌트몰에서 비교하고 차량별 견적과 지역별 상담 정보를 확인해보세요.","같은 차라도 조건은 다릅니다.비교하고 더 좋은 조건을 찾으세요."
"ulsan\nam-gu\신정동\index.html","울산 남구 신정동 장기렌트·자동차리스 가격비교 | 행복한렌트몰","울산 남구 신정동 장기렌트와 자동차리스 이용조건을 행복한렌트몰에서 비교하고 차량별 견적과 지역별 상담 정보를 확인해보세요.","같은 차라도 조건은 다릅니다.비교하고 더 좋은 조건을 찾으세요."
"ulsan\nam-gu\야음동\index.html","울산 남구 야음동 장기렌트·자동차리스 가격비교 | 행복한렌트몰","울산 남구 야음동 장기렌트와 자동차리스 이용조건을 행복한렌트몰에서 비교하고 차량별 견적과 지역별 상담 정보를 확인해보세요.","같은 차라도 조건은 다릅니다.비교하고 더 좋은 조건을 찾으세요."
"ulsan\nam-gu\여천동\index.html","울산 남구 여천동 장기렌트·자동차리스 가격비교 | 행복한렌트몰","울산 남구 여천동 장기렌트와 자동차리스 이용조건을 행복한렌트몰에서 비교하고 차량별 견적과 지역별 상담 정보를 확인해보세요.","같은 차라도 조건은 다릅니다.비교하고 더 좋은 조건을 찾으세요."
"ulsan\nam-gu\옥동\index.html","울산 남구 옥동 장기렌트·자동차리스 가격비교 | 행복한렌트몰","울산 남구 옥동 장기렌트와 자동차리스 이용조건을 행복한렌트몰에서 비교하고 차량별 견적과 지역별 상담 정보를 확인해보세요.","같은 차라도 조건은 다릅니다.비교하고 더 좋은 조건을 찾으세요."
"ulsan\nam-gu\용연동\index.html","울산 남구 용연동 장기렌트·자동차리스 가격비교 | 행복한렌트몰","울산 남구 용연동 장기렌트와 자동차리스 이용조건을 행복한렌트몰에서 비교하고 차량별 견적과 지역별 상담 정보를 확인해보세요.","같은 차라도 조건은 다릅니다.비교하고 더 좋은 조건을 찾으세요."
"ulsan\nam-gu\용잠동\index.html","울산 남구 용잠동 장기렌트·자동차리스 가격비교 | 행복한렌트몰","울산 남구 용잠동 장기렌트와 자동차리스 이용조건을 행복한렌트몰에서 비교하고 차량별 견적과 지역별 상담 정보를 확인해보세요.","같은 차라도 조건은 다릅니다.비교하고 더 좋은 조건을 찾으세요."
"ulsan\nam-gu\장생포동\index.html","울산 남구 장생포동 장기렌트·자동차리스 가격비교 | 행복한렌트몰","울산 남구 장생포동 장기렌트와 자동차리스 이용조건을 행복한렌트몰에서 비교하고 차량별 견적과 지역별 상담 정보를 확인해보세요.","같은 차라도 조건은 다릅니다.비교하고 더 좋은 조건을 찾으세요."
"ulsan\nam-gu\황성동\index.html","울산 남구 황성동 장기렌트·자동차리스 가격비교 | 행복한렌트몰","울산 남구 황성동 장기렌트와 자동차리스 이용조건을 행복한렌트몰에서 비교하고 차량별 견적과 지역별 상담 정보를 확인해보세요.","같은 차라도 조건은 다릅니다.비교하고 더 좋은 조건을 찾으세요."
"ulsan\ulju-gun\index.html","울산 울주군 장기렌트·자동차리스 가격비교 | 행복한렌트몰","울산 울주군 장기렌트와 자동차리스 조건을 행복한렌트몰에서 비교하고 지역별 상담 정보를 확인해보세요.","같은 차라도 조건은 다릅니다.비교하고 더 좋은 조건을 찾으세요."
"ulsan\ulju-gun\두동면\index.html","울산 울주군 두동면 장기렌트·자동차리스 가격비교 | 행복한렌트몰","울산 울주군 두동면 장기렌트와 자동차리스 이용조건을 행복한렌트몰에서 비교하고 차량별 견적과 지역별 상담 정보를 확인해보세요.","같은 차라도 조건은 다릅니다.비교하고 더 좋은 조건을 찾으세요."
"ulsan\ulju-gun\두서면\index.html","울산 울주군 두서면 장기렌트·자동차리스 가격비교 | 행복한렌트몰","울산 울주군 두서면 장기렌트와 자동차리스 이용조건을 행복한렌트몰에서 비교하고 차량별 견적과 지역별 상담 정보를 확인해보세요.","같은 차라도 조건은 다릅니다.비교하고 더 좋은 조건을 찾으세요."
"ulsan\ulju-gun\범서읍\index.html","울산 울주군 범서읍 장기렌트·자동차리스 가격비교 | 행복한렌트몰","울산 울주군 범서읍 장기렌트와 자동차리스 이용조건을 행복한렌트몰에서 비교하고 차량별 견적과 지역별 상담 정보를 확인해보세요.","같은 차라도 조건은 다릅니다.비교하고 더 좋은 조건을 찾으세요."
"ulsan\ulju-gun\삼남읍\index.html","울산 울주군 삼남읍 장기렌트·자동차리스 가격비교 | 행복한렌트몰","울산 울주군 삼남읍 장기렌트와 자동차리스 이용조건을 행복한렌트몰에서 비교하고 차량별 견적과 지역별 상담 정보를 확인해보세요.","같은 차라도 조건은 다릅니다.비교하고 더 좋은 조건을 찾으세요."
"ulsan\ulju-gun\삼동면\index.html","울산 울주군 삼동면 장기렌트·자동차리스 가격비교 | 행복한렌트몰","울산 울주군 삼동면 장기렌트와 자동차리스 이용조건을 행복한렌트몰에서 비교하고 차량별 견적과 지역별 상담 정보를 확인해보세요.","같은 차라도 조건은 다릅니다.비교하고 더 좋은 조건을 찾으세요."
"ulsan\ulju-gun\상북면\index.html","울산 울주군 상북면 장기렌트·자동차리스 가격비교 | 행복한렌트몰","울산 울주군 상북면 장기렌트와 자동차리스 이용조건을 행복한렌트몰에서 비교하고 차량별 견적과 지역별 상담 정보를 확인해보세요.","같은 차라도 조건은 다릅니다.비교하고 더 좋은 조건을 찾으세요."
"ulsan\ulju-gun\서생면\index.html","울산 울주군 서생면 장기렌트·자동차리스 가격비교 | 행복한렌트몰","울산 울주군 서생면 장기렌트와 자동차리스 이용조건을 행복한렌트몰에서 비교하고 차량별 견적과 지역별 상담 정보를 확인해보세요.","같은 차라도 조건은 다릅니다.비교하고 더 좋은 조건을 찾으세요."
"ulsan\ulju-gun\언양읍\index.html","울산 울주군 언양읍 장기렌트·자동차리스 가격비교 | 행복한렌트몰","울산 울주군 언양읍 장기렌트와 자동차리스 이용조건을 행복한렌트몰에서 비교하고 차량별 견적과 지역별 상담 정보를 확인해보세요.","같은 차라도 조건은 다릅니다.비교하고 더 좋은 조건을 찾으세요."
"ulsan\ulju-gun\온산읍\index.html","울산 울주군 온산읍 장기렌트·자동차리스 가격비교 | 행복한렌트몰","울산 울주군 온산읍 장기렌트와 자동차리스 이용조건을 행복한렌트몰에서 비교하고 차량별 견적과 지역별 상담 정보를 확인해보세요.","같은 차라도 조건은 다릅니다.비교하고 더 좋은 조건을 찾으세요."
"ulsan\ulju-gun\온양읍\index.html","울산 울주군 온양읍 장기렌트·자동차리스 가격비교 | 행복한렌트몰","울산 울주군 온양읍 장기렌트와 자동차리스 이용조건을 행복한렌트몰에서 비교하고 차량별 견적과 지역별 상담 정보를 확인해보세요.","같은 차라도 조건은 다릅니다.비교하고 더 좋은 조건을 찾으세요."
"ulsan\ulju-gun\웅촌면\index.html","울산 울주군 웅촌면 장기렌트·자동차리스 가격비교 | 행복한렌트몰","울산 울주군 웅촌면 장기렌트와 자동차리스 이용조건을 행복한렌트몰에서 비교하고 차량별 견적과 지역별 상담 정보를 확인해보세요.","같은 차라도 조건은 다릅니다.비교하고 더 좋은 조건을 찾으세요."
"ulsan\ulju-gun\청량읍\index.html","울산 울주군 청량읍 장기렌트·자동차리스 가격비교 | 행복한렌트몰","울산 울주군 청량읍 장기렌트와 자동차리스 이용조건을 행복한렌트몰에서 비교하고 차량별 견적과 지역별 상담 정보를 확인해보세요.","같은 차라도 조건은 다릅니다.비교하고 더 좋은 조건을 찾으세요."
